account_id,customer_id,opening_points,marketing_consent,consent_source,consent_at
KMB-L00000,KMB-C00000,0,False,SIMULATED enrolment,2026-01-01
KMB-L00001,KMB-C00001,0,True,SIMULATED enrolment,2026-01-01
KMB-L00002,KMB-C00002,0,True,SIMULATED enrolment,2026-01-01
KMB-L00003,KMB-C00003,0,True,SIMULATED enrolment,2026-01-01
KMB-L00004,KMB-C00004,0,False,SIMULATED enrolment,2026-01-01
KMB-L00005,KMB-C00005,0,True,SIMULATED enrolment,2026-01-01
KMB-L00006,KMB-C00006,0,True,SIMULATED enrolment,2026-01-01
KMB-L00007,KMB-C00007,0,True,SIMULATED enrolment,2026-01-01
KMB-L00008,KMB-C00008,0,False,SIMULATED enrolment,2026-01-01
KMB-L00009,KMB-C00009,0,True,SIMULATED enrolment,2026-01-01
KMB-L00010,KMB-C00010,0,True,SIMULATED enrolment,2026-01-01
KMB-L00011,KMB-C00011,0,True,SIMULATED enrolment,2026-01-01
KMB-L00012,KMB-C00012,0,False,SIMULATED enrolment,2026-01-01
KMB-L00013,KMB-C00013,0,True,SIMULATED enrolment,2026-01-01
KMB-L00014,KMB-C00014,0,True,SIMULATED enrolment,2026-01-01
KMB-L00015,KMB-C00015,0,True,SIMULATED enrolment,2026-01-01
KMB-L00016,KMB-C00016,0,False,SIMULATED enrolment,2026-01-01
KMB-L00017,KMB-C00017,0,True,SIMULATED enrolment,2026-01-01
KMB-L00018,KMB-C00018,0,True,SIMULATED enrolment,2026-01-01
KMB-L00019,KMB-C00019,0,True,SIMULATED enrolment,2026-01-01
KMB-L00020,KMB-C00020,0,False,SIMULATED enrolment,2026-01-01
KMB-L00021,KMB-C00021,0,True,SIMULATED enrolment,2026-01-01
KMB-L00022,KMB-C00022,0,True,SIMULATED enrolment,2026-01-01
KMB-L00023,KMB-C00023,0,True,SIMULATED enrolment,2026-01-01
KMB-L00024,KMB-C00024,0,False,SIMULATED enrolment,2026-01-01
KMB-L00025,KMB-C00025,0,True,SIMULATED enrolment,2026-01-01
KMB-L00026,KMB-C00026,0,True,SIMULATED enrolment,2026-01-01
KMB-L00027,KMB-C00027,0,True,SIMULATED enrolment,2026-01-01
KMB-L00028,KMB-C00028,0,False,SIMULATED enrolment,2026-01-01
KMB-L00029,KMB-C00029,0,True,SIMULATED enrolment,2026-01-01
KMB-L00030,KMB-C00030,0,True,SIMULATED enrolment,2026-01-01
KMB-L00031,KMB-C00031,0,True,SIMULATED enrolment,2026-01-01
KMB-L00032,KMB-C00032,0,False,SIMULATED enrolment,2026-01-01
KMB-L00033,KMB-C00033,0,True,SIMULATED enrolment,2026-01-01
KMB-L00034,KMB-C00034,0,True,SIMULATED enrolment,2026-01-01
KMB-L00035,KMB-C00035,0,True,SIMULATED enrolment,2026-01-01
KMB-L00036,KMB-C00036,0,False,SIMULATED enrolment,2026-01-01
KMB-L00037,KMB-C00037,0,True,SIMULATED enrolment,2026-01-01
KMB-L00038,KMB-C00038,0,True,SIMULATED enrolment,2026-01-01
KMB-L00039,KMB-C00039,0,True,SIMULATED enrolment,2026-01-01
KMB-L00040,KMB-C00040,0,False,SIMULATED enrolment,2026-01-01
KMB-L00041,KMB-C00041,0,True,SIMULATED enrolment,2026-01-01
KMB-L00042,KMB-C00042,0,True,SIMULATED enrolment,2026-01-01
KMB-L00043,KMB-C00043,0,True,SIMULATED enrolment,2026-01-01
KMB-L00044,KMB-C00044,0,False,SIMULATED enrolment,2026-01-01
KMB-L00045,KMB-C00045,0,True,SIMULATED enrolment,2026-01-01
KMB-L00046,KMB-C00046,0,True,SIMULATED enrolment,2026-01-01
KMB-L00047,KMB-C00047,0,True,SIMULATED enrolment,2026-01-01
KMB-L00048,KMB-C00048,0,False,SIMULATED enrolment,2026-01-01
KMB-L00049,KMB-C00049,0,True,SIMULATED enrolment,2026-01-01
KMB-L00050,KMB-C00050,0,True,SIMULATED enrolment,2026-01-01
KMB-L00051,KMB-C00051,0,True,SIMULATED enrolment,2026-01-01
KMB-L00052,KMB-C00052,0,False,SIMULATED enrolment,2026-01-01
KMB-L00053,KMB-C00053,0,True,SIMULATED enrolment,2026-01-01
KMB-L00054,KMB-C00054,0,True,SIMULATED enrolment,2026-01-01
KMB-L00055,KMB-C00055,0,True,SIMULATED enrolment,2026-01-01
KMB-L00056,KMB-C00056,0,False,SIMULATED enrolment,2026-01-01
KMB-L00057,KMB-C00057,0,True,SIMULATED enrolment,2026-01-01
KMB-L00058,KMB-C00058,0,True,SIMULATED enrolment,2026-01-01
KMB-L00059,KMB-C00059,0,True,SIMULATED enrolment,2026-01-01
KMB-L00060,KMB-C00060,0,False,SIMULATED enrolment,2026-01-01
KMB-L00061,KMB-C00061,0,True,SIMULATED enrolment,2026-01-01
KMB-L00062,KMB-C00062,0,True,SIMULATED enrolment,2026-01-01
KMB-L00063,KMB-C00063,0,True,SIMULATED enrolment,2026-01-01
KMB-L00064,KMB-C00064,0,False,SIMULATED enrolment,2026-01-01
KMB-L00065,KMB-C00065,0,True,SIMULATED enrolment,2026-01-01
KMB-L00066,KMB-C00066,0,True,SIMULATED enrolment,2026-01-01
KMB-L00067,KMB-C00067,0,True,SIMULATED enrolment,2026-01-01
KMB-L00068,KMB-C00068,0,False,SIMULATED enrolment,2026-01-01
KMB-L00069,KMB-C00069,0,True,SIMULATED enrolment,2026-01-01
KMB-L00070,KMB-C00070,0,True,SIMULATED enrolment,2026-01-01
KMB-L00071,KMB-C00071,0,True,SIMULATED enrolment,2026-01-01
KMB-L00072,KMB-C00072,0,False,SIMULATED enrolment,2026-01-01
KMB-L00073,KMB-C00073,0,True,SIMULATED enrolment,2026-01-01
KMB-L00074,KMB-C00074,0,True,SIMULATED enrolment,2026-01-01
KMB-L00075,KMB-C00075,0,True,SIMULATED enrolment,2026-01-01
KMB-L00076,KMB-C00076,0,False,SIMULATED enrolment,2026-01-01
KMB-L00077,KMB-C00077,0,True,SIMULATED enrolment,2026-01-01
KMB-L00078,KMB-C00078,0,True,SIMULATED enrolment,2026-01-01
KMB-L00079,KMB-C00079,0,True,SIMULATED enrolment,2026-01-01
KMB-L00080,KMB-C00080,0,False,SIMULATED enrolment,2026-01-01
KMB-L00081,KMB-C00081,0,True,SIMULATED enrolment,2026-01-01
KMB-L00082,KMB-C00082,0,True,SIMULATED enrolment,2026-01-01
KMB-L00083,KMB-C00083,0,True,SIMULATED enrolment,2026-01-01
KMB-L00084,KMB-C00084,0,False,SIMULATED enrolment,2026-01-01
KMB-L00085,KMB-C00085,0,True,SIMULATED enrolment,2026-01-01
KMB-L00086,KMB-C00086,0,True,SIMULATED enrolment,2026-01-01
KMB-L00087,KMB-C00087,0,True,SIMULATED enrolment,2026-01-01
KMB-L00088,KMB-C00088,0,False,SIMULATED enrolment,2026-01-01
KMB-L00089,KMB-C00089,0,True,SIMULATED enrolment,2026-01-01
KMB-L00090,KMB-C00090,0,True,SIMULATED enrolment,2026-01-01
KMB-L00091,KMB-C00091,0,True,SIMULATED enrolment,2026-01-01
KMB-L00092,KMB-C00092,0,False,SIMULATED enrolment,2026-01-01
KMB-L00093,KMB-C00093,0,True,SIMULATED enrolment,2026-01-01
KMB-L00094,KMB-C00094,0,True,SIMULATED enrolment,2026-01-01
KMB-L00095,KMB-C00095,0,True,SIMULATED enrolment,2026-01-01
KMB-L00096,KMB-C00096,0,False,SIMULATED enrolment,2026-01-01
KMB-L00097,KMB-C00097,0,True,SIMULATED enrolment,2026-01-01
KMB-L00098,KMB-C00098,0,True,SIMULATED enrolment,2026-01-01
KMB-L00099,KMB-C00099,0,True,SIMULATED enrolment,2026-01-01
KMB-L00100,KMB-C00100,0,False,SIMULATED enrolment,2026-01-01
KMB-L00101,KMB-C00101,0,True,SIMULATED enrolment,2026-01-01
KMB-L00102,KMB-C00102,0,True,SIMULATED enrolment,2026-01-01
KMB-L00103,KMB-C00103,0,True,SIMULATED enrolment,2026-01-01
KMB-L00104,KMB-C00104,0,False,SIMULATED enrolment,2026-01-01
KMB-L00105,KMB-C00105,0,True,SIMULATED enrolment,2026-01-01
KMB-L00106,KMB-C00106,0,True,SIMULATED enrolment,2026-01-01
KMB-L00107,KMB-C00107,0,True,SIMULATED enrolment,2026-01-01
KMB-L00108,KMB-C00108,0,False,SIMULATED enrolment,2026-01-01
KMB-L00109,KMB-C00109,0,True,SIMULATED enrolment,2026-01-01
KMB-L00110,KMB-C00110,0,True,SIMULATED enrolment,2026-01-01
KMB-L00111,KMB-C00111,0,True,SIMULATED enrolment,2026-01-01
KMB-L00112,KMB-C00112,0,False,SIMULATED enrolment,2026-01-01
KMB-L00113,KMB-C00113,0,True,SIMULATED enrolment,2026-01-01
KMB-L00114,KMB-C00114,0,True,SIMULATED enrolment,2026-01-01
KMB-L00115,KMB-C00115,0,True,SIMULATED enrolment,2026-01-01
KMB-L00116,KMB-C00116,0,False,SIMULATED enrolment,2026-01-01
KMB-L00117,KMB-C00117,0,True,SIMULATED enrolment,2026-01-01
KMB-L00118,KMB-C00118,0,True,SIMULATED enrolment,2026-01-01
KMB-L00119,KMB-C00119,0,True,SIMULATED enrolment,2026-01-01
KMB-L00120,KMB-C00120,0,False,SIMULATED enrolment,2026-01-01
KMB-L00121,KMB-C00121,0,True,SIMULATED enrolment,2026-01-01
KMB-L00122,KMB-C00122,0,True,SIMULATED enrolment,2026-01-01
KMB-L00123,KMB-C00123,0,True,SIMULATED enrolment,2026-01-01
KMB-L00124,KMB-C00124,0,False,SIMULATED enrolment,2026-01-01
KMB-L00125,KMB-C00125,0,True,SIMULATED enrolment,2026-01-01
KMB-L00126,KMB-C00126,0,True,SIMULATED enrolment,2026-01-01
KMB-L00127,KMB-C00127,0,True,SIMULATED enrolment,2026-01-01
KMB-L00128,KMB-C00128,0,False,SIMULATED enrolment,2026-01-01
KMB-L00129,KMB-C00129,0,True,SIMULATED enrolment,2026-01-01
KMB-L00130,KMB-C00130,0,True,SIMULATED enrolment,2026-01-01
KMB-L00131,KMB-C00131,0,True,SIMULATED enrolment,2026-01-01
KMB-L00132,KMB-C00132,0,False,SIMULATED enrolment,2026-01-01
KMB-L00133,KMB-C00133,0,True,SIMULATED enrolment,2026-01-01
KMB-L00134,KMB-C00134,0,True,SIMULATED enrolment,2026-01-01
KMB-L00135,KMB-C00135,0,True,SIMULATED enrolment,2026-01-01
KMB-L00136,KMB-C00136,0,False,SIMULATED enrolment,2026-01-01
KMB-L00137,KMB-C00137,0,True,SIMULATED enrolment,2026-01-01
KMB-L00138,KMB-C00138,0,True,SIMULATED enrolment,2026-01-01
KMB-L00139,KMB-C00139,0,True,SIMULATED enrolment,2026-01-01
KMB-L00140,KMB-C00140,0,False,SIMULATED enrolment,2026-01-01
KMB-L00141,KMB-C00141,0,True,SIMULATED enrolment,2026-01-01
KMB-L00142,KMB-C00142,0,True,SIMULATED enrolment,2026-01-01
KMB-L00143,KMB-C00143,0,True,SIMULATED enrolment,2026-01-01
KMB-L00144,KMB-C00144,0,False,SIMULATED enrolment,2026-01-01
KMB-L00145,KMB-C00145,0,True,SIMULATED enrolment,2026-01-01
KMB-L00146,KMB-C00146,0,True,SIMULATED enrolment,2026-01-01
KMB-L00147,KMB-C00147,0,True,SIMULATED enrolment,2026-01-01
KMB-L00148,KMB-C00148,0,False,SIMULATED enrolment,2026-01-01
KMB-L00149,KMB-C00149,0,True,SIMULATED enrolment,2026-01-01
KMB-L00150,KMB-C00150,0,True,SIMULATED enrolment,2026-01-01
KMB-L00151,KMB-C00151,0,True,SIMULATED enrolment,2026-01-01
KMB-L00152,KMB-C00152,0,False,SIMULATED enrolment,2026-01-01
KMB-L00153,KMB-C00153,0,True,SIMULATED enrolment,2026-01-01
KMB-L00154,KMB-C00154,0,True,SIMULATED enrolment,2026-01-01
KMB-L00155,KMB-C00155,0,True,SIMULATED enrolment,2026-01-01
KMB-L00156,KMB-C00156,0,False,SIMULATED enrolment,2026-01-01
KMB-L00157,KMB-C00157,0,True,SIMULATED enrolment,2026-01-01
KMB-L00158,KMB-C00158,0,True,SIMULATED enrolment,2026-01-01
KMB-L00159,KMB-C00159,0,True,SIMULATED enrolment,2026-01-01
KMB-L00160,KMB-C00160,0,False,SIMULATED enrolment,2026-01-01
KMB-L00161,KMB-C00161,0,True,SIMULATED enrolment,2026-01-01
KMB-L00162,KMB-C00162,0,True,SIMULATED enrolment,2026-01-01
KMB-L00163,KMB-C00163,0,True,SIMULATED enrolment,2026-01-01
KMB-L00164,KMB-C00164,0,False,SIMULATED enrolment,2026-01-01
KMB-L00165,KMB-C00165,0,True,SIMULATED enrolment,2026-01-01
KMB-L00166,KMB-C00166,0,True,SIMULATED enrolment,2026-01-01
KMB-L00167,KMB-C00167,0,True,SIMULATED enrolment,2026-01-01
KMB-L00168,KMB-C00168,0,False,SIMULATED enrolment,2026-01-01
KMB-L00169,KMB-C00169,0,True,SIMULATED enrolment,2026-01-01
KMB-L00170,KMB-C00170,0,True,SIMULATED enrolment,2026-01-01
KMB-L00171,KMB-C00171,0,True,SIMULATED enrolment,2026-01-01
KMB-L00172,KMB-C00172,0,False,SIMULATED enrolment,2026-01-01
KMB-L00173,KMB-C00173,0,True,SIMULATED enrolment,2026-01-01
KMB-L00174,KMB-C00174,0,True,SIMULATED enrolment,2026-01-01
KMB-L00175,KMB-C00175,0,True,SIMULATED enrolment,2026-01-01
KMB-L00176,KMB-C00176,0,False,SIMULATED enrolment,2026-01-01
KMB-L00177,KMB-C00177,0,True,SIMULATED enrolment,2026-01-01
KMB-L00178,KMB-C00178,0,True,SIMULATED enrolment,2026-01-01
KMB-L00179,KMB-C00179,0,True,SIMULATED enrolment,2026-01-01
KMB-L00180,KMB-C00180,0,False,SIMULATED enrolment,2026-01-01
KMB-L00181,KMB-C00181,0,True,SIMULATED enrolment,2026-01-01
KMB-L00182,KMB-C00182,0,True,SIMULATED enrolment,2026-01-01
KMB-L00183,KMB-C00183,0,True,SIMULATED enrolment,2026-01-01
KMB-L00184,KMB-C00184,0,False,SIMULATED enrolment,2026-01-01
KMB-L00185,KMB-C00185,0,True,SIMULATED enrolment,2026-01-01
KMB-L00186,KMB-C00186,0,True,SIMULATED enrolment,2026-01-01
KMB-L00187,KMB-C00187,0,True,SIMULATED enrolment,2026-01-01
KMB-L00188,KMB-C00188,0,False,SIMULATED enrolment,2026-01-01
KMB-L00189,KMB-C00189,0,True,SIMULATED enrolment,2026-01-01
KMB-L00190,KMB-C00190,0,True,SIMULATED enrolment,2026-01-01
KMB-L00191,KMB-C00191,0,True,SIMULATED enrolment,2026-01-01
KMB-L00192,KMB-C00192,0,False,SIMULATED enrolment,2026-01-01
KMB-L00193,KMB-C00193,0,True,SIMULATED enrolment,2026-01-01
KMB-L00194,KMB-C00194,0,True,SIMULATED enrolment,2026-01-01
KMB-L00195,KMB-C00195,0,True,SIMULATED enrolment,2026-01-01
KMB-L00196,KMB-C00196,0,False,SIMULATED enrolment,2026-01-01
KMB-L00197,KMB-C00197,0,True,SIMULATED enrolment,2026-01-01
KMB-L00198,KMB-C00198,0,True,SIMULATED enrolment,2026-01-01
KMB-L00199,KMB-C00199,0,True,SIMULATED enrolment,2026-01-01
KMB-L00200,KMB-C00200,0,False,SIMULATED enrolment,2026-01-01
KMB-L00201,KMB-C00201,0,True,SIMULATED enrolment,2026-01-01
KMB-L00202,KMB-C00202,0,True,SIMULATED enrolment,2026-01-01
KMB-L00203,KMB-C00203,0,True,SIMULATED enrolment,2026-01-01
KMB-L00204,KMB-C00204,0,False,SIMULATED enrolment,2026-01-01
KMB-L00205,KMB-C00205,0,True,SIMULATED enrolment,2026-01-01
KMB-L00206,KMB-C00206,0,True,SIMULATED enrolment,2026-01-01
KMB-L00207,KMB-C00207,0,True,SIMULATED enrolment,2026-01-01
KMB-L00208,KMB-C00208,0,False,SIMULATED enrolment,2026-01-01
KMB-L00209,KMB-C00209,0,True,SIMULATED enrolment,2026-01-01
KMB-L00210,KMB-C00210,0,True,SIMULATED enrolment,2026-01-01
KMB-L00211,KMB-C00211,0,True,SIMULATED enrolment,2026-01-01
KMB-L00212,KMB-C00212,0,False,SIMULATED enrolment,2026-01-01
KMB-L00213,KMB-C00213,0,True,SIMULATED enrolment,2026-01-01
KMB-L00214,KMB-C00214,0,True,SIMULATED enrolment,2026-01-01
KMB-L00215,KMB-C00215,0,True,SIMULATED enrolment,2026-01-01
KMB-L00216,KMB-C00216,0,False,SIMULATED enrolment,2026-01-01
KMB-L00217,KMB-C00217,0,True,SIMULATED enrolment,2026-01-01
KMB-L00218,KMB-C00218,0,True,SIMULATED enrolment,2026-01-01
KMB-L00219,KMB-C00219,0,True,SIMULATED enrolment,2026-01-01
KMB-L00220,KMB-C00220,0,False,SIMULATED enrolment,2026-01-01
KMB-L00221,KMB-C00221,0,True,SIMULATED enrolment,2026-01-01
KMB-L00222,KMB-C00222,0,True,SIMULATED enrolment,2026-01-01
KMB-L00223,KMB-C00223,0,True,SIMULATED enrolment,2026-01-01
KMB-L00224,KMB-C00224,0,False,SIMULATED enrolment,2026-01-01
KMB-L00225,KMB-C00225,0,True,SIMULATED enrolment,2026-01-01
KMB-L00226,KMB-C00226,0,True,SIMULATED enrolment,2026-01-01
KMB-L00227,KMB-C00227,0,True,SIMULATED enrolment,2026-01-01
KMB-L00228,KMB-C00228,0,False,SIMULATED enrolment,2026-01-01
KMB-L00229,KMB-C00229,0,True,SIMULATED enrolment,2026-01-01
KMB-L00230,KMB-C00230,0,True,SIMULATED enrolment,2026-01-01
KMB-L00231,KMB-C00231,0,True,SIMULATED enrolment,2026-01-01
KMB-L00232,KMB-C00232,0,False,SIMULATED enrolment,2026-01-01
KMB-L00233,KMB-C00233,0,True,SIMULATED enrolment,2026-01-01
KMB-L00234,KMB-C00234,0,True,SIMULATED enrolment,2026-01-01
KMB-L00235,KMB-C00235,0,True,SIMULATED enrolment,2026-01-01
KMB-L00236,KMB-C00236,0,False,SIMULATED enrolment,2026-01-01
KMB-L00237,KMB-C00237,0,True,SIMULATED enrolment,2026-01-01
KMB-L00238,KMB-C00238,0,True,SIMULATED enrolment,2026-01-01
KMB-L00239,KMB-C00239,0,True,SIMULATED enrolment,2026-01-01
KMB-L00240,KMB-C00240,0,False,SIMULATED enrolment,2026-01-01
KMB-L00241,KMB-C00241,0,True,SIMULATED enrolment,2026-01-01
KMB-L00242,KMB-C00242,0,True,SIMULATED enrolment,2026-01-01
KMB-L00243,KMB-C00243,0,True,SIMULATED enrolment,2026-01-01
KMB-L00244,KMB-C00244,0,False,SIMULATED enrolment,2026-01-01
KMB-L00245,KMB-C00245,0,True,SIMULATED enrolment,2026-01-01
KMB-L00246,KMB-C00246,0,True,SIMULATED enrolment,2026-01-01
KMB-L00247,KMB-C00247,0,True,SIMULATED enrolment,2026-01-01
KMB-L00248,KMB-C00248,0,False,SIMULATED enrolment,2026-01-01
KMB-L00249,KMB-C00249,0,True,SIMULATED enrolment,2026-01-01
KMB-L00250,KMB-C00250,0,True,SIMULATED enrolment,2026-01-01
KMB-L00251,KMB-C00251,0,True,SIMULATED enrolment,2026-01-01
KMB-L00252,KMB-C00252,0,False,SIMULATED enrolment,2026-01-01
KMB-L00253,KMB-C00253,0,True,SIMULATED enrolment,2026-01-01
KMB-L00254,KMB-C00254,0,True,SIMULATED enrolment,2026-01-01
KMB-L00255,KMB-C00255,0,True,SIMULATED enrolment,2026-01-01
KMB-L00256,KMB-C00256,0,False,SIMULATED enrolment,2026-01-01
KMB-L00257,KMB-C00257,0,True,SIMULATED enrolment,2026-01-01
KMB-L00258,KMB-C00258,0,True,SIMULATED enrolment,2026-01-01
KMB-L00259,KMB-C00259,0,True,SIMULATED enrolment,2026-01-01
KMB-L00260,KMB-C00260,0,False,SIMULATED enrolment,2026-01-01
KMB-L00261,KMB-C00261,0,True,SIMULATED enrolment,2026-01-01
KMB-L00262,KMB-C00262,0,True,SIMULATED enrolment,2026-01-01
KMB-L00263,KMB-C00263,0,True,SIMULATED enrolment,2026-01-01
KMB-L00264,KMB-C00264,0,False,SIMULATED enrolment,2026-01-01
KMB-L00265,KMB-C00265,0,True,SIMULATED enrolment,2026-01-01
KMB-L00266,KMB-C00266,0,True,SIMULATED enrolment,2026-01-01
KMB-L00267,KMB-C00267,0,True,SIMULATED enrolment,2026-01-01
KMB-L00268,KMB-C00268,0,False,SIMULATED enrolment,2026-01-01
KMB-L00269,KMB-C00269,0,True,SIMULATED enrolment,2026-01-01
KMB-L00270,KMB-C00270,0,True,SIMULATED enrolment,2026-01-01
KMB-L00271,KMB-C00271,0,True,SIMULATED enrolment,2026-01-01
KMB-L00272,KMB-C00272,0,False,SIMULATED enrolment,2026-01-01
KMB-L00273,KMB-C00273,0,True,SIMULATED enrolment,2026-01-01
KMB-L00274,KMB-C00274,0,True,SIMULATED enrolment,2026-01-01
KMB-L00275,KMB-C00275,0,True,SIMULATED enrolment,2026-01-01
KMB-L00276,KMB-C00276,0,False,SIMULATED enrolment,2026-01-01
KMB-L00277,KMB-C00277,0,True,SIMULATED enrolment,2026-01-01
KMB-L00278,KMB-C00278,0,True,SIMULATED enrolment,2026-01-01
KMB-L00279,KMB-C00279,0,True,SIMULATED enrolment,2026-01-01
KMB-L00280,KMB-C00280,0,False,SIMULATED enrolment,2026-01-01
KMB-L00281,KMB-C00281,0,True,SIMULATED enrolment,2026-01-01
KMB-L00282,KMB-C00282,0,True,SIMULATED enrolment,2026-01-01
KMB-L00283,KMB-C00283,0,True,SIMULATED enrolment,2026-01-01
KMB-L00284,KMB-C00284,0,False,SIMULATED enrolment,2026-01-01
KMB-L00285,KMB-C00285,0,True,SIMULATED enrolment,2026-01-01
KMB-L00286,KMB-C00286,0,True,SIMULATED enrolment,2026-01-01
KMB-L00287,KMB-C00287,0,True,SIMULATED enrolment,2026-01-01
KMB-L00288,KMB-C00288,0,False,SIMULATED enrolment,2026-01-01
KMB-L00289,KMB-C00289,0,True,SIMULATED enrolment,2026-01-01
KMB-L00290,KMB-C00290,0,True,SIMULATED enrolment,2026-01-01
KMB-L00291,KMB-C00291,0,True,SIMULATED enrolment,2026-01-01
KMB-L00292,KMB-C00292,0,False,SIMULATED enrolment,2026-01-01
KMB-L00293,KMB-C00293,0,True,SIMULATED enrolment,2026-01-01
KMB-L00294,KMB-C00294,0,True,SIMULATED enrolment,2026-01-01
KMB-L00295,KMB-C00295,0,True,SIMULATED enrolment,2026-01-01
KMB-L00296,KMB-C00296,0,False,SIMULATED enrolment,2026-01-01
KMB-L00297,KMB-C00297,0,True,SIMULATED enrolment,2026-01-01
KMB-L00298,KMB-C00298,0,True,SIMULATED enrolment,2026-01-01
KMB-L00299,KMB-C00299,0,True,SIMULATED enrolment,2026-01-01
KMB-L00300,KMB-C00300,0,False,SIMULATED enrolment,2026-01-01
KMB-L00301,KMB-C00301,0,True,SIMULATED enrolment,2026-01-01
KMB-L00302,KMB-C00302,0,True,SIMULATED enrolment,2026-01-01
KMB-L00303,KMB-C00303,0,True,SIMULATED enrolment,2026-01-01
KMB-L00304,KMB-C00304,0,False,SIMULATED enrolment,2026-01-01
KMB-L00305,KMB-C00305,0,True,SIMULATED enrolment,2026-01-01
KMB-L00306,KMB-C00306,0,True,SIMULATED enrolment,2026-01-01
KMB-L00307,KMB-C00307,0,True,SIMULATED enrolment,2026-01-01
KMB-L00308,KMB-C00308,0,False,SIMULATED enrolment,2026-01-01
KMB-L00309,KMB-C00309,0,True,SIMULATED enrolment,2026-01-01
KMB-L00310,KMB-C00310,0,True,SIMULATED enrolment,2026-01-01
KMB-L00311,KMB-C00311,0,True,SIMULATED enrolment,2026-01-01
KMB-L00312,KMB-C00312,0,False,SIMULATED enrolment,2026-01-01
KMB-L00313,KMB-C00313,0,True,SIMULATED enrolment,2026-01-01
KMB-L00314,KMB-C00314,0,True,SIMULATED enrolment,2026-01-01
KMB-L00315,KMB-C00315,0,True,SIMULATED enrolment,2026-01-01
KMB-L00316,KMB-C00316,0,False,SIMULATED enrolment,2026-01-01
KMB-L00317,KMB-C00317,0,True,SIMULATED enrolment,2026-01-01
KMB-L00318,KMB-C00318,0,True,SIMULATED enrolment,2026-01-01
KMB-L00319,KMB-C00319,0,True,SIMULATED enrolment,2026-01-01
KMB-L00320,KMB-C00320,0,False,SIMULATED enrolment,2026-01-01
KMB-L00321,KMB-C00321,0,True,SIMULATED enrolment,2026-01-01
KMB-L00322,KMB-C00322,0,True,SIMULATED enrolment,2026-01-01
KMB-L00323,KMB-C00323,0,True,SIMULATED enrolment,2026-01-01
KMB-L00324,KMB-C00324,0,False,SIMULATED enrolment,2026-01-01
KMB-L00325,KMB-C00325,0,True,SIMULATED enrolment,2026-01-01
KMB-L00326,KMB-C00326,0,True,SIMULATED enrolment,2026-01-01
KMB-L00327,KMB-C00327,0,True,SIMULATED enrolment,2026-01-01
KMB-L00328,KMB-C00328,0,False,SIMULATED enrolment,2026-01-01
KMB-L00329,KMB-C00329,0,True,SIMULATED enrolment,2026-01-01
KMB-L00330,KMB-C00330,0,True,SIMULATED enrolment,2026-01-01
KMB-L00331,KMB-C00331,0,True,SIMULATED enrolment,2026-01-01
KMB-L00332,KMB-C00332,0,False,SIMULATED enrolment,2026-01-01
KMB-L00333,KMB-C00333,0,True,SIMULATED enrolment,2026-01-01
KMB-L00334,KMB-C00334,0,True,SIMULATED enrolment,2026-01-01
KMB-L00335,KMB-C00335,0,True,SIMULATED enrolment,2026-01-01
KMB-L00336,KMB-C00336,0,False,SIMULATED enrolment,2026-01-01
KMB-L00337,KMB-C00337,0,True,SIMULATED enrolment,2026-01-01
KMB-L00338,KMB-C00338,0,True,SIMULATED enrolment,2026-01-01
KMB-L00339,KMB-C00339,0,True,SIMULATED enrolment,2026-01-01
KMB-L00340,KMB-C00340,0,False,SIMULATED enrolment,2026-01-01
KMB-L00341,KMB-C00341,0,True,SIMULATED enrolment,2026-01-01
KMB-L00342,KMB-C00342,0,True,SIMULATED enrolment,2026-01-01
KMB-L00343,KMB-C00343,0,True,SIMULATED enrolment,2026-01-01
KMB-L00344,KMB-C00344,0,False,SIMULATED enrolment,2026-01-01
KMB-L00345,KMB-C00345,0,True,SIMULATED enrolment,2026-01-01
KMB-L00346,KMB-C00346,0,True,SIMULATED enrolment,2026-01-01
KMB-L00347,KMB-C00347,0,True,SIMULATED enrolment,2026-01-01
KMB-L00348,KMB-C00348,0,False,SIMULATED enrolment,2026-01-01
KMB-L00349,KMB-C00349,0,True,SIMULATED enrolment,2026-01-01
KMB-L00350,KMB-C00350,0,True,SIMULATED enrolment,2026-01-01
KMB-L00351,KMB-C00351,0,True,SIMULATED enrolment,2026-01-01
KMB-L00352,KMB-C00352,0,False,SIMULATED enrolment,2026-01-01
KMB-L00353,KMB-C00353,0,True,SIMULATED enrolment,2026-01-01
KMB-L00354,KMB-C00354,0,True,SIMULATED enrolment,2026-01-01
KMB-L00355,KMB-C00355,0,True,SIMULATED enrolment,2026-01-01
KMB-L00356,KMB-C00356,0,False,SIMULATED enrolment,2026-01-01
KMB-L00357,KMB-C00357,0,True,SIMULATED enrolment,2026-01-01
KMB-L00358,KMB-C00358,0,True,SIMULATED enrolment,2026-01-01
KMB-L00359,KMB-C00359,0,True,SIMULATED enrolment,2026-01-01
KMB-L00360,KMB-C00360,0,False,SIMULATED enrolment,2026-01-01
KMB-L00361,KMB-C00361,0,True,SIMULATED enrolment,2026-01-01
KMB-L00362,KMB-C00362,0,True,SIMULATED enrolment,2026-01-01
KMB-L00363,KMB-C00363,0,True,SIMULATED enrolment,2026-01-01
KMB-L00364,KMB-C00364,0,False,SIMULATED enrolment,2026-01-01
KMB-L00365,KMB-C00365,0,True,SIMULATED enrolment,2026-01-01
KMB-L00366,KMB-C00366,0,True,SIMULATED enrolment,2026-01-01
KMB-L00367,KMB-C00367,0,True,SIMULATED enrolment,2026-01-01
KMB-L00368,KMB-C00368,0,False,SIMULATED enrolment,2026-01-01
KMB-L00369,KMB-C00369,0,True,SIMULATED enrolment,2026-01-01
KMB-L00370,KMB-C00370,0,True,SIMULATED enrolment,2026-01-01
KMB-L00371,KMB-C00371,0,True,SIMULATED enrolment,2026-01-01
KMB-L00372,KMB-C00372,0,False,SIMULATED enrolment,2026-01-01
KMB-L00373,KMB-C00373,0,True,SIMULATED enrolment,2026-01-01
KMB-L00374,KMB-C00374,0,True,SIMULATED enrolment,2026-01-01
KMB-L00375,KMB-C00375,0,True,SIMULATED enrolment,2026-01-01
KMB-L00376,KMB-C00376,0,False,SIMULATED enrolment,2026-01-01
KMB-L00377,KMB-C00377,0,True,SIMULATED enrolment,2026-01-01
KMB-L00378,KMB-C00378,0,True,SIMULATED enrolment,2026-01-01
KMB-L00379,KMB-C00379,0,True,SIMULATED enrolment,2026-01-01
KMB-L00380,KMB-C00380,0,False,SIMULATED enrolment,2026-01-01
KMB-L00381,KMB-C00381,0,True,SIMULATED enrolment,2026-01-01
KMB-L00382,KMB-C00382,0,True,SIMULATED enrolment,2026-01-01
KMB-L00383,KMB-C00383,0,True,SIMULATED enrolment,2026-01-01
KMB-L00384,KMB-C00384,0,False,SIMULATED enrolment,2026-01-01
KMB-L00385,KMB-C00385,0,True,SIMULATED enrolment,2026-01-01
KMB-L00386,KMB-C00386,0,True,SIMULATED enrolment,2026-01-01
KMB-L00387,KMB-C00387,0,True,SIMULATED enrolment,2026-01-01
KMB-L00388,KMB-C00388,0,False,SIMULATED enrolment,2026-01-01
KMB-L00389,KMB-C00389,0,True,SIMULATED enrolment,2026-01-01
KMB-L00390,KMB-C00390,0,True,SIMULATED enrolment,2026-01-01
KMB-L00391,KMB-C00391,0,True,SIMULATED enrolment,2026-01-01
KMB-L00392,KMB-C00392,0,False,SIMULATED enrolment,2026-01-01
KMB-L00393,KMB-C00393,0,True,SIMULATED enrolment,2026-01-01
KMB-L00394,KMB-C00394,0,True,SIMULATED enrolment,2026-01-01
KMB-L00395,KMB-C00395,0,True,SIMULATED enrolment,2026-01-01
KMB-L00396,KMB-C00396,0,False,SIMULATED enrolment,2026-01-01
KMB-L00397,KMB-C00397,0,True,SIMULATED enrolment,2026-01-01
KMB-L00398,KMB-C00398,0,True,SIMULATED enrolment,2026-01-01
KMB-L00399,KMB-C00399,0,True,SIMULATED enrolment,2026-01-01
KMB-L00400,KMB-C00400,0,False,SIMULATED enrolment,2026-01-01
KMB-L00401,KMB-C00401,0,True,SIMULATED enrolment,2026-01-01
KMB-L00402,KMB-C00402,0,True,SIMULATED enrolment,2026-01-01
KMB-L00403,KMB-C00403,0,True,SIMULATED enrolment,2026-01-01
KMB-L00404,KMB-C00404,0,False,SIMULATED enrolment,2026-01-01
KMB-L00405,KMB-C00405,0,True,SIMULATED enrolment,2026-01-01
KMB-L00406,KMB-C00406,0,True,SIMULATED enrolment,2026-01-01
KMB-L00407,KMB-C00407,0,True,SIMULATED enrolment,2026-01-01
KMB-L00408,KMB-C00408,0,False,SIMULATED enrolment,2026-01-01
KMB-L00409,KMB-C00409,0,True,SIMULATED enrolment,2026-01-01
KMB-L00410,KMB-C00410,0,True,SIMULATED enrolment,2026-01-01
KMB-L00411,KMB-C00411,0,True,SIMULATED enrolment,2026-01-01
KMB-L00412,KMB-C00412,0,False,SIMULATED enrolment,2026-01-01
KMB-L00413,KMB-C00413,0,True,SIMULATED enrolment,2026-01-01
KMB-L00414,KMB-C00414,0,True,SIMULATED enrolment,2026-01-01
KMB-L00415,KMB-C00415,0,True,SIMULATED enrolment,2026-01-01
KMB-L00416,KMB-C00416,0,False,SIMULATED enrolment,2026-01-01
KMB-L00417,KMB-C00417,0,True,SIMULATED enrolment,2026-01-01
KMB-L00418,KMB-C00418,0,True,SIMULATED enrolment,2026-01-01
KMB-L00419,KMB-C00419,0,True,SIMULATED enrolment,2026-01-01
KMB-L00420,KMB-C00420,0,False,SIMULATED enrolment,2026-01-01
KMB-L00421,KMB-C00421,0,True,SIMULATED enrolment,2026-01-01
KMB-L00422,KMB-C00422,0,True,SIMULATED enrolment,2026-01-01
KMB-L00423,KMB-C00423,0,True,SIMULATED enrolment,2026-01-01
KMB-L00424,KMB-C00424,0,False,SIMULATED enrolment,2026-01-01
KMB-L00425,KMB-C00425,0,True,SIMULATED enrolment,2026-01-01
KMB-L00426,KMB-C00426,0,True,SIMULATED enrolment,2026-01-01
KMB-L00427,KMB-C00427,0,True,SIMULATED enrolment,2026-01-01
KMB-L00428,KMB-C00428,0,False,SIMULATED enrolment,2026-01-01
KMB-L00429,KMB-C00429,0,True,SIMULATED enrolment,2026-01-01
KMB-L00430,KMB-C00430,0,True,SIMULATED enrolment,2026-01-01
KMB-L00431,KMB-C00431,0,True,SIMULATED enrolment,2026-01-01
KMB-L00432,KMB-C00432,0,False,SIMULATED enrolment,2026-01-01
KMB-L00433,KMB-C00433,0,True,SIMULATED enrolment,2026-01-01
KMB-L00434,KMB-C00434,0,True,SIMULATED enrolment,2026-01-01
KMB-L00435,KMB-C00435,0,True,SIMULATED enrolment,2026-01-01
KMB-L00436,KMB-C00436,0,False,SIMULATED enrolment,2026-01-01
KMB-L00437,KMB-C00437,0,True,SIMULATED enrolment,2026-01-01
KMB-L00438,KMB-C00438,0,True,SIMULATED enrolment,2026-01-01
KMB-L00439,KMB-C00439,0,True,SIMULATED enrolment,2026-01-01
KMB-L00440,KMB-C00440,0,False,SIMULATED enrolment,2026-01-01
KMB-L00441,KMB-C00441,0,True,SIMULATED enrolment,2026-01-01
KMB-L00442,KMB-C00442,0,True,SIMULATED enrolment,2026-01-01
KMB-L00443,KMB-C00443,0,True,SIMULATED enrolment,2026-01-01
KMB-L00444,KMB-C00444,0,False,SIMULATED enrolment,2026-01-01
KMB-L00445,KMB-C00445,0,True,SIMULATED enrolment,2026-01-01
KMB-L00446,KMB-C00446,0,True,SIMULATED enrolment,2026-01-01
KMB-L00447,KMB-C00447,0,True,SIMULATED enrolment,2026-01-01
KMB-L00448,KMB-C00448,0,False,SIMULATED enrolment,2026-01-01
KMB-L00449,KMB-C00449,0,True,SIMULATED enrolment,2026-01-01
KMB-L00450,KMB-C00450,0,True,SIMULATED enrolment,2026-01-01
KMB-L00451,KMB-C00451,0,True,SIMULATED enrolment,2026-01-01
KMB-L00452,KMB-C00452,0,False,SIMULATED enrolment,2026-01-01
KMB-L00453,KMB-C00453,0,True,SIMULATED enrolment,2026-01-01
KMB-L00454,KMB-C00454,0,True,SIMULATED enrolment,2026-01-01
KMB-L00455,KMB-C00455,0,True,SIMULATED enrolment,2026-01-01
KMB-L00456,KMB-C00456,0,False,SIMULATED enrolment,2026-01-01
KMB-L00457,KMB-C00457,0,True,SIMULATED enrolment,2026-01-01
KMB-L00458,KMB-C00458,0,True,SIMULATED enrolment,2026-01-01
KMB-L00459,KMB-C00459,0,True,SIMULATED enrolment,2026-01-01
KMB-L00460,KMB-C00460,0,False,SIMULATED enrolment,2026-01-01
KMB-L00461,KMB-C00461,0,True,SIMULATED enrolment,2026-01-01
KMB-L00462,KMB-C00462,0,True,SIMULATED enrolment,2026-01-01
KMB-L00463,KMB-C00463,0,True,SIMULATED enrolment,2026-01-01
KMB-L00464,KMB-C00464,0,False,SIMULATED enrolment,2026-01-01
KMB-L00465,KMB-C00465,0,True,SIMULATED enrolment,2026-01-01
KMB-L00466,KMB-C00466,0,True,SIMULATED enrolment,2026-01-01
KMB-L00467,KMB-C00467,0,True,SIMULATED enrolment,2026-01-01
KMB-L00468,KMB-C00468,0,False,SIMULATED enrolment,2026-01-01
KMB-L00469,KMB-C00469,0,True,SIMULATED enrolment,2026-01-01
KMB-L00470,KMB-C00470,0,True,SIMULATED enrolment,2026-01-01
KMB-L00471,KMB-C00471,0,True,SIMULATED enrolment,2026-01-01
KMB-L00472,KMB-C00472,0,False,SIMULATED enrolment,2026-01-01
KMB-L00473,KMB-C00473,0,True,SIMULATED enrolment,2026-01-01
KMB-L00474,KMB-C00474,0,True,SIMULATED enrolment,2026-01-01
KMB-L00475,KMB-C00475,0,True,SIMULATED enrolment,2026-01-01
KMB-L00476,KMB-C00476,0,False,SIMULATED enrolment,2026-01-01
KMB-L00477,KMB-C00477,0,True,SIMULATED enrolment,2026-01-01
KMB-L00478,KMB-C00478,0,True,SIMULATED enrolment,2026-01-01
KMB-L00479,KMB-C00479,0,True,SIMULATED enrolment,2026-01-01
KMB-L00480,KMB-C00480,0,False,SIMULATED enrolment,2026-01-01
KMB-L00481,KMB-C00481,0,True,SIMULATED enrolment,2026-01-01
KMB-L00482,KMB-C00482,0,True,SIMULATED enrolment,2026-01-01
KMB-L00483,KMB-C00483,0,True,SIMULATED enrolment,2026-01-01
KMB-L00484,KMB-C00484,0,False,SIMULATED enrolment,2026-01-01
KMB-L00485,KMB-C00485,0,True,SIMULATED enrolment,2026-01-01
KMB-L00486,KMB-C00486,0,True,SIMULATED enrolment,2026-01-01
KMB-L00487,KMB-C00487,0,True,SIMULATED enrolment,2026-01-01
KMB-L00488,KMB-C00488,0,False,SIMULATED enrolment,2026-01-01
KMB-L00489,KMB-C00489,0,True,SIMULATED enrolment,2026-01-01
KMB-L00490,KMB-C00490,0,True,SIMULATED enrolment,2026-01-01
KMB-L00491,KMB-C00491,0,True,SIMULATED enrolment,2026-01-01
KMB-L00492,KMB-C00492,0,False,SIMULATED enrolment,2026-01-01
KMB-L00493,KMB-C00493,0,True,SIMULATED enrolment,2026-01-01
KMB-L00494,KMB-C00494,0,True,SIMULATED enrolment,2026-01-01
KMB-L00495,KMB-C00495,0,True,SIMULATED enrolment,2026-01-01
KMB-L00496,KMB-C00496,0,False,SIMULATED enrolment,2026-01-01
KMB-L00497,KMB-C00497,0,True,SIMULATED enrolment,2026-01-01
KMB-L00498,KMB-C00498,0,True,SIMULATED enrolment,2026-01-01
KMB-L00499,KMB-C00499,0,True,SIMULATED enrolment,2026-01-01
KMB-L00500,KMB-C00500,0,False,SIMULATED enrolment,2026-01-01
KMB-L00501,KMB-C00501,0,True,SIMULATED enrolment,2026-01-01
KMB-L00502,KMB-C00502,0,True,SIMULATED enrolment,2026-01-01
KMB-L00503,KMB-C00503,0,True,SIMULATED enrolment,2026-01-01
KMB-L00504,KMB-C00504,0,False,SIMULATED enrolment,2026-01-01
KMB-L00505,KMB-C00505,0,True,SIMULATED enrolment,2026-01-01
KMB-L00506,KMB-C00506,0,True,SIMULATED enrolment,2026-01-01
KMB-L00507,KMB-C00507,0,True,SIMULATED enrolment,2026-01-01
KMB-L00508,KMB-C00508,0,False,SIMULATED enrolment,2026-01-01
KMB-L00509,KMB-C00509,0,True,SIMULATED enrolment,2026-01-01
KMB-L00510,KMB-C00510,0,True,SIMULATED enrolment,2026-01-01
KMB-L00511,KMB-C00511,0,True,SIMULATED enrolment,2026-01-01
KMB-L00512,KMB-C00512,0,False,SIMULATED enrolment,2026-01-01
KMB-L00513,KMB-C00513,0,True,SIMULATED enrolment,2026-01-01
KMB-L00514,KMB-C00514,0,True,SIMULATED enrolment,2026-01-01
KMB-L00515,KMB-C00515,0,True,SIMULATED enrolment,2026-01-01
KMB-L00516,KMB-C00516,0,False,SIMULATED enrolment,2026-01-01
KMB-L00517,KMB-C00517,0,True,SIMULATED enrolment,2026-01-01
KMB-L00518,KMB-C00518,0,True,SIMULATED enrolment,2026-01-01
KMB-L00519,KMB-C00519,0,True,SIMULATED enrolment,2026-01-01
KMB-L00520,KMB-C00520,0,False,SIMULATED enrolment,2026-01-01
KMB-L00521,KMB-C00521,0,True,SIMULATED enrolment,2026-01-01
KMB-L00522,KMB-C00522,0,True,SIMULATED enrolment,2026-01-01
KMB-L00523,KMB-C00523,0,True,SIMULATED enrolment,2026-01-01
KMB-L00524,KMB-C00524,0,False,SIMULATED enrolment,2026-01-01
KMB-L00525,KMB-C00525,0,True,SIMULATED enrolment,2026-01-01
KMB-L00526,KMB-C00526,0,True,SIMULATED enrolment,2026-01-01
KMB-L00527,KMB-C00527,0,True,SIMULATED enrolment,2026-01-01
KMB-L00528,KMB-C00528,0,False,SIMULATED enrolment,2026-01-01
KMB-L00529,KMB-C00529,0,True,SIMULATED enrolment,2026-01-01
KMB-L00530,KMB-C00530,0,True,SIMULATED enrolment,2026-01-01
KMB-L00531,KMB-C00531,0,True,SIMULATED enrolment,2026-01-01
KMB-L00532,KMB-C00532,0,False,SIMULATED enrolment,2026-01-01
KMB-L00533,KMB-C00533,0,True,SIMULATED enrolment,2026-01-01
KMB-L00534,KMB-C00534,0,True,SIMULATED enrolment,2026-01-01
KMB-L00535,KMB-C00535,0,True,SIMULATED enrolment,2026-01-01
KMB-L00536,KMB-C00536,0,False,SIMULATED enrolment,2026-01-01
KMB-L00537,KMB-C00537,0,True,SIMULATED enrolment,2026-01-01
KMB-L00538,KMB-C00538,0,True,SIMULATED enrolment,2026-01-01
KMB-L00539,KMB-C00539,0,True,SIMULATED enrolment,2026-01-01
KMB-L00540,KMB-C00540,0,False,SIMULATED enrolment,2026-01-01
KMB-L00541,KMB-C00541,0,True,SIMULATED enrolment,2026-01-01
KMB-L00542,KMB-C00542,0,True,SIMULATED enrolment,2026-01-01
KMB-L00543,KMB-C00543,0,True,SIMULATED enrolment,2026-01-01
KMB-L00544,KMB-C00544,0,False,SIMULATED enrolment,2026-01-01
KMB-L00545,KMB-C00545,0,True,SIMULATED enrolment,2026-01-01
KMB-L00546,KMB-C00546,0,True,SIMULATED enrolment,2026-01-01
KMB-L00547,KMB-C00547,0,True,SIMULATED enrolment,2026-01-01
KMB-L00548,KMB-C00548,0,False,SIMULATED enrolment,2026-01-01
KMB-L00549,KMB-C00549,0,True,SIMULATED enrolment,2026-01-01
KMB-L00550,KMB-C00550,0,True,SIMULATED enrolment,2026-01-01
KMB-L00551,KMB-C00551,0,True,SIMULATED enrolment,2026-01-01
KMB-L00552,KMB-C00552,0,False,SIMULATED enrolment,2026-01-01
KMB-L00553,KMB-C00553,0,True,SIMULATED enrolment,2026-01-01
KMB-L00554,KMB-C00554,0,True,SIMULATED enrolment,2026-01-01
KMB-L00555,KMB-C00555,0,True,SIMULATED enrolment,2026-01-01
KMB-L00556,KMB-C00556,0,False,SIMULATED enrolment,2026-01-01
KMB-L00557,KMB-C00557,0,True,SIMULATED enrolment,2026-01-01
KMB-L00558,KMB-C00558,0,True,SIMULATED enrolment,2026-01-01
KMB-L00559,KMB-C00559,0,True,SIMULATED enrolment,2026-01-01
KMB-L00560,KMB-C00560,0,False,SIMULATED enrolment,2026-01-01
KMB-L00561,KMB-C00561,0,True,SIMULATED enrolment,2026-01-01
KMB-L00562,KMB-C00562,0,True,SIMULATED enrolment,2026-01-01
KMB-L00563,KMB-C00563,0,True,SIMULATED enrolment,2026-01-01
KMB-L00564,KMB-C00564,0,False,SIMULATED enrolment,2026-01-01
KMB-L00565,KMB-C00565,0,True,SIMULATED enrolment,2026-01-01
KMB-L00566,KMB-C00566,0,True,SIMULATED enrolment,2026-01-01
KMB-L00567,KMB-C00567,0,True,SIMULATED enrolment,2026-01-01
KMB-L00568,KMB-C00568,0,False,SIMULATED enrolment,2026-01-01
KMB-L00569,KMB-C00569,0,True,SIMULATED enrolment,2026-01-01
KMB-L00570,KMB-C00570,0,True,SIMULATED enrolment,2026-01-01
KMB-L00571,KMB-C00571,0,True,SIMULATED enrolment,2026-01-01
KMB-L00572,KMB-C00572,0,False,SIMULATED enrolment,2026-01-01
KMB-L00573,KMB-C00573,0,True,SIMULATED enrolment,2026-01-01
KMB-L00574,KMB-C00574,0,True,SIMULATED enrolment,2026-01-01
KMB-L00575,KMB-C00575,0,True,SIMULATED enrolment,2026-01-01
KMB-L00576,KMB-C00576,0,False,SIMULATED enrolment,2026-01-01
KMB-L00577,KMB-C00577,0,True,SIMULATED enrolment,2026-01-01
KMB-L00578,KMB-C00578,0,True,SIMULATED enrolment,2026-01-01
KMB-L00579,KMB-C00579,0,True,SIMULATED enrolment,2026-01-01
KMB-L00580,KMB-C00580,0,False,SIMULATED enrolment,2026-01-01
KMB-L00581,KMB-C00581,0,True,SIMULATED enrolment,2026-01-01
KMB-L00582,KMB-C00582,0,True,SIMULATED enrolment,2026-01-01
KMB-L00583,KMB-C00583,0,True,SIMULATED enrolment,2026-01-01
KMB-L00584,KMB-C00584,0,False,SIMULATED enrolment,2026-01-01
KMB-L00585,KMB-C00585,0,True,SIMULATED enrolment,2026-01-01
KMB-L00586,KMB-C00586,0,True,SIMULATED enrolment,2026-01-01
KMB-L00587,KMB-C00587,0,True,SIMULATED enrolment,2026-01-01
KMB-L00588,KMB-C00588,0,False,SIMULATED enrolment,2026-01-01
KMB-L00589,KMB-C00589,0,True,SIMULATED enrolment,2026-01-01
KMB-L00590,KMB-C00590,0,True,SIMULATED enrolment,2026-01-01
KMB-L00591,KMB-C00591,0,True,SIMULATED enrolment,2026-01-01
KMB-L00592,KMB-C00592,0,False,SIMULATED enrolment,2026-01-01
KMB-L00593,KMB-C00593,0,True,SIMULATED enrolment,2026-01-01
KMB-L00594,KMB-C00594,0,True,SIMULATED enrolment,2026-01-01
KMB-L00595,KMB-C00595,0,True,SIMULATED enrolment,2026-01-01
KMB-L00596,KMB-C00596,0,False,SIMULATED enrolment,2026-01-01
KMB-L00597,KMB-C00597,0,True,SIMULATED enrolment,2026-01-01
KMB-L00598,KMB-C00598,0,True,SIMULATED enrolment,2026-01-01
KMB-L00599,KMB-C00599,0,True,SIMULATED enrolment,2026-01-01
KMB-L00600,KMB-C00600,0,False,SIMULATED enrolment,2026-01-01
KMB-L00601,KMB-C00601,0,True,SIMULATED enrolment,2026-01-01
KMB-L00602,KMB-C00602,0,True,SIMULATED enrolment,2026-01-01
KMB-L00603,KMB-C00603,0,True,SIMULATED enrolment,2026-01-01
KMB-L00604,KMB-C00604,0,False,SIMULATED enrolment,2026-01-01
KMB-L00605,KMB-C00605,0,True,SIMULATED enrolment,2026-01-01
KMB-L00606,KMB-C00606,0,True,SIMULATED enrolment,2026-01-01
KMB-L00607,KMB-C00607,0,True,SIMULATED enrolment,2026-01-01
KMB-L00608,KMB-C00608,0,False,SIMULATED enrolment,2026-01-01
KMB-L00609,KMB-C00609,0,True,SIMULATED enrolment,2026-01-01
KMB-L00610,KMB-C00610,0,True,SIMULATED enrolment,2026-01-01
KMB-L00611,KMB-C00611,0,True,SIMULATED enrolment,2026-01-01
KMB-L00612,KMB-C00612,0,False,SIMULATED enrolment,2026-01-01
KMB-L00613,KMB-C00613,0,True,SIMULATED enrolment,2026-01-01
KMB-L00614,KMB-C00614,0,True,SIMULATED enrolment,2026-01-01
KMB-L00615,KMB-C00615,0,True,SIMULATED enrolment,2026-01-01
KMB-L00616,KMB-C00616,0,False,SIMULATED enrolment,2026-01-01
KMB-L00617,KMB-C00617,0,True,SIMULATED enrolment,2026-01-01
KMB-L00618,KMB-C00618,0,True,SIMULATED enrolment,2026-01-01
KMB-L00619,KMB-C00619,0,True,SIMULATED enrolment,2026-01-01
KMB-L00620,KMB-C00620,0,False,SIMULATED enrolment,2026-01-01
KMB-L00621,KMB-C00621,0,True,SIMULATED enrolment,2026-01-01
KMB-L00622,KMB-C00622,0,True,SIMULATED enrolment,2026-01-01
KMB-L00623,KMB-C00623,0,True,SIMULATED enrolment,2026-01-01
KMB-L00624,KMB-C00624,0,False,SIMULATED enrolment,2026-01-01
KMB-L00625,KMB-C00625,0,True,SIMULATED enrolment,2026-01-01
KMB-L00626,KMB-C00626,0,True,SIMULATED enrolment,2026-01-01
KMB-L00627,KMB-C00627,0,True,SIMULATED enrolment,2026-01-01
KMB-L00628,KMB-C00628,0,False,SIMULATED enrolment,2026-01-01
KMB-L00629,KMB-C00629,0,True,SIMULATED enrolment,2026-01-01
KMB-L00630,KMB-C00630,0,True,SIMULATED enrolment,2026-01-01
KMB-L00631,KMB-C00631,0,True,SIMULATED enrolment,2026-01-01
KMB-L00632,KMB-C00632,0,False,SIMULATED enrolment,2026-01-01
KMB-L00633,KMB-C00633,0,True,SIMULATED enrolment,2026-01-01
KMB-L00634,KMB-C00634,0,True,SIMULATED enrolment,2026-01-01
KMB-L00635,KMB-C00635,0,True,SIMULATED enrolment,2026-01-01
KMB-L00636,KMB-C00636,0,False,SIMULATED enrolment,2026-01-01
KMB-L00637,KMB-C00637,0,True,SIMULATED enrolment,2026-01-01
KMB-L00638,KMB-C00638,0,True,SIMULATED enrolment,2026-01-01
KMB-L00639,KMB-C00639,0,True,SIMULATED enrolment,2026-01-01
KMB-L00640,KMB-C00640,0,False,SIMULATED enrolment,2026-01-01
KMB-L00641,KMB-C00641,0,True,SIMULATED enrolment,2026-01-01
KMB-L00642,KMB-C00642,0,True,SIMULATED enrolment,2026-01-01
KMB-L00643,KMB-C00643,0,True,SIMULATED enrolment,2026-01-01
KMB-L00644,KMB-C00644,0,False,SIMULATED enrolment,2026-01-01
KMB-L00645,KMB-C00645,0,True,SIMULATED enrolment,2026-01-01
KMB-L00646,KMB-C00646,0,True,SIMULATED enrolment,2026-01-01
KMB-L00647,KMB-C00647,0,True,SIMULATED enrolment,2026-01-01
KMB-L00648,KMB-C00648,0,False,SIMULATED enrolment,2026-01-01
KMB-L00649,KMB-C00649,0,True,SIMULATED enrolment,2026-01-01
KMB-L00650,KMB-C00650,0,True,SIMULATED enrolment,2026-01-01
KMB-L00651,KMB-C00651,0,True,SIMULATED enrolment,2026-01-01
KMB-L00652,KMB-C00652,0,False,SIMULATED enrolment,2026-01-01
KMB-L00653,KMB-C00653,0,True,SIMULATED enrolment,2026-01-01
KMB-L00654,KMB-C00654,0,True,SIMULATED enrolment,2026-01-01
KMB-L00655,KMB-C00655,0,True,SIMULATED enrolment,2026-01-01
KMB-L00656,KMB-C00656,0,False,SIMULATED enrolment,2026-01-01
KMB-L00657,KMB-C00657,0,True,SIMULATED enrolment,2026-01-01
KMB-L00658,KMB-C00658,0,True,SIMULATED enrolment,2026-01-01
KMB-L00659,KMB-C00659,0,True,SIMULATED enrolment,2026-01-01
KMB-L00660,KMB-C00660,0,False,SIMULATED enrolment,2026-01-01
KMB-L00661,KMB-C00661,0,True,SIMULATED enrolment,2026-01-01
KMB-L00662,KMB-C00662,0,True,SIMULATED enrolment,2026-01-01
KMB-L00663,KMB-C00663,0,True,SIMULATED enrolment,2026-01-01
KMB-L00664,KMB-C00664,0,False,SIMULATED enrolment,2026-01-01
KMB-L00665,KMB-C00665,0,True,SIMULATED enrolment,2026-01-01
KMB-L00666,KMB-C00666,0,True,SIMULATED enrolment,2026-01-01
KMB-L00667,KMB-C00667,0,True,SIMULATED enrolment,2026-01-01
KMB-L00668,KMB-C00668,0,False,SIMULATED enrolment,2026-01-01
KMB-L00669,KMB-C00669,0,True,SIMULATED enrolment,2026-01-01
KMB-L00670,KMB-C00670,0,True,SIMULATED enrolment,2026-01-01
KMB-L00671,KMB-C00671,0,True,SIMULATED enrolment,2026-01-01
KMB-L00672,KMB-C00672,0,False,SIMULATED enrolment,2026-01-01
KMB-L00673,KMB-C00673,0,True,SIMULATED enrolment,2026-01-01
KMB-L00674,KMB-C00674,0,True,SIMULATED enrolment,2026-01-01
KMB-L00675,KMB-C00675,0,True,SIMULATED enrolment,2026-01-01
KMB-L00676,KMB-C00676,0,False,SIMULATED enrolment,2026-01-01
KMB-L00677,KMB-C00677,0,True,SIMULATED enrolment,2026-01-01
KMB-L00678,KMB-C00678,0,True,SIMULATED enrolment,2026-01-01
KMB-L00679,KMB-C00679,0,True,SIMULATED enrolment,2026-01-01
KMB-L00680,KMB-C00680,0,False,SIMULATED enrolment,2026-01-01
KMB-L00681,KMB-C00681,0,True,SIMULATED enrolment,2026-01-01
KMB-L00682,KMB-C00682,0,True,SIMULATED enrolment,2026-01-01
KMB-L00683,KMB-C00683,0,True,SIMULATED enrolment,2026-01-01
KMB-L00684,KMB-C00684,0,False,SIMULATED enrolment,2026-01-01
KMB-L00685,KMB-C00685,0,True,SIMULATED enrolment,2026-01-01
KMB-L00686,KMB-C00686,0,True,SIMULATED enrolment,2026-01-01
KMB-L00687,KMB-C00687,0,True,SIMULATED enrolment,2026-01-01
KMB-L00688,KMB-C00688,0,False,SIMULATED enrolment,2026-01-01
KMB-L00689,KMB-C00689,0,True,SIMULATED enrolment,2026-01-01
KMB-L00690,KMB-C00690,0,True,SIMULATED enrolment,2026-01-01
KMB-L00691,KMB-C00691,0,True,SIMULATED enrolment,2026-01-01
KMB-L00692,KMB-C00692,0,False,SIMULATED enrolment,2026-01-01
KMB-L00693,KMB-C00693,0,True,SIMULATED enrolment,2026-01-01
KMB-L00694,KMB-C00694,0,True,SIMULATED enrolment,2026-01-01
KMB-L00695,KMB-C00695,0,True,SIMULATED enrolment,2026-01-01
KMB-L00696,KMB-C00696,0,False,SIMULATED enrolment,2026-01-01
KMB-L00697,KMB-C00697,0,True,SIMULATED enrolment,2026-01-01
KMB-L00698,KMB-C00698,0,True,SIMULATED enrolment,2026-01-01
KMB-L00699,KMB-C00699,0,True,SIMULATED enrolment,2026-01-01
KMB-L00700,KMB-C00700,0,False,SIMULATED enrolment,2026-01-01
KMB-L00701,KMB-C00701,0,True,SIMULATED enrolment,2026-01-01
KMB-L00702,KMB-C00702,0,True,SIMULATED enrolment,2026-01-01
KMB-L00703,KMB-C00703,0,True,SIMULATED enrolment,2026-01-01
KMB-L00704,KMB-C00704,0,False,SIMULATED enrolment,2026-01-01
KMB-L00705,KMB-C00705,0,True,SIMULATED enrolment,2026-01-01
KMB-L00706,KMB-C00706,0,True,SIMULATED enrolment,2026-01-01
KMB-L00707,KMB-C00707,0,True,SIMULATED enrolment,2026-01-01
KMB-L00708,KMB-C00708,0,False,SIMULATED enrolment,2026-01-01
KMB-L00709,KMB-C00709,0,True,SIMULATED enrolment,2026-01-01
KMB-L00710,KMB-C00710,0,True,SIMULATED enrolment,2026-01-01
KMB-L00711,KMB-C00711,0,True,SIMULATED enrolment,2026-01-01
KMB-L00712,KMB-C00712,0,False,SIMULATED enrolment,2026-01-01
KMB-L00713,KMB-C00713,0,True,SIMULATED enrolment,2026-01-01
KMB-L00714,KMB-C00714,0,True,SIMULATED enrolment,2026-01-01
KMB-L00715,KMB-C00715,0,True,SIMULATED enrolment,2026-01-01
KMB-L00716,KMB-C00716,0,False,SIMULATED enrolment,2026-01-01
KMB-L00717,KMB-C00717,0,True,SIMULATED enrolment,2026-01-01
KMB-L00718,KMB-C00718,0,True,SIMULATED enrolment,2026-01-01
KMB-L00719,KMB-C00719,0,True,SIMULATED enrolment,2026-01-01
KMB-L00720,KMB-C00720,0,False,SIMULATED enrolment,2026-01-01
KMB-L00721,KMB-C00721,0,True,SIMULATED enrolment,2026-01-01
KMB-L00722,KMB-C00722,0,True,SIMULATED enrolment,2026-01-01
KMB-L00723,KMB-C00723,0,True,SIMULATED enrolment,2026-01-01
KMB-L00724,KMB-C00724,0,False,SIMULATED enrolment,2026-01-01
KMB-L00725,KMB-C00725,0,True,SIMULATED enrolment,2026-01-01
KMB-L00726,KMB-C00726,0,True,SIMULATED enrolment,2026-01-01
KMB-L00727,KMB-C00727,0,True,SIMULATED enrolment,2026-01-01
KMB-L00728,KMB-C00728,0,False,SIMULATED enrolment,2026-01-01
KMB-L00729,KMB-C00729,0,True,SIMULATED enrolment,2026-01-01
KMB-L00730,KMB-C00730,0,True,SIMULATED enrolment,2026-01-01
KMB-L00731,KMB-C00731,0,True,SIMULATED enrolment,2026-01-01
KMB-L00732,KMB-C00732,0,False,SIMULATED enrolment,2026-01-01
KMB-L00733,KMB-C00733,0,True,SIMULATED enrolment,2026-01-01
KMB-L00734,KMB-C00734,0,True,SIMULATED enrolment,2026-01-01
KMB-L00735,KMB-C00735,0,True,SIMULATED enrolment,2026-01-01
KMB-L00736,KMB-C00736,0,False,SIMULATED enrolment,2026-01-01
KMB-L00737,KMB-C00737,0,True,SIMULATED enrolment,2026-01-01
KMB-L00738,KMB-C00738,0,True,SIMULATED enrolment,2026-01-01
KMB-L00739,KMB-C00739,0,True,SIMULATED enrolment,2026-01-01
KMB-L00740,KMB-C00740,0,False,SIMULATED enrolment,2026-01-01
KMB-L00741,KMB-C00741,0,True,SIMULATED enrolment,2026-01-01
KMB-L00742,KMB-C00742,0,True,SIMULATED enrolment,2026-01-01
KMB-L00743,KMB-C00743,0,True,SIMULATED enrolment,2026-01-01
KMB-L00744,KMB-C00744,0,False,SIMULATED enrolment,2026-01-01
KMB-L00745,KMB-C00745,0,True,SIMULATED enrolment,2026-01-01
KMB-L00746,KMB-C00746,0,True,SIMULATED enrolment,2026-01-01
KMB-L00747,KMB-C00747,0,True,SIMULATED enrolment,2026-01-01
KMB-L00748,KMB-C00748,0,False,SIMULATED enrolment,2026-01-01
KMB-L00749,KMB-C00749,0,True,SIMULATED enrolment,2026-01-01
KMB-L00750,KMB-C00750,0,True,SIMULATED enrolment,2026-01-01
KMB-L00751,KMB-C00751,0,True,SIMULATED enrolment,2026-01-01
KMB-L00752,KMB-C00752,0,False,SIMULATED enrolment,2026-01-01
KMB-L00753,KMB-C00753,0,True,SIMULATED enrolment,2026-01-01
KMB-L00754,KMB-C00754,0,True,SIMULATED enrolment,2026-01-01
KMB-L00755,KMB-C00755,0,True,SIMULATED enrolment,2026-01-01
KMB-L00756,KMB-C00756,0,False,SIMULATED enrolment,2026-01-01
KMB-L00757,KMB-C00757,0,True,SIMULATED enrolment,2026-01-01
KMB-L00758,KMB-C00758,0,True,SIMULATED enrolment,2026-01-01
KMB-L00759,KMB-C00759,0,True,SIMULATED enrolment,2026-01-01
KMB-L00760,KMB-C00760,0,False,SIMULATED enrolment,2026-01-01
KMB-L00761,KMB-C00761,0,True,SIMULATED enrolment,2026-01-01
KMB-L00762,KMB-C00762,0,True,SIMULATED enrolment,2026-01-01
KMB-L00763,KMB-C00763,0,True,SIMULATED enrolment,2026-01-01
KMB-L00764,KMB-C00764,0,False,SIMULATED enrolment,2026-01-01
KMB-L00765,KMB-C00765,0,True,SIMULATED enrolment,2026-01-01
KMB-L00766,KMB-C00766,0,True,SIMULATED enrolment,2026-01-01
KMB-L00767,KMB-C00767,0,True,SIMULATED enrolment,2026-01-01
KMB-L00768,KMB-C00768,0,False,SIMULATED enrolment,2026-01-01
KMB-L00769,KMB-C00769,0,True,SIMULATED enrolment,2026-01-01
KMB-L00770,KMB-C00770,0,True,SIMULATED enrolment,2026-01-01
KMB-L00771,KMB-C00771,0,True,SIMULATED enrolment,2026-01-01
KMB-L00772,KMB-C00772,0,False,SIMULATED enrolment,2026-01-01
KMB-L00773,KMB-C00773,0,True,SIMULATED enrolment,2026-01-01
KMB-L00774,KMB-C00774,0,True,SIMULATED enrolment,2026-01-01
KMB-L00775,KMB-C00775,0,True,SIMULATED enrolment,2026-01-01
KMB-L00776,KMB-C00776,0,False,SIMULATED enrolment,2026-01-01
KMB-L00777,KMB-C00777,0,True,SIMULATED enrolment,2026-01-01
KMB-L00778,KMB-C00778,0,True,SIMULATED enrolment,2026-01-01
KMB-L00779,KMB-C00779,0,True,SIMULATED enrolment,2026-01-01
KMB-L00780,KMB-C00780,0,False,SIMULATED enrolment,2026-01-01
KMB-L00781,KMB-C00781,0,True,SIMULATED enrolment,2026-01-01
KMB-L00782,KMB-C00782,0,True,SIMULATED enrolment,2026-01-01
KMB-L00783,KMB-C00783,0,True,SIMULATED enrolment,2026-01-01
KMB-L00784,KMB-C00784,0,False,SIMULATED enrolment,2026-01-01
KMB-L00785,KMB-C00785,0,True,SIMULATED enrolment,2026-01-01
KMB-L00786,KMB-C00786,0,True,SIMULATED enrolment,2026-01-01
KMB-L00787,KMB-C00787,0,True,SIMULATED enrolment,2026-01-01
KMB-L00788,KMB-C00788,0,False,SIMULATED enrolment,2026-01-01
KMB-L00789,KMB-C00789,0,True,SIMULATED enrolment,2026-01-01
KMB-L00790,KMB-C00790,0,True,SIMULATED enrolment,2026-01-01
KMB-L00791,KMB-C00791,0,True,SIMULATED enrolment,2026-01-01
KMB-L00792,KMB-C00792,0,False,SIMULATED enrolment,2026-01-01
KMB-L00793,KMB-C00793,0,True,SIMULATED enrolment,2026-01-01
KMB-L00794,KMB-C00794,0,True,SIMULATED enrolment,2026-01-01
KMB-L00795,KMB-C00795,0,True,SIMULATED enrolment,2026-01-01
KMB-L00796,KMB-C00796,0,False,SIMULATED enrolment,2026-01-01
KMB-L00797,KMB-C00797,0,True,SIMULATED enrolment,2026-01-01
KMB-L00798,KMB-C00798,0,True,SIMULATED enrolment,2026-01-01
KMB-L00799,KMB-C00799,0,True,SIMULATED enrolment,2026-01-01
KMB-L00800,KMB-C00800,0,False,SIMULATED enrolment,2026-01-01
KMB-L00801,KMB-C00801,0,True,SIMULATED enrolment,2026-01-01
KMB-L00802,KMB-C00802,0,True,SIMULATED enrolment,2026-01-01
KMB-L00803,KMB-C00803,0,True,SIMULATED enrolment,2026-01-01
KMB-L00804,KMB-C00804,0,False,SIMULATED enrolment,2026-01-01
KMB-L00805,KMB-C00805,0,True,SIMULATED enrolment,2026-01-01
KMB-L00806,KMB-C00806,0,True,SIMULATED enrolment,2026-01-01
KMB-L00807,KMB-C00807,0,True,SIMULATED enrolment,2026-01-01
KMB-L00808,KMB-C00808,0,False,SIMULATED enrolment,2026-01-01
KMB-L00809,KMB-C00809,0,True,SIMULATED enrolment,2026-01-01
KMB-L00810,KMB-C00810,0,True,SIMULATED enrolment,2026-01-01
KMB-L00811,KMB-C00811,0,True,SIMULATED enrolment,2026-01-01
KMB-L00812,KMB-C00812,0,False,SIMULATED enrolment,2026-01-01
KMB-L00813,KMB-C00813,0,True,SIMULATED enrolment,2026-01-01
KMB-L00814,KMB-C00814,0,True,SIMULATED enrolment,2026-01-01
KMB-L00815,KMB-C00815,0,True,SIMULATED enrolment,2026-01-01
KMB-L00816,KMB-C00816,0,False,SIMULATED enrolment,2026-01-01
KMB-L00817,KMB-C00817,0,True,SIMULATED enrolment,2026-01-01
KMB-L00818,KMB-C00818,0,True,SIMULATED enrolment,2026-01-01
KMB-L00819,KMB-C00819,0,True,SIMULATED enrolment,2026-01-01
KMB-L00820,KMB-C00820,0,False,SIMULATED enrolment,2026-01-01
KMB-L00821,KMB-C00821,0,True,SIMULATED enrolment,2026-01-01
KMB-L00822,KMB-C00822,0,True,SIMULATED enrolment,2026-01-01
KMB-L00823,KMB-C00823,0,True,SIMULATED enrolment,2026-01-01
KMB-L00824,KMB-C00824,0,False,SIMULATED enrolment,2026-01-01
KMB-L00825,KMB-C00825,0,True,SIMULATED enrolment,2026-01-01
KMB-L00826,KMB-C00826,0,True,SIMULATED enrolment,2026-01-01
KMB-L00827,KMB-C00827,0,True,SIMULATED enrolment,2026-01-01
KMB-L00828,KMB-C00828,0,False,SIMULATED enrolment,2026-01-01
KMB-L00829,KMB-C00829,0,True,SIMULATED enrolment,2026-01-01
KMB-L00830,KMB-C00830,0,True,SIMULATED enrolment,2026-01-01
KMB-L00831,KMB-C00831,0,True,SIMULATED enrolment,2026-01-01
KMB-L00832,KMB-C00832,0,False,SIMULATED enrolment,2026-01-01
KMB-L00833,KMB-C00833,0,True,SIMULATED enrolment,2026-01-01
KMB-L00834,KMB-C00834,0,True,SIMULATED enrolment,2026-01-01
KMB-L00835,KMB-C00835,0,True,SIMULATED enrolment,2026-01-01
KMB-L00836,KMB-C00836,0,False,SIMULATED enrolment,2026-01-01
KMB-L00837,KMB-C00837,0,True,SIMULATED enrolment,2026-01-01
KMB-L00838,KMB-C00838,0,True,SIMULATED enrolment,2026-01-01
KMB-L00839,KMB-C00839,0,True,SIMULATED enrolment,2026-01-01
KMB-L00840,KMB-C00840,0,False,SIMULATED enrolment,2026-01-01
KMB-L00841,KMB-C00841,0,True,SIMULATED enrolment,2026-01-01
KMB-L00842,KMB-C00842,0,True,SIMULATED enrolment,2026-01-01
KMB-L00843,KMB-C00843,0,True,SIMULATED enrolment,2026-01-01
KMB-L00844,KMB-C00844,0,False,SIMULATED enrolment,2026-01-01
KMB-L00845,KMB-C00845,0,True,SIMULATED enrolment,2026-01-01
KMB-L00846,KMB-C00846,0,True,SIMULATED enrolment,2026-01-01
KMB-L00847,KMB-C00847,0,True,SIMULATED enrolment,2026-01-01
KMB-L00848,KMB-C00848,0,False,SIMULATED enrolment,2026-01-01
KMB-L00849,KMB-C00849,0,True,SIMULATED enrolment,2026-01-01
KMB-L00850,KMB-C00850,0,True,SIMULATED enrolment,2026-01-01
KMB-L00851,KMB-C00851,0,True,SIMULATED enrolment,2026-01-01
KMB-L00852,KMB-C00852,0,False,SIMULATED enrolment,2026-01-01
KMB-L00853,KMB-C00853,0,True,SIMULATED enrolment,2026-01-01
KMB-L00854,KMB-C00854,0,True,SIMULATED enrolment,2026-01-01
KMB-L00855,KMB-C00855,0,True,SIMULATED enrolment,2026-01-01
KMB-L00856,KMB-C00856,0,False,SIMULATED enrolment,2026-01-01
KMB-L00857,KMB-C00857,0,True,SIMULATED enrolment,2026-01-01
KMB-L00858,KMB-C00858,0,True,SIMULATED enrolment,2026-01-01
KMB-L00859,KMB-C00859,0,True,SIMULATED enrolment,2026-01-01
KMB-L00860,KMB-C00860,0,False,SIMULATED enrolment,2026-01-01
KMB-L00861,KMB-C00861,0,True,SIMULATED enrolment,2026-01-01
KMB-L00862,KMB-C00862,0,True,SIMULATED enrolment,2026-01-01
KMB-L00863,KMB-C00863,0,True,SIMULATED enrolment,2026-01-01
KMB-L00864,KMB-C00864,0,False,SIMULATED enrolment,2026-01-01
KMB-L00865,KMB-C00865,0,True,SIMULATED enrolment,2026-01-01
KMB-L00866,KMB-C00866,0,True,SIMULATED enrolment,2026-01-01
KMB-L00867,KMB-C00867,0,True,SIMULATED enrolment,2026-01-01
KMB-L00868,KMB-C00868,0,False,SIMULATED enrolment,2026-01-01
KMB-L00869,KMB-C00869,0,True,SIMULATED enrolment,2026-01-01
KMB-L00870,KMB-C00870,0,True,SIMULATED enrolment,2026-01-01
KMB-L00871,KMB-C00871,0,True,SIMULATED enrolment,2026-01-01
KMB-L00872,KMB-C00872,0,False,SIMULATED enrolment,2026-01-01
KMB-L00873,KMB-C00873,0,True,SIMULATED enrolment,2026-01-01
KMB-L00874,KMB-C00874,0,True,SIMULATED enrolment,2026-01-01
KMB-L00875,KMB-C00875,0,True,SIMULATED enrolment,2026-01-01
KMB-L00876,KMB-C00876,0,False,SIMULATED enrolment,2026-01-01
KMB-L00877,KMB-C00877,0,True,SIMULATED enrolment,2026-01-01
KMB-L00878,KMB-C00878,0,True,SIMULATED enrolment,2026-01-01
KMB-L00879,KMB-C00879,0,True,SIMULATED enrolment,2026-01-01
KMB-L00880,KMB-C00880,0,False,SIMULATED enrolment,2026-01-01
KMB-L00881,KMB-C00881,0,True,SIMULATED enrolment,2026-01-01
KMB-L00882,KMB-C00882,0,True,SIMULATED enrolment,2026-01-01
KMB-L00883,KMB-C00883,0,True,SIMULATED enrolment,2026-01-01
KMB-L00884,KMB-C00884,0,False,SIMULATED enrolment,2026-01-01
KMB-L00885,KMB-C00885,0,True,SIMULATED enrolment,2026-01-01
KMB-L00886,KMB-C00886,0,True,SIMULATED enrolment,2026-01-01
KMB-L00887,KMB-C00887,0,True,SIMULATED enrolment,2026-01-01
KMB-L00888,KMB-C00888,0,False,SIMULATED enrolment,2026-01-01
KMB-L00889,KMB-C00889,0,True,SIMULATED enrolment,2026-01-01
KMB-L00890,KMB-C00890,0,True,SIMULATED enrolment,2026-01-01
KMB-L00891,KMB-C00891,0,True,SIMULATED enrolment,2026-01-01
KMB-L00892,KMB-C00892,0,False,SIMULATED enrolment,2026-01-01
KMB-L00893,KMB-C00893,0,True,SIMULATED enrolment,2026-01-01
KMB-L00894,KMB-C00894,0,True,SIMULATED enrolment,2026-01-01
KMB-L00895,KMB-C00895,0,True,SIMULATED enrolment,2026-01-01
KMB-L00896,KMB-C00896,0,False,SIMULATED enrolment,2026-01-01
KMB-L00897,KMB-C00897,0,True,SIMULATED enrolment,2026-01-01
KMB-L00898,KMB-C00898,0,True,SIMULATED enrolment,2026-01-01
KMB-L00899,KMB-C00899,0,True,SIMULATED enrolment,2026-01-01
KMB-L00900,KMB-C00900,0,False,SIMULATED enrolment,2026-01-01
KMB-L00901,KMB-C00901,0,True,SIMULATED enrolment,2026-01-01
KMB-L00902,KMB-C00902,0,True,SIMULATED enrolment,2026-01-01
KMB-L00903,KMB-C00903,0,True,SIMULATED enrolment,2026-01-01
KMB-L00904,KMB-C00904,0,False,SIMULATED enrolment,2026-01-01
KMB-L00905,KMB-C00905,0,True,SIMULATED enrolment,2026-01-01
KMB-L00906,KMB-C00906,0,True,SIMULATED enrolment,2026-01-01
KMB-L00907,KMB-C00907,0,True,SIMULATED enrolment,2026-01-01
KMB-L00908,KMB-C00908,0,False,SIMULATED enrolment,2026-01-01
KMB-L00909,KMB-C00909,0,True,SIMULATED enrolment,2026-01-01
KMB-L00910,KMB-C00910,0,True,SIMULATED enrolment,2026-01-01
KMB-L00911,KMB-C00911,0,True,SIMULATED enrolment,2026-01-01
KMB-L00912,KMB-C00912,0,False,SIMULATED enrolment,2026-01-01
KMB-L00913,KMB-C00913,0,True,SIMULATED enrolment,2026-01-01
KMB-L00914,KMB-C00914,0,True,SIMULATED enrolment,2026-01-01
KMB-L00915,KMB-C00915,0,True,SIMULATED enrolment,2026-01-01
KMB-L00916,KMB-C00916,0,False,SIMULATED enrolment,2026-01-01
KMB-L00917,KMB-C00917,0,True,SIMULATED enrolment,2026-01-01
KMB-L00918,KMB-C00918,0,True,SIMULATED enrolment,2026-01-01
KMB-L00919,KMB-C00919,0,True,SIMULATED enrolment,2026-01-01
KMB-L00920,KMB-C00920,0,False,SIMULATED enrolment,2026-01-01
KMB-L00921,KMB-C00921,0,True,SIMULATED enrolment,2026-01-01
KMB-L00922,KMB-C00922,0,True,SIMULATED enrolment,2026-01-01
KMB-L00923,KMB-C00923,0,True,SIMULATED enrolment,2026-01-01
KMB-L00924,KMB-C00924,0,False,SIMULATED enrolment,2026-01-01
KMB-L00925,KMB-C00925,0,True,SIMULATED enrolment,2026-01-01
KMB-L00926,KMB-C00926,0,True,SIMULATED enrolment,2026-01-01
KMB-L00927,KMB-C00927,0,True,SIMULATED enrolment,2026-01-01
KMB-L00928,KMB-C00928,0,False,SIMULATED enrolment,2026-01-01
KMB-L00929,KMB-C00929,0,True,SIMULATED enrolment,2026-01-01
KMB-L00930,KMB-C00930,0,True,SIMULATED enrolment,2026-01-01
KMB-L00931,KMB-C00931,0,True,SIMULATED enrolment,2026-01-01
KMB-L00932,KMB-C00932,0,False,SIMULATED enrolment,2026-01-01
KMB-L00933,KMB-C00933,0,True,SIMULATED enrolment,2026-01-01
KMB-L00934,KMB-C00934,0,True,SIMULATED enrolment,2026-01-01
KMB-L00935,KMB-C00935,0,True,SIMULATED enrolment,2026-01-01
KMB-L00936,KMB-C00936,0,False,SIMULATED enrolment,2026-01-01
KMB-L00937,KMB-C00937,0,True,SIMULATED enrolment,2026-01-01
KMB-L00938,KMB-C00938,0,True,SIMULATED enrolment,2026-01-01
KMB-L00939,KMB-C00939,0,True,SIMULATED enrolment,2026-01-01
KMB-L00940,KMB-C00940,0,False,SIMULATED enrolment,2026-01-01
KMB-L00941,KMB-C00941,0,True,SIMULATED enrolment,2026-01-01
KMB-L00942,KMB-C00942,0,True,SIMULATED enrolment,2026-01-01
KMB-L00943,KMB-C00943,0,True,SIMULATED enrolment,2026-01-01
KMB-L00944,KMB-C00944,0,False,SIMULATED enrolment,2026-01-01
KMB-L00945,KMB-C00945,0,True,SIMULATED enrolment,2026-01-01
KMB-L00946,KMB-C00946,0,True,SIMULATED enrolment,2026-01-01
KMB-L00947,KMB-C00947,0,True,SIMULATED enrolment,2026-01-01
KMB-L00948,KMB-C00948,0,False,SIMULATED enrolment,2026-01-01
KMB-L00949,KMB-C00949,0,True,SIMULATED enrolment,2026-01-01
KMB-L00950,KMB-C00950,0,True,SIMULATED enrolment,2026-01-01
KMB-L00951,KMB-C00951,0,True,SIMULATED enrolment,2026-01-01
KMB-L00952,KMB-C00952,0,False,SIMULATED enrolment,2026-01-01
KMB-L00953,KMB-C00953,0,True,SIMULATED enrolment,2026-01-01
KMB-L00954,KMB-C00954,0,True,SIMULATED enrolment,2026-01-01
KMB-L00955,KMB-C00955,0,True,SIMULATED enrolment,2026-01-01
KMB-L00956,KMB-C00956,0,False,SIMULATED enrolment,2026-01-01
KMB-L00957,KMB-C00957,0,True,SIMULATED enrolment,2026-01-01
KMB-L00958,KMB-C00958,0,True,SIMULATED enrolment,2026-01-01
KMB-L00959,KMB-C00959,0,True,SIMULATED enrolment,2026-01-01
KMB-L00960,KMB-C00960,0,False,SIMULATED enrolment,2026-01-01
KMB-L00961,KMB-C00961,0,True,SIMULATED enrolment,2026-01-01
KMB-L00962,KMB-C00962,0,True,SIMULATED enrolment,2026-01-01
KMB-L00963,KMB-C00963,0,True,SIMULATED enrolment,2026-01-01
KMB-L00964,KMB-C00964,0,False,SIMULATED enrolment,2026-01-01
KMB-L00965,KMB-C00965,0,True,SIMULATED enrolment,2026-01-01
KMB-L00966,KMB-C00966,0,True,SIMULATED enrolment,2026-01-01
KMB-L00967,KMB-C00967,0,True,SIMULATED enrolment,2026-01-01
KMB-L00968,KMB-C00968,0,False,SIMULATED enrolment,2026-01-01
KMB-L00969,KMB-C00969,0,True,SIMULATED enrolment,2026-01-01
KMB-L00970,KMB-C00970,0,True,SIMULATED enrolment,2026-01-01
KMB-L00971,KMB-C00971,0,True,SIMULATED enrolment,2026-01-01
KMB-L00972,KMB-C00972,0,False,SIMULATED enrolment,2026-01-01
KMB-L00973,KMB-C00973,0,True,SIMULATED enrolment,2026-01-01
KMB-L00974,KMB-C00974,0,True,SIMULATED enrolment,2026-01-01
KMB-L00975,KMB-C00975,0,True,SIMULATED enrolment,2026-01-01
KMB-L00976,KMB-C00976,0,False,SIMULATED enrolment,2026-01-01
KMB-L00977,KMB-C00977,0,True,SIMULATED enrolment,2026-01-01
KMB-L00978,KMB-C00978,0,True,SIMULATED enrolment,2026-01-01
KMB-L00979,KMB-C00979,0,True,SIMULATED enrolment,2026-01-01
KMB-L00980,KMB-C00980,0,False,SIMULATED enrolment,2026-01-01
KMB-L00981,KMB-C00981,0,True,SIMULATED enrolment,2026-01-01
KMB-L00982,KMB-C00982,0,True,SIMULATED enrolment,2026-01-01
KMB-L00983,KMB-C00983,0,True,SIMULATED enrolment,2026-01-01
KMB-L00984,KMB-C00984,0,False,SIMULATED enrolment,2026-01-01
KMB-L00985,KMB-C00985,0,True,SIMULATED enrolment,2026-01-01
KMB-L00986,KMB-C00986,0,True,SIMULATED enrolment,2026-01-01
KMB-L00987,KMB-C00987,0,True,SIMULATED enrolment,2026-01-01
KMB-L00988,KMB-C00988,0,False,SIMULATED enrolment,2026-01-01
KMB-L00989,KMB-C00989,0,True,SIMULATED enrolment,2026-01-01
KMB-L00990,KMB-C00990,0,True,SIMULATED enrolment,2026-01-01
KMB-L00991,KMB-C00991,0,True,SIMULATED enrolment,2026-01-01
KMB-L00992,KMB-C00992,0,False,SIMULATED enrolment,2026-01-01
KMB-L00993,KMB-C00993,0,True,SIMULATED enrolment,2026-01-01
KMB-L00994,KMB-C00994,0,True,SIMULATED enrolment,2026-01-01
KMB-L00995,KMB-C00995,0,True,SIMULATED enrolment,2026-01-01
KMB-L00996,KMB-C00996,0,False,SIMULATED enrolment,2026-01-01
KMB-L00997,KMB-C00997,0,True,SIMULATED enrolment,2026-01-01
KMB-L00998,KMB-C00998,0,True,SIMULATED enrolment,2026-01-01
KMB-L00999,KMB-C00999,0,True,SIMULATED enrolment,2026-01-01
KMB-L01000,KMB-C01000,0,False,SIMULATED enrolment,2026-01-01
KMB-L01001,KMB-C01001,0,True,SIMULATED enrolment,2026-01-01
KMB-L01002,KMB-C01002,0,True,SIMULATED enrolment,2026-01-01
KMB-L01003,KMB-C01003,0,True,SIMULATED enrolment,2026-01-01
KMB-L01004,KMB-C01004,0,False,SIMULATED enrolment,2026-01-01
KMB-L01005,KMB-C01005,0,True,SIMULATED enrolment,2026-01-01
KMB-L01006,KMB-C01006,0,True,SIMULATED enrolment,2026-01-01
KMB-L01007,KMB-C01007,0,True,SIMULATED enrolment,2026-01-01
KMB-L01008,KMB-C01008,0,False,SIMULATED enrolment,2026-01-01
KMB-L01009,KMB-C01009,0,True,SIMULATED enrolment,2026-01-01
KMB-L01010,KMB-C01010,0,True,SIMULATED enrolment,2026-01-01
KMB-L01011,KMB-C01011,0,True,SIMULATED enrolment,2026-01-01
KMB-L01012,KMB-C01012,0,False,SIMULATED enrolment,2026-01-01
KMB-L01013,KMB-C01013,0,True,SIMULATED enrolment,2026-01-01
KMB-L01014,KMB-C01014,0,True,SIMULATED enrolment,2026-01-01
KMB-L01015,KMB-C01015,0,True,SIMULATED enrolment,2026-01-01
KMB-L01016,KMB-C01016,0,False,SIMULATED enrolment,2026-01-01
KMB-L01017,KMB-C01017,0,True,SIMULATED enrolment,2026-01-01
KMB-L01018,KMB-C01018,0,True,SIMULATED enrolment,2026-01-01
KMB-L01019,KMB-C01019,0,True,SIMULATED enrolment,2026-01-01
KMB-L01020,KMB-C01020,0,False,SIMULATED enrolment,2026-01-01
KMB-L01021,KMB-C01021,0,True,SIMULATED enrolment,2026-01-01
KMB-L01022,KMB-C01022,0,True,SIMULATED enrolment,2026-01-01
KMB-L01023,KMB-C01023,0,True,SIMULATED enrolment,2026-01-01
KMB-L01024,KMB-C01024,0,False,SIMULATED enrolment,2026-01-01
KMB-L01025,KMB-C01025,0,True,SIMULATED enrolment,2026-01-01
KMB-L01026,KMB-C01026,0,True,SIMULATED enrolment,2026-01-01
KMB-L01027,KMB-C01027,0,True,SIMULATED enrolment,2026-01-01
KMB-L01028,KMB-C01028,0,False,SIMULATED enrolment,2026-01-01
KMB-L01029,KMB-C01029,0,True,SIMULATED enrolment,2026-01-01
KMB-L01030,KMB-C01030,0,True,SIMULATED enrolment,2026-01-01
KMB-L01031,KMB-C01031,0,True,SIMULATED enrolment,2026-01-01
KMB-L01032,KMB-C01032,0,False,SIMULATED enrolment,2026-01-01
KMB-L01033,KMB-C01033,0,True,SIMULATED enrolment,2026-01-01
KMB-L01034,KMB-C01034,0,True,SIMULATED enrolment,2026-01-01
KMB-L01035,KMB-C01035,0,True,SIMULATED enrolment,2026-01-01
KMB-L01036,KMB-C01036,0,False,SIMULATED enrolment,2026-01-01
KMB-L01037,KMB-C01037,0,True,SIMULATED enrolment,2026-01-01
KMB-L01038,KMB-C01038,0,True,SIMULATED enrolment,2026-01-01
KMB-L01039,KMB-C01039,0,True,SIMULATED enrolment,2026-01-01
KMB-L01040,KMB-C01040,0,False,SIMULATED enrolment,2026-01-01
KMB-L01041,KMB-C01041,0,True,SIMULATED enrolment,2026-01-01
KMB-L01042,KMB-C01042,0,True,SIMULATED enrolment,2026-01-01
KMB-L01043,KMB-C01043,0,True,SIMULATED enrolment,2026-01-01
KMB-L01044,KMB-C01044,0,False,SIMULATED enrolment,2026-01-01
KMB-L01045,KMB-C01045,0,True,SIMULATED enrolment,2026-01-01
KMB-L01046,KMB-C01046,0,True,SIMULATED enrolment,2026-01-01
KMB-L01047,KMB-C01047,0,True,SIMULATED enrolment,2026-01-01
KMB-L01048,KMB-C01048,0,False,SIMULATED enrolment,2026-01-01
KMB-L01049,KMB-C01049,0,True,SIMULATED enrolment,2026-01-01
KMB-L01050,KMB-C01050,0,True,SIMULATED enrolment,2026-01-01
KMB-L01051,KMB-C01051,0,True,SIMULATED enrolment,2026-01-01
KMB-L01052,KMB-C01052,0,False,SIMULATED enrolment,2026-01-01
KMB-L01053,KMB-C01053,0,True,SIMULATED enrolment,2026-01-01
KMB-L01054,KMB-C01054,0,True,SIMULATED enrolment,2026-01-01
KMB-L01055,KMB-C01055,0,True,SIMULATED enrolment,2026-01-01
KMB-L01056,KMB-C01056,0,False,SIMULATED enrolment,2026-01-01
KMB-L01057,KMB-C01057,0,True,SIMULATED enrolment,2026-01-01
KMB-L01058,KMB-C01058,0,True,SIMULATED enrolment,2026-01-01
KMB-L01059,KMB-C01059,0,True,SIMULATED enrolment,2026-01-01
KMB-L01060,KMB-C01060,0,False,SIMULATED enrolment,2026-01-01
KMB-L01061,KMB-C01061,0,True,SIMULATED enrolment,2026-01-01
KMB-L01062,KMB-C01062,0,True,SIMULATED enrolment,2026-01-01
KMB-L01063,KMB-C01063,0,True,SIMULATED enrolment,2026-01-01
KMB-L01064,KMB-C01064,0,False,SIMULATED enrolment,2026-01-01
KMB-L01065,KMB-C01065,0,True,SIMULATED enrolment,2026-01-01
KMB-L01066,KMB-C01066,0,True,SIMULATED enrolment,2026-01-01
KMB-L01067,KMB-C01067,0,True,SIMULATED enrolment,2026-01-01
KMB-L01068,KMB-C01068,0,False,SIMULATED enrolment,2026-01-01
KMB-L01069,KMB-C01069,0,True,SIMULATED enrolment,2026-01-01
KMB-L01070,KMB-C01070,0,True,SIMULATED enrolment,2026-01-01
KMB-L01071,KMB-C01071,0,True,SIMULATED enrolment,2026-01-01
KMB-L01072,KMB-C01072,0,False,SIMULATED enrolment,2026-01-01
KMB-L01073,KMB-C01073,0,True,SIMULATED enrolment,2026-01-01
KMB-L01074,KMB-C01074,0,True,SIMULATED enrolment,2026-01-01
KMB-L01075,KMB-C01075,0,True,SIMULATED enrolment,2026-01-01
KMB-L01076,KMB-C01076,0,False,SIMULATED enrolment,2026-01-01
KMB-L01077,KMB-C01077,0,True,SIMULATED enrolment,2026-01-01
KMB-L01078,KMB-C01078,0,True,SIMULATED enrolment,2026-01-01
KMB-L01079,KMB-C01079,0,True,SIMULATED enrolment,2026-01-01
KMB-L01080,KMB-C01080,0,False,SIMULATED enrolment,2026-01-01
KMB-L01081,KMB-C01081,0,True,SIMULATED enrolment,2026-01-01
KMB-L01082,KMB-C01082,0,True,SIMULATED enrolment,2026-01-01
KMB-L01083,KMB-C01083,0,True,SIMULATED enrolment,2026-01-01
KMB-L01084,KMB-C01084,0,False,SIMULATED enrolment,2026-01-01
KMB-L01085,KMB-C01085,0,True,SIMULATED enrolment,2026-01-01
KMB-L01086,KMB-C01086,0,True,SIMULATED enrolment,2026-01-01
KMB-L01087,KMB-C01087,0,True,SIMULATED enrolment,2026-01-01
KMB-L01088,KMB-C01088,0,False,SIMULATED enrolment,2026-01-01
KMB-L01089,KMB-C01089,0,True,SIMULATED enrolment,2026-01-01
KMB-L01090,KMB-C01090,0,True,SIMULATED enrolment,2026-01-01
KMB-L01091,KMB-C01091,0,True,SIMULATED enrolment,2026-01-01
KMB-L01092,KMB-C01092,0,False,SIMULATED enrolment,2026-01-01
KMB-L01093,KMB-C01093,0,True,SIMULATED enrolment,2026-01-01
KMB-L01094,KMB-C01094,0,True,SIMULATED enrolment,2026-01-01
KMB-L01095,KMB-C01095,0,True,SIMULATED enrolment,2026-01-01
KMB-L01096,KMB-C01096,0,False,SIMULATED enrolment,2026-01-01
KMB-L01097,KMB-C01097,0,True,SIMULATED enrolment,2026-01-01
KMB-L01098,KMB-C01098,0,True,SIMULATED enrolment,2026-01-01
KMB-L01099,KMB-C01099,0,True,SIMULATED enrolment,2026-01-01
KMB-L01100,KMB-C01100,0,False,SIMULATED enrolment,2026-01-01
KMB-L01101,KMB-C01101,0,True,SIMULATED enrolment,2026-01-01
KMB-L01102,KMB-C01102,0,True,SIMULATED enrolment,2026-01-01
KMB-L01103,KMB-C01103,0,True,SIMULATED enrolment,2026-01-01
KMB-L01104,KMB-C01104,0,False,SIMULATED enrolment,2026-01-01
KMB-L01105,KMB-C01105,0,True,SIMULATED enrolment,2026-01-01
KMB-L01106,KMB-C01106,0,True,SIMULATED enrolment,2026-01-01
KMB-L01107,KMB-C01107,0,True,SIMULATED enrolment,2026-01-01
KMB-L01108,KMB-C01108,0,False,SIMULATED enrolment,2026-01-01
KMB-L01109,KMB-C01109,0,True,SIMULATED enrolment,2026-01-01
KMB-L01110,KMB-C01110,0,True,SIMULATED enrolment,2026-01-01
KMB-L01111,KMB-C01111,0,True,SIMULATED enrolment,2026-01-01
KMB-L01112,KMB-C01112,0,False,SIMULATED enrolment,2026-01-01
KMB-L01113,KMB-C01113,0,True,SIMULATED enrolment,2026-01-01
KMB-L01114,KMB-C01114,0,True,SIMULATED enrolment,2026-01-01
KMB-L01115,KMB-C01115,0,True,SIMULATED enrolment,2026-01-01
KMB-L01116,KMB-C01116,0,False,SIMULATED enrolment,2026-01-01
KMB-L01117,KMB-C01117,0,True,SIMULATED enrolment,2026-01-01
KMB-L01118,KMB-C01118,0,True,SIMULATED enrolment,2026-01-01
KMB-L01119,KMB-C01119,0,True,SIMULATED enrolment,2026-01-01
KMB-L01120,KMB-C01120,0,False,SIMULATED enrolment,2026-01-01
KMB-L01121,KMB-C01121,0,True,SIMULATED enrolment,2026-01-01
KMB-L01122,KMB-C01122,0,True,SIMULATED enrolment,2026-01-01
KMB-L01123,KMB-C01123,0,True,SIMULATED enrolment,2026-01-01
KMB-L01124,KMB-C01124,0,False,SIMULATED enrolment,2026-01-01
KMB-L01125,KMB-C01125,0,True,SIMULATED enrolment,2026-01-01
KMB-L01126,KMB-C01126,0,True,SIMULATED enrolment,2026-01-01
KMB-L01127,KMB-C01127,0,True,SIMULATED enrolment,2026-01-01
KMB-L01128,KMB-C01128,0,False,SIMULATED enrolment,2026-01-01
KMB-L01129,KMB-C01129,0,True,SIMULATED enrolment,2026-01-01
KMB-L01130,KMB-C01130,0,True,SIMULATED enrolment,2026-01-01
KMB-L01131,KMB-C01131,0,True,SIMULATED enrolment,2026-01-01
KMB-L01132,KMB-C01132,0,False,SIMULATED enrolment,2026-01-01
KMB-L01133,KMB-C01133,0,True,SIMULATED enrolment,2026-01-01
KMB-L01134,KMB-C01134,0,True,SIMULATED enrolment,2026-01-01
KMB-L01135,KMB-C01135,0,True,SIMULATED enrolment,2026-01-01
KMB-L01136,KMB-C01136,0,False,SIMULATED enrolment,2026-01-01
KMB-L01137,KMB-C01137,0,True,SIMULATED enrolment,2026-01-01
KMB-L01138,KMB-C01138,0,True,SIMULATED enrolment,2026-01-01
KMB-L01139,KMB-C01139,0,True,SIMULATED enrolment,2026-01-01
KMB-L01140,KMB-C01140,0,False,SIMULATED enrolment,2026-01-01
KMB-L01141,KMB-C01141,0,True,SIMULATED enrolment,2026-01-01
KMB-L01142,KMB-C01142,0,True,SIMULATED enrolment,2026-01-01
KMB-L01143,KMB-C01143,0,True,SIMULATED enrolment,2026-01-01
KMB-L01144,KMB-C01144,0,False,SIMULATED enrolment,2026-01-01
KMB-L01145,KMB-C01145,0,True,SIMULATED enrolment,2026-01-01
KMB-L01146,KMB-C01146,0,True,SIMULATED enrolment,2026-01-01
KMB-L01147,KMB-C01147,0,True,SIMULATED enrolment,2026-01-01
KMB-L01148,KMB-C01148,0,False,SIMULATED enrolment,2026-01-01
KMB-L01149,KMB-C01149,0,True,SIMULATED enrolment,2026-01-01
KMB-L01150,KMB-C01150,0,True,SIMULATED enrolment,2026-01-01
KMB-L01151,KMB-C01151,0,True,SIMULATED enrolment,2026-01-01
KMB-L01152,KMB-C01152,0,False,SIMULATED enrolment,2026-01-01
KMB-L01153,KMB-C01153,0,True,SIMULATED enrolment,2026-01-01
KMB-L01154,KMB-C01154,0,True,SIMULATED enrolment,2026-01-01
KMB-L01155,KMB-C01155,0,True,SIMULATED enrolment,2026-01-01
KMB-L01156,KMB-C01156,0,False,SIMULATED enrolment,2026-01-01
KMB-L01157,KMB-C01157,0,True,SIMULATED enrolment,2026-01-01
KMB-L01158,KMB-C01158,0,True,SIMULATED enrolment,2026-01-01
KMB-L01159,KMB-C01159,0,True,SIMULATED enrolment,2026-01-01
KMB-L01160,KMB-C01160,0,False,SIMULATED enrolment,2026-01-01
KMB-L01161,KMB-C01161,0,True,SIMULATED enrolment,2026-01-01
KMB-L01162,KMB-C01162,0,True,SIMULATED enrolment,2026-01-01
KMB-L01163,KMB-C01163,0,True,SIMULATED enrolment,2026-01-01
KMB-L01164,KMB-C01164,0,False,SIMULATED enrolment,2026-01-01
KMB-L01165,KMB-C01165,0,True,SIMULATED enrolment,2026-01-01
KMB-L01166,KMB-C01166,0,True,SIMULATED enrolment,2026-01-01
KMB-L01167,KMB-C01167,0,True,SIMULATED enrolment,2026-01-01
KMB-L01168,KMB-C01168,0,False,SIMULATED enrolment,2026-01-01
KMB-L01169,KMB-C01169,0,True,SIMULATED enrolment,2026-01-01
KMB-L01170,KMB-C01170,0,True,SIMULATED enrolment,2026-01-01
KMB-L01171,KMB-C01171,0,True,SIMULATED enrolment,2026-01-01
KMB-L01172,KMB-C01172,0,False,SIMULATED enrolment,2026-01-01
KMB-L01173,KMB-C01173,0,True,SIMULATED enrolment,2026-01-01
KMB-L01174,KMB-C01174,0,True,SIMULATED enrolment,2026-01-01
KMB-L01175,KMB-C01175,0,True,SIMULATED enrolment,2026-01-01
KMB-L01176,KMB-C01176,0,False,SIMULATED enrolment,2026-01-01
KMB-L01177,KMB-C01177,0,True,SIMULATED enrolment,2026-01-01
KMB-L01178,KMB-C01178,0,True,SIMULATED enrolment,2026-01-01
KMB-L01179,KMB-C01179,0,True,SIMULATED enrolment,2026-01-01
KMB-L01180,KMB-C01180,0,False,SIMULATED enrolment,2026-01-01
KMB-L01181,KMB-C01181,0,True,SIMULATED enrolment,2026-01-01
KMB-L01182,KMB-C01182,0,True,SIMULATED enrolment,2026-01-01
KMB-L01183,KMB-C01183,0,True,SIMULATED enrolment,2026-01-01
KMB-L01184,KMB-C01184,0,False,SIMULATED enrolment,2026-01-01
KMB-L01185,KMB-C01185,0,True,SIMULATED enrolment,2026-01-01
KMB-L01186,KMB-C01186,0,True,SIMULATED enrolment,2026-01-01
KMB-L01187,KMB-C01187,0,True,SIMULATED enrolment,2026-01-01
KMB-L01188,KMB-C01188,0,False,SIMULATED enrolment,2026-01-01
KMB-L01189,KMB-C01189,0,True,SIMULATED enrolment,2026-01-01
KMB-L01190,KMB-C01190,0,True,SIMULATED enrolment,2026-01-01
KMB-L01191,KMB-C01191,0,True,SIMULATED enrolment,2026-01-01
KMB-L01192,KMB-C01192,0,False,SIMULATED enrolment,2026-01-01
KMB-L01193,KMB-C01193,0,True,SIMULATED enrolment,2026-01-01
KMB-L01194,KMB-C01194,0,True,SIMULATED enrolment,2026-01-01
KMB-L01195,KMB-C01195,0,True,SIMULATED enrolment,2026-01-01
KMB-L01196,KMB-C01196,0,False,SIMULATED enrolment,2026-01-01
KMB-L01197,KMB-C01197,0,True,SIMULATED enrolment,2026-01-01
KMB-L01198,KMB-C01198,0,True,SIMULATED enrolment,2026-01-01
KMB-L01199,KMB-C01199,0,True,SIMULATED enrolment,2026-01-01
KMB-L01200,KMB-C01200,0,False,SIMULATED enrolment,2026-01-01
KMB-L01201,KMB-C01201,0,True,SIMULATED enrolment,2026-01-01
KMB-L01202,KMB-C01202,0,True,SIMULATED enrolment,2026-01-01
KMB-L01203,KMB-C01203,0,True,SIMULATED enrolment,2026-01-01
KMB-L01204,KMB-C01204,0,False,SIMULATED enrolment,2026-01-01
KMB-L01205,KMB-C01205,0,True,SIMULATED enrolment,2026-01-01
KMB-L01206,KMB-C01206,0,True,SIMULATED enrolment,2026-01-01
KMB-L01207,KMB-C01207,0,True,SIMULATED enrolment,2026-01-01
KMB-L01208,KMB-C01208,0,False,SIMULATED enrolment,2026-01-01
KMB-L01209,KMB-C01209,0,True,SIMULATED enrolment,2026-01-01
KMB-L01210,KMB-C01210,0,True,SIMULATED enrolment,2026-01-01
KMB-L01211,KMB-C01211,0,True,SIMULATED enrolment,2026-01-01
KMB-L01212,KMB-C01212,0,False,SIMULATED enrolment,2026-01-01
KMB-L01213,KMB-C01213,0,True,SIMULATED enrolment,2026-01-01
KMB-L01214,KMB-C01214,0,True,SIMULATED enrolment,2026-01-01
KMB-L01215,KMB-C01215,0,True,SIMULATED enrolment,2026-01-01
KMB-L01216,KMB-C01216,0,False,SIMULATED enrolment,2026-01-01
KMB-L01217,KMB-C01217,0,True,SIMULATED enrolment,2026-01-01
KMB-L01218,KMB-C01218,0,True,SIMULATED enrolment,2026-01-01
KMB-L01219,KMB-C01219,0,True,SIMULATED enrolment,2026-01-01
KMB-L01220,KMB-C01220,0,False,SIMULATED enrolment,2026-01-01
KMB-L01221,KMB-C01221,0,True,SIMULATED enrolment,2026-01-01
KMB-L01222,KMB-C01222,0,True,SIMULATED enrolment,2026-01-01
KMB-L01223,KMB-C01223,0,True,SIMULATED enrolment,2026-01-01
KMB-L01224,KMB-C01224,0,False,SIMULATED enrolment,2026-01-01
KMB-L01225,KMB-C01225,0,True,SIMULATED enrolment,2026-01-01
KMB-L01226,KMB-C01226,0,True,SIMULATED enrolment,2026-01-01
KMB-L01227,KMB-C01227,0,True,SIMULATED enrolment,2026-01-01
KMB-L01228,KMB-C01228,0,False,SIMULATED enrolment,2026-01-01
KMB-L01229,KMB-C01229,0,True,SIMULATED enrolment,2026-01-01
KMB-L01230,KMB-C01230,0,True,SIMULATED enrolment,2026-01-01
KMB-L01231,KMB-C01231,0,True,SIMULATED enrolment,2026-01-01
KMB-L01232,KMB-C01232,0,False,SIMULATED enrolment,2026-01-01
KMB-L01233,KMB-C01233,0,True,SIMULATED enrolment,2026-01-01
KMB-L01234,KMB-C01234,0,True,SIMULATED enrolment,2026-01-01
KMB-L01235,KMB-C01235,0,True,SIMULATED enrolment,2026-01-01
KMB-L01236,KMB-C01236,0,False,SIMULATED enrolment,2026-01-01
KMB-L01237,KMB-C01237,0,True,SIMULATED enrolment,2026-01-01
KMB-L01238,KMB-C01238,0,True,SIMULATED enrolment,2026-01-01
KMB-L01239,KMB-C01239,0,True,SIMULATED enrolment,2026-01-01
KMB-L01240,KMB-C01240,0,False,SIMULATED enrolment,2026-01-01
KMB-L01241,KMB-C01241,0,True,SIMULATED enrolment,2026-01-01
KMB-L01242,KMB-C01242,0,True,SIMULATED enrolment,2026-01-01
KMB-L01243,KMB-C01243,0,True,SIMULATED enrolment,2026-01-01
KMB-L01244,KMB-C01244,0,False,SIMULATED enrolment,2026-01-01
KMB-L01245,KMB-C01245,0,True,SIMULATED enrolment,2026-01-01
KMB-L01246,KMB-C01246,0,True,SIMULATED enrolment,2026-01-01
KMB-L01247,KMB-C01247,0,True,SIMULATED enrolment,2026-01-01
KMB-L01248,KMB-C01248,0,False,SIMULATED enrolment,2026-01-01
KMB-L01249,KMB-C01249,0,True,SIMULATED enrolment,2026-01-01
KMB-L01250,KMB-C01250,0,True,SIMULATED enrolment,2026-01-01
KMB-L01251,KMB-C01251,0,True,SIMULATED enrolment,2026-01-01
KMB-L01252,KMB-C01252,0,False,SIMULATED enrolment,2026-01-01
KMB-L01253,KMB-C01253,0,True,SIMULATED enrolment,2026-01-01
KMB-L01254,KMB-C01254,0,True,SIMULATED enrolment,2026-01-01
KMB-L01255,KMB-C01255,0,True,SIMULATED enrolment,2026-01-01
KMB-L01256,KMB-C01256,0,False,SIMULATED enrolment,2026-01-01
KMB-L01257,KMB-C01257,0,True,SIMULATED enrolment,2026-01-01
KMB-L01258,KMB-C01258,0,True,SIMULATED enrolment,2026-01-01
KMB-L01259,KMB-C01259,0,True,SIMULATED enrolment,2026-01-01
KMB-L01260,KMB-C01260,0,False,SIMULATED enrolment,2026-01-01
KMB-L01261,KMB-C01261,0,True,SIMULATED enrolment,2026-01-01
KMB-L01262,KMB-C01262,0,True,SIMULATED enrolment,2026-01-01
KMB-L01263,KMB-C01263,0,True,SIMULATED enrolment,2026-01-01
KMB-L01264,KMB-C01264,0,False,SIMULATED enrolment,2026-01-01
KMB-L01265,KMB-C01265,0,True,SIMULATED enrolment,2026-01-01
KMB-L01266,KMB-C01266,0,True,SIMULATED enrolment,2026-01-01
KMB-L01267,KMB-C01267,0,True,SIMULATED enrolment,2026-01-01
KMB-L01268,KMB-C01268,0,False,SIMULATED enrolment,2026-01-01
KMB-L01269,KMB-C01269,0,True,SIMULATED enrolment,2026-01-01
KMB-L01270,KMB-C01270,0,True,SIMULATED enrolment,2026-01-01
KMB-L01271,KMB-C01271,0,True,SIMULATED enrolment,2026-01-01
KMB-L01272,KMB-C01272,0,False,SIMULATED enrolment,2026-01-01
KMB-L01273,KMB-C01273,0,True,SIMULATED enrolment,2026-01-01
KMB-L01274,KMB-C01274,0,True,SIMULATED enrolment,2026-01-01
KMB-L01275,KMB-C01275,0,True,SIMULATED enrolment,2026-01-01
KMB-L01276,KMB-C01276,0,False,SIMULATED enrolment,2026-01-01
KMB-L01277,KMB-C01277,0,True,SIMULATED enrolment,2026-01-01
KMB-L01278,KMB-C01278,0,True,SIMULATED enrolment,2026-01-01
KMB-L01279,KMB-C01279,0,True,SIMULATED enrolment,2026-01-01
KMB-L01280,KMB-C01280,0,False,SIMULATED enrolment,2026-01-01
KMB-L01281,KMB-C01281,0,True,SIMULATED enrolment,2026-01-01
KMB-L01282,KMB-C01282,0,True,SIMULATED enrolment,2026-01-01
KMB-L01283,KMB-C01283,0,True,SIMULATED enrolment,2026-01-01
KMB-L01284,KMB-C01284,0,False,SIMULATED enrolment,2026-01-01
KMB-L01285,KMB-C01285,0,True,SIMULATED enrolment,2026-01-01
KMB-L01286,KMB-C01286,0,True,SIMULATED enrolment,2026-01-01
KMB-L01287,KMB-C01287,0,True,SIMULATED enrolment,2026-01-01
KMB-L01288,KMB-C01288,0,False,SIMULATED enrolment,2026-01-01
KMB-L01289,KMB-C01289,0,True,SIMULATED enrolment,2026-01-01
KMB-L01290,KMB-C01290,0,True,SIMULATED enrolment,2026-01-01
KMB-L01291,KMB-C01291,0,True,SIMULATED enrolment,2026-01-01
KMB-L01292,KMB-C01292,0,False,SIMULATED enrolment,2026-01-01
KMB-L01293,KMB-C01293,0,True,SIMULATED enrolment,2026-01-01
KMB-L01294,KMB-C01294,0,True,SIMULATED enrolment,2026-01-01
KMB-L01295,KMB-C01295,0,True,SIMULATED enrolment,2026-01-01
KMB-L01296,KMB-C01296,0,False,SIMULATED enrolment,2026-01-01
KMB-L01297,KMB-C01297,0,True,SIMULATED enrolment,2026-01-01
KMB-L01298,KMB-C01298,0,True,SIMULATED enrolment,2026-01-01
KMB-L01299,KMB-C01299,0,True,SIMULATED enrolment,2026-01-01
KMB-L01300,KMB-C01300,0,False,SIMULATED enrolment,2026-01-01
KMB-L01301,KMB-C01301,0,True,SIMULATED enrolment,2026-01-01
KMB-L01302,KMB-C01302,0,True,SIMULATED enrolment,2026-01-01
KMB-L01303,KMB-C01303,0,True,SIMULATED enrolment,2026-01-01
KMB-L01304,KMB-C01304,0,False,SIMULATED enrolment,2026-01-01
KMB-L01305,KMB-C01305,0,True,SIMULATED enrolment,2026-01-01
KMB-L01306,KMB-C01306,0,True,SIMULATED enrolment,2026-01-01
KMB-L01307,KMB-C01307,0,True,SIMULATED enrolment,2026-01-01
KMB-L01308,KMB-C01308,0,False,SIMULATED enrolment,2026-01-01
KMB-L01309,KMB-C01309,0,True,SIMULATED enrolment,2026-01-01
KMB-L01310,KMB-C01310,0,True,SIMULATED enrolment,2026-01-01
KMB-L01311,KMB-C01311,0,True,SIMULATED enrolment,2026-01-01
KMB-L01312,KMB-C01312,0,False,SIMULATED enrolment,2026-01-01
KMB-L01313,KMB-C01313,0,True,SIMULATED enrolment,2026-01-01
KMB-L01314,KMB-C01314,0,True,SIMULATED enrolment,2026-01-01
KMB-L01315,KMB-C01315,0,True,SIMULATED enrolment,2026-01-01
KMB-L01316,KMB-C01316,0,False,SIMULATED enrolment,2026-01-01
KMB-L01317,KMB-C01317,0,True,SIMULATED enrolment,2026-01-01
KMB-L01318,KMB-C01318,0,True,SIMULATED enrolment,2026-01-01
KMB-L01319,KMB-C01319,0,True,SIMULATED enrolment,2026-01-01
KMB-L01320,KMB-C01320,0,False,SIMULATED enrolment,2026-01-01
KMB-L01321,KMB-C01321,0,True,SIMULATED enrolment,2026-01-01
KMB-L01322,KMB-C01322,0,True,SIMULATED enrolment,2026-01-01
KMB-L01323,KMB-C01323,0,True,SIMULATED enrolment,2026-01-01
KMB-L01324,KMB-C01324,0,False,SIMULATED enrolment,2026-01-01
KMB-L01325,KMB-C01325,0,True,SIMULATED enrolment,2026-01-01
KMB-L01326,KMB-C01326,0,True,SIMULATED enrolment,2026-01-01
KMB-L01327,KMB-C01327,0,True,SIMULATED enrolment,2026-01-01
KMB-L01328,KMB-C01328,0,False,SIMULATED enrolment,2026-01-01
KMB-L01329,KMB-C01329,0,True,SIMULATED enrolment,2026-01-01
KMB-L01330,KMB-C01330,0,True,SIMULATED enrolment,2026-01-01
KMB-L01331,KMB-C01331,0,True,SIMULATED enrolment,2026-01-01
KMB-L01332,KMB-C01332,0,False,SIMULATED enrolment,2026-01-01
KMB-L01333,KMB-C01333,0,True,SIMULATED enrolment,2026-01-01
KMB-L01334,KMB-C01334,0,True,SIMULATED enrolment,2026-01-01
KMB-L01335,KMB-C01335,0,True,SIMULATED enrolment,2026-01-01
KMB-L01336,KMB-C01336,0,False,SIMULATED enrolment,2026-01-01
KMB-L01337,KMB-C01337,0,True,SIMULATED enrolment,2026-01-01
KMB-L01338,KMB-C01338,0,True,SIMULATED enrolment,2026-01-01
KMB-L01339,KMB-C01339,0,True,SIMULATED enrolment,2026-01-01
KMB-L01340,KMB-C01340,0,False,SIMULATED enrolment,2026-01-01
KMB-L01341,KMB-C01341,0,True,SIMULATED enrolment,2026-01-01
KMB-L01342,KMB-C01342,0,True,SIMULATED enrolment,2026-01-01
KMB-L01343,KMB-C01343,0,True,SIMULATED enrolment,2026-01-01
KMB-L01344,KMB-C01344,0,False,SIMULATED enrolment,2026-01-01
KMB-L01345,KMB-C01345,0,True,SIMULATED enrolment,2026-01-01
KMB-L01346,KMB-C01346,0,True,SIMULATED enrolment,2026-01-01
KMB-L01347,KMB-C01347,0,True,SIMULATED enrolment,2026-01-01
KMB-L01348,KMB-C01348,0,False,SIMULATED enrolment,2026-01-01
KMB-L01349,KMB-C01349,0,True,SIMULATED enrolment,2026-01-01
KMB-L01350,KMB-C01350,0,True,SIMULATED enrolment,2026-01-01
KMB-L01351,KMB-C01351,0,True,SIMULATED enrolment,2026-01-01
KMB-L01352,KMB-C01352,0,False,SIMULATED enrolment,2026-01-01
KMB-L01353,KMB-C01353,0,True,SIMULATED enrolment,2026-01-01
KMB-L01354,KMB-C01354,0,True,SIMULATED enrolment,2026-01-01
KMB-L01355,KMB-C01355,0,True,SIMULATED enrolment,2026-01-01
KMB-L01356,KMB-C01356,0,False,SIMULATED enrolment,2026-01-01
KMB-L01357,KMB-C01357,0,True,SIMULATED enrolment,2026-01-01
KMB-L01358,KMB-C01358,0,True,SIMULATED enrolment,2026-01-01
KMB-L01359,KMB-C01359,0,True,SIMULATED enrolment,2026-01-01
KMB-L01360,KMB-C01360,0,False,SIMULATED enrolment,2026-01-01
KMB-L01361,KMB-C01361,0,True,SIMULATED enrolment,2026-01-01
KMB-L01362,KMB-C01362,0,True,SIMULATED enrolment,2026-01-01
KMB-L01363,KMB-C01363,0,True,SIMULATED enrolment,2026-01-01
KMB-L01364,KMB-C01364,0,False,SIMULATED enrolment,2026-01-01
KMB-L01365,KMB-C01365,0,True,SIMULATED enrolment,2026-01-01
KMB-L01366,KMB-C01366,0,True,SIMULATED enrolment,2026-01-01
KMB-L01367,KMB-C01367,0,True,SIMULATED enrolment,2026-01-01
KMB-L01368,KMB-C01368,0,False,SIMULATED enrolment,2026-01-01
KMB-L01369,KMB-C01369,0,True,SIMULATED enrolment,2026-01-01
KMB-L01370,KMB-C01370,0,True,SIMULATED enrolment,2026-01-01
KMB-L01371,KMB-C01371,0,True,SIMULATED enrolment,2026-01-01
KMB-L01372,KMB-C01372,0,False,SIMULATED enrolment,2026-01-01
KMB-L01373,KMB-C01373,0,True,SIMULATED enrolment,2026-01-01
KMB-L01374,KMB-C01374,0,True,SIMULATED enrolment,2026-01-01
KMB-L01375,KMB-C01375,0,True,SIMULATED enrolment,2026-01-01
KMB-L01376,KMB-C01376,0,False,SIMULATED enrolment,2026-01-01
KMB-L01377,KMB-C01377,0,True,SIMULATED enrolment,2026-01-01
KMB-L01378,KMB-C01378,0,True,SIMULATED enrolment,2026-01-01
KMB-L01379,KMB-C01379,0,True,SIMULATED enrolment,2026-01-01
KMB-L01380,KMB-C01380,0,False,SIMULATED enrolment,2026-01-01
KMB-L01381,KMB-C01381,0,True,SIMULATED enrolment,2026-01-01
KMB-L01382,KMB-C01382,0,True,SIMULATED enrolment,2026-01-01
KMB-L01383,KMB-C01383,0,True,SIMULATED enrolment,2026-01-01
KMB-L01384,KMB-C01384,0,False,SIMULATED enrolment,2026-01-01
KMB-L01385,KMB-C01385,0,True,SIMULATED enrolment,2026-01-01
KMB-L01386,KMB-C01386,0,True,SIMULATED enrolment,2026-01-01
KMB-L01387,KMB-C01387,0,True,SIMULATED enrolment,2026-01-01
KMB-L01388,KMB-C01388,0,False,SIMULATED enrolment,2026-01-01
KMB-L01389,KMB-C01389,0,True,SIMULATED enrolment,2026-01-01
KMB-L01390,KMB-C01390,0,True,SIMULATED enrolment,2026-01-01
KMB-L01391,KMB-C01391,0,True,SIMULATED enrolment,2026-01-01
KMB-L01392,KMB-C01392,0,False,SIMULATED enrolment,2026-01-01
KMB-L01393,KMB-C01393,0,True,SIMULATED enrolment,2026-01-01
KMB-L01394,KMB-C01394,0,True,SIMULATED enrolment,2026-01-01
KMB-L01395,KMB-C01395,0,True,SIMULATED enrolment,2026-01-01
KMB-L01396,KMB-C01396,0,False,SIMULATED enrolment,2026-01-01
KMB-L01397,KMB-C01397,0,True,SIMULATED enrolment,2026-01-01
KMB-L01398,KMB-C01398,0,True,SIMULATED enrolment,2026-01-01
KMB-L01399,KMB-C01399,0,True,SIMULATED enrolment,2026-01-01
KMB-L01400,KMB-C01400,0,False,SIMULATED enrolment,2026-01-01
KMB-L01401,KMB-C01401,0,True,SIMULATED enrolment,2026-01-01
KMB-L01402,KMB-C01402,0,True,SIMULATED enrolment,2026-01-01
KMB-L01403,KMB-C01403,0,True,SIMULATED enrolment,2026-01-01
KMB-L01404,KMB-C01404,0,False,SIMULATED enrolment,2026-01-01
KMB-L01405,KMB-C01405,0,True,SIMULATED enrolment,2026-01-01
KMB-L01406,KMB-C01406,0,True,SIMULATED enrolment,2026-01-01
KMB-L01407,KMB-C01407,0,True,SIMULATED enrolment,2026-01-01
KMB-L01408,KMB-C01408,0,False,SIMULATED enrolment,2026-01-01
KMB-L01409,KMB-C01409,0,True,SIMULATED enrolment,2026-01-01
KMB-L01410,KMB-C01410,0,True,SIMULATED enrolment,2026-01-01
KMB-L01411,KMB-C01411,0,True,SIMULATED enrolment,2026-01-01
KMB-L01412,KMB-C01412,0,False,SIMULATED enrolment,2026-01-01
KMB-L01413,KMB-C01413,0,True,SIMULATED enrolment,2026-01-01
KMB-L01414,KMB-C01414,0,True,SIMULATED enrolment,2026-01-01
KMB-L01415,KMB-C01415,0,True,SIMULATED enrolment,2026-01-01
KMB-L01416,KMB-C01416,0,False,SIMULATED enrolment,2026-01-01
KMB-L01417,KMB-C01417,0,True,SIMULATED enrolment,2026-01-01
KMB-L01418,KMB-C01418,0,True,SIMULATED enrolment,2026-01-01
KMB-L01419,KMB-C01419,0,True,SIMULATED enrolment,2026-01-01
KMB-L01420,KMB-C01420,0,False,SIMULATED enrolment,2026-01-01
KMB-L01421,KMB-C01421,0,True,SIMULATED enrolment,2026-01-01
KMB-L01422,KMB-C01422,0,True,SIMULATED enrolment,2026-01-01
KMB-L01423,KMB-C01423,0,True,SIMULATED enrolment,2026-01-01
KMB-L01424,KMB-C01424,0,False,SIMULATED enrolment,2026-01-01
KMB-L01425,KMB-C01425,0,True,SIMULATED enrolment,2026-01-01
KMB-L01426,KMB-C01426,0,True,SIMULATED enrolment,2026-01-01
KMB-L01427,KMB-C01427,0,True,SIMULATED enrolment,2026-01-01
KMB-L01428,KMB-C01428,0,False,SIMULATED enrolment,2026-01-01
KMB-L01429,KMB-C01429,0,True,SIMULATED enrolment,2026-01-01
KMB-L01430,KMB-C01430,0,True,SIMULATED enrolment,2026-01-01
KMB-L01431,KMB-C01431,0,True,SIMULATED enrolment,2026-01-01
KMB-L01432,KMB-C01432,0,False,SIMULATED enrolment,2026-01-01
KMB-L01433,KMB-C01433,0,True,SIMULATED enrolment,2026-01-01
KMB-L01434,KMB-C01434,0,True,SIMULATED enrolment,2026-01-01
KMB-L01435,KMB-C01435,0,True,SIMULATED enrolment,2026-01-01
KMB-L01436,KMB-C01436,0,False,SIMULATED enrolment,2026-01-01
KMB-L01437,KMB-C01437,0,True,SIMULATED enrolment,2026-01-01
KMB-L01438,KMB-C01438,0,True,SIMULATED enrolment,2026-01-01
KMB-L01439,KMB-C01439,0,True,SIMULATED enrolment,2026-01-01
KMB-L01440,KMB-C01440,0,False,SIMULATED enrolment,2026-01-01
KMB-L01441,KMB-C01441,0,True,SIMULATED enrolment,2026-01-01
KMB-L01442,KMB-C01442,0,True,SIMULATED enrolment,2026-01-01
KMB-L01443,KMB-C01443,0,True,SIMULATED enrolment,2026-01-01
KMB-L01444,KMB-C01444,0,False,SIMULATED enrolment,2026-01-01
KMB-L01445,KMB-C01445,0,True,SIMULATED enrolment,2026-01-01
KMB-L01446,KMB-C01446,0,True,SIMULATED enrolment,2026-01-01
KMB-L01447,KMB-C01447,0,True,SIMULATED enrolment,2026-01-01
KMB-L01448,KMB-C01448,0,False,SIMULATED enrolment,2026-01-01
KMB-L01449,KMB-C01449,0,True,SIMULATED enrolment,2026-01-01
KMB-L01450,KMB-C01450,0,True,SIMULATED enrolment,2026-01-01
KMB-L01451,KMB-C01451,0,True,SIMULATED enrolment,2026-01-01
KMB-L01452,KMB-C01452,0,False,SIMULATED enrolment,2026-01-01
KMB-L01453,KMB-C01453,0,True,SIMULATED enrolment,2026-01-01
KMB-L01454,KMB-C01454,0,True,SIMULATED enrolment,2026-01-01
KMB-L01455,KMB-C01455,0,True,SIMULATED enrolment,2026-01-01
KMB-L01456,KMB-C01456,0,False,SIMULATED enrolment,2026-01-01
KMB-L01457,KMB-C01457,0,True,SIMULATED enrolment,2026-01-01
KMB-L01458,KMB-C01458,0,True,SIMULATED enrolment,2026-01-01
KMB-L01459,KMB-C01459,0,True,SIMULATED enrolment,2026-01-01
KMB-L01460,KMB-C01460,0,False,SIMULATED enrolment,2026-01-01
KMB-L01461,KMB-C01461,0,True,SIMULATED enrolment,2026-01-01
KMB-L01462,KMB-C01462,0,True,SIMULATED enrolment,2026-01-01
KMB-L01463,KMB-C01463,0,True,SIMULATED enrolment,2026-01-01
KMB-L01464,KMB-C01464,0,False,SIMULATED enrolment,2026-01-01
KMB-L01465,KMB-C01465,0,True,SIMULATED enrolment,2026-01-01
KMB-L01466,KMB-C01466,0,True,SIMULATED enrolment,2026-01-01
KMB-L01467,KMB-C01467,0,True,SIMULATED enrolment,2026-01-01
KMB-L01468,KMB-C01468,0,False,SIMULATED enrolment,2026-01-01
KMB-L01469,KMB-C01469,0,True,SIMULATED enrolment,2026-01-01
KMB-L01470,KMB-C01470,0,True,SIMULATED enrolment,2026-01-01
KMB-L01471,KMB-C01471,0,True,SIMULATED enrolment,2026-01-01
KMB-L01472,KMB-C01472,0,False,SIMULATED enrolment,2026-01-01
KMB-L01473,KMB-C01473,0,True,SIMULATED enrolment,2026-01-01
KMB-L01474,KMB-C01474,0,True,SIMULATED enrolment,2026-01-01
KMB-L01475,KMB-C01475,0,True,SIMULATED enrolment,2026-01-01
KMB-L01476,KMB-C01476,0,False,SIMULATED enrolment,2026-01-01
KMB-L01477,KMB-C01477,0,True,SIMULATED enrolment,2026-01-01
KMB-L01478,KMB-C01478,0,True,SIMULATED enrolment,2026-01-01
KMB-L01479,KMB-C01479,0,True,SIMULATED enrolment,2026-01-01
KMB-L01480,KMB-C01480,0,False,SIMULATED enrolment,2026-01-01
KMB-L01481,KMB-C01481,0,True,SIMULATED enrolment,2026-01-01
KMB-L01482,KMB-C01482,0,True,SIMULATED enrolment,2026-01-01
KMB-L01483,KMB-C01483,0,True,SIMULATED enrolment,2026-01-01
KMB-L01484,KMB-C01484,0,False,SIMULATED enrolment,2026-01-01
KMB-L01485,KMB-C01485,0,True,SIMULATED enrolment,2026-01-01
KMB-L01486,KMB-C01486,0,True,SIMULATED enrolment,2026-01-01
KMB-L01487,KMB-C01487,0,True,SIMULATED enrolment,2026-01-01
KMB-L01488,KMB-C01488,0,False,SIMULATED enrolment,2026-01-01
KMB-L01489,KMB-C01489,0,True,SIMULATED enrolment,2026-01-01
KMB-L01490,KMB-C01490,0,True,SIMULATED enrolment,2026-01-01
KMB-L01491,KMB-C01491,0,True,SIMULATED enrolment,2026-01-01
KMB-L01492,KMB-C01492,0,False,SIMULATED enrolment,2026-01-01
KMB-L01493,KMB-C01493,0,True,SIMULATED enrolment,2026-01-01
KMB-L01494,KMB-C01494,0,True,SIMULATED enrolment,2026-01-01
KMB-L01495,KMB-C01495,0,True,SIMULATED enrolment,2026-01-01
KMB-L01496,KMB-C01496,0,False,SIMULATED enrolment,2026-01-01
KMB-L01497,KMB-C01497,0,True,SIMULATED enrolment,2026-01-01
KMB-L01498,KMB-C01498,0,True,SIMULATED enrolment,2026-01-01
KMB-L01499,KMB-C01499,0,True,SIMULATED enrolment,2026-01-01
KMB-L01500,KMB-C01500,0,False,SIMULATED enrolment,2026-01-01
KMB-L01501,KMB-C01501,0,True,SIMULATED enrolment,2026-01-01
KMB-L01502,KMB-C01502,0,True,SIMULATED enrolment,2026-01-01
KMB-L01503,KMB-C01503,0,True,SIMULATED enrolment,2026-01-01
KMB-L01504,KMB-C01504,0,False,SIMULATED enrolment,2026-01-01
KMB-L01505,KMB-C01505,0,True,SIMULATED enrolment,2026-01-01
KMB-L01506,KMB-C01506,0,True,SIMULATED enrolment,2026-01-01
KMB-L01507,KMB-C01507,0,True,SIMULATED enrolment,2026-01-01
KMB-L01508,KMB-C01508,0,False,SIMULATED enrolment,2026-01-01
KMB-L01509,KMB-C01509,0,True,SIMULATED enrolment,2026-01-01
KMB-L01510,KMB-C01510,0,True,SIMULATED enrolment,2026-01-01
KMB-L01511,KMB-C01511,0,True,SIMULATED enrolment,2026-01-01
KMB-L01512,KMB-C01512,0,False,SIMULATED enrolment,2026-01-01
KMB-L01513,KMB-C01513,0,True,SIMULATED enrolment,2026-01-01
KMB-L01514,KMB-C01514,0,True,SIMULATED enrolment,2026-01-01
KMB-L01515,KMB-C01515,0,True,SIMULATED enrolment,2026-01-01
KMB-L01516,KMB-C01516,0,False,SIMULATED enrolment,2026-01-01
KMB-L01517,KMB-C01517,0,True,SIMULATED enrolment,2026-01-01
KMB-L01518,KMB-C01518,0,True,SIMULATED enrolment,2026-01-01
KMB-L01519,KMB-C01519,0,True,SIMULATED enrolment,2026-01-01
KMB-L01520,KMB-C01520,0,False,SIMULATED enrolment,2026-01-01
KMB-L01521,KMB-C01521,0,True,SIMULATED enrolment,2026-01-01
KMB-L01522,KMB-C01522,0,True,SIMULATED enrolment,2026-01-01
KMB-L01523,KMB-C01523,0,True,SIMULATED enrolment,2026-01-01
KMB-L01524,KMB-C01524,0,False,SIMULATED enrolment,2026-01-01
KMB-L01525,KMB-C01525,0,True,SIMULATED enrolment,2026-01-01
KMB-L01526,KMB-C01526,0,True,SIMULATED enrolment,2026-01-01
KMB-L01527,KMB-C01527,0,True,SIMULATED enrolment,2026-01-01
KMB-L01528,KMB-C01528,0,False,SIMULATED enrolment,2026-01-01
KMB-L01529,KMB-C01529,0,True,SIMULATED enrolment,2026-01-01
KMB-L01530,KMB-C01530,0,True,SIMULATED enrolment,2026-01-01
KMB-L01531,KMB-C01531,0,True,SIMULATED enrolment,2026-01-01
KMB-L01532,KMB-C01532,0,False,SIMULATED enrolment,2026-01-01
KMB-L01533,KMB-C01533,0,True,SIMULATED enrolment,2026-01-01
KMB-L01534,KMB-C01534,0,True,SIMULATED enrolment,2026-01-01
KMB-L01535,KMB-C01535,0,True,SIMULATED enrolment,2026-01-01
KMB-L01536,KMB-C01536,0,False,SIMULATED enrolment,2026-01-01
KMB-L01537,KMB-C01537,0,True,SIMULATED enrolment,2026-01-01
KMB-L01538,KMB-C01538,0,True,SIMULATED enrolment,2026-01-01
KMB-L01539,KMB-C01539,0,True,SIMULATED enrolment,2026-01-01
KMB-L01540,KMB-C01540,0,False,SIMULATED enrolment,2026-01-01
KMB-L01541,KMB-C01541,0,True,SIMULATED enrolment,2026-01-01
KMB-L01542,KMB-C01542,0,True,SIMULATED enrolment,2026-01-01
KMB-L01543,KMB-C01543,0,True,SIMULATED enrolment,2026-01-01
KMB-L01544,KMB-C01544,0,False,SIMULATED enrolment,2026-01-01
KMB-L01545,KMB-C01545,0,True,SIMULATED enrolment,2026-01-01
KMB-L01546,KMB-C01546,0,True,SIMULATED enrolment,2026-01-01
KMB-L01547,KMB-C01547,0,True,SIMULATED enrolment,2026-01-01
KMB-L01548,KMB-C01548,0,False,SIMULATED enrolment,2026-01-01
KMB-L01549,KMB-C01549,0,True,SIMULATED enrolment,2026-01-01
KMB-L01550,KMB-C01550,0,True,SIMULATED enrolment,2026-01-01
KMB-L01551,KMB-C01551,0,True,SIMULATED enrolment,2026-01-01
KMB-L01552,KMB-C01552,0,False,SIMULATED enrolment,2026-01-01
KMB-L01553,KMB-C01553,0,True,SIMULATED enrolment,2026-01-01
KMB-L01554,KMB-C01554,0,True,SIMULATED enrolment,2026-01-01
KMB-L01555,KMB-C01555,0,True,SIMULATED enrolment,2026-01-01
KMB-L01556,KMB-C01556,0,False,SIMULATED enrolment,2026-01-01
KMB-L01557,KMB-C01557,0,True,SIMULATED enrolment,2026-01-01
KMB-L01558,KMB-C01558,0,True,SIMULATED enrolment,2026-01-01
KMB-L01559,KMB-C01559,0,True,SIMULATED enrolment,2026-01-01
KMB-L01560,KMB-C01560,0,False,SIMULATED enrolment,2026-01-01
KMB-L01561,KMB-C01561,0,True,SIMULATED enrolment,2026-01-01
KMB-L01562,KMB-C01562,0,True,SIMULATED enrolment,2026-01-01
KMB-L01563,KMB-C01563,0,True,SIMULATED enrolment,2026-01-01
KMB-L01564,KMB-C01564,0,False,SIMULATED enrolment,2026-01-01
KMB-L01565,KMB-C01565,0,True,SIMULATED enrolment,2026-01-01
KMB-L01566,KMB-C01566,0,True,SIMULATED enrolment,2026-01-01
KMB-L01567,KMB-C01567,0,True,SIMULATED enrolment,2026-01-01
KMB-L01568,KMB-C01568,0,False,SIMULATED enrolment,2026-01-01
KMB-L01569,KMB-C01569,0,True,SIMULATED enrolment,2026-01-01
KMB-L01570,KMB-C01570,0,True,SIMULATED enrolment,2026-01-01
KMB-L01571,KMB-C01571,0,True,SIMULATED enrolment,2026-01-01
KMB-L01572,KMB-C01572,0,False,SIMULATED enrolment,2026-01-01
KMB-L01573,KMB-C01573,0,True,SIMULATED enrolment,2026-01-01
KMB-L01574,KMB-C01574,0,True,SIMULATED enrolment,2026-01-01
KMB-L01575,KMB-C01575,0,True,SIMULATED enrolment,2026-01-01
KMB-L01576,KMB-C01576,0,False,SIMULATED enrolment,2026-01-01
KMB-L01577,KMB-C01577,0,True,SIMULATED enrolment,2026-01-01
KMB-L01578,KMB-C01578,0,True,SIMULATED enrolment,2026-01-01
KMB-L01579,KMB-C01579,0,True,SIMULATED enrolment,2026-01-01
KMB-L01580,KMB-C01580,0,False,SIMULATED enrolment,2026-01-01
KMB-L01581,KMB-C01581,0,True,SIMULATED enrolment,2026-01-01
KMB-L01582,KMB-C01582,0,True,SIMULATED enrolment,2026-01-01
KMB-L01583,KMB-C01583,0,True,SIMULATED enrolment,2026-01-01
KMB-L01584,KMB-C01584,0,False,SIMULATED enrolment,2026-01-01
KMB-L01585,KMB-C01585,0,True,SIMULATED enrolment,2026-01-01
KMB-L01586,KMB-C01586,0,True,SIMULATED enrolment,2026-01-01
KMB-L01587,KMB-C01587,0,True,SIMULATED enrolment,2026-01-01
KMB-L01588,KMB-C01588,0,False,SIMULATED enrolment,2026-01-01
KMB-L01589,KMB-C01589,0,True,SIMULATED enrolment,2026-01-01
KMB-L01590,KMB-C01590,0,True,SIMULATED enrolment,2026-01-01
KMB-L01591,KMB-C01591,0,True,SIMULATED enrolment,2026-01-01
KMB-L01592,KMB-C01592,0,False,SIMULATED enrolment,2026-01-01
KMB-L01593,KMB-C01593,0,True,SIMULATED enrolment,2026-01-01
KMB-L01594,KMB-C01594,0,True,SIMULATED enrolment,2026-01-01
KMB-L01595,KMB-C01595,0,True,SIMULATED enrolment,2026-01-01
KMB-L01596,KMB-C01596,0,False,SIMULATED enrolment,2026-01-01
KMB-L01597,KMB-C01597,0,True,SIMULATED enrolment,2026-01-01
KMB-L01598,KMB-C01598,0,True,SIMULATED enrolment,2026-01-01
KMB-L01599,KMB-C01599,0,True,SIMULATED enrolment,2026-01-01
KMB-L01600,KMB-C01600,0,False,SIMULATED enrolment,2026-01-01
KMB-L01601,KMB-C01601,0,True,SIMULATED enrolment,2026-01-01
KMB-L01602,KMB-C01602,0,True,SIMULATED enrolment,2026-01-01
KMB-L01603,KMB-C01603,0,True,SIMULATED enrolment,2026-01-01
KMB-L01604,KMB-C01604,0,False,SIMULATED enrolment,2026-01-01
KMB-L01605,KMB-C01605,0,True,SIMULATED enrolment,2026-01-01
KMB-L01606,KMB-C01606,0,True,SIMULATED enrolment,2026-01-01
KMB-L01607,KMB-C01607,0,True,SIMULATED enrolment,2026-01-01
KMB-L01608,KMB-C01608,0,False,SIMULATED enrolment,2026-01-01
KMB-L01609,KMB-C01609,0,True,SIMULATED enrolment,2026-01-01
KMB-L01610,KMB-C01610,0,True,SIMULATED enrolment,2026-01-01
KMB-L01611,KMB-C01611,0,True,SIMULATED enrolment,2026-01-01
KMB-L01612,KMB-C01612,0,False,SIMULATED enrolment,2026-01-01
KMB-L01613,KMB-C01613,0,True,SIMULATED enrolment,2026-01-01
KMB-L01614,KMB-C01614,0,True,SIMULATED enrolment,2026-01-01
KMB-L01615,KMB-C01615,0,True,SIMULATED enrolment,2026-01-01
KMB-L01616,KMB-C01616,0,False,SIMULATED enrolment,2026-01-01
KMB-L01617,KMB-C01617,0,True,SIMULATED enrolment,2026-01-01
KMB-L01618,KMB-C01618,0,True,SIMULATED enrolment,2026-01-01
KMB-L01619,KMB-C01619,0,True,SIMULATED enrolment,2026-01-01
KMB-L01620,KMB-C01620,0,False,SIMULATED enrolment,2026-01-01
KMB-L01621,KMB-C01621,0,True,SIMULATED enrolment,2026-01-01
KMB-L01622,KMB-C01622,0,True,SIMULATED enrolment,2026-01-01
KMB-L01623,KMB-C01623,0,True,SIMULATED enrolment,2026-01-01
KMB-L01624,KMB-C01624,0,False,SIMULATED enrolment,2026-01-01
KMB-L01625,KMB-C01625,0,True,SIMULATED enrolment,2026-01-01
KMB-L01626,KMB-C01626,0,True,SIMULATED enrolment,2026-01-01
KMB-L01627,KMB-C01627,0,True,SIMULATED enrolment,2026-01-01
KMB-L01628,KMB-C01628,0,False,SIMULATED enrolment,2026-01-01
KMB-L01629,KMB-C01629,0,True,SIMULATED enrolment,2026-01-01
KMB-L01630,KMB-C01630,0,True,SIMULATED enrolment,2026-01-01
KMB-L01631,KMB-C01631,0,True,SIMULATED enrolment,2026-01-01
KMB-L01632,KMB-C01632,0,False,SIMULATED enrolment,2026-01-01
KMB-L01633,KMB-C01633,0,True,SIMULATED enrolment,2026-01-01
KMB-L01634,KMB-C01634,0,True,SIMULATED enrolment,2026-01-01
KMB-L01635,KMB-C01635,0,True,SIMULATED enrolment,2026-01-01
KMB-L01636,KMB-C01636,0,False,SIMULATED enrolment,2026-01-01
KMB-L01637,KMB-C01637,0,True,SIMULATED enrolment,2026-01-01
KMB-L01638,KMB-C01638,0,True,SIMULATED enrolment,2026-01-01
KMB-L01639,KMB-C01639,0,True,SIMULATED enrolment,2026-01-01
KMB-L01640,KMB-C01640,0,False,SIMULATED enrolment,2026-01-01
KMB-L01641,KMB-C01641,0,True,SIMULATED enrolment,2026-01-01
KMB-L01642,KMB-C01642,0,True,SIMULATED enrolment,2026-01-01
KMB-L01643,KMB-C01643,0,True,SIMULATED enrolment,2026-01-01
KMB-L01644,KMB-C01644,0,False,SIMULATED enrolment,2026-01-01
KMB-L01645,KMB-C01645,0,True,SIMULATED enrolment,2026-01-01
KMB-L01646,KMB-C01646,0,True,SIMULATED enrolment,2026-01-01
KMB-L01647,KMB-C01647,0,True,SIMULATED enrolment,2026-01-01
KMB-L01648,KMB-C01648,0,False,SIMULATED enrolment,2026-01-01
KMB-L01649,KMB-C01649,0,True,SIMULATED enrolment,2026-01-01
KMB-L01650,KMB-C01650,0,True,SIMULATED enrolment,2026-01-01
KMB-L01651,KMB-C01651,0,True,SIMULATED enrolment,2026-01-01
KMB-L01652,KMB-C01652,0,False,SIMULATED enrolment,2026-01-01
KMB-L01653,KMB-C01653,0,True,SIMULATED enrolment,2026-01-01
KMB-L01654,KMB-C01654,0,True,SIMULATED enrolment,2026-01-01
KMB-L01655,KMB-C01655,0,True,SIMULATED enrolment,2026-01-01
KMB-L01656,KMB-C01656,0,False,SIMULATED enrolment,2026-01-01
KMB-L01657,KMB-C01657,0,True,SIMULATED enrolment,2026-01-01
KMB-L01658,KMB-C01658,0,True,SIMULATED enrolment,2026-01-01
KMB-L01659,KMB-C01659,0,True,SIMULATED enrolment,2026-01-01
KMB-L01660,KMB-C01660,0,False,SIMULATED enrolment,2026-01-01
KMB-L01661,KMB-C01661,0,True,SIMULATED enrolment,2026-01-01
KMB-L01662,KMB-C01662,0,True,SIMULATED enrolment,2026-01-01
KMB-L01663,KMB-C01663,0,True,SIMULATED enrolment,2026-01-01
KMB-L01664,KMB-C01664,0,False,SIMULATED enrolment,2026-01-01
KMB-L01665,KMB-C01665,0,True,SIMULATED enrolment,2026-01-01
KMB-L01666,KMB-C01666,0,True,SIMULATED enrolment,2026-01-01
KMB-L01667,KMB-C01667,0,True,SIMULATED enrolment,2026-01-01
KMB-L01668,KMB-C01668,0,False,SIMULATED enrolment,2026-01-01
KMB-L01669,KMB-C01669,0,True,SIMULATED enrolment,2026-01-01
KMB-L01670,KMB-C01670,0,True,SIMULATED enrolment,2026-01-01
KMB-L01671,KMB-C01671,0,True,SIMULATED enrolment,2026-01-01
KMB-L01672,KMB-C01672,0,False,SIMULATED enrolment,2026-01-01
KMB-L01673,KMB-C01673,0,True,SIMULATED enrolment,2026-01-01
KMB-L01674,KMB-C01674,0,True,SIMULATED enrolment,2026-01-01
KMB-L01675,KMB-C01675,0,True,SIMULATED enrolment,2026-01-01
KMB-L01676,KMB-C01676,0,False,SIMULATED enrolment,2026-01-01
KMB-L01677,KMB-C01677,0,True,SIMULATED enrolment,2026-01-01
KMB-L01678,KMB-C01678,0,True,SIMULATED enrolment,2026-01-01
KMB-L01679,KMB-C01679,0,True,SIMULATED enrolment,2026-01-01
KMB-L01680,KMB-C01680,0,False,SIMULATED enrolment,2026-01-01
KMB-L01681,KMB-C01681,0,True,SIMULATED enrolment,2026-01-01
KMB-L01682,KMB-C01682,0,True,SIMULATED enrolment,2026-01-01
KMB-L01683,KMB-C01683,0,True,SIMULATED enrolment,2026-01-01
KMB-L01684,KMB-C01684,0,False,SIMULATED enrolment,2026-01-01
KMB-L01685,KMB-C01685,0,True,SIMULATED enrolment,2026-01-01
KMB-L01686,KMB-C01686,0,True,SIMULATED enrolment,2026-01-01
KMB-L01687,KMB-C01687,0,True,SIMULATED enrolment,2026-01-01
KMB-L01688,KMB-C01688,0,False,SIMULATED enrolment,2026-01-01
KMB-L01689,KMB-C01689,0,True,SIMULATED enrolment,2026-01-01
KMB-L01690,KMB-C01690,0,True,SIMULATED enrolment,2026-01-01
KMB-L01691,KMB-C01691,0,True,SIMULATED enrolment,2026-01-01
KMB-L01692,KMB-C01692,0,False,SIMULATED enrolment,2026-01-01
KMB-L01693,KMB-C01693,0,True,SIMULATED enrolment,2026-01-01
KMB-L01694,KMB-C01694,0,True,SIMULATED enrolment,2026-01-01
KMB-L01695,KMB-C01695,0,True,SIMULATED enrolment,2026-01-01
KMB-L01696,KMB-C01696,0,False,SIMULATED enrolment,2026-01-01
KMB-L01697,KMB-C01697,0,True,SIMULATED enrolment,2026-01-01
KMB-L01698,KMB-C01698,0,True,SIMULATED enrolment,2026-01-01
KMB-L01699,KMB-C01699,0,True,SIMULATED enrolment,2026-01-01
KMB-L01700,KMB-C01700,0,False,SIMULATED enrolment,2026-01-01
KMB-L01701,KMB-C01701,0,True,SIMULATED enrolment,2026-01-01
KMB-L01702,KMB-C01702,0,True,SIMULATED enrolment,2026-01-01
KMB-L01703,KMB-C01703,0,True,SIMULATED enrolment,2026-01-01
KMB-L01704,KMB-C01704,0,False,SIMULATED enrolment,2026-01-01
KMB-L01705,KMB-C01705,0,True,SIMULATED enrolment,2026-01-01
KMB-L01706,KMB-C01706,0,True,SIMULATED enrolment,2026-01-01
KMB-L01707,KMB-C01707,0,True,SIMULATED enrolment,2026-01-01
KMB-L01708,KMB-C01708,0,False,SIMULATED enrolment,2026-01-01
KMB-L01709,KMB-C01709,0,True,SIMULATED enrolment,2026-01-01
KMB-L01710,KMB-C01710,0,True,SIMULATED enrolment,2026-01-01
KMB-L01711,KMB-C01711,0,True,SIMULATED enrolment,2026-01-01
KMB-L01712,KMB-C01712,0,False,SIMULATED enrolment,2026-01-01
KMB-L01713,KMB-C01713,0,True,SIMULATED enrolment,2026-01-01
KMB-L01714,KMB-C01714,0,True,SIMULATED enrolment,2026-01-01
KMB-L01715,KMB-C01715,0,True,SIMULATED enrolment,2026-01-01
KMB-L01716,KMB-C01716,0,False,SIMULATED enrolment,2026-01-01
KMB-L01717,KMB-C01717,0,True,SIMULATED enrolment,2026-01-01
KMB-L01718,KMB-C01718,0,True,SIMULATED enrolment,2026-01-01
KMB-L01719,KMB-C01719,0,True,SIMULATED enrolment,2026-01-01
KMB-L01720,KMB-C01720,0,False,SIMULATED enrolment,2026-01-01
KMB-L01721,KMB-C01721,0,True,SIMULATED enrolment,2026-01-01
KMB-L01722,KMB-C01722,0,True,SIMULATED enrolment,2026-01-01
KMB-L01723,KMB-C01723,0,True,SIMULATED enrolment,2026-01-01
KMB-L01724,KMB-C01724,0,False,SIMULATED enrolment,2026-01-01
KMB-L01725,KMB-C01725,0,True,SIMULATED enrolment,2026-01-01
KMB-L01726,KMB-C01726,0,True,SIMULATED enrolment,2026-01-01
KMB-L01727,KMB-C01727,0,True,SIMULATED enrolment,2026-01-01
KMB-L01728,KMB-C01728,0,False,SIMULATED enrolment,2026-01-01
KMB-L01729,KMB-C01729,0,True,SIMULATED enrolment,2026-01-01
KMB-L01730,KMB-C01730,0,True,SIMULATED enrolment,2026-01-01
KMB-L01731,KMB-C01731,0,True,SIMULATED enrolment,2026-01-01
KMB-L01732,KMB-C01732,0,False,SIMULATED enrolment,2026-01-01
KMB-L01733,KMB-C01733,0,True,SIMULATED enrolment,2026-01-01
KMB-L01734,KMB-C01734,0,True,SIMULATED enrolment,2026-01-01
KMB-L01735,KMB-C01735,0,True,SIMULATED enrolment,2026-01-01
KMB-L01736,KMB-C01736,0,False,SIMULATED enrolment,2026-01-01
KMB-L01737,KMB-C01737,0,True,SIMULATED enrolment,2026-01-01
KMB-L01738,KMB-C01738,0,True,SIMULATED enrolment,2026-01-01
KMB-L01739,KMB-C01739,0,True,SIMULATED enrolment,2026-01-01
KMB-L01740,KMB-C01740,0,False,SIMULATED enrolment,2026-01-01
KMB-L01741,KMB-C01741,0,True,SIMULATED enrolment,2026-01-01
KMB-L01742,KMB-C01742,0,True,SIMULATED enrolment,2026-01-01
KMB-L01743,KMB-C01743,0,True,SIMULATED enrolment,2026-01-01
KMB-L01744,KMB-C01744,0,False,SIMULATED enrolment,2026-01-01
KMB-L01745,KMB-C01745,0,True,SIMULATED enrolment,2026-01-01
KMB-L01746,KMB-C01746,0,True,SIMULATED enrolment,2026-01-01
KMB-L01747,KMB-C01747,0,True,SIMULATED enrolment,2026-01-01
KMB-L01748,KMB-C01748,0,False,SIMULATED enrolment,2026-01-01
KMB-L01749,KMB-C01749,0,True,SIMULATED enrolment,2026-01-01
KMB-L01750,KMB-C01750,0,True,SIMULATED enrolment,2026-01-01
KMB-L01751,KMB-C01751,0,True,SIMULATED enrolment,2026-01-01
KMB-L01752,KMB-C01752,0,False,SIMULATED enrolment,2026-01-01
KMB-L01753,KMB-C01753,0,True,SIMULATED enrolment,2026-01-01
KMB-L01754,KMB-C01754,0,True,SIMULATED enrolment,2026-01-01
KMB-L01755,KMB-C01755,0,True,SIMULATED enrolment,2026-01-01
KMB-L01756,KMB-C01756,0,False,SIMULATED enrolment,2026-01-01
KMB-L01757,KMB-C01757,0,True,SIMULATED enrolment,2026-01-01
KMB-L01758,KMB-C01758,0,True,SIMULATED enrolment,2026-01-01
KMB-L01759,KMB-C01759,0,True,SIMULATED enrolment,2026-01-01
KMB-L01760,KMB-C01760,0,False,SIMULATED enrolment,2026-01-01
KMB-L01761,KMB-C01761,0,True,SIMULATED enrolment,2026-01-01
KMB-L01762,KMB-C01762,0,True,SIMULATED enrolment,2026-01-01
KMB-L01763,KMB-C01763,0,True,SIMULATED enrolment,2026-01-01
KMB-L01764,KMB-C01764,0,False,SIMULATED enrolment,2026-01-01
KMB-L01765,KMB-C01765,0,True,SIMULATED enrolment,2026-01-01
KMB-L01766,KMB-C01766,0,True,SIMULATED enrolment,2026-01-01
KMB-L01767,KMB-C01767,0,True,SIMULATED enrolment,2026-01-01
KMB-L01768,KMB-C01768,0,False,SIMULATED enrolment,2026-01-01
KMB-L01769,KMB-C01769,0,True,SIMULATED enrolment,2026-01-01
KMB-L01770,KMB-C01770,0,True,SIMULATED enrolment,2026-01-01
KMB-L01771,KMB-C01771,0,True,SIMULATED enrolment,2026-01-01
KMB-L01772,KMB-C01772,0,False,SIMULATED enrolment,2026-01-01
KMB-L01773,KMB-C01773,0,True,SIMULATED enrolment,2026-01-01
KMB-L01774,KMB-C01774,0,True,SIMULATED enrolment,2026-01-01
KMB-L01775,KMB-C01775,0,True,SIMULATED enrolment,2026-01-01
KMB-L01776,KMB-C01776,0,False,SIMULATED enrolment,2026-01-01
KMB-L01777,KMB-C01777,0,True,SIMULATED enrolment,2026-01-01
KMB-L01778,KMB-C01778,0,True,SIMULATED enrolment,2026-01-01
KMB-L01779,KMB-C01779,0,True,SIMULATED enrolment,2026-01-01
KMB-L01780,KMB-C01780,0,False,SIMULATED enrolment,2026-01-01
KMB-L01781,KMB-C01781,0,True,SIMULATED enrolment,2026-01-01
KMB-L01782,KMB-C01782,0,True,SIMULATED enrolment,2026-01-01
KMB-L01783,KMB-C01783,0,True,SIMULATED enrolment,2026-01-01
KMB-L01784,KMB-C01784,0,False,SIMULATED enrolment,2026-01-01
KMB-L01785,KMB-C01785,0,True,SIMULATED enrolment,2026-01-01
KMB-L01786,KMB-C01786,0,True,SIMULATED enrolment,2026-01-01
KMB-L01787,KMB-C01787,0,True,SIMULATED enrolment,2026-01-01
KMB-L01788,KMB-C01788,0,False,SIMULATED enrolment,2026-01-01
KMB-L01789,KMB-C01789,0,True,SIMULATED enrolment,2026-01-01
KMB-L01790,KMB-C01790,0,True,SIMULATED enrolment,2026-01-01
KMB-L01791,KMB-C01791,0,True,SIMULATED enrolment,2026-01-01
KMB-L01792,KMB-C01792,0,False,SIMULATED enrolment,2026-01-01
KMB-L01793,KMB-C01793,0,True,SIMULATED enrolment,2026-01-01
KMB-L01794,KMB-C01794,0,True,SIMULATED enrolment,2026-01-01
KMB-L01795,KMB-C01795,0,True,SIMULATED enrolment,2026-01-01
KMB-L01796,KMB-C01796,0,False,SIMULATED enrolment,2026-01-01
KMB-L01797,KMB-C01797,0,True,SIMULATED enrolment,2026-01-01
KMB-L01798,KMB-C01798,0,True,SIMULATED enrolment,2026-01-01
KMB-L01799,KMB-C01799,0,True,SIMULATED enrolment,2026-01-01
KMB-L01800,KMB-C01800,0,False,SIMULATED enrolment,2026-01-01
KMB-L01801,KMB-C01801,0,True,SIMULATED enrolment,2026-01-01
KMB-L01802,KMB-C01802,0,True,SIMULATED enrolment,2026-01-01
KMB-L01803,KMB-C01803,0,True,SIMULATED enrolment,2026-01-01
KMB-L01804,KMB-C01804,0,False,SIMULATED enrolment,2026-01-01
KMB-L01805,KMB-C01805,0,True,SIMULATED enrolment,2026-01-01
KMB-L01806,KMB-C01806,0,True,SIMULATED enrolment,2026-01-01
KMB-L01807,KMB-C01807,0,True,SIMULATED enrolment,2026-01-01
KMB-L01808,KMB-C01808,0,False,SIMULATED enrolment,2026-01-01
KMB-L01809,KMB-C01809,0,True,SIMULATED enrolment,2026-01-01
KMB-L01810,KMB-C01810,0,True,SIMULATED enrolment,2026-01-01
KMB-L01811,KMB-C01811,0,True,SIMULATED enrolment,2026-01-01
KMB-L01812,KMB-C01812,0,False,SIMULATED enrolment,2026-01-01
KMB-L01813,KMB-C01813,0,True,SIMULATED enrolment,2026-01-01
KMB-L01814,KMB-C01814,0,True,SIMULATED enrolment,2026-01-01
KMB-L01815,KMB-C01815,0,True,SIMULATED enrolment,2026-01-01
KMB-L01816,KMB-C01816,0,False,SIMULATED enrolment,2026-01-01
KMB-L01817,KMB-C01817,0,True,SIMULATED enrolment,2026-01-01
KMB-L01818,KMB-C01818,0,True,SIMULATED enrolment,2026-01-01
KMB-L01819,KMB-C01819,0,True,SIMULATED enrolment,2026-01-01
KMB-L01820,KMB-C01820,0,False,SIMULATED enrolment,2026-01-01
KMB-L01821,KMB-C01821,0,True,SIMULATED enrolment,2026-01-01
KMB-L01822,KMB-C01822,0,True,SIMULATED enrolment,2026-01-01
KMB-L01823,KMB-C01823,0,True,SIMULATED enrolment,2026-01-01
KMB-L01824,KMB-C01824,0,False,SIMULATED enrolment,2026-01-01
KMB-L01825,KMB-C01825,0,True,SIMULATED enrolment,2026-01-01
KMB-L01826,KMB-C01826,0,True,SIMULATED enrolment,2026-01-01
KMB-L01827,KMB-C01827,0,True,SIMULATED enrolment,2026-01-01
KMB-L01828,KMB-C01828,0,False,SIMULATED enrolment,2026-01-01
KMB-L01829,KMB-C01829,0,True,SIMULATED enrolment,2026-01-01
KMB-L01830,KMB-C01830,0,True,SIMULATED enrolment,2026-01-01
KMB-L01831,KMB-C01831,0,True,SIMULATED enrolment,2026-01-01
KMB-L01832,KMB-C01832,0,False,SIMULATED enrolment,2026-01-01
KMB-L01833,KMB-C01833,0,True,SIMULATED enrolment,2026-01-01
KMB-L01834,KMB-C01834,0,True,SIMULATED enrolment,2026-01-01
KMB-L01835,KMB-C01835,0,True,SIMULATED enrolment,2026-01-01
KMB-L01836,KMB-C01836,0,False,SIMULATED enrolment,2026-01-01
KMB-L01837,KMB-C01837,0,True,SIMULATED enrolment,2026-01-01
KMB-L01838,KMB-C01838,0,True,SIMULATED enrolment,2026-01-01
KMB-L01839,KMB-C01839,0,True,SIMULATED enrolment,2026-01-01
KMB-L01840,KMB-C01840,0,False,SIMULATED enrolment,2026-01-01
KMB-L01841,KMB-C01841,0,True,SIMULATED enrolment,2026-01-01
KMB-L01842,KMB-C01842,0,True,SIMULATED enrolment,2026-01-01
KMB-L01843,KMB-C01843,0,True,SIMULATED enrolment,2026-01-01
KMB-L01844,KMB-C01844,0,False,SIMULATED enrolment,2026-01-01
KMB-L01845,KMB-C01845,0,True,SIMULATED enrolment,2026-01-01
KMB-L01846,KMB-C01846,0,True,SIMULATED enrolment,2026-01-01
KMB-L01847,KMB-C01847,0,True,SIMULATED enrolment,2026-01-01
KMB-L01848,KMB-C01848,0,False,SIMULATED enrolment,2026-01-01
KMB-L01849,KMB-C01849,0,True,SIMULATED enrolment,2026-01-01
KMB-L01850,KMB-C01850,0,True,SIMULATED enrolment,2026-01-01
KMB-L01851,KMB-C01851,0,True,SIMULATED enrolment,2026-01-01
KMB-L01852,KMB-C01852,0,False,SIMULATED enrolment,2026-01-01
KMB-L01853,KMB-C01853,0,True,SIMULATED enrolment,2026-01-01
KMB-L01854,KMB-C01854,0,True,SIMULATED enrolment,2026-01-01
KMB-L01855,KMB-C01855,0,True,SIMULATED enrolment,2026-01-01
KMB-L01856,KMB-C01856,0,False,SIMULATED enrolment,2026-01-01
KMB-L01857,KMB-C01857,0,True,SIMULATED enrolment,2026-01-01
KMB-L01858,KMB-C01858,0,True,SIMULATED enrolment,2026-01-01
KMB-L01859,KMB-C01859,0,True,SIMULATED enrolment,2026-01-01
KMB-L01860,KMB-C01860,0,False,SIMULATED enrolment,2026-01-01
KMB-L01861,KMB-C01861,0,True,SIMULATED enrolment,2026-01-01
KMB-L01862,KMB-C01862,0,True,SIMULATED enrolment,2026-01-01
KMB-L01863,KMB-C01863,0,True,SIMULATED enrolment,2026-01-01
KMB-L01864,KMB-C01864,0,False,SIMULATED enrolment,2026-01-01
KMB-L01865,KMB-C01865,0,True,SIMULATED enrolment,2026-01-01
KMB-L01866,KMB-C01866,0,True,SIMULATED enrolment,2026-01-01
KMB-L01867,KMB-C01867,0,True,SIMULATED enrolment,2026-01-01
KMB-L01868,KMB-C01868,0,False,SIMULATED enrolment,2026-01-01
KMB-L01869,KMB-C01869,0,True,SIMULATED enrolment,2026-01-01
KMB-L01870,KMB-C01870,0,True,SIMULATED enrolment,2026-01-01
KMB-L01871,KMB-C01871,0,True,SIMULATED enrolment,2026-01-01
KMB-L01872,KMB-C01872,0,False,SIMULATED enrolment,2026-01-01
KMB-L01873,KMB-C01873,0,True,SIMULATED enrolment,2026-01-01
KMB-L01874,KMB-C01874,0,True,SIMULATED enrolment,2026-01-01
KMB-L01875,KMB-C01875,0,True,SIMULATED enrolment,2026-01-01
KMB-L01876,KMB-C01876,0,False,SIMULATED enrolment,2026-01-01
KMB-L01877,KMB-C01877,0,True,SIMULATED enrolment,2026-01-01
KMB-L01878,KMB-C01878,0,True,SIMULATED enrolment,2026-01-01
KMB-L01879,KMB-C01879,0,True,SIMULATED enrolment,2026-01-01
KMB-L01880,KMB-C01880,0,False,SIMULATED enrolment,2026-01-01
KMB-L01881,KMB-C01881,0,True,SIMULATED enrolment,2026-01-01
KMB-L01882,KMB-C01882,0,True,SIMULATED enrolment,2026-01-01
KMB-L01883,KMB-C01883,0,True,SIMULATED enrolment,2026-01-01
KMB-L01884,KMB-C01884,0,False,SIMULATED enrolment,2026-01-01
KMB-L01885,KMB-C01885,0,True,SIMULATED enrolment,2026-01-01
KMB-L01886,KMB-C01886,0,True,SIMULATED enrolment,2026-01-01
KMB-L01887,KMB-C01887,0,True,SIMULATED enrolment,2026-01-01
KMB-L01888,KMB-C01888,0,False,SIMULATED enrolment,2026-01-01
KMB-L01889,KMB-C01889,0,True,SIMULATED enrolment,2026-01-01
KMB-L01890,KMB-C01890,0,True,SIMULATED enrolment,2026-01-01
KMB-L01891,KMB-C01891,0,True,SIMULATED enrolment,2026-01-01
KMB-L01892,KMB-C01892,0,False,SIMULATED enrolment,2026-01-01
KMB-L01893,KMB-C01893,0,True,SIMULATED enrolment,2026-01-01
KMB-L01894,KMB-C01894,0,True,SIMULATED enrolment,2026-01-01
KMB-L01895,KMB-C01895,0,True,SIMULATED enrolment,2026-01-01
KMB-L01896,KMB-C01896,0,False,SIMULATED enrolment,2026-01-01
KMB-L01897,KMB-C01897,0,True,SIMULATED enrolment,2026-01-01
KMB-L01898,KMB-C01898,0,True,SIMULATED enrolment,2026-01-01
KMB-L01899,KMB-C01899,0,True,SIMULATED enrolment,2026-01-01
KMB-L01900,KMB-C01900,0,False,SIMULATED enrolment,2026-01-01
KMB-L01901,KMB-C01901,0,True,SIMULATED enrolment,2026-01-01
KMB-L01902,KMB-C01902,0,True,SIMULATED enrolment,2026-01-01
KMB-L01903,KMB-C01903,0,True,SIMULATED enrolment,2026-01-01
KMB-L01904,KMB-C01904,0,False,SIMULATED enrolment,2026-01-01
KMB-L01905,KMB-C01905,0,True,SIMULATED enrolment,2026-01-01
KMB-L01906,KMB-C01906,0,True,SIMULATED enrolment,2026-01-01
KMB-L01907,KMB-C01907,0,True,SIMULATED enrolment,2026-01-01
KMB-L01908,KMB-C01908,0,False,SIMULATED enrolment,2026-01-01
KMB-L01909,KMB-C01909,0,True,SIMULATED enrolment,2026-01-01
KMB-L01910,KMB-C01910,0,True,SIMULATED enrolment,2026-01-01
KMB-L01911,KMB-C01911,0,True,SIMULATED enrolment,2026-01-01
KMB-L01912,KMB-C01912,0,False,SIMULATED enrolment,2026-01-01
KMB-L01913,KMB-C01913,0,True,SIMULATED enrolment,2026-01-01
KMB-L01914,KMB-C01914,0,True,SIMULATED enrolment,2026-01-01
KMB-L01915,KMB-C01915,0,True,SIMULATED enrolment,2026-01-01
KMB-L01916,KMB-C01916,0,False,SIMULATED enrolment,2026-01-01
KMB-L01917,KMB-C01917,0,True,SIMULATED enrolment,2026-01-01
KMB-L01918,KMB-C01918,0,True,SIMULATED enrolment,2026-01-01
KMB-L01919,KMB-C01919,0,True,SIMULATED enrolment,2026-01-01
KMB-L01920,KMB-C01920,0,False,SIMULATED enrolment,2026-01-01
KMB-L01921,KMB-C01921,0,True,SIMULATED enrolment,2026-01-01
KMB-L01922,KMB-C01922,0,True,SIMULATED enrolment,2026-01-01
KMB-L01923,KMB-C01923,0,True,SIMULATED enrolment,2026-01-01
KMB-L01924,KMB-C01924,0,False,SIMULATED enrolment,2026-01-01
KMB-L01925,KMB-C01925,0,True,SIMULATED enrolment,2026-01-01
KMB-L01926,KMB-C01926,0,True,SIMULATED enrolment,2026-01-01
KMB-L01927,KMB-C01927,0,True,SIMULATED enrolment,2026-01-01
KMB-L01928,KMB-C01928,0,False,SIMULATED enrolment,2026-01-01
KMB-L01929,KMB-C01929,0,True,SIMULATED enrolment,2026-01-01
KMB-L01930,KMB-C01930,0,True,SIMULATED enrolment,2026-01-01
KMB-L01931,KMB-C01931,0,True,SIMULATED enrolment,2026-01-01
KMB-L01932,KMB-C01932,0,False,SIMULATED enrolment,2026-01-01
KMB-L01933,KMB-C01933,0,True,SIMULATED enrolment,2026-01-01
KMB-L01934,KMB-C01934,0,True,SIMULATED enrolment,2026-01-01
KMB-L01935,KMB-C01935,0,True,SIMULATED enrolment,2026-01-01
KMB-L01936,KMB-C01936,0,False,SIMULATED enrolment,2026-01-01
KMB-L01937,KMB-C01937,0,True,SIMULATED enrolment,2026-01-01
KMB-L01938,KMB-C01938,0,True,SIMULATED enrolment,2026-01-01
KMB-L01939,KMB-C01939,0,True,SIMULATED enrolment,2026-01-01
KMB-L01940,KMB-C01940,0,False,SIMULATED enrolment,2026-01-01
KMB-L01941,KMB-C01941,0,True,SIMULATED enrolment,2026-01-01
KMB-L01942,KMB-C01942,0,True,SIMULATED enrolment,2026-01-01
KMB-L01943,KMB-C01943,0,True,SIMULATED enrolment,2026-01-01
KMB-L01944,KMB-C01944,0,False,SIMULATED enrolment,2026-01-01
KMB-L01945,KMB-C01945,0,True,SIMULATED enrolment,2026-01-01
KMB-L01946,KMB-C01946,0,True,SIMULATED enrolment,2026-01-01
KMB-L01947,KMB-C01947,0,True,SIMULATED enrolment,2026-01-01
KMB-L01948,KMB-C01948,0,False,SIMULATED enrolment,2026-01-01
KMB-L01949,KMB-C01949,0,True,SIMULATED enrolment,2026-01-01
KMB-L01950,KMB-C01950,0,True,SIMULATED enrolment,2026-01-01
KMB-L01951,KMB-C01951,0,True,SIMULATED enrolment,2026-01-01
KMB-L01952,KMB-C01952,0,False,SIMULATED enrolment,2026-01-01
KMB-L01953,KMB-C01953,0,True,SIMULATED enrolment,2026-01-01
KMB-L01954,KMB-C01954,0,True,SIMULATED enrolment,2026-01-01
KMB-L01955,KMB-C01955,0,True,SIMULATED enrolment,2026-01-01
KMB-L01956,KMB-C01956,0,False,SIMULATED enrolment,2026-01-01
KMB-L01957,KMB-C01957,0,True,SIMULATED enrolment,2026-01-01
KMB-L01958,KMB-C01958,0,True,SIMULATED enrolment,2026-01-01
KMB-L01959,KMB-C01959,0,True,SIMULATED enrolment,2026-01-01
KMB-L01960,KMB-C01960,0,False,SIMULATED enrolment,2026-01-01
KMB-L01961,KMB-C01961,0,True,SIMULATED enrolment,2026-01-01
KMB-L01962,KMB-C01962,0,True,SIMULATED enrolment,2026-01-01
KMB-L01963,KMB-C01963,0,True,SIMULATED enrolment,2026-01-01
KMB-L01964,KMB-C01964,0,False,SIMULATED enrolment,2026-01-01
KMB-L01965,KMB-C01965,0,True,SIMULATED enrolment,2026-01-01
KMB-L01966,KMB-C01966,0,True,SIMULATED enrolment,2026-01-01
KMB-L01967,KMB-C01967,0,True,SIMULATED enrolment,2026-01-01
KMB-L01968,KMB-C01968,0,False,SIMULATED enrolment,2026-01-01
KMB-L01969,KMB-C01969,0,True,SIMULATED enrolment,2026-01-01
KMB-L01970,KMB-C01970,0,True,SIMULATED enrolment,2026-01-01
KMB-L01971,KMB-C01971,0,True,SIMULATED enrolment,2026-01-01
KMB-L01972,KMB-C01972,0,False,SIMULATED enrolment,2026-01-01
KMB-L01973,KMB-C01973,0,True,SIMULATED enrolment,2026-01-01
KMB-L01974,KMB-C01974,0,True,SIMULATED enrolment,2026-01-01
KMB-L01975,KMB-C01975,0,True,SIMULATED enrolment,2026-01-01
KMB-L01976,KMB-C01976,0,False,SIMULATED enrolment,2026-01-01
KMB-L01977,KMB-C01977,0,True,SIMULATED enrolment,2026-01-01
KMB-L01978,KMB-C01978,0,True,SIMULATED enrolment,2026-01-01
KMB-L01979,KMB-C01979,0,True,SIMULATED enrolment,2026-01-01
KMB-L01980,KMB-C01980,0,False,SIMULATED enrolment,2026-01-01
KMB-L01981,KMB-C01981,0,True,SIMULATED enrolment,2026-01-01
KMB-L01982,KMB-C01982,0,True,SIMULATED enrolment,2026-01-01
KMB-L01983,KMB-C01983,0,True,SIMULATED enrolment,2026-01-01
KMB-L01984,KMB-C01984,0,False,SIMULATED enrolment,2026-01-01
KMB-L01985,KMB-C01985,0,True,SIMULATED enrolment,2026-01-01
KMB-L01986,KMB-C01986,0,True,SIMULATED enrolment,2026-01-01
KMB-L01987,KMB-C01987,0,True,SIMULATED enrolment,2026-01-01
KMB-L01988,KMB-C01988,0,False,SIMULATED enrolment,2026-01-01
KMB-L01989,KMB-C01989,0,True,SIMULATED enrolment,2026-01-01
KMB-L01990,KMB-C01990,0,True,SIMULATED enrolment,2026-01-01
KMB-L01991,KMB-C01991,0,True,SIMULATED enrolment,2026-01-01
KMB-L01992,KMB-C01992,0,False,SIMULATED enrolment,2026-01-01
KMB-L01993,KMB-C01993,0,True,SIMULATED enrolment,2026-01-01
KMB-L01994,KMB-C01994,0,True,SIMULATED enrolment,2026-01-01
KMB-L01995,KMB-C01995,0,True,SIMULATED enrolment,2026-01-01
KMB-L01996,KMB-C01996,0,False,SIMULATED enrolment,2026-01-01
KMB-L01997,KMB-C01997,0,True,SIMULATED enrolment,2026-01-01
KMB-L01998,KMB-C01998,0,True,SIMULATED enrolment,2026-01-01
KMB-L01999,KMB-C01999,0,True,SIMULATED enrolment,2026-01-01
KMB-L02000,KMB-C02000,0,False,SIMULATED enrolment,2026-01-01
KMB-L02001,KMB-C02001,0,True,SIMULATED enrolment,2026-01-01
KMB-L02002,KMB-C02002,0,True,SIMULATED enrolment,2026-01-01
KMB-L02003,KMB-C02003,0,True,SIMULATED enrolment,2026-01-01
KMB-L02004,KMB-C02004,0,False,SIMULATED enrolment,2026-01-01
KMB-L02005,KMB-C02005,0,True,SIMULATED enrolment,2026-01-01
KMB-L02006,KMB-C02006,0,True,SIMULATED enrolment,2026-01-01
KMB-L02007,KMB-C02007,0,True,SIMULATED enrolment,2026-01-01
KMB-L02008,KMB-C02008,0,False,SIMULATED enrolment,2026-01-01
KMB-L02009,KMB-C02009,0,True,SIMULATED enrolment,2026-01-01
KMB-L02010,KMB-C02010,0,True,SIMULATED enrolment,2026-01-01
KMB-L02011,KMB-C02011,0,True,SIMULATED enrolment,2026-01-01
KMB-L02012,KMB-C02012,0,False,SIMULATED enrolment,2026-01-01
KMB-L02013,KMB-C02013,0,True,SIMULATED enrolment,2026-01-01
KMB-L02014,KMB-C02014,0,True,SIMULATED enrolment,2026-01-01
KMB-L02015,KMB-C02015,0,True,SIMULATED enrolment,2026-01-01
KMB-L02016,KMB-C02016,0,False,SIMULATED enrolment,2026-01-01
KMB-L02017,KMB-C02017,0,True,SIMULATED enrolment,2026-01-01
KMB-L02018,KMB-C02018,0,True,SIMULATED enrolment,2026-01-01
KMB-L02019,KMB-C02019,0,True,SIMULATED enrolment,2026-01-01
KMB-L02020,KMB-C02020,0,False,SIMULATED enrolment,2026-01-01
KMB-L02021,KMB-C02021,0,True,SIMULATED enrolment,2026-01-01
KMB-L02022,KMB-C02022,0,True,SIMULATED enrolment,2026-01-01
KMB-L02023,KMB-C02023,0,True,SIMULATED enrolment,2026-01-01
KMB-L02024,KMB-C02024,0,False,SIMULATED enrolment,2026-01-01
KMB-L02025,KMB-C02025,0,True,SIMULATED enrolment,2026-01-01
KMB-L02026,KMB-C02026,0,True,SIMULATED enrolment,2026-01-01
KMB-L02027,KMB-C02027,0,True,SIMULATED enrolment,2026-01-01
KMB-L02028,KMB-C02028,0,False,SIMULATED enrolment,2026-01-01
KMB-L02029,KMB-C02029,0,True,SIMULATED enrolment,2026-01-01
KMB-L02030,KMB-C02030,0,True,SIMULATED enrolment,2026-01-01
KMB-L02031,KMB-C02031,0,True,SIMULATED enrolment,2026-01-01
KMB-L02032,KMB-C02032,0,False,SIMULATED enrolment,2026-01-01
KMB-L02033,KMB-C02033,0,True,SIMULATED enrolment,2026-01-01
KMB-L02034,KMB-C02034,0,True,SIMULATED enrolment,2026-01-01
KMB-L02035,KMB-C02035,0,True,SIMULATED enrolment,2026-01-01
KMB-L02036,KMB-C02036,0,False,SIMULATED enrolment,2026-01-01
KMB-L02037,KMB-C02037,0,True,SIMULATED enrolment,2026-01-01
KMB-L02038,KMB-C02038,0,True,SIMULATED enrolment,2026-01-01
KMB-L02039,KMB-C02039,0,True,SIMULATED enrolment,2026-01-01
KMB-L02040,KMB-C02040,0,False,SIMULATED enrolment,2026-01-01
KMB-L02041,KMB-C02041,0,True,SIMULATED enrolment,2026-01-01
KMB-L02042,KMB-C02042,0,True,SIMULATED enrolment,2026-01-01
KMB-L02043,KMB-C02043,0,True,SIMULATED enrolment,2026-01-01
KMB-L02044,KMB-C02044,0,False,SIMULATED enrolment,2026-01-01
KMB-L02045,KMB-C02045,0,True,SIMULATED enrolment,2026-01-01
KMB-L02046,KMB-C02046,0,True,SIMULATED enrolment,2026-01-01
KMB-L02047,KMB-C02047,0,True,SIMULATED enrolment,2026-01-01
KMB-L02048,KMB-C02048,0,False,SIMULATED enrolment,2026-01-01
KMB-L02049,KMB-C02049,0,True,SIMULATED enrolment,2026-01-01
KMB-L02050,KMB-C02050,0,True,SIMULATED enrolment,2026-01-01
KMB-L02051,KMB-C02051,0,True,SIMULATED enrolment,2026-01-01
KMB-L02052,KMB-C02052,0,False,SIMULATED enrolment,2026-01-01
KMB-L02053,KMB-C02053,0,True,SIMULATED enrolment,2026-01-01
KMB-L02054,KMB-C02054,0,True,SIMULATED enrolment,2026-01-01
KMB-L02055,KMB-C02055,0,True,SIMULATED enrolment,2026-01-01
KMB-L02056,KMB-C02056,0,False,SIMULATED enrolment,2026-01-01
KMB-L02057,KMB-C02057,0,True,SIMULATED enrolment,2026-01-01
KMB-L02058,KMB-C02058,0,True,SIMULATED enrolment,2026-01-01
KMB-L02059,KMB-C02059,0,True,SIMULATED enrolment,2026-01-01
KMB-L02060,KMB-C02060,0,False,SIMULATED enrolment,2026-01-01
KMB-L02061,KMB-C02061,0,True,SIMULATED enrolment,2026-01-01
KMB-L02062,KMB-C02062,0,True,SIMULATED enrolment,2026-01-01
KMB-L02063,KMB-C02063,0,True,SIMULATED enrolment,2026-01-01
KMB-L02064,KMB-C02064,0,False,SIMULATED enrolment,2026-01-01
KMB-L02065,KMB-C02065,0,True,SIMULATED enrolment,2026-01-01
KMB-L02066,KMB-C02066,0,True,SIMULATED enrolment,2026-01-01
KMB-L02067,KMB-C02067,0,True,SIMULATED enrolment,2026-01-01
KMB-L02068,KMB-C02068,0,False,SIMULATED enrolment,2026-01-01
KMB-L02069,KMB-C02069,0,True,SIMULATED enrolment,2026-01-01
KMB-L02070,KMB-C02070,0,True,SIMULATED enrolment,2026-01-01
KMB-L02071,KMB-C02071,0,True,SIMULATED enrolment,2026-01-01
KMB-L02072,KMB-C02072,0,False,SIMULATED enrolment,2026-01-01
KMB-L02073,KMB-C02073,0,True,SIMULATED enrolment,2026-01-01
KMB-L02074,KMB-C02074,0,True,SIMULATED enrolment,2026-01-01
KMB-L02075,KMB-C02075,0,True,SIMULATED enrolment,2026-01-01
KMB-L02076,KMB-C02076,0,False,SIMULATED enrolment,2026-01-01
KMB-L02077,KMB-C02077,0,True,SIMULATED enrolment,2026-01-01
KMB-L02078,KMB-C02078,0,True,SIMULATED enrolment,2026-01-01
KMB-L02079,KMB-C02079,0,True,SIMULATED enrolment,2026-01-01
KMB-L02080,KMB-C02080,0,False,SIMULATED enrolment,2026-01-01
KMB-L02081,KMB-C02081,0,True,SIMULATED enrolment,2026-01-01
KMB-L02082,KMB-C02082,0,True,SIMULATED enrolment,2026-01-01
KMB-L02083,KMB-C02083,0,True,SIMULATED enrolment,2026-01-01
KMB-L02084,KMB-C02084,0,False,SIMULATED enrolment,2026-01-01
KMB-L02085,KMB-C02085,0,True,SIMULATED enrolment,2026-01-01
KMB-L02086,KMB-C02086,0,True,SIMULATED enrolment,2026-01-01
KMB-L02087,KMB-C02087,0,True,SIMULATED enrolment,2026-01-01
KMB-L02088,KMB-C02088,0,False,SIMULATED enrolment,2026-01-01
KMB-L02089,KMB-C02089,0,True,SIMULATED enrolment,2026-01-01
KMB-L02090,KMB-C02090,0,True,SIMULATED enrolment,2026-01-01
KMB-L02091,KMB-C02091,0,True,SIMULATED enrolment,2026-01-01
KMB-L02092,KMB-C02092,0,False,SIMULATED enrolment,2026-01-01
KMB-L02093,KMB-C02093,0,True,SIMULATED enrolment,2026-01-01
KMB-L02094,KMB-C02094,0,True,SIMULATED enrolment,2026-01-01
KMB-L02095,KMB-C02095,0,True,SIMULATED enrolment,2026-01-01
KMB-L02096,KMB-C02096,0,False,SIMULATED enrolment,2026-01-01
KMB-L02097,KMB-C02097,0,True,SIMULATED enrolment,2026-01-01
KMB-L02098,KMB-C02098,0,True,SIMULATED enrolment,2026-01-01
KMB-L02099,KMB-C02099,0,True,SIMULATED enrolment,2026-01-01
KMB-L02100,KMB-C02100,0,False,SIMULATED enrolment,2026-01-01
KMB-L02101,KMB-C02101,0,True,SIMULATED enrolment,2026-01-01
KMB-L02102,KMB-C02102,0,True,SIMULATED enrolment,2026-01-01
KMB-L02103,KMB-C02103,0,True,SIMULATED enrolment,2026-01-01
KMB-L02104,KMB-C02104,0,False,SIMULATED enrolment,2026-01-01
KMB-L02105,KMB-C02105,0,True,SIMULATED enrolment,2026-01-01
KMB-L02106,KMB-C02106,0,True,SIMULATED enrolment,2026-01-01
KMB-L02107,KMB-C02107,0,True,SIMULATED enrolment,2026-01-01
KMB-L02108,KMB-C02108,0,False,SIMULATED enrolment,2026-01-01
KMB-L02109,KMB-C02109,0,True,SIMULATED enrolment,2026-01-01
KMB-L02110,KMB-C02110,0,True,SIMULATED enrolment,2026-01-01
KMB-L02111,KMB-C02111,0,True,SIMULATED enrolment,2026-01-01
KMB-L02112,KMB-C02112,0,False,SIMULATED enrolment,2026-01-01
KMB-L02113,KMB-C02113,0,True,SIMULATED enrolment,2026-01-01
KMB-L02114,KMB-C02114,0,True,SIMULATED enrolment,2026-01-01
KMB-L02115,KMB-C02115,0,True,SIMULATED enrolment,2026-01-01
KMB-L02116,KMB-C02116,0,False,SIMULATED enrolment,2026-01-01
KMB-L02117,KMB-C02117,0,True,SIMULATED enrolment,2026-01-01
KMB-L02118,KMB-C02118,0,True,SIMULATED enrolment,2026-01-01
KMB-L02119,KMB-C02119,0,True,SIMULATED enrolment,2026-01-01
KMB-L02120,KMB-C02120,0,False,SIMULATED enrolment,2026-01-01
KMB-L02121,KMB-C02121,0,True,SIMULATED enrolment,2026-01-01
KMB-L02122,KMB-C02122,0,True,SIMULATED enrolment,2026-01-01
KMB-L02123,KMB-C02123,0,True,SIMULATED enrolment,2026-01-01
KMB-L02124,KMB-C02124,0,False,SIMULATED enrolment,2026-01-01
KMB-L02125,KMB-C02125,0,True,SIMULATED enrolment,2026-01-01
KMB-L02126,KMB-C02126,0,True,SIMULATED enrolment,2026-01-01
KMB-L02127,KMB-C02127,0,True,SIMULATED enrolment,2026-01-01
KMB-L02128,KMB-C02128,0,False,SIMULATED enrolment,2026-01-01
KMB-L02129,KMB-C02129,0,True,SIMULATED enrolment,2026-01-01
KMB-L02130,KMB-C02130,0,True,SIMULATED enrolment,2026-01-01
KMB-L02131,KMB-C02131,0,True,SIMULATED enrolment,2026-01-01
KMB-L02132,KMB-C02132,0,False,SIMULATED enrolment,2026-01-01
KMB-L02133,KMB-C02133,0,True,SIMULATED enrolment,2026-01-01
KMB-L02134,KMB-C02134,0,True,SIMULATED enrolment,2026-01-01
KMB-L02135,KMB-C02135,0,True,SIMULATED enrolment,2026-01-01
KMB-L02136,KMB-C02136,0,False,SIMULATED enrolment,2026-01-01
KMB-L02137,KMB-C02137,0,True,SIMULATED enrolment,2026-01-01
KMB-L02138,KMB-C02138,0,True,SIMULATED enrolment,2026-01-01
KMB-L02139,KMB-C02139,0,True,SIMULATED enrolment,2026-01-01
KMB-L02140,KMB-C02140,0,False,SIMULATED enrolment,2026-01-01
KMB-L02141,KMB-C02141,0,True,SIMULATED enrolment,2026-01-01
KMB-L02142,KMB-C02142,0,True,SIMULATED enrolment,2026-01-01
KMB-L02143,KMB-C02143,0,True,SIMULATED enrolment,2026-01-01
KMB-L02144,KMB-C02144,0,False,SIMULATED enrolment,2026-01-01
KMB-L02145,KMB-C02145,0,True,SIMULATED enrolment,2026-01-01
KMB-L02146,KMB-C02146,0,True,SIMULATED enrolment,2026-01-01
KMB-L02147,KMB-C02147,0,True,SIMULATED enrolment,2026-01-01
KMB-L02148,KMB-C02148,0,False,SIMULATED enrolment,2026-01-01
KMB-L02149,KMB-C02149,0,True,SIMULATED enrolment,2026-01-01
KMB-L02150,KMB-C02150,0,True,SIMULATED enrolment,2026-01-01
KMB-L02151,KMB-C02151,0,True,SIMULATED enrolment,2026-01-01
KMB-L02152,KMB-C02152,0,False,SIMULATED enrolment,2026-01-01
KMB-L02153,KMB-C02153,0,True,SIMULATED enrolment,2026-01-01
KMB-L02154,KMB-C02154,0,True,SIMULATED enrolment,2026-01-01
KMB-L02155,KMB-C02155,0,True,SIMULATED enrolment,2026-01-01
KMB-L02156,KMB-C02156,0,False,SIMULATED enrolment,2026-01-01
KMB-L02157,KMB-C02157,0,True,SIMULATED enrolment,2026-01-01
KMB-L02158,KMB-C02158,0,True,SIMULATED enrolment,2026-01-01
KMB-L02159,KMB-C02159,0,True,SIMULATED enrolment,2026-01-01
KMB-L02160,KMB-C02160,0,False,SIMULATED enrolment,2026-01-01
KMB-L02161,KMB-C02161,0,True,SIMULATED enrolment,2026-01-01
KMB-L02162,KMB-C02162,0,True,SIMULATED enrolment,2026-01-01
KMB-L02163,KMB-C02163,0,True,SIMULATED enrolment,2026-01-01
KMB-L02164,KMB-C02164,0,False,SIMULATED enrolment,2026-01-01
KMB-L02165,KMB-C02165,0,True,SIMULATED enrolment,2026-01-01
KMB-L02166,KMB-C02166,0,True,SIMULATED enrolment,2026-01-01
KMB-L02167,KMB-C02167,0,True,SIMULATED enrolment,2026-01-01
KMB-L02168,KMB-C02168,0,False,SIMULATED enrolment,2026-01-01
KMB-L02169,KMB-C02169,0,True,SIMULATED enrolment,2026-01-01
KMB-L02170,KMB-C02170,0,True,SIMULATED enrolment,2026-01-01
KMB-L02171,KMB-C02171,0,True,SIMULATED enrolment,2026-01-01
KMB-L02172,KMB-C02172,0,False,SIMULATED enrolment,2026-01-01
KMB-L02173,KMB-C02173,0,True,SIMULATED enrolment,2026-01-01
KMB-L02174,KMB-C02174,0,True,SIMULATED enrolment,2026-01-01
KMB-L02175,KMB-C02175,0,True,SIMULATED enrolment,2026-01-01
KMB-L02176,KMB-C02176,0,False,SIMULATED enrolment,2026-01-01
KMB-L02177,KMB-C02177,0,True,SIMULATED enrolment,2026-01-01
KMB-L02178,KMB-C02178,0,True,SIMULATED enrolment,2026-01-01
KMB-L02179,KMB-C02179,0,True,SIMULATED enrolment,2026-01-01
KMB-L02180,KMB-C02180,0,False,SIMULATED enrolment,2026-01-01
KMB-L02181,KMB-C02181,0,True,SIMULATED enrolment,2026-01-01
KMB-L02182,KMB-C02182,0,True,SIMULATED enrolment,2026-01-01
KMB-L02183,KMB-C02183,0,True,SIMULATED enrolment,2026-01-01
KMB-L02184,KMB-C02184,0,False,SIMULATED enrolment,2026-01-01
KMB-L02185,KMB-C02185,0,True,SIMULATED enrolment,2026-01-01
KMB-L02186,KMB-C02186,0,True,SIMULATED enrolment,2026-01-01
KMB-L02187,KMB-C02187,0,True,SIMULATED enrolment,2026-01-01
KMB-L02188,KMB-C02188,0,False,SIMULATED enrolment,2026-01-01
KMB-L02189,KMB-C02189,0,True,SIMULATED enrolment,2026-01-01
KMB-L02190,KMB-C02190,0,True,SIMULATED enrolment,2026-01-01
KMB-L02191,KMB-C02191,0,True,SIMULATED enrolment,2026-01-01
KMB-L02192,KMB-C02192,0,False,SIMULATED enrolment,2026-01-01
KMB-L02193,KMB-C02193,0,True,SIMULATED enrolment,2026-01-01
KMB-L02194,KMB-C02194,0,True,SIMULATED enrolment,2026-01-01
KMB-L02195,KMB-C02195,0,True,SIMULATED enrolment,2026-01-01
KMB-L02196,KMB-C02196,0,False,SIMULATED enrolment,2026-01-01
KMB-L02197,KMB-C02197,0,True,SIMULATED enrolment,2026-01-01
KMB-L02198,KMB-C02198,0,True,SIMULATED enrolment,2026-01-01
KMB-L02199,KMB-C02199,0,True,SIMULATED enrolment,2026-01-01
KMB-L02200,KMB-C02200,0,False,SIMULATED enrolment,2026-01-01
KMB-L02201,KMB-C02201,0,True,SIMULATED enrolment,2026-01-01
KMB-L02202,KMB-C02202,0,True,SIMULATED enrolment,2026-01-01
KMB-L02203,KMB-C02203,0,True,SIMULATED enrolment,2026-01-01
KMB-L02204,KMB-C02204,0,False,SIMULATED enrolment,2026-01-01
KMB-L02205,KMB-C02205,0,True,SIMULATED enrolment,2026-01-01
KMB-L02206,KMB-C02206,0,True,SIMULATED enrolment,2026-01-01
KMB-L02207,KMB-C02207,0,True,SIMULATED enrolment,2026-01-01
KMB-L02208,KMB-C02208,0,False,SIMULATED enrolment,2026-01-01
KMB-L02209,KMB-C02209,0,True,SIMULATED enrolment,2026-01-01
KMB-L02210,KMB-C02210,0,True,SIMULATED enrolment,2026-01-01
KMB-L02211,KMB-C02211,0,True,SIMULATED enrolment,2026-01-01
KMB-L02212,KMB-C02212,0,False,SIMULATED enrolment,2026-01-01
KMB-L02213,KMB-C02213,0,True,SIMULATED enrolment,2026-01-01
KMB-L02214,KMB-C02214,0,True,SIMULATED enrolment,2026-01-01
KMB-L02215,KMB-C02215,0,True,SIMULATED enrolment,2026-01-01
KMB-L02216,KMB-C02216,0,False,SIMULATED enrolment,2026-01-01
KMB-L02217,KMB-C02217,0,True,SIMULATED enrolment,2026-01-01
KMB-L02218,KMB-C02218,0,True,SIMULATED enrolment,2026-01-01
KMB-L02219,KMB-C02219,0,True,SIMULATED enrolment,2026-01-01
KMB-L02220,KMB-C02220,0,False,SIMULATED enrolment,2026-01-01
KMB-L02221,KMB-C02221,0,True,SIMULATED enrolment,2026-01-01
KMB-L02222,KMB-C02222,0,True,SIMULATED enrolment,2026-01-01
KMB-L02223,KMB-C02223,0,True,SIMULATED enrolment,2026-01-01
KMB-L02224,KMB-C02224,0,False,SIMULATED enrolment,2026-01-01
KMB-L02225,KMB-C02225,0,True,SIMULATED enrolment,2026-01-01
KMB-L02226,KMB-C02226,0,True,SIMULATED enrolment,2026-01-01
KMB-L02227,KMB-C02227,0,True,SIMULATED enrolment,2026-01-01
KMB-L02228,KMB-C02228,0,False,SIMULATED enrolment,2026-01-01
KMB-L02229,KMB-C02229,0,True,SIMULATED enrolment,2026-01-01
KMB-L02230,KMB-C02230,0,True,SIMULATED enrolment,2026-01-01
KMB-L02231,KMB-C02231,0,True,SIMULATED enrolment,2026-01-01
KMB-L02232,KMB-C02232,0,False,SIMULATED enrolment,2026-01-01
KMB-L02233,KMB-C02233,0,True,SIMULATED enrolment,2026-01-01
KMB-L02234,KMB-C02234,0,True,SIMULATED enrolment,2026-01-01
KMB-L02235,KMB-C02235,0,True,SIMULATED enrolment,2026-01-01
KMB-L02236,KMB-C02236,0,False,SIMULATED enrolment,2026-01-01
KMB-L02237,KMB-C02237,0,True,SIMULATED enrolment,2026-01-01
KMB-L02238,KMB-C02238,0,True,SIMULATED enrolment,2026-01-01
KMB-L02239,KMB-C02239,0,True,SIMULATED enrolment,2026-01-01
KMB-L02240,KMB-C02240,0,False,SIMULATED enrolment,2026-01-01
KMB-L02241,KMB-C02241,0,True,SIMULATED enrolment,2026-01-01
KMB-L02242,KMB-C02242,0,True,SIMULATED enrolment,2026-01-01
KMB-L02243,KMB-C02243,0,True,SIMULATED enrolment,2026-01-01
KMB-L02244,KMB-C02244,0,False,SIMULATED enrolment,2026-01-01
KMB-L02245,KMB-C02245,0,True,SIMULATED enrolment,2026-01-01
KMB-L02246,KMB-C02246,0,True,SIMULATED enrolment,2026-01-01
KMB-L02247,KMB-C02247,0,True,SIMULATED enrolment,2026-01-01
KMB-L02248,KMB-C02248,0,False,SIMULATED enrolment,2026-01-01
KMB-L02249,KMB-C02249,0,True,SIMULATED enrolment,2026-01-01
KMB-L02250,KMB-C02250,0,True,SIMULATED enrolment,2026-01-01
KMB-L02251,KMB-C02251,0,True,SIMULATED enrolment,2026-01-01
KMB-L02252,KMB-C02252,0,False,SIMULATED enrolment,2026-01-01
KMB-L02253,KMB-C02253,0,True,SIMULATED enrolment,2026-01-01
KMB-L02254,KMB-C02254,0,True,SIMULATED enrolment,2026-01-01
KMB-L02255,KMB-C02255,0,True,SIMULATED enrolment,2026-01-01
KMB-L02256,KMB-C02256,0,False,SIMULATED enrolment,2026-01-01
KMB-L02257,KMB-C02257,0,True,SIMULATED enrolment,2026-01-01
KMB-L02258,KMB-C02258,0,True,SIMULATED enrolment,2026-01-01
KMB-L02259,KMB-C02259,0,True,SIMULATED enrolment,2026-01-01
KMB-L02260,KMB-C02260,0,False,SIMULATED enrolment,2026-01-01
KMB-L02261,KMB-C02261,0,True,SIMULATED enrolment,2026-01-01
KMB-L02262,KMB-C02262,0,True,SIMULATED enrolment,2026-01-01
KMB-L02263,KMB-C02263,0,True,SIMULATED enrolment,2026-01-01
KMB-L02264,KMB-C02264,0,False,SIMULATED enrolment,2026-01-01
KMB-L02265,KMB-C02265,0,True,SIMULATED enrolment,2026-01-01
KMB-L02266,KMB-C02266,0,True,SIMULATED enrolment,2026-01-01
KMB-L02267,KMB-C02267,0,True,SIMULATED enrolment,2026-01-01
KMB-L02268,KMB-C02268,0,False,SIMULATED enrolment,2026-01-01
KMB-L02269,KMB-C02269,0,True,SIMULATED enrolment,2026-01-01
KMB-L02270,KMB-C02270,0,True,SIMULATED enrolment,2026-01-01
KMB-L02271,KMB-C02271,0,True,SIMULATED enrolment,2026-01-01
KMB-L02272,KMB-C02272,0,False,SIMULATED enrolment,2026-01-01
KMB-L02273,KMB-C02273,0,True,SIMULATED enrolment,2026-01-01
KMB-L02274,KMB-C02274,0,True,SIMULATED enrolment,2026-01-01
KMB-L02275,KMB-C02275,0,True,SIMULATED enrolment,2026-01-01
KMB-L02276,KMB-C02276,0,False,SIMULATED enrolment,2026-01-01
KMB-L02277,KMB-C02277,0,True,SIMULATED enrolment,2026-01-01
KMB-L02278,KMB-C02278,0,True,SIMULATED enrolment,2026-01-01
KMB-L02279,KMB-C02279,0,True,SIMULATED enrolment,2026-01-01
KMB-L02280,KMB-C02280,0,False,SIMULATED enrolment,2026-01-01
KMB-L02281,KMB-C02281,0,True,SIMULATED enrolment,2026-01-01
KMB-L02282,KMB-C02282,0,True,SIMULATED enrolment,2026-01-01
KMB-L02283,KMB-C02283,0,True,SIMULATED enrolment,2026-01-01
KMB-L02284,KMB-C02284,0,False,SIMULATED enrolment,2026-01-01
KMB-L02285,KMB-C02285,0,True,SIMULATED enrolment,2026-01-01
KMB-L02286,KMB-C02286,0,True,SIMULATED enrolment,2026-01-01
KMB-L02287,KMB-C02287,0,True,SIMULATED enrolment,2026-01-01
KMB-L02288,KMB-C02288,0,False,SIMULATED enrolment,2026-01-01
KMB-L02289,KMB-C02289,0,True,SIMULATED enrolment,2026-01-01
KMB-L02290,KMB-C02290,0,True,SIMULATED enrolment,2026-01-01
KMB-L02291,KMB-C02291,0,True,SIMULATED enrolment,2026-01-01
KMB-L02292,KMB-C02292,0,False,SIMULATED enrolment,2026-01-01
KMB-L02293,KMB-C02293,0,True,SIMULATED enrolment,2026-01-01
KMB-L02294,KMB-C02294,0,True,SIMULATED enrolment,2026-01-01
KMB-L02295,KMB-C02295,0,True,SIMULATED enrolment,2026-01-01
KMB-L02296,KMB-C02296,0,False,SIMULATED enrolment,2026-01-01
KMB-L02297,KMB-C02297,0,True,SIMULATED enrolment,2026-01-01
KMB-L02298,KMB-C02298,0,True,SIMULATED enrolment,2026-01-01
KMB-L02299,KMB-C02299,0,True,SIMULATED enrolment,2026-01-01
KMB-L02300,KMB-C02300,0,False,SIMULATED enrolment,2026-01-01
KMB-L02301,KMB-C02301,0,True,SIMULATED enrolment,2026-01-01
KMB-L02302,KMB-C02302,0,True,SIMULATED enrolment,2026-01-01
KMB-L02303,KMB-C02303,0,True,SIMULATED enrolment,2026-01-01
KMB-L02304,KMB-C02304,0,False,SIMULATED enrolment,2026-01-01
KMB-L02305,KMB-C02305,0,True,SIMULATED enrolment,2026-01-01
KMB-L02306,KMB-C02306,0,True,SIMULATED enrolment,2026-01-01
KMB-L02307,KMB-C02307,0,True,SIMULATED enrolment,2026-01-01
KMB-L02308,KMB-C02308,0,False,SIMULATED enrolment,2026-01-01
KMB-L02309,KMB-C02309,0,True,SIMULATED enrolment,2026-01-01
KMB-L02310,KMB-C02310,0,True,SIMULATED enrolment,2026-01-01
KMB-L02311,KMB-C02311,0,True,SIMULATED enrolment,2026-01-01
KMB-L02312,KMB-C02312,0,False,SIMULATED enrolment,2026-01-01
KMB-L02313,KMB-C02313,0,True,SIMULATED enrolment,2026-01-01
KMB-L02314,KMB-C02314,0,True,SIMULATED enrolment,2026-01-01
KMB-L02315,KMB-C02315,0,True,SIMULATED enrolment,2026-01-01
KMB-L02316,KMB-C02316,0,False,SIMULATED enrolment,2026-01-01
KMB-L02317,KMB-C02317,0,True,SIMULATED enrolment,2026-01-01
KMB-L02318,KMB-C02318,0,True,SIMULATED enrolment,2026-01-01
KMB-L02319,KMB-C02319,0,True,SIMULATED enrolment,2026-01-01
KMB-L02320,KMB-C02320,0,False,SIMULATED enrolment,2026-01-01
KMB-L02321,KMB-C02321,0,True,SIMULATED enrolment,2026-01-01
KMB-L02322,KMB-C02322,0,True,SIMULATED enrolment,2026-01-01
KMB-L02323,KMB-C02323,0,True,SIMULATED enrolment,2026-01-01
KMB-L02324,KMB-C02324,0,False,SIMULATED enrolment,2026-01-01
KMB-L02325,KMB-C02325,0,True,SIMULATED enrolment,2026-01-01
KMB-L02326,KMB-C02326,0,True,SIMULATED enrolment,2026-01-01
KMB-L02327,KMB-C02327,0,True,SIMULATED enrolment,2026-01-01
KMB-L02328,KMB-C02328,0,False,SIMULATED enrolment,2026-01-01
KMB-L02329,KMB-C02329,0,True,SIMULATED enrolment,2026-01-01
KMB-L02330,KMB-C02330,0,True,SIMULATED enrolment,2026-01-01
KMB-L02331,KMB-C02331,0,True,SIMULATED enrolment,2026-01-01
KMB-L02332,KMB-C02332,0,False,SIMULATED enrolment,2026-01-01
KMB-L02333,KMB-C02333,0,True,SIMULATED enrolment,2026-01-01
KMB-L02334,KMB-C02334,0,True,SIMULATED enrolment,2026-01-01
KMB-L02335,KMB-C02335,0,True,SIMULATED enrolment,2026-01-01
KMB-L02336,KMB-C02336,0,False,SIMULATED enrolment,2026-01-01
KMB-L02337,KMB-C02337,0,True,SIMULATED enrolment,2026-01-01
KMB-L02338,KMB-C02338,0,True,SIMULATED enrolment,2026-01-01
KMB-L02339,KMB-C02339,0,True,SIMULATED enrolment,2026-01-01
KMB-L02340,KMB-C02340,0,False,SIMULATED enrolment,2026-01-01
KMB-L02341,KMB-C02341,0,True,SIMULATED enrolment,2026-01-01
KMB-L02342,KMB-C02342,0,True,SIMULATED enrolment,2026-01-01
KMB-L02343,KMB-C02343,0,True,SIMULATED enrolment,2026-01-01
KMB-L02344,KMB-C02344,0,False,SIMULATED enrolment,2026-01-01
KMB-L02345,KMB-C02345,0,True,SIMULATED enrolment,2026-01-01
KMB-L02346,KMB-C02346,0,True,SIMULATED enrolment,2026-01-01
KMB-L02347,KMB-C02347,0,True,SIMULATED enrolment,2026-01-01
KMB-L02348,KMB-C02348,0,False,SIMULATED enrolment,2026-01-01
KMB-L02349,KMB-C02349,0,True,SIMULATED enrolment,2026-01-01
KMB-L02350,KMB-C02350,0,True,SIMULATED enrolment,2026-01-01
KMB-L02351,KMB-C02351,0,True,SIMULATED enrolment,2026-01-01
KMB-L02352,KMB-C02352,0,False,SIMULATED enrolment,2026-01-01
KMB-L02353,KMB-C02353,0,True,SIMULATED enrolment,2026-01-01
KMB-L02354,KMB-C02354,0,True,SIMULATED enrolment,2026-01-01
KMB-L02355,KMB-C02355,0,True,SIMULATED enrolment,2026-01-01
KMB-L02356,KMB-C02356,0,False,SIMULATED enrolment,2026-01-01
KMB-L02357,KMB-C02357,0,True,SIMULATED enrolment,2026-01-01
KMB-L02358,KMB-C02358,0,True,SIMULATED enrolment,2026-01-01
KMB-L02359,KMB-C02359,0,True,SIMULATED enrolment,2026-01-01
KMB-L02360,KMB-C02360,0,False,SIMULATED enrolment,2026-01-01
KMB-L02361,KMB-C02361,0,True,SIMULATED enrolment,2026-01-01
KMB-L02362,KMB-C02362,0,True,SIMULATED enrolment,2026-01-01
KMB-L02363,KMB-C02363,0,True,SIMULATED enrolment,2026-01-01
KMB-L02364,KMB-C02364,0,False,SIMULATED enrolment,2026-01-01
KMB-L02365,KMB-C02365,0,True,SIMULATED enrolment,2026-01-01
KMB-L02366,KMB-C02366,0,True,SIMULATED enrolment,2026-01-01
KMB-L02367,KMB-C02367,0,True,SIMULATED enrolment,2026-01-01
KMB-L02368,KMB-C02368,0,False,SIMULATED enrolment,2026-01-01
KMB-L02369,KMB-C02369,0,True,SIMULATED enrolment,2026-01-01
KMB-L02370,KMB-C02370,0,True,SIMULATED enrolment,2026-01-01
KMB-L02371,KMB-C02371,0,True,SIMULATED enrolment,2026-01-01
KMB-L02372,KMB-C02372,0,False,SIMULATED enrolment,2026-01-01
KMB-L02373,KMB-C02373,0,True,SIMULATED enrolment,2026-01-01
KMB-L02374,KMB-C02374,0,True,SIMULATED enrolment,2026-01-01
KMB-L02375,KMB-C02375,0,True,SIMULATED enrolment,2026-01-01
KMB-L02376,KMB-C02376,0,False,SIMULATED enrolment,2026-01-01
KMB-L02377,KMB-C02377,0,True,SIMULATED enrolment,2026-01-01
KMB-L02378,KMB-C02378,0,True,SIMULATED enrolment,2026-01-01
KMB-L02379,KMB-C02379,0,True,SIMULATED enrolment,2026-01-01
KMB-L02380,KMB-C02380,0,False,SIMULATED enrolment,2026-01-01
KMB-L02381,KMB-C02381,0,True,SIMULATED enrolment,2026-01-01
KMB-L02382,KMB-C02382,0,True,SIMULATED enrolment,2026-01-01
KMB-L02383,KMB-C02383,0,True,SIMULATED enrolment,2026-01-01
KMB-L02384,KMB-C02384,0,False,SIMULATED enrolment,2026-01-01
KMB-L02385,KMB-C02385,0,True,SIMULATED enrolment,2026-01-01
KMB-L02386,KMB-C02386,0,True,SIMULATED enrolment,2026-01-01
KMB-L02387,KMB-C02387,0,True,SIMULATED enrolment,2026-01-01
KMB-L02388,KMB-C02388,0,False,SIMULATED enrolment,2026-01-01
KMB-L02389,KMB-C02389,0,True,SIMULATED enrolment,2026-01-01
KMB-L02390,KMB-C02390,0,True,SIMULATED enrolment,2026-01-01
KMB-L02391,KMB-C02391,0,True,SIMULATED enrolment,2026-01-01
KMB-L02392,KMB-C02392,0,False,SIMULATED enrolment,2026-01-01
KMB-L02393,KMB-C02393,0,True,SIMULATED enrolment,2026-01-01
KMB-L02394,KMB-C02394,0,True,SIMULATED enrolment,2026-01-01
KMB-L02395,KMB-C02395,0,True,SIMULATED enrolment,2026-01-01
KMB-L02396,KMB-C02396,0,False,SIMULATED enrolment,2026-01-01
KMB-L02397,KMB-C02397,0,True,SIMULATED enrolment,2026-01-01
KMB-L02398,KMB-C02398,0,True,SIMULATED enrolment,2026-01-01
KMB-L02399,KMB-C02399,0,True,SIMULATED enrolment,2026-01-01
KMB-L02400,KMB-C02400,0,False,SIMULATED enrolment,2026-01-01
KMB-L02401,KMB-C02401,0,True,SIMULATED enrolment,2026-01-01
KMB-L02402,KMB-C02402,0,True,SIMULATED enrolment,2026-01-01
KMB-L02403,KMB-C02403,0,True,SIMULATED enrolment,2026-01-01
KMB-L02404,KMB-C02404,0,False,SIMULATED enrolment,2026-01-01
KMB-L02405,KMB-C02405,0,True,SIMULATED enrolment,2026-01-01
KMB-L02406,KMB-C02406,0,True,SIMULATED enrolment,2026-01-01
KMB-L02407,KMB-C02407,0,True,SIMULATED enrolment,2026-01-01
KMB-L02408,KMB-C02408,0,False,SIMULATED enrolment,2026-01-01
KMB-L02409,KMB-C02409,0,True,SIMULATED enrolment,2026-01-01
KMB-L02410,KMB-C02410,0,True,SIMULATED enrolment,2026-01-01
KMB-L02411,KMB-C02411,0,True,SIMULATED enrolment,2026-01-01
KMB-L02412,KMB-C02412,0,False,SIMULATED enrolment,2026-01-01
KMB-L02413,KMB-C02413,0,True,SIMULATED enrolment,2026-01-01
KMB-L02414,KMB-C02414,0,True,SIMULATED enrolment,2026-01-01
KMB-L02415,KMB-C02415,0,True,SIMULATED enrolment,2026-01-01
KMB-L02416,KMB-C02416,0,False,SIMULATED enrolment,2026-01-01
KMB-L02417,KMB-C02417,0,True,SIMULATED enrolment,2026-01-01
KMB-L02418,KMB-C02418,0,True,SIMULATED enrolment,2026-01-01
KMB-L02419,KMB-C02419,0,True,SIMULATED enrolment,2026-01-01
KMB-L02420,KMB-C02420,0,False,SIMULATED enrolment,2026-01-01
KMB-L02421,KMB-C02421,0,True,SIMULATED enrolment,2026-01-01
KMB-L02422,KMB-C02422,0,True,SIMULATED enrolment,2026-01-01
KMB-L02423,KMB-C02423,0,True,SIMULATED enrolment,2026-01-01
KMB-L02424,KMB-C02424,0,False,SIMULATED enrolment,2026-01-01
KMB-L02425,KMB-C02425,0,True,SIMULATED enrolment,2026-01-01
KMB-L02426,KMB-C02426,0,True,SIMULATED enrolment,2026-01-01
KMB-L02427,KMB-C02427,0,True,SIMULATED enrolment,2026-01-01
KMB-L02428,KMB-C02428,0,False,SIMULATED enrolment,2026-01-01
KMB-L02429,KMB-C02429,0,True,SIMULATED enrolment,2026-01-01
KMB-L02430,KMB-C02430,0,True,SIMULATED enrolment,2026-01-01
KMB-L02431,KMB-C02431,0,True,SIMULATED enrolment,2026-01-01
KMB-L02432,KMB-C02432,0,False,SIMULATED enrolment,2026-01-01
KMB-L02433,KMB-C02433,0,True,SIMULATED enrolment,2026-01-01
KMB-L02434,KMB-C02434,0,True,SIMULATED enrolment,2026-01-01
KMB-L02435,KMB-C02435,0,True,SIMULATED enrolment,2026-01-01
KMB-L02436,KMB-C02436,0,False,SIMULATED enrolment,2026-01-01
KMB-L02437,KMB-C02437,0,True,SIMULATED enrolment,2026-01-01
KMB-L02438,KMB-C02438,0,True,SIMULATED enrolment,2026-01-01
KMB-L02439,KMB-C02439,0,True,SIMULATED enrolment,2026-01-01
KMB-L02440,KMB-C02440,0,False,SIMULATED enrolment,2026-01-01
KMB-L02441,KMB-C02441,0,True,SIMULATED enrolment,2026-01-01
KMB-L02442,KMB-C02442,0,True,SIMULATED enrolment,2026-01-01
KMB-L02443,KMB-C02443,0,True,SIMULATED enrolment,2026-01-01
KMB-L02444,KMB-C02444,0,False,SIMULATED enrolment,2026-01-01
KMB-L02445,KMB-C02445,0,True,SIMULATED enrolment,2026-01-01
KMB-L02446,KMB-C02446,0,True,SIMULATED enrolment,2026-01-01
KMB-L02447,KMB-C02447,0,True,SIMULATED enrolment,2026-01-01
KMB-L02448,KMB-C02448,0,False,SIMULATED enrolment,2026-01-01
KMB-L02449,KMB-C02449,0,True,SIMULATED enrolment,2026-01-01
KMB-L02450,KMB-C02450,0,True,SIMULATED enrolment,2026-01-01
KMB-L02451,KMB-C02451,0,True,SIMULATED enrolment,2026-01-01
KMB-L02452,KMB-C02452,0,False,SIMULATED enrolment,2026-01-01
KMB-L02453,KMB-C02453,0,True,SIMULATED enrolment,2026-01-01
KMB-L02454,KMB-C02454,0,True,SIMULATED enrolment,2026-01-01
KMB-L02455,KMB-C02455,0,True,SIMULATED enrolment,2026-01-01
KMB-L02456,KMB-C02456,0,False,SIMULATED enrolment,2026-01-01
KMB-L02457,KMB-C02457,0,True,SIMULATED enrolment,2026-01-01
KMB-L02458,KMB-C02458,0,True,SIMULATED enrolment,2026-01-01
KMB-L02459,KMB-C02459,0,True,SIMULATED enrolment,2026-01-01
KMB-L02460,KMB-C02460,0,False,SIMULATED enrolment,2026-01-01
KMB-L02461,KMB-C02461,0,True,SIMULATED enrolment,2026-01-01
KMB-L02462,KMB-C02462,0,True,SIMULATED enrolment,2026-01-01
KMB-L02463,KMB-C02463,0,True,SIMULATED enrolment,2026-01-01
KMB-L02464,KMB-C02464,0,False,SIMULATED enrolment,2026-01-01
KMB-L02465,KMB-C02465,0,True,SIMULATED enrolment,2026-01-01
KMB-L02466,KMB-C02466,0,True,SIMULATED enrolment,2026-01-01
KMB-L02467,KMB-C02467,0,True,SIMULATED enrolment,2026-01-01
KMB-L02468,KMB-C02468,0,False,SIMULATED enrolment,2026-01-01
KMB-L02469,KMB-C02469,0,True,SIMULATED enrolment,2026-01-01
KMB-L02470,KMB-C02470,0,True,SIMULATED enrolment,2026-01-01
KMB-L02471,KMB-C02471,0,True,SIMULATED enrolment,2026-01-01
KMB-L02472,KMB-C02472,0,False,SIMULATED enrolment,2026-01-01
KMB-L02473,KMB-C02473,0,True,SIMULATED enrolment,2026-01-01
KMB-L02474,KMB-C02474,0,True,SIMULATED enrolment,2026-01-01
KMB-L02475,KMB-C02475,0,True,SIMULATED enrolment,2026-01-01
KMB-L02476,KMB-C02476,0,False,SIMULATED enrolment,2026-01-01
KMB-L02477,KMB-C02477,0,True,SIMULATED enrolment,2026-01-01
KMB-L02478,KMB-C02478,0,True,SIMULATED enrolment,2026-01-01
KMB-L02479,KMB-C02479,0,True,SIMULATED enrolment,2026-01-01
KMB-L02480,KMB-C02480,0,False,SIMULATED enrolment,2026-01-01
KMB-L02481,KMB-C02481,0,True,SIMULATED enrolment,2026-01-01
KMB-L02482,KMB-C02482,0,True,SIMULATED enrolment,2026-01-01
KMB-L02483,KMB-C02483,0,True,SIMULATED enrolment,2026-01-01
KMB-L02484,KMB-C02484,0,False,SIMULATED enrolment,2026-01-01
KMB-L02485,KMB-C02485,0,True,SIMULATED enrolment,2026-01-01
KMB-L02486,KMB-C02486,0,True,SIMULATED enrolment,2026-01-01
KMB-L02487,KMB-C02487,0,True,SIMULATED enrolment,2026-01-01
KMB-L02488,KMB-C02488,0,False,SIMULATED enrolment,2026-01-01
KMB-L02489,KMB-C02489,0,True,SIMULATED enrolment,2026-01-01
KMB-L02490,KMB-C02490,0,True,SIMULATED enrolment,2026-01-01
KMB-L02491,KMB-C02491,0,True,SIMULATED enrolment,2026-01-01
KMB-L02492,KMB-C02492,0,False,SIMULATED enrolment,2026-01-01
KMB-L02493,KMB-C02493,0,True,SIMULATED enrolment,2026-01-01
KMB-L02494,KMB-C02494,0,True,SIMULATED enrolment,2026-01-01
KMB-L02495,KMB-C02495,0,True,SIMULATED enrolment,2026-01-01
KMB-L02496,KMB-C02496,0,False,SIMULATED enrolment,2026-01-01
KMB-L02497,KMB-C02497,0,True,SIMULATED enrolment,2026-01-01
KMB-L02498,KMB-C02498,0,True,SIMULATED enrolment,2026-01-01
KMB-L02499,KMB-C02499,0,True,SIMULATED enrolment,2026-01-01
KMB-L02500,KMB-C02500,0,False,SIMULATED enrolment,2026-01-01
KMB-L02501,KMB-C02501,0,True,SIMULATED enrolment,2026-01-01
KMB-L02502,KMB-C02502,0,True,SIMULATED enrolment,2026-01-01
KMB-L02503,KMB-C02503,0,True,SIMULATED enrolment,2026-01-01
KMB-L02504,KMB-C02504,0,False,SIMULATED enrolment,2026-01-01
KMB-L02505,KMB-C02505,0,True,SIMULATED enrolment,2026-01-01
KMB-L02506,KMB-C02506,0,True,SIMULATED enrolment,2026-01-01
KMB-L02507,KMB-C02507,0,True,SIMULATED enrolment,2026-01-01
KMB-L02508,KMB-C02508,0,False,SIMULATED enrolment,2026-01-01
KMB-L02509,KMB-C02509,0,True,SIMULATED enrolment,2026-01-01
KMB-L02510,KMB-C02510,0,True,SIMULATED enrolment,2026-01-01
KMB-L02511,KMB-C02511,0,True,SIMULATED enrolment,2026-01-01
KMB-L02512,KMB-C02512,0,False,SIMULATED enrolment,2026-01-01
KMB-L02513,KMB-C02513,0,True,SIMULATED enrolment,2026-01-01
KMB-L02514,KMB-C02514,0,True,SIMULATED enrolment,2026-01-01
KMB-L02515,KMB-C02515,0,True,SIMULATED enrolment,2026-01-01
KMB-L02516,KMB-C02516,0,False,SIMULATED enrolment,2026-01-01
KMB-L02517,KMB-C02517,0,True,SIMULATED enrolment,2026-01-01
KMB-L02518,KMB-C02518,0,True,SIMULATED enrolment,2026-01-01
KMB-L02519,KMB-C02519,0,True,SIMULATED enrolment,2026-01-01
KMB-L02520,KMB-C02520,0,False,SIMULATED enrolment,2026-01-01
KMB-L02521,KMB-C02521,0,True,SIMULATED enrolment,2026-01-01
KMB-L02522,KMB-C02522,0,True,SIMULATED enrolment,2026-01-01
KMB-L02523,KMB-C02523,0,True,SIMULATED enrolment,2026-01-01
KMB-L02524,KMB-C02524,0,False,SIMULATED enrolment,2026-01-01
KMB-L02525,KMB-C02525,0,True,SIMULATED enrolment,2026-01-01
KMB-L02526,KMB-C02526,0,True,SIMULATED enrolment,2026-01-01
KMB-L02527,KMB-C02527,0,True,SIMULATED enrolment,2026-01-01
KMB-L02528,KMB-C02528,0,False,SIMULATED enrolment,2026-01-01
KMB-L02529,KMB-C02529,0,True,SIMULATED enrolment,2026-01-01
KMB-L02530,KMB-C02530,0,True,SIMULATED enrolment,2026-01-01
KMB-L02531,KMB-C02531,0,True,SIMULATED enrolment,2026-01-01
KMB-L02532,KMB-C02532,0,False,SIMULATED enrolment,2026-01-01
KMB-L02533,KMB-C02533,0,True,SIMULATED enrolment,2026-01-01
KMB-L02534,KMB-C02534,0,True,SIMULATED enrolment,2026-01-01
KMB-L02535,KMB-C02535,0,True,SIMULATED enrolment,2026-01-01
KMB-L02536,KMB-C02536,0,False,SIMULATED enrolment,2026-01-01
KMB-L02537,KMB-C02537,0,True,SIMULATED enrolment,2026-01-01
KMB-L02538,KMB-C02538,0,True,SIMULATED enrolment,2026-01-01
KMB-L02539,KMB-C02539,0,True,SIMULATED enrolment,2026-01-01
KMB-L02540,KMB-C02540,0,False,SIMULATED enrolment,2026-01-01
KMB-L02541,KMB-C02541,0,True,SIMULATED enrolment,2026-01-01
KMB-L02542,KMB-C02542,0,True,SIMULATED enrolment,2026-01-01
KMB-L02543,KMB-C02543,0,True,SIMULATED enrolment,2026-01-01
KMB-L02544,KMB-C02544,0,False,SIMULATED enrolment,2026-01-01
KMB-L02545,KMB-C02545,0,True,SIMULATED enrolment,2026-01-01
KMB-L02546,KMB-C02546,0,True,SIMULATED enrolment,2026-01-01
KMB-L02547,KMB-C02547,0,True,SIMULATED enrolment,2026-01-01
KMB-L02548,KMB-C02548,0,False,SIMULATED enrolment,2026-01-01
KMB-L02549,KMB-C02549,0,True,SIMULATED enrolment,2026-01-01
KMB-L02550,KMB-C02550,0,True,SIMULATED enrolment,2026-01-01
KMB-L02551,KMB-C02551,0,True,SIMULATED enrolment,2026-01-01
KMB-L02552,KMB-C02552,0,False,SIMULATED enrolment,2026-01-01
KMB-L02553,KMB-C02553,0,True,SIMULATED enrolment,2026-01-01
KMB-L02554,KMB-C02554,0,True,SIMULATED enrolment,2026-01-01
KMB-L02555,KMB-C02555,0,True,SIMULATED enrolment,2026-01-01
KMB-L02556,KMB-C02556,0,False,SIMULATED enrolment,2026-01-01
KMB-L02557,KMB-C02557,0,True,SIMULATED enrolment,2026-01-01
KMB-L02558,KMB-C02558,0,True,SIMULATED enrolment,2026-01-01
KMB-L02559,KMB-C02559,0,True,SIMULATED enrolment,2026-01-01
KMB-L02560,KMB-C02560,0,False,SIMULATED enrolment,2026-01-01
KMB-L02561,KMB-C02561,0,True,SIMULATED enrolment,2026-01-01
KMB-L02562,KMB-C02562,0,True,SIMULATED enrolment,2026-01-01
KMB-L02563,KMB-C02563,0,True,SIMULATED enrolment,2026-01-01
KMB-L02564,KMB-C02564,0,False,SIMULATED enrolment,2026-01-01
KMB-L02565,KMB-C02565,0,True,SIMULATED enrolment,2026-01-01
KMB-L02566,KMB-C02566,0,True,SIMULATED enrolment,2026-01-01
KMB-L02567,KMB-C02567,0,True,SIMULATED enrolment,2026-01-01
KMB-L02568,KMB-C02568,0,False,SIMULATED enrolment,2026-01-01
KMB-L02569,KMB-C02569,0,True,SIMULATED enrolment,2026-01-01
KMB-L02570,KMB-C02570,0,True,SIMULATED enrolment,2026-01-01
KMB-L02571,KMB-C02571,0,True,SIMULATED enrolment,2026-01-01
KMB-L02572,KMB-C02572,0,False,SIMULATED enrolment,2026-01-01
KMB-L02573,KMB-C02573,0,True,SIMULATED enrolment,2026-01-01
KMB-L02574,KMB-C02574,0,True,SIMULATED enrolment,2026-01-01
KMB-L02575,KMB-C02575,0,True,SIMULATED enrolment,2026-01-01
KMB-L02576,KMB-C02576,0,False,SIMULATED enrolment,2026-01-01
KMB-L02577,KMB-C02577,0,True,SIMULATED enrolment,2026-01-01
KMB-L02578,KMB-C02578,0,True,SIMULATED enrolment,2026-01-01
KMB-L02579,KMB-C02579,0,True,SIMULATED enrolment,2026-01-01
KMB-L02580,KMB-C02580,0,False,SIMULATED enrolment,2026-01-01
KMB-L02581,KMB-C02581,0,True,SIMULATED enrolment,2026-01-01
KMB-L02582,KMB-C02582,0,True,SIMULATED enrolment,2026-01-01
KMB-L02583,KMB-C02583,0,True,SIMULATED enrolment,2026-01-01
KMB-L02584,KMB-C02584,0,False,SIMULATED enrolment,2026-01-01
KMB-L02585,KMB-C02585,0,True,SIMULATED enrolment,2026-01-01
KMB-L02586,KMB-C02586,0,True,SIMULATED enrolment,2026-01-01
KMB-L02587,KMB-C02587,0,True,SIMULATED enrolment,2026-01-01
KMB-L02588,KMB-C02588,0,False,SIMULATED enrolment,2026-01-01
KMB-L02589,KMB-C02589,0,True,SIMULATED enrolment,2026-01-01
KMB-L02590,KMB-C02590,0,True,SIMULATED enrolment,2026-01-01
KMB-L02591,KMB-C02591,0,True,SIMULATED enrolment,2026-01-01
KMB-L02592,KMB-C02592,0,False,SIMULATED enrolment,2026-01-01
KMB-L02593,KMB-C02593,0,True,SIMULATED enrolment,2026-01-01
KMB-L02594,KMB-C02594,0,True,SIMULATED enrolment,2026-01-01
KMB-L02595,KMB-C02595,0,True,SIMULATED enrolment,2026-01-01
KMB-L02596,KMB-C02596,0,False,SIMULATED enrolment,2026-01-01
KMB-L02597,KMB-C02597,0,True,SIMULATED enrolment,2026-01-01
KMB-L02598,KMB-C02598,0,True,SIMULATED enrolment,2026-01-01
KMB-L02599,KMB-C02599,0,True,SIMULATED enrolment,2026-01-01
KMB-L02600,KMB-C02600,0,False,SIMULATED enrolment,2026-01-01
KMB-L02601,KMB-C02601,0,True,SIMULATED enrolment,2026-01-01
KMB-L02602,KMB-C02602,0,True,SIMULATED enrolment,2026-01-01
KMB-L02603,KMB-C02603,0,True,SIMULATED enrolment,2026-01-01
KMB-L02604,KMB-C02604,0,False,SIMULATED enrolment,2026-01-01
KMB-L02605,KMB-C02605,0,True,SIMULATED enrolment,2026-01-01
KMB-L02606,KMB-C02606,0,True,SIMULATED enrolment,2026-01-01
KMB-L02607,KMB-C02607,0,True,SIMULATED enrolment,2026-01-01
KMB-L02608,KMB-C02608,0,False,SIMULATED enrolment,2026-01-01
KMB-L02609,KMB-C02609,0,True,SIMULATED enrolment,2026-01-01
KMB-L02610,KMB-C02610,0,True,SIMULATED enrolment,2026-01-01
KMB-L02611,KMB-C02611,0,True,SIMULATED enrolment,2026-01-01
KMB-L02612,KMB-C02612,0,False,SIMULATED enrolment,2026-01-01
KMB-L02613,KMB-C02613,0,True,SIMULATED enrolment,2026-01-01
KMB-L02614,KMB-C02614,0,True,SIMULATED enrolment,2026-01-01
KMB-L02615,KMB-C02615,0,True,SIMULATED enrolment,2026-01-01
KMB-L02616,KMB-C02616,0,False,SIMULATED enrolment,2026-01-01
KMB-L02617,KMB-C02617,0,True,SIMULATED enrolment,2026-01-01
KMB-L02618,KMB-C02618,0,True,SIMULATED enrolment,2026-01-01
KMB-L02619,KMB-C02619,0,True,SIMULATED enrolment,2026-01-01
KMB-L02620,KMB-C02620,0,False,SIMULATED enrolment,2026-01-01
KMB-L02621,KMB-C02621,0,True,SIMULATED enrolment,2026-01-01
KMB-L02622,KMB-C02622,0,True,SIMULATED enrolment,2026-01-01
KMB-L02623,KMB-C02623,0,True,SIMULATED enrolment,2026-01-01
KMB-L02624,KMB-C02624,0,False,SIMULATED enrolment,2026-01-01
KMB-L02625,KMB-C02625,0,True,SIMULATED enrolment,2026-01-01
KMB-L02626,KMB-C02626,0,True,SIMULATED enrolment,2026-01-01
KMB-L02627,KMB-C02627,0,True,SIMULATED enrolment,2026-01-01
KMB-L02628,KMB-C02628,0,False,SIMULATED enrolment,2026-01-01
KMB-L02629,KMB-C02629,0,True,SIMULATED enrolment,2026-01-01
KMB-L02630,KMB-C02630,0,True,SIMULATED enrolment,2026-01-01
KMB-L02631,KMB-C02631,0,True,SIMULATED enrolment,2026-01-01
KMB-L02632,KMB-C02632,0,False,SIMULATED enrolment,2026-01-01
KMB-L02633,KMB-C02633,0,True,SIMULATED enrolment,2026-01-01
KMB-L02634,KMB-C02634,0,True,SIMULATED enrolment,2026-01-01
KMB-L02635,KMB-C02635,0,True,SIMULATED enrolment,2026-01-01
KMB-L02636,KMB-C02636,0,False,SIMULATED enrolment,2026-01-01
KMB-L02637,KMB-C02637,0,True,SIMULATED enrolment,2026-01-01
KMB-L02638,KMB-C02638,0,True,SIMULATED enrolment,2026-01-01
KMB-L02639,KMB-C02639,0,True,SIMULATED enrolment,2026-01-01
KMB-L02640,KMB-C02640,0,False,SIMULATED enrolment,2026-01-01
KMB-L02641,KMB-C02641,0,True,SIMULATED enrolment,2026-01-01
KMB-L02642,KMB-C02642,0,True,SIMULATED enrolment,2026-01-01
KMB-L02643,KMB-C02643,0,True,SIMULATED enrolment,2026-01-01
KMB-L02644,KMB-C02644,0,False,SIMULATED enrolment,2026-01-01
KMB-L02645,KMB-C02645,0,True,SIMULATED enrolment,2026-01-01
KMB-L02646,KMB-C02646,0,True,SIMULATED enrolment,2026-01-01
KMB-L02647,KMB-C02647,0,True,SIMULATED enrolment,2026-01-01
KMB-L02648,KMB-C02648,0,False,SIMULATED enrolment,2026-01-01
KMB-L02649,KMB-C02649,0,True,SIMULATED enrolment,2026-01-01
KMB-L02650,KMB-C02650,0,True,SIMULATED enrolment,2026-01-01
KMB-L02651,KMB-C02651,0,True,SIMULATED enrolment,2026-01-01
KMB-L02652,KMB-C02652,0,False,SIMULATED enrolment,2026-01-01
KMB-L02653,KMB-C02653,0,True,SIMULATED enrolment,2026-01-01
KMB-L02654,KMB-C02654,0,True,SIMULATED enrolment,2026-01-01
KMB-L02655,KMB-C02655,0,True,SIMULATED enrolment,2026-01-01
KMB-L02656,KMB-C02656,0,False,SIMULATED enrolment,2026-01-01
KMB-L02657,KMB-C02657,0,True,SIMULATED enrolment,2026-01-01
KMB-L02658,KMB-C02658,0,True,SIMULATED enrolment,2026-01-01
KMB-L02659,KMB-C02659,0,True,SIMULATED enrolment,2026-01-01
KMB-L02660,KMB-C02660,0,False,SIMULATED enrolment,2026-01-01
KMB-L02661,KMB-C02661,0,True,SIMULATED enrolment,2026-01-01
KMB-L02662,KMB-C02662,0,True,SIMULATED enrolment,2026-01-01
KMB-L02663,KMB-C02663,0,True,SIMULATED enrolment,2026-01-01
KMB-L02664,KMB-C02664,0,False,SIMULATED enrolment,2026-01-01
KMB-L02665,KMB-C02665,0,True,SIMULATED enrolment,2026-01-01
KMB-L02666,KMB-C02666,0,True,SIMULATED enrolment,2026-01-01
KMB-L02667,KMB-C02667,0,True,SIMULATED enrolment,2026-01-01
KMB-L02668,KMB-C02668,0,False,SIMULATED enrolment,2026-01-01
KMB-L02669,KMB-C02669,0,True,SIMULATED enrolment,2026-01-01
KMB-L02670,KMB-C02670,0,True,SIMULATED enrolment,2026-01-01
KMB-L02671,KMB-C02671,0,True,SIMULATED enrolment,2026-01-01
KMB-L02672,KMB-C02672,0,False,SIMULATED enrolment,2026-01-01
KMB-L02673,KMB-C02673,0,True,SIMULATED enrolment,2026-01-01
KMB-L02674,KMB-C02674,0,True,SIMULATED enrolment,2026-01-01
KMB-L02675,KMB-C02675,0,True,SIMULATED enrolment,2026-01-01
KMB-L02676,KMB-C02676,0,False,SIMULATED enrolment,2026-01-01
KMB-L02677,KMB-C02677,0,True,SIMULATED enrolment,2026-01-01
KMB-L02678,KMB-C02678,0,True,SIMULATED enrolment,2026-01-01
KMB-L02679,KMB-C02679,0,True,SIMULATED enrolment,2026-01-01
KMB-L02680,KMB-C02680,0,False,SIMULATED enrolment,2026-01-01
KMB-L02681,KMB-C02681,0,True,SIMULATED enrolment,2026-01-01
KMB-L02682,KMB-C02682,0,True,SIMULATED enrolment,2026-01-01
KMB-L02683,KMB-C02683,0,True,SIMULATED enrolment,2026-01-01
KMB-L02684,KMB-C02684,0,False,SIMULATED enrolment,2026-01-01
KMB-L02685,KMB-C02685,0,True,SIMULATED enrolment,2026-01-01
KMB-L02686,KMB-C02686,0,True,SIMULATED enrolment,2026-01-01
KMB-L02687,KMB-C02687,0,True,SIMULATED enrolment,2026-01-01
KMB-L02688,KMB-C02688,0,False,SIMULATED enrolment,2026-01-01
KMB-L02689,KMB-C02689,0,True,SIMULATED enrolment,2026-01-01
KMB-L02690,KMB-C02690,0,True,SIMULATED enrolment,2026-01-01
KMB-L02691,KMB-C02691,0,True,SIMULATED enrolment,2026-01-01
KMB-L02692,KMB-C02692,0,False,SIMULATED enrolment,2026-01-01
KMB-L02693,KMB-C02693,0,True,SIMULATED enrolment,2026-01-01
KMB-L02694,KMB-C02694,0,True,SIMULATED enrolment,2026-01-01
KMB-L02695,KMB-C02695,0,True,SIMULATED enrolment,2026-01-01
KMB-L02696,KMB-C02696,0,False,SIMULATED enrolment,2026-01-01
KMB-L02697,KMB-C02697,0,True,SIMULATED enrolment,2026-01-01
KMB-L02698,KMB-C02698,0,True,SIMULATED enrolment,2026-01-01
KMB-L02699,KMB-C02699,0,True,SIMULATED enrolment,2026-01-01
KMB-L02700,KMB-C02700,0,False,SIMULATED enrolment,2026-01-01
KMB-L02701,KMB-C02701,0,True,SIMULATED enrolment,2026-01-01
KMB-L02702,KMB-C02702,0,True,SIMULATED enrolment,2026-01-01
KMB-L02703,KMB-C02703,0,True,SIMULATED enrolment,2026-01-01
KMB-L02704,KMB-C02704,0,False,SIMULATED enrolment,2026-01-01
KMB-L02705,KMB-C02705,0,True,SIMULATED enrolment,2026-01-01
KMB-L02706,KMB-C02706,0,True,SIMULATED enrolment,2026-01-01
KMB-L02707,KMB-C02707,0,True,SIMULATED enrolment,2026-01-01
KMB-L02708,KMB-C02708,0,False,SIMULATED enrolment,2026-01-01
KMB-L02709,KMB-C02709,0,True,SIMULATED enrolment,2026-01-01
KMB-L02710,KMB-C02710,0,True,SIMULATED enrolment,2026-01-01
KMB-L02711,KMB-C02711,0,True,SIMULATED enrolment,2026-01-01
KMB-L02712,KMB-C02712,0,False,SIMULATED enrolment,2026-01-01
KMB-L02713,KMB-C02713,0,True,SIMULATED enrolment,2026-01-01
KMB-L02714,KMB-C02714,0,True,SIMULATED enrolment,2026-01-01
KMB-L02715,KMB-C02715,0,True,SIMULATED enrolment,2026-01-01
KMB-L02716,KMB-C02716,0,False,SIMULATED enrolment,2026-01-01
KMB-L02717,KMB-C02717,0,True,SIMULATED enrolment,2026-01-01
KMB-L02718,KMB-C02718,0,True,SIMULATED enrolment,2026-01-01
KMB-L02719,KMB-C02719,0,True,SIMULATED enrolment,2026-01-01
KMB-L02720,KMB-C02720,0,False,SIMULATED enrolment,2026-01-01
KMB-L02721,KMB-C02721,0,True,SIMULATED enrolment,2026-01-01
KMB-L02722,KMB-C02722,0,True,SIMULATED enrolment,2026-01-01
KMB-L02723,KMB-C02723,0,True,SIMULATED enrolment,2026-01-01
KMB-L02724,KMB-C02724,0,False,SIMULATED enrolment,2026-01-01
KMB-L02725,KMB-C02725,0,True,SIMULATED enrolment,2026-01-01
KMB-L02726,KMB-C02726,0,True,SIMULATED enrolment,2026-01-01
KMB-L02727,KMB-C02727,0,True,SIMULATED enrolment,2026-01-01
KMB-L02728,KMB-C02728,0,False,SIMULATED enrolment,2026-01-01
KMB-L02729,KMB-C02729,0,True,SIMULATED enrolment,2026-01-01
KMB-L02730,KMB-C02730,0,True,SIMULATED enrolment,2026-01-01
KMB-L02731,KMB-C02731,0,True,SIMULATED enrolment,2026-01-01
KMB-L02732,KMB-C02732,0,False,SIMULATED enrolment,2026-01-01
KMB-L02733,KMB-C02733,0,True,SIMULATED enrolment,2026-01-01
KMB-L02734,KMB-C02734,0,True,SIMULATED enrolment,2026-01-01
KMB-L02735,KMB-C02735,0,True,SIMULATED enrolment,2026-01-01
KMB-L02736,KMB-C02736,0,False,SIMULATED enrolment,2026-01-01
KMB-L02737,KMB-C02737,0,True,SIMULATED enrolment,2026-01-01
KMB-L02738,KMB-C02738,0,True,SIMULATED enrolment,2026-01-01
KMB-L02739,KMB-C02739,0,True,SIMULATED enrolment,2026-01-01
KMB-L02740,KMB-C02740,0,False,SIMULATED enrolment,2026-01-01
KMB-L02741,KMB-C02741,0,True,SIMULATED enrolment,2026-01-01
KMB-L02742,KMB-C02742,0,True,SIMULATED enrolment,2026-01-01
KMB-L02743,KMB-C02743,0,True,SIMULATED enrolment,2026-01-01
KMB-L02744,KMB-C02744,0,False,SIMULATED enrolment,2026-01-01
KMB-L02745,KMB-C02745,0,True,SIMULATED enrolment,2026-01-01
KMB-L02746,KMB-C02746,0,True,SIMULATED enrolment,2026-01-01
KMB-L02747,KMB-C02747,0,True,SIMULATED enrolment,2026-01-01
KMB-L02748,KMB-C02748,0,False,SIMULATED enrolment,2026-01-01
KMB-L02749,KMB-C02749,0,True,SIMULATED enrolment,2026-01-01
KMB-L02750,KMB-C02750,0,True,SIMULATED enrolment,2026-01-01
KMB-L02751,KMB-C02751,0,True,SIMULATED enrolment,2026-01-01
KMB-L02752,KMB-C02752,0,False,SIMULATED enrolment,2026-01-01
KMB-L02753,KMB-C02753,0,True,SIMULATED enrolment,2026-01-01
KMB-L02754,KMB-C02754,0,True,SIMULATED enrolment,2026-01-01
KMB-L02755,KMB-C02755,0,True,SIMULATED enrolment,2026-01-01
KMB-L02756,KMB-C02756,0,False,SIMULATED enrolment,2026-01-01
KMB-L02757,KMB-C02757,0,True,SIMULATED enrolment,2026-01-01
KMB-L02758,KMB-C02758,0,True,SIMULATED enrolment,2026-01-01
KMB-L02759,KMB-C02759,0,True,SIMULATED enrolment,2026-01-01
KMB-L02760,KMB-C02760,0,False,SIMULATED enrolment,2026-01-01
KMB-L02761,KMB-C02761,0,True,SIMULATED enrolment,2026-01-01
KMB-L02762,KMB-C02762,0,True,SIMULATED enrolment,2026-01-01
KMB-L02763,KMB-C02763,0,True,SIMULATED enrolment,2026-01-01
KMB-L02764,KMB-C02764,0,False,SIMULATED enrolment,2026-01-01
KMB-L02765,KMB-C02765,0,True,SIMULATED enrolment,2026-01-01
KMB-L02766,KMB-C02766,0,True,SIMULATED enrolment,2026-01-01
KMB-L02767,KMB-C02767,0,True,SIMULATED enrolment,2026-01-01
KMB-L02768,KMB-C02768,0,False,SIMULATED enrolment,2026-01-01
KMB-L02769,KMB-C02769,0,True,SIMULATED enrolment,2026-01-01
KMB-L02770,KMB-C02770,0,True,SIMULATED enrolment,2026-01-01
KMB-L02771,KMB-C02771,0,True,SIMULATED enrolment,2026-01-01
KMB-L02772,KMB-C02772,0,False,SIMULATED enrolment,2026-01-01
KMB-L02773,KMB-C02773,0,True,SIMULATED enrolment,2026-01-01
KMB-L02774,KMB-C02774,0,True,SIMULATED enrolment,2026-01-01
KMB-L02775,KMB-C02775,0,True,SIMULATED enrolment,2026-01-01
KMB-L02776,KMB-C02776,0,False,SIMULATED enrolment,2026-01-01
KMB-L02777,KMB-C02777,0,True,SIMULATED enrolment,2026-01-01
KMB-L02778,KMB-C02778,0,True,SIMULATED enrolment,2026-01-01
KMB-L02779,KMB-C02779,0,True,SIMULATED enrolment,2026-01-01
KMB-L02780,KMB-C02780,0,False,SIMULATED enrolment,2026-01-01
KMB-L02781,KMB-C02781,0,True,SIMULATED enrolment,2026-01-01
KMB-L02782,KMB-C02782,0,True,SIMULATED enrolment,2026-01-01
KMB-L02783,KMB-C02783,0,True,SIMULATED enrolment,2026-01-01
KMB-L02784,KMB-C02784,0,False,SIMULATED enrolment,2026-01-01
KMB-L02785,KMB-C02785,0,True,SIMULATED enrolment,2026-01-01
KMB-L02786,KMB-C02786,0,True,SIMULATED enrolment,2026-01-01
KMB-L02787,KMB-C02787,0,True,SIMULATED enrolment,2026-01-01
KMB-L02788,KMB-C02788,0,False,SIMULATED enrolment,2026-01-01
KMB-L02789,KMB-C02789,0,True,SIMULATED enrolment,2026-01-01
KMB-L02790,KMB-C02790,0,True,SIMULATED enrolment,2026-01-01
KMB-L02791,KMB-C02791,0,True,SIMULATED enrolment,2026-01-01
KMB-L02792,KMB-C02792,0,False,SIMULATED enrolment,2026-01-01
KMB-L02793,KMB-C02793,0,True,SIMULATED enrolment,2026-01-01
KMB-L02794,KMB-C02794,0,True,SIMULATED enrolment,2026-01-01
KMB-L02795,KMB-C02795,0,True,SIMULATED enrolment,2026-01-01
KMB-L02796,KMB-C02796,0,False,SIMULATED enrolment,2026-01-01
KMB-L02797,KMB-C02797,0,True,SIMULATED enrolment,2026-01-01
KMB-L02798,KMB-C02798,0,True,SIMULATED enrolment,2026-01-01
KMB-L02799,KMB-C02799,0,True,SIMULATED enrolment,2026-01-01
KMB-L02800,KMB-C02800,0,False,SIMULATED enrolment,2026-01-01
KMB-L02801,KMB-C02801,0,True,SIMULATED enrolment,2026-01-01
KMB-L02802,KMB-C02802,0,True,SIMULATED enrolment,2026-01-01
KMB-L02803,KMB-C02803,0,True,SIMULATED enrolment,2026-01-01
KMB-L02804,KMB-C02804,0,False,SIMULATED enrolment,2026-01-01
KMB-L02805,KMB-C02805,0,True,SIMULATED enrolment,2026-01-01
KMB-L02806,KMB-C02806,0,True,SIMULATED enrolment,2026-01-01
KMB-L02807,KMB-C02807,0,True,SIMULATED enrolment,2026-01-01
KMB-L02808,KMB-C02808,0,False,SIMULATED enrolment,2026-01-01
KMB-L02809,KMB-C02809,0,True,SIMULATED enrolment,2026-01-01
KMB-L02810,KMB-C02810,0,True,SIMULATED enrolment,2026-01-01
KMB-L02811,KMB-C02811,0,True,SIMULATED enrolment,2026-01-01
KMB-L02812,KMB-C02812,0,False,SIMULATED enrolment,2026-01-01
KMB-L02813,KMB-C02813,0,True,SIMULATED enrolment,2026-01-01
KMB-L02814,KMB-C02814,0,True,SIMULATED enrolment,2026-01-01
KMB-L02815,KMB-C02815,0,True,SIMULATED enrolment,2026-01-01
KMB-L02816,KMB-C02816,0,False,SIMULATED enrolment,2026-01-01
KMB-L02817,KMB-C02817,0,True,SIMULATED enrolment,2026-01-01
KMB-L02818,KMB-C02818,0,True,SIMULATED enrolment,2026-01-01
KMB-L02819,KMB-C02819,0,True,SIMULATED enrolment,2026-01-01
KMB-L02820,KMB-C02820,0,False,SIMULATED enrolment,2026-01-01
KMB-L02821,KMB-C02821,0,True,SIMULATED enrolment,2026-01-01
KMB-L02822,KMB-C02822,0,True,SIMULATED enrolment,2026-01-01
KMB-L02823,KMB-C02823,0,True,SIMULATED enrolment,2026-01-01
KMB-L02824,KMB-C02824,0,False,SIMULATED enrolment,2026-01-01
KMB-L02825,KMB-C02825,0,True,SIMULATED enrolment,2026-01-01
KMB-L02826,KMB-C02826,0,True,SIMULATED enrolment,2026-01-01
KMB-L02827,KMB-C02827,0,True,SIMULATED enrolment,2026-01-01
KMB-L02828,KMB-C02828,0,False,SIMULATED enrolment,2026-01-01
KMB-L02829,KMB-C02829,0,True,SIMULATED enrolment,2026-01-01
KMB-L02830,KMB-C02830,0,True,SIMULATED enrolment,2026-01-01
KMB-L02831,KMB-C02831,0,True,SIMULATED enrolment,2026-01-01
KMB-L02832,KMB-C02832,0,False,SIMULATED enrolment,2026-01-01
KMB-L02833,KMB-C02833,0,True,SIMULATED enrolment,2026-01-01
KMB-L02834,KMB-C02834,0,True,SIMULATED enrolment,2026-01-01
KMB-L02835,KMB-C02835,0,True,SIMULATED enrolment,2026-01-01
KMB-L02836,KMB-C02836,0,False,SIMULATED enrolment,2026-01-01
KMB-L02837,KMB-C02837,0,True,SIMULATED enrolment,2026-01-01
KMB-L02838,KMB-C02838,0,True,SIMULATED enrolment,2026-01-01
KMB-L02839,KMB-C02839,0,True,SIMULATED enrolment,2026-01-01
KMB-L02840,KMB-C02840,0,False,SIMULATED enrolment,2026-01-01
KMB-L02841,KMB-C02841,0,True,SIMULATED enrolment,2026-01-01
KMB-L02842,KMB-C02842,0,True,SIMULATED enrolment,2026-01-01
KMB-L02843,KMB-C02843,0,True,SIMULATED enrolment,2026-01-01
KMB-L02844,KMB-C02844,0,False,SIMULATED enrolment,2026-01-01
KMB-L02845,KMB-C02845,0,True,SIMULATED enrolment,2026-01-01
KMB-L02846,KMB-C02846,0,True,SIMULATED enrolment,2026-01-01
KMB-L02847,KMB-C02847,0,True,SIMULATED enrolment,2026-01-01
KMB-L02848,KMB-C02848,0,False,SIMULATED enrolment,2026-01-01
KMB-L02849,KMB-C02849,0,True,SIMULATED enrolment,2026-01-01
KMB-L02850,KMB-C02850,0,True,SIMULATED enrolment,2026-01-01
KMB-L02851,KMB-C02851,0,True,SIMULATED enrolment,2026-01-01
KMB-L02852,KMB-C02852,0,False,SIMULATED enrolment,2026-01-01
KMB-L02853,KMB-C02853,0,True,SIMULATED enrolment,2026-01-01
KMB-L02854,KMB-C02854,0,True,SIMULATED enrolment,2026-01-01
KMB-L02855,KMB-C02855,0,True,SIMULATED enrolment,2026-01-01
KMB-L02856,KMB-C02856,0,False,SIMULATED enrolment,2026-01-01
KMB-L02857,KMB-C02857,0,True,SIMULATED enrolment,2026-01-01
KMB-L02858,KMB-C02858,0,True,SIMULATED enrolment,2026-01-01
KMB-L02859,KMB-C02859,0,True,SIMULATED enrolment,2026-01-01
KMB-L02860,KMB-C02860,0,False,SIMULATED enrolment,2026-01-01
KMB-L02861,KMB-C02861,0,True,SIMULATED enrolment,2026-01-01
KMB-L02862,KMB-C02862,0,True,SIMULATED enrolment,2026-01-01
KMB-L02863,KMB-C02863,0,True,SIMULATED enrolment,2026-01-01
KMB-L02864,KMB-C02864,0,False,SIMULATED enrolment,2026-01-01
KMB-L02865,KMB-C02865,0,True,SIMULATED enrolment,2026-01-01
KMB-L02866,KMB-C02866,0,True,SIMULATED enrolment,2026-01-01
KMB-L02867,KMB-C02867,0,True,SIMULATED enrolment,2026-01-01
KMB-L02868,KMB-C02868,0,False,SIMULATED enrolment,2026-01-01
KMB-L02869,KMB-C02869,0,True,SIMULATED enrolment,2026-01-01
KMB-L02870,KMB-C02870,0,True,SIMULATED enrolment,2026-01-01
KMB-L02871,KMB-C02871,0,True,SIMULATED enrolment,2026-01-01
KMB-L02872,KMB-C02872,0,False,SIMULATED enrolment,2026-01-01
KMB-L02873,KMB-C02873,0,True,SIMULATED enrolment,2026-01-01
KMB-L02874,KMB-C02874,0,True,SIMULATED enrolment,2026-01-01
KMB-L02875,KMB-C02875,0,True,SIMULATED enrolment,2026-01-01
KMB-L02876,KMB-C02876,0,False,SIMULATED enrolment,2026-01-01
KMB-L02877,KMB-C02877,0,True,SIMULATED enrolment,2026-01-01
KMB-L02878,KMB-C02878,0,True,SIMULATED enrolment,2026-01-01
KMB-L02879,KMB-C02879,0,True,SIMULATED enrolment,2026-01-01
KMB-L02880,KMB-C02880,0,False,SIMULATED enrolment,2026-01-01
KMB-L02881,KMB-C02881,0,True,SIMULATED enrolment,2026-01-01
KMB-L02882,KMB-C02882,0,True,SIMULATED enrolment,2026-01-01
KMB-L02883,KMB-C02883,0,True,SIMULATED enrolment,2026-01-01
KMB-L02884,KMB-C02884,0,False,SIMULATED enrolment,2026-01-01
KMB-L02885,KMB-C02885,0,True,SIMULATED enrolment,2026-01-01
KMB-L02886,KMB-C02886,0,True,SIMULATED enrolment,2026-01-01
KMB-L02887,KMB-C02887,0,True,SIMULATED enrolment,2026-01-01
KMB-L02888,KMB-C02888,0,False,SIMULATED enrolment,2026-01-01
KMB-L02889,KMB-C02889,0,True,SIMULATED enrolment,2026-01-01
KMB-L02890,KMB-C02890,0,True,SIMULATED enrolment,2026-01-01
KMB-L02891,KMB-C02891,0,True,SIMULATED enrolment,2026-01-01
KMB-L02892,KMB-C02892,0,False,SIMULATED enrolment,2026-01-01
KMB-L02893,KMB-C02893,0,True,SIMULATED enrolment,2026-01-01
KMB-L02894,KMB-C02894,0,True,SIMULATED enrolment,2026-01-01
KMB-L02895,KMB-C02895,0,True,SIMULATED enrolment,2026-01-01
KMB-L02896,KMB-C02896,0,False,SIMULATED enrolment,2026-01-01
KMB-L02897,KMB-C02897,0,True,SIMULATED enrolment,2026-01-01
KMB-L02898,KMB-C02898,0,True,SIMULATED enrolment,2026-01-01
KMB-L02899,KMB-C02899,0,True,SIMULATED enrolment,2026-01-01
KMB-L02900,KMB-C02900,0,False,SIMULATED enrolment,2026-01-01
KMB-L02901,KMB-C02901,0,True,SIMULATED enrolment,2026-01-01
KMB-L02902,KMB-C02902,0,True,SIMULATED enrolment,2026-01-01
KMB-L02903,KMB-C02903,0,True,SIMULATED enrolment,2026-01-01
KMB-L02904,KMB-C02904,0,False,SIMULATED enrolment,2026-01-01
KMB-L02905,KMB-C02905,0,True,SIMULATED enrolment,2026-01-01
KMB-L02906,KMB-C02906,0,True,SIMULATED enrolment,2026-01-01
KMB-L02907,KMB-C02907,0,True,SIMULATED enrolment,2026-01-01
KMB-L02908,KMB-C02908,0,False,SIMULATED enrolment,2026-01-01
KMB-L02909,KMB-C02909,0,True,SIMULATED enrolment,2026-01-01
KMB-L02910,KMB-C02910,0,True,SIMULATED enrolment,2026-01-01
KMB-L02911,KMB-C02911,0,True,SIMULATED enrolment,2026-01-01
KMB-L02912,KMB-C02912,0,False,SIMULATED enrolment,2026-01-01
KMB-L02913,KMB-C02913,0,True,SIMULATED enrolment,2026-01-01
KMB-L02914,KMB-C02914,0,True,SIMULATED enrolment,2026-01-01
KMB-L02915,KMB-C02915,0,True,SIMULATED enrolment,2026-01-01
KMB-L02916,KMB-C02916,0,False,SIMULATED enrolment,2026-01-01
KMB-L02917,KMB-C02917,0,True,SIMULATED enrolment,2026-01-01
KMB-L02918,KMB-C02918,0,True,SIMULATED enrolment,2026-01-01
KMB-L02919,KMB-C02919,0,True,SIMULATED enrolment,2026-01-01
KMB-L02920,KMB-C02920,0,False,SIMULATED enrolment,2026-01-01
KMB-L02921,KMB-C02921,0,True,SIMULATED enrolment,2026-01-01
KMB-L02922,KMB-C02922,0,True,SIMULATED enrolment,2026-01-01
KMB-L02923,KMB-C02923,0,True,SIMULATED enrolment,2026-01-01
KMB-L02924,KMB-C02924,0,False,SIMULATED enrolment,2026-01-01
KMB-L02925,KMB-C02925,0,True,SIMULATED enrolment,2026-01-01
KMB-L02926,KMB-C02926,0,True,SIMULATED enrolment,2026-01-01
KMB-L02927,KMB-C02927,0,True,SIMULATED enrolment,2026-01-01
KMB-L02928,KMB-C02928,0,False,SIMULATED enrolment,2026-01-01
KMB-L02929,KMB-C02929,0,True,SIMULATED enrolment,2026-01-01
KMB-L02930,KMB-C02930,0,True,SIMULATED enrolment,2026-01-01
KMB-L02931,KMB-C02931,0,True,SIMULATED enrolment,2026-01-01
KMB-L02932,KMB-C02932,0,False,SIMULATED enrolment,2026-01-01
KMB-L02933,KMB-C02933,0,True,SIMULATED enrolment,2026-01-01
KMB-L02934,KMB-C02934,0,True,SIMULATED enrolment,2026-01-01
KMB-L02935,KMB-C02935,0,True,SIMULATED enrolment,2026-01-01
KMB-L02936,KMB-C02936,0,False,SIMULATED enrolment,2026-01-01
KMB-L02937,KMB-C02937,0,True,SIMULATED enrolment,2026-01-01
KMB-L02938,KMB-C02938,0,True,SIMULATED enrolment,2026-01-01
KMB-L02939,KMB-C02939,0,True,SIMULATED enrolment,2026-01-01
KMB-L02940,KMB-C02940,0,False,SIMULATED enrolment,2026-01-01
KMB-L02941,KMB-C02941,0,True,SIMULATED enrolment,2026-01-01
KMB-L02942,KMB-C02942,0,True,SIMULATED enrolment,2026-01-01
KMB-L02943,KMB-C02943,0,True,SIMULATED enrolment,2026-01-01
KMB-L02944,KMB-C02944,0,False,SIMULATED enrolment,2026-01-01
KMB-L02945,KMB-C02945,0,True,SIMULATED enrolment,2026-01-01
KMB-L02946,KMB-C02946,0,True,SIMULATED enrolment,2026-01-01
KMB-L02947,KMB-C02947,0,True,SIMULATED enrolment,2026-01-01
KMB-L02948,KMB-C02948,0,False,SIMULATED enrolment,2026-01-01
KMB-L02949,KMB-C02949,0,True,SIMULATED enrolment,2026-01-01
KMB-L02950,KMB-C02950,0,True,SIMULATED enrolment,2026-01-01
KMB-L02951,KMB-C02951,0,True,SIMULATED enrolment,2026-01-01
KMB-L02952,KMB-C02952,0,False,SIMULATED enrolment,2026-01-01
KMB-L02953,KMB-C02953,0,True,SIMULATED enrolment,2026-01-01
KMB-L02954,KMB-C02954,0,True,SIMULATED enrolment,2026-01-01
KMB-L02955,KMB-C02955,0,True,SIMULATED enrolment,2026-01-01
KMB-L02956,KMB-C02956,0,False,SIMULATED enrolment,2026-01-01
KMB-L02957,KMB-C02957,0,True,SIMULATED enrolment,2026-01-01
KMB-L02958,KMB-C02958,0,True,SIMULATED enrolment,2026-01-01
KMB-L02959,KMB-C02959,0,True,SIMULATED enrolment,2026-01-01
KMB-L02960,KMB-C02960,0,False,SIMULATED enrolment,2026-01-01
KMB-L02961,KMB-C02961,0,True,SIMULATED enrolment,2026-01-01
KMB-L02962,KMB-C02962,0,True,SIMULATED enrolment,2026-01-01
KMB-L02963,KMB-C02963,0,True,SIMULATED enrolment,2026-01-01
KMB-L02964,KMB-C02964,0,False,SIMULATED enrolment,2026-01-01
KMB-L02965,KMB-C02965,0,True,SIMULATED enrolment,2026-01-01
KMB-L02966,KMB-C02966,0,True,SIMULATED enrolment,2026-01-01
KMB-L02967,KMB-C02967,0,True,SIMULATED enrolment,2026-01-01
KMB-L02968,KMB-C02968,0,False,SIMULATED enrolment,2026-01-01
KMB-L02969,KMB-C02969,0,True,SIMULATED enrolment,2026-01-01
KMB-L02970,KMB-C02970,0,True,SIMULATED enrolment,2026-01-01
KMB-L02971,KMB-C02971,0,True,SIMULATED enrolment,2026-01-01
KMB-L02972,KMB-C02972,0,False,SIMULATED enrolment,2026-01-01
KMB-L02973,KMB-C02973,0,True,SIMULATED enrolment,2026-01-01
KMB-L02974,KMB-C02974,0,True,SIMULATED enrolment,2026-01-01
KMB-L02975,KMB-C02975,0,True,SIMULATED enrolment,2026-01-01
KMB-L02976,KMB-C02976,0,False,SIMULATED enrolment,2026-01-01
KMB-L02977,KMB-C02977,0,True,SIMULATED enrolment,2026-01-01
KMB-L02978,KMB-C02978,0,True,SIMULATED enrolment,2026-01-01
KMB-L02979,KMB-C02979,0,True,SIMULATED enrolment,2026-01-01
KMB-L02980,KMB-C02980,0,False,SIMULATED enrolment,2026-01-01
KMB-L02981,KMB-C02981,0,True,SIMULATED enrolment,2026-01-01
KMB-L02982,KMB-C02982,0,True,SIMULATED enrolment,2026-01-01
KMB-L02983,KMB-C02983,0,True,SIMULATED enrolment,2026-01-01
KMB-L02984,KMB-C02984,0,False,SIMULATED enrolment,2026-01-01
KMB-L02985,KMB-C02985,0,True,SIMULATED enrolment,2026-01-01
KMB-L02986,KMB-C02986,0,True,SIMULATED enrolment,2026-01-01
KMB-L02987,KMB-C02987,0,True,SIMULATED enrolment,2026-01-01
KMB-L02988,KMB-C02988,0,False,SIMULATED enrolment,2026-01-01
KMB-L02989,KMB-C02989,0,True,SIMULATED enrolment,2026-01-01
KMB-L02990,KMB-C02990,0,True,SIMULATED enrolment,2026-01-01
KMB-L02991,KMB-C02991,0,True,SIMULATED enrolment,2026-01-01
KMB-L02992,KMB-C02992,0,False,SIMULATED enrolment,2026-01-01
KMB-L02993,KMB-C02993,0,True,SIMULATED enrolment,2026-01-01
KMB-L02994,KMB-C02994,0,True,SIMULATED enrolment,2026-01-01
KMB-L02995,KMB-C02995,0,True,SIMULATED enrolment,2026-01-01
KMB-L02996,KMB-C02996,0,False,SIMULATED enrolment,2026-01-01
KMB-L02997,KMB-C02997,0,True,SIMULATED enrolment,2026-01-01
KMB-L02998,KMB-C02998,0,True,SIMULATED enrolment,2026-01-01
KMB-L02999,KMB-C02999,0,True,SIMULATED enrolment,2026-01-01
KMB-L03000,KMB-C03000,0,False,SIMULATED enrolment,2026-01-01
KMB-L03001,KMB-C03001,0,True,SIMULATED enrolment,2026-01-01
KMB-L03002,KMB-C03002,0,True,SIMULATED enrolment,2026-01-01
KMB-L03003,KMB-C03003,0,True,SIMULATED enrolment,2026-01-01
KMB-L03004,KMB-C03004,0,False,SIMULATED enrolment,2026-01-01
KMB-L03005,KMB-C03005,0,True,SIMULATED enrolment,2026-01-01
KMB-L03006,KMB-C03006,0,True,SIMULATED enrolment,2026-01-01
KMB-L03007,KMB-C03007,0,True,SIMULATED enrolment,2026-01-01
KMB-L03008,KMB-C03008,0,False,SIMULATED enrolment,2026-01-01
KMB-L03009,KMB-C03009,0,True,SIMULATED enrolment,2026-01-01
KMB-L03010,KMB-C03010,0,True,SIMULATED enrolment,2026-01-01
KMB-L03011,KMB-C03011,0,True,SIMULATED enrolment,2026-01-01
KMB-L03012,KMB-C03012,0,False,SIMULATED enrolment,2026-01-01
KMB-L03013,KMB-C03013,0,True,SIMULATED enrolment,2026-01-01
KMB-L03014,KMB-C03014,0,True,SIMULATED enrolment,2026-01-01
KMB-L03015,KMB-C03015,0,True,SIMULATED enrolment,2026-01-01
KMB-L03016,KMB-C03016,0,False,SIMULATED enrolment,2026-01-01
KMB-L03017,KMB-C03017,0,True,SIMULATED enrolment,2026-01-01
KMB-L03018,KMB-C03018,0,True,SIMULATED enrolment,2026-01-01
KMB-L03019,KMB-C03019,0,True,SIMULATED enrolment,2026-01-01
KMB-L03020,KMB-C03020,0,False,SIMULATED enrolment,2026-01-01
KMB-L03021,KMB-C03021,0,True,SIMULATED enrolment,2026-01-01
KMB-L03022,KMB-C03022,0,True,SIMULATED enrolment,2026-01-01
KMB-L03023,KMB-C03023,0,True,SIMULATED enrolment,2026-01-01
KMB-L03024,KMB-C03024,0,False,SIMULATED enrolment,2026-01-01
KMB-L03025,KMB-C03025,0,True,SIMULATED enrolment,2026-01-01
KMB-L03026,KMB-C03026,0,True,SIMULATED enrolment,2026-01-01
KMB-L03027,KMB-C03027,0,True,SIMULATED enrolment,2026-01-01
KMB-L03028,KMB-C03028,0,False,SIMULATED enrolment,2026-01-01
KMB-L03029,KMB-C03029,0,True,SIMULATED enrolment,2026-01-01
KMB-L03030,KMB-C03030,0,True,SIMULATED enrolment,2026-01-01
KMB-L03031,KMB-C03031,0,True,SIMULATED enrolment,2026-01-01
KMB-L03032,KMB-C03032,0,False,SIMULATED enrolment,2026-01-01
KMB-L03033,KMB-C03033,0,True,SIMULATED enrolment,2026-01-01
KMB-L03034,KMB-C03034,0,True,SIMULATED enrolment,2026-01-01
KMB-L03035,KMB-C03035,0,True,SIMULATED enrolment,2026-01-01
KMB-L03036,KMB-C03036,0,False,SIMULATED enrolment,2026-01-01
KMB-L03037,KMB-C03037,0,True,SIMULATED enrolment,2026-01-01
KMB-L03038,KMB-C03038,0,True,SIMULATED enrolment,2026-01-01
KMB-L03039,KMB-C03039,0,True,SIMULATED enrolment,2026-01-01
KMB-L03040,KMB-C03040,0,False,SIMULATED enrolment,2026-01-01
KMB-L03041,KMB-C03041,0,True,SIMULATED enrolment,2026-01-01
KMB-L03042,KMB-C03042,0,True,SIMULATED enrolment,2026-01-01
KMB-L03043,KMB-C03043,0,True,SIMULATED enrolment,2026-01-01
KMB-L03044,KMB-C03044,0,False,SIMULATED enrolment,2026-01-01
KMB-L03045,KMB-C03045,0,True,SIMULATED enrolment,2026-01-01
KMB-L03046,KMB-C03046,0,True,SIMULATED enrolment,2026-01-01
KMB-L03047,KMB-C03047,0,True,SIMULATED enrolment,2026-01-01
KMB-L03048,KMB-C03048,0,False,SIMULATED enrolment,2026-01-01
KMB-L03049,KMB-C03049,0,True,SIMULATED enrolment,2026-01-01
KMB-L03050,KMB-C03050,0,True,SIMULATED enrolment,2026-01-01
KMB-L03051,KMB-C03051,0,True,SIMULATED enrolment,2026-01-01
KMB-L03052,KMB-C03052,0,False,SIMULATED enrolment,2026-01-01
KMB-L03053,KMB-C03053,0,True,SIMULATED enrolment,2026-01-01
KMB-L03054,KMB-C03054,0,True,SIMULATED enrolment,2026-01-01
KMB-L03055,KMB-C03055,0,True,SIMULATED enrolment,2026-01-01
KMB-L03056,KMB-C03056,0,False,SIMULATED enrolment,2026-01-01
KMB-L03057,KMB-C03057,0,True,SIMULATED enrolment,2026-01-01
KMB-L03058,KMB-C03058,0,True,SIMULATED enrolment,2026-01-01
KMB-L03059,KMB-C03059,0,True,SIMULATED enrolment,2026-01-01
KMB-L03060,KMB-C03060,0,False,SIMULATED enrolment,2026-01-01
KMB-L03061,KMB-C03061,0,True,SIMULATED enrolment,2026-01-01
KMB-L03062,KMB-C03062,0,True,SIMULATED enrolment,2026-01-01
KMB-L03063,KMB-C03063,0,True,SIMULATED enrolment,2026-01-01
KMB-L03064,KMB-C03064,0,False,SIMULATED enrolment,2026-01-01
KMB-L03065,KMB-C03065,0,True,SIMULATED enrolment,2026-01-01
KMB-L03066,KMB-C03066,0,True,SIMULATED enrolment,2026-01-01
KMB-L03067,KMB-C03067,0,True,SIMULATED enrolment,2026-01-01
KMB-L03068,KMB-C03068,0,False,SIMULATED enrolment,2026-01-01
KMB-L03069,KMB-C03069,0,True,SIMULATED enrolment,2026-01-01
KMB-L03070,KMB-C03070,0,True,SIMULATED enrolment,2026-01-01
KMB-L03071,KMB-C03071,0,True,SIMULATED enrolment,2026-01-01
KMB-L03072,KMB-C03072,0,False,SIMULATED enrolment,2026-01-01
KMB-L03073,KMB-C03073,0,True,SIMULATED enrolment,2026-01-01
KMB-L03074,KMB-C03074,0,True,SIMULATED enrolment,2026-01-01
KMB-L03075,KMB-C03075,0,True,SIMULATED enrolment,2026-01-01
KMB-L03076,KMB-C03076,0,False,SIMULATED enrolment,2026-01-01
KMB-L03077,KMB-C03077,0,True,SIMULATED enrolment,2026-01-01
KMB-L03078,KMB-C03078,0,True,SIMULATED enrolment,2026-01-01
KMB-L03079,KMB-C03079,0,True,SIMULATED enrolment,2026-01-01
KMB-L03080,KMB-C03080,0,False,SIMULATED enrolment,2026-01-01
KMB-L03081,KMB-C03081,0,True,SIMULATED enrolment,2026-01-01
KMB-L03082,KMB-C03082,0,True,SIMULATED enrolment,2026-01-01
KMB-L03083,KMB-C03083,0,True,SIMULATED enrolment,2026-01-01
KMB-L03084,KMB-C03084,0,False,SIMULATED enrolment,2026-01-01
KMB-L03085,KMB-C03085,0,True,SIMULATED enrolment,2026-01-01
KMB-L03086,KMB-C03086,0,True,SIMULATED enrolment,2026-01-01
KMB-L03087,KMB-C03087,0,True,SIMULATED enrolment,2026-01-01
KMB-L03088,KMB-C03088,0,False,SIMULATED enrolment,2026-01-01
KMB-L03089,KMB-C03089,0,True,SIMULATED enrolment,2026-01-01
KMB-L03090,KMB-C03090,0,True,SIMULATED enrolment,2026-01-01
KMB-L03091,KMB-C03091,0,True,SIMULATED enrolment,2026-01-01
KMB-L03092,KMB-C03092,0,False,SIMULATED enrolment,2026-01-01
KMB-L03093,KMB-C03093,0,True,SIMULATED enrolment,2026-01-01
KMB-L03094,KMB-C03094,0,True,SIMULATED enrolment,2026-01-01
KMB-L03095,KMB-C03095,0,True,SIMULATED enrolment,2026-01-01
KMB-L03096,KMB-C03096,0,False,SIMULATED enrolment,2026-01-01
KMB-L03097,KMB-C03097,0,True,SIMULATED enrolment,2026-01-01
KMB-L03098,KMB-C03098,0,True,SIMULATED enrolment,2026-01-01
KMB-L03099,KMB-C03099,0,True,SIMULATED enrolment,2026-01-01
KMB-L03100,KMB-C03100,0,False,SIMULATED enrolment,2026-01-01
KMB-L03101,KMB-C03101,0,True,SIMULATED enrolment,2026-01-01
KMB-L03102,KMB-C03102,0,True,SIMULATED enrolment,2026-01-01
KMB-L03103,KMB-C03103,0,True,SIMULATED enrolment,2026-01-01
KMB-L03104,KMB-C03104,0,False,SIMULATED enrolment,2026-01-01
KMB-L03105,KMB-C03105,0,True,SIMULATED enrolment,2026-01-01
KMB-L03106,KMB-C03106,0,True,SIMULATED enrolment,2026-01-01
KMB-L03107,KMB-C03107,0,True,SIMULATED enrolment,2026-01-01
KMB-L03108,KMB-C03108,0,False,SIMULATED enrolment,2026-01-01
KMB-L03109,KMB-C03109,0,True,SIMULATED enrolment,2026-01-01
KMB-L03110,KMB-C03110,0,True,SIMULATED enrolment,2026-01-01
KMB-L03111,KMB-C03111,0,True,SIMULATED enrolment,2026-01-01
KMB-L03112,KMB-C03112,0,False,SIMULATED enrolment,2026-01-01
KMB-L03113,KMB-C03113,0,True,SIMULATED enrolment,2026-01-01
KMB-L03114,KMB-C03114,0,True,SIMULATED enrolment,2026-01-01
KMB-L03115,KMB-C03115,0,True,SIMULATED enrolment,2026-01-01
KMB-L03116,KMB-C03116,0,False,SIMULATED enrolment,2026-01-01
KMB-L03117,KMB-C03117,0,True,SIMULATED enrolment,2026-01-01
KMB-L03118,KMB-C03118,0,True,SIMULATED enrolment,2026-01-01
KMB-L03119,KMB-C03119,0,True,SIMULATED enrolment,2026-01-01
KMB-L03120,KMB-C03120,0,False,SIMULATED enrolment,2026-01-01
KMB-L03121,KMB-C03121,0,True,SIMULATED enrolment,2026-01-01
KMB-L03122,KMB-C03122,0,True,SIMULATED enrolment,2026-01-01
KMB-L03123,KMB-C03123,0,True,SIMULATED enrolment,2026-01-01
KMB-L03124,KMB-C03124,0,False,SIMULATED enrolment,2026-01-01
KMB-L03125,KMB-C03125,0,True,SIMULATED enrolment,2026-01-01
KMB-L03126,KMB-C03126,0,True,SIMULATED enrolment,2026-01-01
KMB-L03127,KMB-C03127,0,True,SIMULATED enrolment,2026-01-01
KMB-L03128,KMB-C03128,0,False,SIMULATED enrolment,2026-01-01
KMB-L03129,KMB-C03129,0,True,SIMULATED enrolment,2026-01-01
KMB-L03130,KMB-C03130,0,True,SIMULATED enrolment,2026-01-01
KMB-L03131,KMB-C03131,0,True,SIMULATED enrolment,2026-01-01
KMB-L03132,KMB-C03132,0,False,SIMULATED enrolment,2026-01-01
KMB-L03133,KMB-C03133,0,True,SIMULATED enrolment,2026-01-01
KMB-L03134,KMB-C03134,0,True,SIMULATED enrolment,2026-01-01
KMB-L03135,KMB-C03135,0,True,SIMULATED enrolment,2026-01-01
KMB-L03136,KMB-C03136,0,False,SIMULATED enrolment,2026-01-01
KMB-L03137,KMB-C03137,0,True,SIMULATED enrolment,2026-01-01
KMB-L03138,KMB-C03138,0,True,SIMULATED enrolment,2026-01-01
KMB-L03139,KMB-C03139,0,True,SIMULATED enrolment,2026-01-01
KMB-L03140,KMB-C03140,0,False,SIMULATED enrolment,2026-01-01
KMB-L03141,KMB-C03141,0,True,SIMULATED enrolment,2026-01-01
KMB-L03142,KMB-C03142,0,True,SIMULATED enrolment,2026-01-01
KMB-L03143,KMB-C03143,0,True,SIMULATED enrolment,2026-01-01
KMB-L03144,KMB-C03144,0,False,SIMULATED enrolment,2026-01-01
KMB-L03145,KMB-C03145,0,True,SIMULATED enrolment,2026-01-01
KMB-L03146,KMB-C03146,0,True,SIMULATED enrolment,2026-01-01
KMB-L03147,KMB-C03147,0,True,SIMULATED enrolment,2026-01-01
KMB-L03148,KMB-C03148,0,False,SIMULATED enrolment,2026-01-01
KMB-L03149,KMB-C03149,0,True,SIMULATED enrolment,2026-01-01
KMB-L03150,KMB-C03150,0,True,SIMULATED enrolment,2026-01-01
KMB-L03151,KMB-C03151,0,True,SIMULATED enrolment,2026-01-01
KMB-L03152,KMB-C03152,0,False,SIMULATED enrolment,2026-01-01
KMB-L03153,KMB-C03153,0,True,SIMULATED enrolment,2026-01-01
KMB-L03154,KMB-C03154,0,True,SIMULATED enrolment,2026-01-01
KMB-L03155,KMB-C03155,0,True,SIMULATED enrolment,2026-01-01
KMB-L03156,KMB-C03156,0,False,SIMULATED enrolment,2026-01-01
KMB-L03157,KMB-C03157,0,True,SIMULATED enrolment,2026-01-01
KMB-L03158,KMB-C03158,0,True,SIMULATED enrolment,2026-01-01
KMB-L03159,KMB-C03159,0,True,SIMULATED enrolment,2026-01-01
KMB-L03160,KMB-C03160,0,False,SIMULATED enrolment,2026-01-01
KMB-L03161,KMB-C03161,0,True,SIMULATED enrolment,2026-01-01
KMB-L03162,KMB-C03162,0,True,SIMULATED enrolment,2026-01-01
KMB-L03163,KMB-C03163,0,True,SIMULATED enrolment,2026-01-01
KMB-L03164,KMB-C03164,0,False,SIMULATED enrolment,2026-01-01
KMB-L03165,KMB-C03165,0,True,SIMULATED enrolment,2026-01-01
KMB-L03166,KMB-C03166,0,True,SIMULATED enrolment,2026-01-01
KMB-L03167,KMB-C03167,0,True,SIMULATED enrolment,2026-01-01
KMB-L03168,KMB-C03168,0,False,SIMULATED enrolment,2026-01-01
KMB-L03169,KMB-C03169,0,True,SIMULATED enrolment,2026-01-01
KMB-L03170,KMB-C03170,0,True,SIMULATED enrolment,2026-01-01
KMB-L03171,KMB-C03171,0,True,SIMULATED enrolment,2026-01-01
KMB-L03172,KMB-C03172,0,False,SIMULATED enrolment,2026-01-01
KMB-L03173,KMB-C03173,0,True,SIMULATED enrolment,2026-01-01
KMB-L03174,KMB-C03174,0,True,SIMULATED enrolment,2026-01-01
KMB-L03175,KMB-C03175,0,True,SIMULATED enrolment,2026-01-01
KMB-L03176,KMB-C03176,0,False,SIMULATED enrolment,2026-01-01
KMB-L03177,KMB-C03177,0,True,SIMULATED enrolment,2026-01-01
KMB-L03178,KMB-C03178,0,True,SIMULATED enrolment,2026-01-01
KMB-L03179,KMB-C03179,0,True,SIMULATED enrolment,2026-01-01
KMB-L03180,KMB-C03180,0,False,SIMULATED enrolment,2026-01-01
KMB-L03181,KMB-C03181,0,True,SIMULATED enrolment,2026-01-01
KMB-L03182,KMB-C03182,0,True,SIMULATED enrolment,2026-01-01
KMB-L03183,KMB-C03183,0,True,SIMULATED enrolment,2026-01-01
KMB-L03184,KMB-C03184,0,False,SIMULATED enrolment,2026-01-01
KMB-L03185,KMB-C03185,0,True,SIMULATED enrolment,2026-01-01
KMB-L03186,KMB-C03186,0,True,SIMULATED enrolment,2026-01-01
KMB-L03187,KMB-C03187,0,True,SIMULATED enrolment,2026-01-01
KMB-L03188,KMB-C03188,0,False,SIMULATED enrolment,2026-01-01
KMB-L03189,KMB-C03189,0,True,SIMULATED enrolment,2026-01-01
KMB-L03190,KMB-C03190,0,True,SIMULATED enrolment,2026-01-01
KMB-L03191,KMB-C03191,0,True,SIMULATED enrolment,2026-01-01
KMB-L03192,KMB-C03192,0,False,SIMULATED enrolment,2026-01-01
KMB-L03193,KMB-C03193,0,True,SIMULATED enrolment,2026-01-01
KMB-L03194,KMB-C03194,0,True,SIMULATED enrolment,2026-01-01
KMB-L03195,KMB-C03195,0,True,SIMULATED enrolment,2026-01-01
KMB-L03196,KMB-C03196,0,False,SIMULATED enrolment,2026-01-01
KMB-L03197,KMB-C03197,0,True,SIMULATED enrolment,2026-01-01
KMB-L03198,KMB-C03198,0,True,SIMULATED enrolment,2026-01-01
KMB-L03199,KMB-C03199,0,True,SIMULATED enrolment,2026-01-01
KMB-L03200,KMB-C03200,0,False,SIMULATED enrolment,2026-01-01
KMB-L03201,KMB-C03201,0,True,SIMULATED enrolment,2026-01-01
KMB-L03202,KMB-C03202,0,True,SIMULATED enrolment,2026-01-01
KMB-L03203,KMB-C03203,0,True,SIMULATED enrolment,2026-01-01
KMB-L03204,KMB-C03204,0,False,SIMULATED enrolment,2026-01-01
KMB-L03205,KMB-C03205,0,True,SIMULATED enrolment,2026-01-01
KMB-L03206,KMB-C03206,0,True,SIMULATED enrolment,2026-01-01
KMB-L03207,KMB-C03207,0,True,SIMULATED enrolment,2026-01-01
KMB-L03208,KMB-C03208,0,False,SIMULATED enrolment,2026-01-01
KMB-L03209,KMB-C03209,0,True,SIMULATED enrolment,2026-01-01
KMB-L03210,KMB-C03210,0,True,SIMULATED enrolment,2026-01-01
KMB-L03211,KMB-C03211,0,True,SIMULATED enrolment,2026-01-01
KMB-L03212,KMB-C03212,0,False,SIMULATED enrolment,2026-01-01
KMB-L03213,KMB-C03213,0,True,SIMULATED enrolment,2026-01-01
KMB-L03214,KMB-C03214,0,True,SIMULATED enrolment,2026-01-01
KMB-L03215,KMB-C03215,0,True,SIMULATED enrolment,2026-01-01
KMB-L03216,KMB-C03216,0,False,SIMULATED enrolment,2026-01-01
KMB-L03217,KMB-C03217,0,True,SIMULATED enrolment,2026-01-01
KMB-L03218,KMB-C03218,0,True,SIMULATED enrolment,2026-01-01
KMB-L03219,KMB-C03219,0,True,SIMULATED enrolment,2026-01-01
KMB-L03220,KMB-C03220,0,False,SIMULATED enrolment,2026-01-01
KMB-L03221,KMB-C03221,0,True,SIMULATED enrolment,2026-01-01
KMB-L03222,KMB-C03222,0,True,SIMULATED enrolment,2026-01-01
KMB-L03223,KMB-C03223,0,True,SIMULATED enrolment,2026-01-01
KMB-L03224,KMB-C03224,0,False,SIMULATED enrolment,2026-01-01
KMB-L03225,KMB-C03225,0,True,SIMULATED enrolment,2026-01-01
KMB-L03226,KMB-C03226,0,True,SIMULATED enrolment,2026-01-01
KMB-L03227,KMB-C03227,0,True,SIMULATED enrolment,2026-01-01
KMB-L03228,KMB-C03228,0,False,SIMULATED enrolment,2026-01-01
KMB-L03229,KMB-C03229,0,True,SIMULATED enrolment,2026-01-01
KMB-L03230,KMB-C03230,0,True,SIMULATED enrolment,2026-01-01
KMB-L03231,KMB-C03231,0,True,SIMULATED enrolment,2026-01-01
KMB-L03232,KMB-C03232,0,False,SIMULATED enrolment,2026-01-01
KMB-L03233,KMB-C03233,0,True,SIMULATED enrolment,2026-01-01
KMB-L03234,KMB-C03234,0,True,SIMULATED enrolment,2026-01-01
KMB-L03235,KMB-C03235,0,True,SIMULATED enrolment,2026-01-01
KMB-L03236,KMB-C03236,0,False,SIMULATED enrolment,2026-01-01
KMB-L03237,KMB-C03237,0,True,SIMULATED enrolment,2026-01-01
KMB-L03238,KMB-C03238,0,True,SIMULATED enrolment,2026-01-01
KMB-L03239,KMB-C03239,0,True,SIMULATED enrolment,2026-01-01
KMB-L03240,KMB-C03240,0,False,SIMULATED enrolment,2026-01-01
KMB-L03241,KMB-C03241,0,True,SIMULATED enrolment,2026-01-01
KMB-L03242,KMB-C03242,0,True,SIMULATED enrolment,2026-01-01
KMB-L03243,KMB-C03243,0,True,SIMULATED enrolment,2026-01-01
KMB-L03244,KMB-C03244,0,False,SIMULATED enrolment,2026-01-01
KMB-L03245,KMB-C03245,0,True,SIMULATED enrolment,2026-01-01
KMB-L03246,KMB-C03246,0,True,SIMULATED enrolment,2026-01-01
KMB-L03247,KMB-C03247,0,True,SIMULATED enrolment,2026-01-01
KMB-L03248,KMB-C03248,0,False,SIMULATED enrolment,2026-01-01
KMB-L03249,KMB-C03249,0,True,SIMULATED enrolment,2026-01-01
KMB-L03250,KMB-C03250,0,True,SIMULATED enrolment,2026-01-01
KMB-L03251,KMB-C03251,0,True,SIMULATED enrolment,2026-01-01
KMB-L03252,KMB-C03252,0,False,SIMULATED enrolment,2026-01-01
KMB-L03253,KMB-C03253,0,True,SIMULATED enrolment,2026-01-01
KMB-L03254,KMB-C03254,0,True,SIMULATED enrolment,2026-01-01
KMB-L03255,KMB-C03255,0,True,SIMULATED enrolment,2026-01-01
KMB-L03256,KMB-C03256,0,False,SIMULATED enrolment,2026-01-01
KMB-L03257,KMB-C03257,0,True,SIMULATED enrolment,2026-01-01
KMB-L03258,KMB-C03258,0,True,SIMULATED enrolment,2026-01-01
KMB-L03259,KMB-C03259,0,True,SIMULATED enrolment,2026-01-01
KMB-L03260,KMB-C03260,0,False,SIMULATED enrolment,2026-01-01
KMB-L03261,KMB-C03261,0,True,SIMULATED enrolment,2026-01-01
KMB-L03262,KMB-C03262,0,True,SIMULATED enrolment,2026-01-01
KMB-L03263,KMB-C03263,0,True,SIMULATED enrolment,2026-01-01
KMB-L03264,KMB-C03264,0,False,SIMULATED enrolment,2026-01-01
KMB-L03265,KMB-C03265,0,True,SIMULATED enrolment,2026-01-01
KMB-L03266,KMB-C03266,0,True,SIMULATED enrolment,2026-01-01
KMB-L03267,KMB-C03267,0,True,SIMULATED enrolment,2026-01-01
KMB-L03268,KMB-C03268,0,False,SIMULATED enrolment,2026-01-01
KMB-L03269,KMB-C03269,0,True,SIMULATED enrolment,2026-01-01
KMB-L03270,KMB-C03270,0,True,SIMULATED enrolment,2026-01-01
KMB-L03271,KMB-C03271,0,True,SIMULATED enrolment,2026-01-01
KMB-L03272,KMB-C03272,0,False,SIMULATED enrolment,2026-01-01
KMB-L03273,KMB-C03273,0,True,SIMULATED enrolment,2026-01-01
KMB-L03274,KMB-C03274,0,True,SIMULATED enrolment,2026-01-01
KMB-L03275,KMB-C03275,0,True,SIMULATED enrolment,2026-01-01
KMB-L03276,KMB-C03276,0,False,SIMULATED enrolment,2026-01-01
KMB-L03277,KMB-C03277,0,True,SIMULATED enrolment,2026-01-01
KMB-L03278,KMB-C03278,0,True,SIMULATED enrolment,2026-01-01
KMB-L03279,KMB-C03279,0,True,SIMULATED enrolment,2026-01-01
KMB-L03280,KMB-C03280,0,False,SIMULATED enrolment,2026-01-01
KMB-L03281,KMB-C03281,0,True,SIMULATED enrolment,2026-01-01
KMB-L03282,KMB-C03282,0,True,SIMULATED enrolment,2026-01-01
KMB-L03283,KMB-C03283,0,True,SIMULATED enrolment,2026-01-01
KMB-L03284,KMB-C03284,0,False,SIMULATED enrolment,2026-01-01
KMB-L03285,KMB-C03285,0,True,SIMULATED enrolment,2026-01-01
KMB-L03286,KMB-C03286,0,True,SIMULATED enrolment,2026-01-01
KMB-L03287,KMB-C03287,0,True,SIMULATED enrolment,2026-01-01
KMB-L03288,KMB-C03288,0,False,SIMULATED enrolment,2026-01-01
KMB-L03289,KMB-C03289,0,True,SIMULATED enrolment,2026-01-01
KMB-L03290,KMB-C03290,0,True,SIMULATED enrolment,2026-01-01
KMB-L03291,KMB-C03291,0,True,SIMULATED enrolment,2026-01-01
KMB-L03292,KMB-C03292,0,False,SIMULATED enrolment,2026-01-01
KMB-L03293,KMB-C03293,0,True,SIMULATED enrolment,2026-01-01
KMB-L03294,KMB-C03294,0,True,SIMULATED enrolment,2026-01-01
KMB-L03295,KMB-C03295,0,True,SIMULATED enrolment,2026-01-01
KMB-L03296,KMB-C03296,0,False,SIMULATED enrolment,2026-01-01
KMB-L03297,KMB-C03297,0,True,SIMULATED enrolment,2026-01-01
KMB-L03298,KMB-C03298,0,True,SIMULATED enrolment,2026-01-01
KMB-L03299,KMB-C03299,0,True,SIMULATED enrolment,2026-01-01
KMB-L03300,KMB-C03300,0,False,SIMULATED enrolment,2026-01-01
KMB-L03301,KMB-C03301,0,True,SIMULATED enrolment,2026-01-01
KMB-L03302,KMB-C03302,0,True,SIMULATED enrolment,2026-01-01
KMB-L03303,KMB-C03303,0,True,SIMULATED enrolment,2026-01-01
KMB-L03304,KMB-C03304,0,False,SIMULATED enrolment,2026-01-01
KMB-L03305,KMB-C03305,0,True,SIMULATED enrolment,2026-01-01
KMB-L03306,KMB-C03306,0,True,SIMULATED enrolment,2026-01-01
KMB-L03307,KMB-C03307,0,True,SIMULATED enrolment,2026-01-01
KMB-L03308,KMB-C03308,0,False,SIMULATED enrolment,2026-01-01
KMB-L03309,KMB-C03309,0,True,SIMULATED enrolment,2026-01-01
KMB-L03310,KMB-C03310,0,True,SIMULATED enrolment,2026-01-01
KMB-L03311,KMB-C03311,0,True,SIMULATED enrolment,2026-01-01
KMB-L03312,KMB-C03312,0,False,SIMULATED enrolment,2026-01-01
KMB-L03313,KMB-C03313,0,True,SIMULATED enrolment,2026-01-01
KMB-L03314,KMB-C03314,0,True,SIMULATED enrolment,2026-01-01
KMB-L03315,KMB-C03315,0,True,SIMULATED enrolment,2026-01-01
KMB-L03316,KMB-C03316,0,False,SIMULATED enrolment,2026-01-01
KMB-L03317,KMB-C03317,0,True,SIMULATED enrolment,2026-01-01
KMB-L03318,KMB-C03318,0,True,SIMULATED enrolment,2026-01-01
KMB-L03319,KMB-C03319,0,True,SIMULATED enrolment,2026-01-01
KMB-L03320,KMB-C03320,0,False,SIMULATED enrolment,2026-01-01
KMB-L03321,KMB-C03321,0,True,SIMULATED enrolment,2026-01-01
KMB-L03322,KMB-C03322,0,True,SIMULATED enrolment,2026-01-01
KMB-L03323,KMB-C03323,0,True,SIMULATED enrolment,2026-01-01
KMB-L03324,KMB-C03324,0,False,SIMULATED enrolment,2026-01-01
KMB-L03325,KMB-C03325,0,True,SIMULATED enrolment,2026-01-01
KMB-L03326,KMB-C03326,0,True,SIMULATED enrolment,2026-01-01
KMB-L03327,KMB-C03327,0,True,SIMULATED enrolment,2026-01-01
KMB-L03328,KMB-C03328,0,False,SIMULATED enrolment,2026-01-01
KMB-L03329,KMB-C03329,0,True,SIMULATED enrolment,2026-01-01
KMB-L03330,KMB-C03330,0,True,SIMULATED enrolment,2026-01-01
KMB-L03331,KMB-C03331,0,True,SIMULATED enrolment,2026-01-01
KMB-L03332,KMB-C03332,0,False,SIMULATED enrolment,2026-01-01
KMB-L03333,KMB-C03333,0,True,SIMULATED enrolment,2026-01-01
KMB-L03334,KMB-C03334,0,True,SIMULATED enrolment,2026-01-01
KMB-L03335,KMB-C03335,0,True,SIMULATED enrolment,2026-01-01
KMB-L03336,KMB-C03336,0,False,SIMULATED enrolment,2026-01-01
KMB-L03337,KMB-C03337,0,True,SIMULATED enrolment,2026-01-01
KMB-L03338,KMB-C03338,0,True,SIMULATED enrolment,2026-01-01
KMB-L03339,KMB-C03339,0,True,SIMULATED enrolment,2026-01-01
KMB-L03340,KMB-C03340,0,False,SIMULATED enrolment,2026-01-01
KMB-L03341,KMB-C03341,0,True,SIMULATED enrolment,2026-01-01
KMB-L03342,KMB-C03342,0,True,SIMULATED enrolment,2026-01-01
KMB-L03343,KMB-C03343,0,True,SIMULATED enrolment,2026-01-01
KMB-L03344,KMB-C03344,0,False,SIMULATED enrolment,2026-01-01
KMB-L03345,KMB-C03345,0,True,SIMULATED enrolment,2026-01-01
KMB-L03346,KMB-C03346,0,True,SIMULATED enrolment,2026-01-01
KMB-L03347,KMB-C03347,0,True,SIMULATED enrolment,2026-01-01
KMB-L03348,KMB-C03348,0,False,SIMULATED enrolment,2026-01-01
KMB-L03349,KMB-C03349,0,True,SIMULATED enrolment,2026-01-01
KMB-L03350,KMB-C03350,0,True,SIMULATED enrolment,2026-01-01
KMB-L03351,KMB-C03351,0,True,SIMULATED enrolment,2026-01-01
KMB-L03352,KMB-C03352,0,False,SIMULATED enrolment,2026-01-01
KMB-L03353,KMB-C03353,0,True,SIMULATED enrolment,2026-01-01
KMB-L03354,KMB-C03354,0,True,SIMULATED enrolment,2026-01-01
KMB-L03355,KMB-C03355,0,True,SIMULATED enrolment,2026-01-01
KMB-L03356,KMB-C03356,0,False,SIMULATED enrolment,2026-01-01
KMB-L03357,KMB-C03357,0,True,SIMULATED enrolment,2026-01-01
KMB-L03358,KMB-C03358,0,True,SIMULATED enrolment,2026-01-01
KMB-L03359,KMB-C03359,0,True,SIMULATED enrolment,2026-01-01
KMB-L03360,KMB-C03360,0,False,SIMULATED enrolment,2026-01-01
KMB-L03361,KMB-C03361,0,True,SIMULATED enrolment,2026-01-01
KMB-L03362,KMB-C03362,0,True,SIMULATED enrolment,2026-01-01
KMB-L03363,KMB-C03363,0,True,SIMULATED enrolment,2026-01-01
KMB-L03364,KMB-C03364,0,False,SIMULATED enrolment,2026-01-01
KMB-L03365,KMB-C03365,0,True,SIMULATED enrolment,2026-01-01
KMB-L03366,KMB-C03366,0,True,SIMULATED enrolment,2026-01-01
KMB-L03367,KMB-C03367,0,True,SIMULATED enrolment,2026-01-01
KMB-L03368,KMB-C03368,0,False,SIMULATED enrolment,2026-01-01
KMB-L03369,KMB-C03369,0,True,SIMULATED enrolment,2026-01-01
KMB-L03370,KMB-C03370,0,True,SIMULATED enrolment,2026-01-01
KMB-L03371,KMB-C03371,0,True,SIMULATED enrolment,2026-01-01
KMB-L03372,KMB-C03372,0,False,SIMULATED enrolment,2026-01-01
KMB-L03373,KMB-C03373,0,True,SIMULATED enrolment,2026-01-01
KMB-L03374,KMB-C03374,0,True,SIMULATED enrolment,2026-01-01
KMB-L03375,KMB-C03375,0,True,SIMULATED enrolment,2026-01-01
KMB-L03376,KMB-C03376,0,False,SIMULATED enrolment,2026-01-01
KMB-L03377,KMB-C03377,0,True,SIMULATED enrolment,2026-01-01
KMB-L03378,KMB-C03378,0,True,SIMULATED enrolment,2026-01-01
KMB-L03379,KMB-C03379,0,True,SIMULATED enrolment,2026-01-01
KMB-L03380,KMB-C03380,0,False,SIMULATED enrolment,2026-01-01
KMB-L03381,KMB-C03381,0,True,SIMULATED enrolment,2026-01-01
KMB-L03382,KMB-C03382,0,True,SIMULATED enrolment,2026-01-01
KMB-L03383,KMB-C03383,0,True,SIMULATED enrolment,2026-01-01
KMB-L03384,KMB-C03384,0,False,SIMULATED enrolment,2026-01-01
KMB-L03385,KMB-C03385,0,True,SIMULATED enrolment,2026-01-01
KMB-L03386,KMB-C03386,0,True,SIMULATED enrolment,2026-01-01
KMB-L03387,KMB-C03387,0,True,SIMULATED enrolment,2026-01-01
KMB-L03388,KMB-C03388,0,False,SIMULATED enrolment,2026-01-01
KMB-L03389,KMB-C03389,0,True,SIMULATED enrolment,2026-01-01
KMB-L03390,KMB-C03390,0,True,SIMULATED enrolment,2026-01-01
KMB-L03391,KMB-C03391,0,True,SIMULATED enrolment,2026-01-01
KMB-L03392,KMB-C03392,0,False,SIMULATED enrolment,2026-01-01
KMB-L03393,KMB-C03393,0,True,SIMULATED enrolment,2026-01-01
KMB-L03394,KMB-C03394,0,True,SIMULATED enrolment,2026-01-01
KMB-L03395,KMB-C03395,0,True,SIMULATED enrolment,2026-01-01
KMB-L03396,KMB-C03396,0,False,SIMULATED enrolment,2026-01-01
KMB-L03397,KMB-C03397,0,True,SIMULATED enrolment,2026-01-01
KMB-L03398,KMB-C03398,0,True,SIMULATED enrolment,2026-01-01
KMB-L03399,KMB-C03399,0,True,SIMULATED enrolment,2026-01-01
KMB-L03400,KMB-C03400,0,False,SIMULATED enrolment,2026-01-01
KMB-L03401,KMB-C03401,0,True,SIMULATED enrolment,2026-01-01
KMB-L03402,KMB-C03402,0,True,SIMULATED enrolment,2026-01-01
KMB-L03403,KMB-C03403,0,True,SIMULATED enrolment,2026-01-01
KMB-L03404,KMB-C03404,0,False,SIMULATED enrolment,2026-01-01
KMB-L03405,KMB-C03405,0,True,SIMULATED enrolment,2026-01-01
KMB-L03406,KMB-C03406,0,True,SIMULATED enrolment,2026-01-01
KMB-L03407,KMB-C03407,0,True,SIMULATED enrolment,2026-01-01
KMB-L03408,KMB-C03408,0,False,SIMULATED enrolment,2026-01-01
KMB-L03409,KMB-C03409,0,True,SIMULATED enrolment,2026-01-01
KMB-L03410,KMB-C03410,0,True,SIMULATED enrolment,2026-01-01
KMB-L03411,KMB-C03411,0,True,SIMULATED enrolment,2026-01-01
KMB-L03412,KMB-C03412,0,False,SIMULATED enrolment,2026-01-01
KMB-L03413,KMB-C03413,0,True,SIMULATED enrolment,2026-01-01
KMB-L03414,KMB-C03414,0,True,SIMULATED enrolment,2026-01-01
KMB-L03415,KMB-C03415,0,True,SIMULATED enrolment,2026-01-01
KMB-L03416,KMB-C03416,0,False,SIMULATED enrolment,2026-01-01
KMB-L03417,KMB-C03417,0,True,SIMULATED enrolment,2026-01-01
KMB-L03418,KMB-C03418,0,True,SIMULATED enrolment,2026-01-01
KMB-L03419,KMB-C03419,0,True,SIMULATED enrolment,2026-01-01
KMB-L03420,KMB-C03420,0,False,SIMULATED enrolment,2026-01-01
KMB-L03421,KMB-C03421,0,True,SIMULATED enrolment,2026-01-01
KMB-L03422,KMB-C03422,0,True,SIMULATED enrolment,2026-01-01
KMB-L03423,KMB-C03423,0,True,SIMULATED enrolment,2026-01-01
KMB-L03424,KMB-C03424,0,False,SIMULATED enrolment,2026-01-01
KMB-L03425,KMB-C03425,0,True,SIMULATED enrolment,2026-01-01
KMB-L03426,KMB-C03426,0,True,SIMULATED enrolment,2026-01-01
KMB-L03427,KMB-C03427,0,True,SIMULATED enrolment,2026-01-01
KMB-L03428,KMB-C03428,0,False,SIMULATED enrolment,2026-01-01
KMB-L03429,KMB-C03429,0,True,SIMULATED enrolment,2026-01-01
KMB-L03430,KMB-C03430,0,True,SIMULATED enrolment,2026-01-01
KMB-L03431,KMB-C03431,0,True,SIMULATED enrolment,2026-01-01
KMB-L03432,KMB-C03432,0,False,SIMULATED enrolment,2026-01-01
KMB-L03433,KMB-C03433,0,True,SIMULATED enrolment,2026-01-01
KMB-L03434,KMB-C03434,0,True,SIMULATED enrolment,2026-01-01
KMB-L03435,KMB-C03435,0,True,SIMULATED enrolment,2026-01-01
KMB-L03436,KMB-C03436,0,False,SIMULATED enrolment,2026-01-01
KMB-L03437,KMB-C03437,0,True,SIMULATED enrolment,2026-01-01
KMB-L03438,KMB-C03438,0,True,SIMULATED enrolment,2026-01-01
KMB-L03439,KMB-C03439,0,True,SIMULATED enrolment,2026-01-01
KMB-L03440,KMB-C03440,0,False,SIMULATED enrolment,2026-01-01
KMB-L03441,KMB-C03441,0,True,SIMULATED enrolment,2026-01-01
KMB-L03442,KMB-C03442,0,True,SIMULATED enrolment,2026-01-01
KMB-L03443,KMB-C03443,0,True,SIMULATED enrolment,2026-01-01
KMB-L03444,KMB-C03444,0,False,SIMULATED enrolment,2026-01-01
KMB-L03445,KMB-C03445,0,True,SIMULATED enrolment,2026-01-01
KMB-L03446,KMB-C03446,0,True,SIMULATED enrolment,2026-01-01
KMB-L03447,KMB-C03447,0,True,SIMULATED enrolment,2026-01-01
KMB-L03448,KMB-C03448,0,False,SIMULATED enrolment,2026-01-01
KMB-L03449,KMB-C03449,0,True,SIMULATED enrolment,2026-01-01
KMB-L03450,KMB-C03450,0,True,SIMULATED enrolment,2026-01-01
KMB-L03451,KMB-C03451,0,True,SIMULATED enrolment,2026-01-01
KMB-L03452,KMB-C03452,0,False,SIMULATED enrolment,2026-01-01
KMB-L03453,KMB-C03453,0,True,SIMULATED enrolment,2026-01-01
KMB-L03454,KMB-C03454,0,True,SIMULATED enrolment,2026-01-01
KMB-L03455,KMB-C03455,0,True,SIMULATED enrolment,2026-01-01
KMB-L03456,KMB-C03456,0,False,SIMULATED enrolment,2026-01-01
KMB-L03457,KMB-C03457,0,True,SIMULATED enrolment,2026-01-01
KMB-L03458,KMB-C03458,0,True,SIMULATED enrolment,2026-01-01
KMB-L03459,KMB-C03459,0,True,SIMULATED enrolment,2026-01-01
KMB-L03460,KMB-C03460,0,False,SIMULATED enrolment,2026-01-01
KMB-L03461,KMB-C03461,0,True,SIMULATED enrolment,2026-01-01
KMB-L03462,KMB-C03462,0,True,SIMULATED enrolment,2026-01-01
KMB-L03463,KMB-C03463,0,True,SIMULATED enrolment,2026-01-01
KMB-L03464,KMB-C03464,0,False,SIMULATED enrolment,2026-01-01
KMB-L03465,KMB-C03465,0,True,SIMULATED enrolment,2026-01-01
KMB-L03466,KMB-C03466,0,True,SIMULATED enrolment,2026-01-01
KMB-L03467,KMB-C03467,0,True,SIMULATED enrolment,2026-01-01
KMB-L03468,KMB-C03468,0,False,SIMULATED enrolment,2026-01-01
KMB-L03469,KMB-C03469,0,True,SIMULATED enrolment,2026-01-01
KMB-L03470,KMB-C03470,0,True,SIMULATED enrolment,2026-01-01
KMB-L03471,KMB-C03471,0,True,SIMULATED enrolment,2026-01-01
KMB-L03472,KMB-C03472,0,False,SIMULATED enrolment,2026-01-01
KMB-L03473,KMB-C03473,0,True,SIMULATED enrolment,2026-01-01
KMB-L03474,KMB-C03474,0,True,SIMULATED enrolment,2026-01-01
KMB-L03475,KMB-C03475,0,True,SIMULATED enrolment,2026-01-01
KMB-L03476,KMB-C03476,0,False,SIMULATED enrolment,2026-01-01
KMB-L03477,KMB-C03477,0,True,SIMULATED enrolment,2026-01-01
KMB-L03478,KMB-C03478,0,True,SIMULATED enrolment,2026-01-01
KMB-L03479,KMB-C03479,0,True,SIMULATED enrolment,2026-01-01
KMB-L03480,KMB-C03480,0,False,SIMULATED enrolment,2026-01-01
KMB-L03481,KMB-C03481,0,True,SIMULATED enrolment,2026-01-01
KMB-L03482,KMB-C03482,0,True,SIMULATED enrolment,2026-01-01
KMB-L03483,KMB-C03483,0,True,SIMULATED enrolment,2026-01-01
KMB-L03484,KMB-C03484,0,False,SIMULATED enrolment,2026-01-01
KMB-L03485,KMB-C03485,0,True,SIMULATED enrolment,2026-01-01
KMB-L03486,KMB-C03486,0,True,SIMULATED enrolment,2026-01-01
KMB-L03487,KMB-C03487,0,True,SIMULATED enrolment,2026-01-01
KMB-L03488,KMB-C03488,0,False,SIMULATED enrolment,2026-01-01
KMB-L03489,KMB-C03489,0,True,SIMULATED enrolment,2026-01-01
KMB-L03490,KMB-C03490,0,True,SIMULATED enrolment,2026-01-01
KMB-L03491,KMB-C03491,0,True,SIMULATED enrolment,2026-01-01
KMB-L03492,KMB-C03492,0,False,SIMULATED enrolment,2026-01-01
KMB-L03493,KMB-C03493,0,True,SIMULATED enrolment,2026-01-01
KMB-L03494,KMB-C03494,0,True,SIMULATED enrolment,2026-01-01
KMB-L03495,KMB-C03495,0,True,SIMULATED enrolment,2026-01-01
KMB-L03496,KMB-C03496,0,False,SIMULATED enrolment,2026-01-01
KMB-L03497,KMB-C03497,0,True,SIMULATED enrolment,2026-01-01
KMB-L03498,KMB-C03498,0,True,SIMULATED enrolment,2026-01-01
KMB-L03499,KMB-C03499,0,True,SIMULATED enrolment,2026-01-01
KMB-L03500,KMB-C03500,0,False,SIMULATED enrolment,2026-01-01
KMB-L03501,KMB-C03501,0,True,SIMULATED enrolment,2026-01-01
KMB-L03502,KMB-C03502,0,True,SIMULATED enrolment,2026-01-01
KMB-L03503,KMB-C03503,0,True,SIMULATED enrolment,2026-01-01
KMB-L03504,KMB-C03504,0,False,SIMULATED enrolment,2026-01-01
KMB-L03505,KMB-C03505,0,True,SIMULATED enrolment,2026-01-01
KMB-L03506,KMB-C03506,0,True,SIMULATED enrolment,2026-01-01
KMB-L03507,KMB-C03507,0,True,SIMULATED enrolment,2026-01-01
KMB-L03508,KMB-C03508,0,False,SIMULATED enrolment,2026-01-01
KMB-L03509,KMB-C03509,0,True,SIMULATED enrolment,2026-01-01
KMB-L03510,KMB-C03510,0,True,SIMULATED enrolment,2026-01-01
KMB-L03511,KMB-C03511,0,True,SIMULATED enrolment,2026-01-01
KMB-L03512,KMB-C03512,0,False,SIMULATED enrolment,2026-01-01
KMB-L03513,KMB-C03513,0,True,SIMULATED enrolment,2026-01-01
KMB-L03514,KMB-C03514,0,True,SIMULATED enrolment,2026-01-01
KMB-L03515,KMB-C03515,0,True,SIMULATED enrolment,2026-01-01
KMB-L03516,KMB-C03516,0,False,SIMULATED enrolment,2026-01-01
KMB-L03517,KMB-C03517,0,True,SIMULATED enrolment,2026-01-01
KMB-L03518,KMB-C03518,0,True,SIMULATED enrolment,2026-01-01
KMB-L03519,KMB-C03519,0,True,SIMULATED enrolment,2026-01-01
KMB-L03520,KMB-C03520,0,False,SIMULATED enrolment,2026-01-01
KMB-L03521,KMB-C03521,0,True,SIMULATED enrolment,2026-01-01
KMB-L03522,KMB-C03522,0,True,SIMULATED enrolment,2026-01-01
KMB-L03523,KMB-C03523,0,True,SIMULATED enrolment,2026-01-01
KMB-L03524,KMB-C03524,0,False,SIMULATED enrolment,2026-01-01
KMB-L03525,KMB-C03525,0,True,SIMULATED enrolment,2026-01-01
KMB-L03526,KMB-C03526,0,True,SIMULATED enrolment,2026-01-01
KMB-L03527,KMB-C03527,0,True,SIMULATED enrolment,2026-01-01
KMB-L03528,KMB-C03528,0,False,SIMULATED enrolment,2026-01-01
KMB-L03529,KMB-C03529,0,True,SIMULATED enrolment,2026-01-01
KMB-L03530,KMB-C03530,0,True,SIMULATED enrolment,2026-01-01
KMB-L03531,KMB-C03531,0,True,SIMULATED enrolment,2026-01-01
KMB-L03532,KMB-C03532,0,False,SIMULATED enrolment,2026-01-01
KMB-L03533,KMB-C03533,0,True,SIMULATED enrolment,2026-01-01
KMB-L03534,KMB-C03534,0,True,SIMULATED enrolment,2026-01-01
KMB-L03535,KMB-C03535,0,True,SIMULATED enrolment,2026-01-01
KMB-L03536,KMB-C03536,0,False,SIMULATED enrolment,2026-01-01
KMB-L03537,KMB-C03537,0,True,SIMULATED enrolment,2026-01-01
KMB-L03538,KMB-C03538,0,True,SIMULATED enrolment,2026-01-01
KMB-L03539,KMB-C03539,0,True,SIMULATED enrolment,2026-01-01
KMB-L03540,KMB-C03540,0,False,SIMULATED enrolment,2026-01-01
KMB-L03541,KMB-C03541,0,True,SIMULATED enrolment,2026-01-01
KMB-L03542,KMB-C03542,0,True,SIMULATED enrolment,2026-01-01
KMB-L03543,KMB-C03543,0,True,SIMULATED enrolment,2026-01-01
KMB-L03544,KMB-C03544,0,False,SIMULATED enrolment,2026-01-01
KMB-L03545,KMB-C03545,0,True,SIMULATED enrolment,2026-01-01
KMB-L03546,KMB-C03546,0,True,SIMULATED enrolment,2026-01-01
KMB-L03547,KMB-C03547,0,True,SIMULATED enrolment,2026-01-01
KMB-L03548,KMB-C03548,0,False,SIMULATED enrolment,2026-01-01
KMB-L03549,KMB-C03549,0,True,SIMULATED enrolment,2026-01-01
KMB-L03550,KMB-C03550,0,True,SIMULATED enrolment,2026-01-01
KMB-L03551,KMB-C03551,0,True,SIMULATED enrolment,2026-01-01
KMB-L03552,KMB-C03552,0,False,SIMULATED enrolment,2026-01-01
KMB-L03553,KMB-C03553,0,True,SIMULATED enrolment,2026-01-01
KMB-L03554,KMB-C03554,0,True,SIMULATED enrolment,2026-01-01
KMB-L03555,KMB-C03555,0,True,SIMULATED enrolment,2026-01-01
KMB-L03556,KMB-C03556,0,False,SIMULATED enrolment,2026-01-01
KMB-L03557,KMB-C03557,0,True,SIMULATED enrolment,2026-01-01
KMB-L03558,KMB-C03558,0,True,SIMULATED enrolment,2026-01-01
KMB-L03559,KMB-C03559,0,True,SIMULATED enrolment,2026-01-01
KMB-L03560,KMB-C03560,0,False,SIMULATED enrolment,2026-01-01
KMB-L03561,KMB-C03561,0,True,SIMULATED enrolment,2026-01-01
KMB-L03562,KMB-C03562,0,True,SIMULATED enrolment,2026-01-01
KMB-L03563,KMB-C03563,0,True,SIMULATED enrolment,2026-01-01
KMB-L03564,KMB-C03564,0,False,SIMULATED enrolment,2026-01-01
KMB-L03565,KMB-C03565,0,True,SIMULATED enrolment,2026-01-01
KMB-L03566,KMB-C03566,0,True,SIMULATED enrolment,2026-01-01
KMB-L03567,KMB-C03567,0,True,SIMULATED enrolment,2026-01-01
KMB-L03568,KMB-C03568,0,False,SIMULATED enrolment,2026-01-01
KMB-L03569,KMB-C03569,0,True,SIMULATED enrolment,2026-01-01
KMB-L03570,KMB-C03570,0,True,SIMULATED enrolment,2026-01-01
KMB-L03571,KMB-C03571,0,True,SIMULATED enrolment,2026-01-01
KMB-L03572,KMB-C03572,0,False,SIMULATED enrolment,2026-01-01
KMB-L03573,KMB-C03573,0,True,SIMULATED enrolment,2026-01-01
KMB-L03574,KMB-C03574,0,True,SIMULATED enrolment,2026-01-01
KMB-L03575,KMB-C03575,0,True,SIMULATED enrolment,2026-01-01
KMB-L03576,KMB-C03576,0,False,SIMULATED enrolment,2026-01-01
KMB-L03577,KMB-C03577,0,True,SIMULATED enrolment,2026-01-01
KMB-L03578,KMB-C03578,0,True,SIMULATED enrolment,2026-01-01
KMB-L03579,KMB-C03579,0,True,SIMULATED enrolment,2026-01-01
KMB-L03580,KMB-C03580,0,False,SIMULATED enrolment,2026-01-01
KMB-L03581,KMB-C03581,0,True,SIMULATED enrolment,2026-01-01
KMB-L03582,KMB-C03582,0,True,SIMULATED enrolment,2026-01-01
KMB-L03583,KMB-C03583,0,True,SIMULATED enrolment,2026-01-01
KMB-L03584,KMB-C03584,0,False,SIMULATED enrolment,2026-01-01
KMB-L03585,KMB-C03585,0,True,SIMULATED enrolment,2026-01-01
KMB-L03586,KMB-C03586,0,True,SIMULATED enrolment,2026-01-01
KMB-L03587,KMB-C03587,0,True,SIMULATED enrolment,2026-01-01
KMB-L03588,KMB-C03588,0,False,SIMULATED enrolment,2026-01-01
KMB-L03589,KMB-C03589,0,True,SIMULATED enrolment,2026-01-01
KMB-L03590,KMB-C03590,0,True,SIMULATED enrolment,2026-01-01
KMB-L03591,KMB-C03591,0,True,SIMULATED enrolment,2026-01-01
KMB-L03592,KMB-C03592,0,False,SIMULATED enrolment,2026-01-01
KMB-L03593,KMB-C03593,0,True,SIMULATED enrolment,2026-01-01
KMB-L03594,KMB-C03594,0,True,SIMULATED enrolment,2026-01-01
KMB-L03595,KMB-C03595,0,True,SIMULATED enrolment,2026-01-01
KMB-L03596,KMB-C03596,0,False,SIMULATED enrolment,2026-01-01
KMB-L03597,KMB-C03597,0,True,SIMULATED enrolment,2026-01-01
KMB-L03598,KMB-C03598,0,True,SIMULATED enrolment,2026-01-01
KMB-L03599,KMB-C03599,0,True,SIMULATED enrolment,2026-01-01
KMB-L03600,KMB-C03600,0,False,SIMULATED enrolment,2026-01-01
KMB-L03601,KMB-C03601,0,True,SIMULATED enrolment,2026-01-01
KMB-L03602,KMB-C03602,0,True,SIMULATED enrolment,2026-01-01
KMB-L03603,KMB-C03603,0,True,SIMULATED enrolment,2026-01-01
KMB-L03604,KMB-C03604,0,False,SIMULATED enrolment,2026-01-01
KMB-L03605,KMB-C03605,0,True,SIMULATED enrolment,2026-01-01
KMB-L03606,KMB-C03606,0,True,SIMULATED enrolment,2026-01-01
KMB-L03607,KMB-C03607,0,True,SIMULATED enrolment,2026-01-01
KMB-L03608,KMB-C03608,0,False,SIMULATED enrolment,2026-01-01
KMB-L03609,KMB-C03609,0,True,SIMULATED enrolment,2026-01-01
KMB-L03610,KMB-C03610,0,True,SIMULATED enrolment,2026-01-01
KMB-L03611,KMB-C03611,0,True,SIMULATED enrolment,2026-01-01
KMB-L03612,KMB-C03612,0,False,SIMULATED enrolment,2026-01-01
KMB-L03613,KMB-C03613,0,True,SIMULATED enrolment,2026-01-01
KMB-L03614,KMB-C03614,0,True,SIMULATED enrolment,2026-01-01
KMB-L03615,KMB-C03615,0,True,SIMULATED enrolment,2026-01-01
KMB-L03616,KMB-C03616,0,False,SIMULATED enrolment,2026-01-01
KMB-L03617,KMB-C03617,0,True,SIMULATED enrolment,2026-01-01
KMB-L03618,KMB-C03618,0,True,SIMULATED enrolment,2026-01-01
KMB-L03619,KMB-C03619,0,True,SIMULATED enrolment,2026-01-01
KMB-L03620,KMB-C03620,0,False,SIMULATED enrolment,2026-01-01
KMB-L03621,KMB-C03621,0,True,SIMULATED enrolment,2026-01-01
KMB-L03622,KMB-C03622,0,True,SIMULATED enrolment,2026-01-01
KMB-L03623,KMB-C03623,0,True,SIMULATED enrolment,2026-01-01
KMB-L03624,KMB-C03624,0,False,SIMULATED enrolment,2026-01-01
KMB-L03625,KMB-C03625,0,True,SIMULATED enrolment,2026-01-01
KMB-L03626,KMB-C03626,0,True,SIMULATED enrolment,2026-01-01
KMB-L03627,KMB-C03627,0,True,SIMULATED enrolment,2026-01-01
KMB-L03628,KMB-C03628,0,False,SIMULATED enrolment,2026-01-01
KMB-L03629,KMB-C03629,0,True,SIMULATED enrolment,2026-01-01
KMB-L03630,KMB-C03630,0,True,SIMULATED enrolment,2026-01-01
KMB-L03631,KMB-C03631,0,True,SIMULATED enrolment,2026-01-01
KMB-L03632,KMB-C03632,0,False,SIMULATED enrolment,2026-01-01
KMB-L03633,KMB-C03633,0,True,SIMULATED enrolment,2026-01-01
KMB-L03634,KMB-C03634,0,True,SIMULATED enrolment,2026-01-01
KMB-L03635,KMB-C03635,0,True,SIMULATED enrolment,2026-01-01
KMB-L03636,KMB-C03636,0,False,SIMULATED enrolment,2026-01-01
KMB-L03637,KMB-C03637,0,True,SIMULATED enrolment,2026-01-01
KMB-L03638,KMB-C03638,0,True,SIMULATED enrolment,2026-01-01
KMB-L03639,KMB-C03639,0,True,SIMULATED enrolment,2026-01-01
KMB-L03640,KMB-C03640,0,False,SIMULATED enrolment,2026-01-01
KMB-L03641,KMB-C03641,0,True,SIMULATED enrolment,2026-01-01
KMB-L03642,KMB-C03642,0,True,SIMULATED enrolment,2026-01-01
KMB-L03643,KMB-C03643,0,True,SIMULATED enrolment,2026-01-01
KMB-L03644,KMB-C03644,0,False,SIMULATED enrolment,2026-01-01
KMB-L03645,KMB-C03645,0,True,SIMULATED enrolment,2026-01-01
KMB-L03646,KMB-C03646,0,True,SIMULATED enrolment,2026-01-01
KMB-L03647,KMB-C03647,0,True,SIMULATED enrolment,2026-01-01
KMB-L03648,KMB-C03648,0,False,SIMULATED enrolment,2026-01-01
KMB-L03649,KMB-C03649,0,True,SIMULATED enrolment,2026-01-01
KMB-L03650,KMB-C03650,0,True,SIMULATED enrolment,2026-01-01
KMB-L03651,KMB-C03651,0,True,SIMULATED enrolment,2026-01-01
KMB-L03652,KMB-C03652,0,False,SIMULATED enrolment,2026-01-01
KMB-L03653,KMB-C03653,0,True,SIMULATED enrolment,2026-01-01
KMB-L03654,KMB-C03654,0,True,SIMULATED enrolment,2026-01-01
KMB-L03655,KMB-C03655,0,True,SIMULATED enrolment,2026-01-01
KMB-L03656,KMB-C03656,0,False,SIMULATED enrolment,2026-01-01
KMB-L03657,KMB-C03657,0,True,SIMULATED enrolment,2026-01-01
KMB-L03658,KMB-C03658,0,True,SIMULATED enrolment,2026-01-01
KMB-L03659,KMB-C03659,0,True,SIMULATED enrolment,2026-01-01
KMB-L03660,KMB-C03660,0,False,SIMULATED enrolment,2026-01-01
KMB-L03661,KMB-C03661,0,True,SIMULATED enrolment,2026-01-01
KMB-L03662,KMB-C03662,0,True,SIMULATED enrolment,2026-01-01
KMB-L03663,KMB-C03663,0,True,SIMULATED enrolment,2026-01-01
KMB-L03664,KMB-C03664,0,False,SIMULATED enrolment,2026-01-01
KMB-L03665,KMB-C03665,0,True,SIMULATED enrolment,2026-01-01
KMB-L03666,KMB-C03666,0,True,SIMULATED enrolment,2026-01-01
KMB-L03667,KMB-C03667,0,True,SIMULATED enrolment,2026-01-01
KMB-L03668,KMB-C03668,0,False,SIMULATED enrolment,2026-01-01
KMB-L03669,KMB-C03669,0,True,SIMULATED enrolment,2026-01-01
KMB-L03670,KMB-C03670,0,True,SIMULATED enrolment,2026-01-01
KMB-L03671,KMB-C03671,0,True,SIMULATED enrolment,2026-01-01
KMB-L03672,KMB-C03672,0,False,SIMULATED enrolment,2026-01-01
KMB-L03673,KMB-C03673,0,True,SIMULATED enrolment,2026-01-01
KMB-L03674,KMB-C03674,0,True,SIMULATED enrolment,2026-01-01
KMB-L03675,KMB-C03675,0,True,SIMULATED enrolment,2026-01-01
KMB-L03676,KMB-C03676,0,False,SIMULATED enrolment,2026-01-01
KMB-L03677,KMB-C03677,0,True,SIMULATED enrolment,2026-01-01
KMB-L03678,KMB-C03678,0,True,SIMULATED enrolment,2026-01-01
KMB-L03679,KMB-C03679,0,True,SIMULATED enrolment,2026-01-01
KMB-L03680,KMB-C03680,0,False,SIMULATED enrolment,2026-01-01
KMB-L03681,KMB-C03681,0,True,SIMULATED enrolment,2026-01-01
KMB-L03682,KMB-C03682,0,True,SIMULATED enrolment,2026-01-01
KMB-L03683,KMB-C03683,0,True,SIMULATED enrolment,2026-01-01
KMB-L03684,KMB-C03684,0,False,SIMULATED enrolment,2026-01-01
KMB-L03685,KMB-C03685,0,True,SIMULATED enrolment,2026-01-01
KMB-L03686,KMB-C03686,0,True,SIMULATED enrolment,2026-01-01
KMB-L03687,KMB-C03687,0,True,SIMULATED enrolment,2026-01-01
KMB-L03688,KMB-C03688,0,False,SIMULATED enrolment,2026-01-01
KMB-L03689,KMB-C03689,0,True,SIMULATED enrolment,2026-01-01
KMB-L03690,KMB-C03690,0,True,SIMULATED enrolment,2026-01-01
KMB-L03691,KMB-C03691,0,True,SIMULATED enrolment,2026-01-01
KMB-L03692,KMB-C03692,0,False,SIMULATED enrolment,2026-01-01
KMB-L03693,KMB-C03693,0,True,SIMULATED enrolment,2026-01-01
KMB-L03694,KMB-C03694,0,True,SIMULATED enrolment,2026-01-01
KMB-L03695,KMB-C03695,0,True,SIMULATED enrolment,2026-01-01
KMB-L03696,KMB-C03696,0,False,SIMULATED enrolment,2026-01-01
KMB-L03697,KMB-C03697,0,True,SIMULATED enrolment,2026-01-01
KMB-L03698,KMB-C03698,0,True,SIMULATED enrolment,2026-01-01
KMB-L03699,KMB-C03699,0,True,SIMULATED enrolment,2026-01-01
KMB-L03700,KMB-C03700,0,False,SIMULATED enrolment,2026-01-01
KMB-L03701,KMB-C03701,0,True,SIMULATED enrolment,2026-01-01
KMB-L03702,KMB-C03702,0,True,SIMULATED enrolment,2026-01-01
KMB-L03703,KMB-C03703,0,True,SIMULATED enrolment,2026-01-01
KMB-L03704,KMB-C03704,0,False,SIMULATED enrolment,2026-01-01
KMB-L03705,KMB-C03705,0,True,SIMULATED enrolment,2026-01-01
KMB-L03706,KMB-C03706,0,True,SIMULATED enrolment,2026-01-01
KMB-L03707,KMB-C03707,0,True,SIMULATED enrolment,2026-01-01
KMB-L03708,KMB-C03708,0,False,SIMULATED enrolment,2026-01-01
KMB-L03709,KMB-C03709,0,True,SIMULATED enrolment,2026-01-01
KMB-L03710,KMB-C03710,0,True,SIMULATED enrolment,2026-01-01
KMB-L03711,KMB-C03711,0,True,SIMULATED enrolment,2026-01-01
KMB-L03712,KMB-C03712,0,False,SIMULATED enrolment,2026-01-01
KMB-L03713,KMB-C03713,0,True,SIMULATED enrolment,2026-01-01
KMB-L03714,KMB-C03714,0,True,SIMULATED enrolment,2026-01-01
KMB-L03715,KMB-C03715,0,True,SIMULATED enrolment,2026-01-01
KMB-L03716,KMB-C03716,0,False,SIMULATED enrolment,2026-01-01
KMB-L03717,KMB-C03717,0,True,SIMULATED enrolment,2026-01-01
KMB-L03718,KMB-C03718,0,True,SIMULATED enrolment,2026-01-01
KMB-L03719,KMB-C03719,0,True,SIMULATED enrolment,2026-01-01
KMB-L03720,KMB-C03720,0,False,SIMULATED enrolment,2026-01-01
KMB-L03721,KMB-C03721,0,True,SIMULATED enrolment,2026-01-01
KMB-L03722,KMB-C03722,0,True,SIMULATED enrolment,2026-01-01
KMB-L03723,KMB-C03723,0,True,SIMULATED enrolment,2026-01-01
KMB-L03724,KMB-C03724,0,False,SIMULATED enrolment,2026-01-01
KMB-L03725,KMB-C03725,0,True,SIMULATED enrolment,2026-01-01
KMB-L03726,KMB-C03726,0,True,SIMULATED enrolment,2026-01-01
KMB-L03727,KMB-C03727,0,True,SIMULATED enrolment,2026-01-01
KMB-L03728,KMB-C03728,0,False,SIMULATED enrolment,2026-01-01
KMB-L03729,KMB-C03729,0,True,SIMULATED enrolment,2026-01-01
KMB-L03730,KMB-C03730,0,True,SIMULATED enrolment,2026-01-01
KMB-L03731,KMB-C03731,0,True,SIMULATED enrolment,2026-01-01
KMB-L03732,KMB-C03732,0,False,SIMULATED enrolment,2026-01-01
KMB-L03733,KMB-C03733,0,True,SIMULATED enrolment,2026-01-01
KMB-L03734,KMB-C03734,0,True,SIMULATED enrolment,2026-01-01
KMB-L03735,KMB-C03735,0,True,SIMULATED enrolment,2026-01-01
KMB-L03736,KMB-C03736,0,False,SIMULATED enrolment,2026-01-01
KMB-L03737,KMB-C03737,0,True,SIMULATED enrolment,2026-01-01
KMB-L03738,KMB-C03738,0,True,SIMULATED enrolment,2026-01-01
KMB-L03739,KMB-C03739,0,True,SIMULATED enrolment,2026-01-01
KMB-L03740,KMB-C03740,0,False,SIMULATED enrolment,2026-01-01
KMB-L03741,KMB-C03741,0,True,SIMULATED enrolment,2026-01-01
KMB-L03742,KMB-C03742,0,True,SIMULATED enrolment,2026-01-01
KMB-L03743,KMB-C03743,0,True,SIMULATED enrolment,2026-01-01
KMB-L03744,KMB-C03744,0,False,SIMULATED enrolment,2026-01-01
KMB-L03745,KMB-C03745,0,True,SIMULATED enrolment,2026-01-01
KMB-L03746,KMB-C03746,0,True,SIMULATED enrolment,2026-01-01
KMB-L03747,KMB-C03747,0,True,SIMULATED enrolment,2026-01-01
KMB-L03748,KMB-C03748,0,False,SIMULATED enrolment,2026-01-01
KMB-L03749,KMB-C03749,0,True,SIMULATED enrolment,2026-01-01
KMB-L03750,KMB-C03750,0,True,SIMULATED enrolment,2026-01-01
KMB-L03751,KMB-C03751,0,True,SIMULATED enrolment,2026-01-01
KMB-L03752,KMB-C03752,0,False,SIMULATED enrolment,2026-01-01
KMB-L03753,KMB-C03753,0,True,SIMULATED enrolment,2026-01-01
KMB-L03754,KMB-C03754,0,True,SIMULATED enrolment,2026-01-01
KMB-L03755,KMB-C03755,0,True,SIMULATED enrolment,2026-01-01
KMB-L03756,KMB-C03756,0,False,SIMULATED enrolment,2026-01-01
KMB-L03757,KMB-C03757,0,True,SIMULATED enrolment,2026-01-01
KMB-L03758,KMB-C03758,0,True,SIMULATED enrolment,2026-01-01
KMB-L03759,KMB-C03759,0,True,SIMULATED enrolment,2026-01-01
KMB-L03760,KMB-C03760,0,False,SIMULATED enrolment,2026-01-01
KMB-L03761,KMB-C03761,0,True,SIMULATED enrolment,2026-01-01
KMB-L03762,KMB-C03762,0,True,SIMULATED enrolment,2026-01-01
KMB-L03763,KMB-C03763,0,True,SIMULATED enrolment,2026-01-01
KMB-L03764,KMB-C03764,0,False,SIMULATED enrolment,2026-01-01
KMB-L03765,KMB-C03765,0,True,SIMULATED enrolment,2026-01-01
KMB-L03766,KMB-C03766,0,True,SIMULATED enrolment,2026-01-01
KMB-L03767,KMB-C03767,0,True,SIMULATED enrolment,2026-01-01
KMB-L03768,KMB-C03768,0,False,SIMULATED enrolment,2026-01-01
KMB-L03769,KMB-C03769,0,True,SIMULATED enrolment,2026-01-01
KMB-L03770,KMB-C03770,0,True,SIMULATED enrolment,2026-01-01
KMB-L03771,KMB-C03771,0,True,SIMULATED enrolment,2026-01-01
KMB-L03772,KMB-C03772,0,False,SIMULATED enrolment,2026-01-01
KMB-L03773,KMB-C03773,0,True,SIMULATED enrolment,2026-01-01
KMB-L03774,KMB-C03774,0,True,SIMULATED enrolment,2026-01-01
KMB-L03775,KMB-C03775,0,True,SIMULATED enrolment,2026-01-01
KMB-L03776,KMB-C03776,0,False,SIMULATED enrolment,2026-01-01
KMB-L03777,KMB-C03777,0,True,SIMULATED enrolment,2026-01-01
KMB-L03778,KMB-C03778,0,True,SIMULATED enrolment,2026-01-01
KMB-L03779,KMB-C03779,0,True,SIMULATED enrolment,2026-01-01
KMB-L03780,KMB-C03780,0,False,SIMULATED enrolment,2026-01-01
KMB-L03781,KMB-C03781,0,True,SIMULATED enrolment,2026-01-01
KMB-L03782,KMB-C03782,0,True,SIMULATED enrolment,2026-01-01
KMB-L03783,KMB-C03783,0,True,SIMULATED enrolment,2026-01-01
KMB-L03784,KMB-C03784,0,False,SIMULATED enrolment,2026-01-01
KMB-L03785,KMB-C03785,0,True,SIMULATED enrolment,2026-01-01
KMB-L03786,KMB-C03786,0,True,SIMULATED enrolment,2026-01-01
KMB-L03787,KMB-C03787,0,True,SIMULATED enrolment,2026-01-01
KMB-L03788,KMB-C03788,0,False,SIMULATED enrolment,2026-01-01
KMB-L03789,KMB-C03789,0,True,SIMULATED enrolment,2026-01-01
KMB-L03790,KMB-C03790,0,True,SIMULATED enrolment,2026-01-01
KMB-L03791,KMB-C03791,0,True,SIMULATED enrolment,2026-01-01
KMB-L03792,KMB-C03792,0,False,SIMULATED enrolment,2026-01-01
KMB-L03793,KMB-C03793,0,True,SIMULATED enrolment,2026-01-01
KMB-L03794,KMB-C03794,0,True,SIMULATED enrolment,2026-01-01
KMB-L03795,KMB-C03795,0,True,SIMULATED enrolment,2026-01-01
KMB-L03796,KMB-C03796,0,False,SIMULATED enrolment,2026-01-01
KMB-L03797,KMB-C03797,0,True,SIMULATED enrolment,2026-01-01
KMB-L03798,KMB-C03798,0,True,SIMULATED enrolment,2026-01-01
KMB-L03799,KMB-C03799,0,True,SIMULATED enrolment,2026-01-01
KMB-L03800,KMB-C03800,0,False,SIMULATED enrolment,2026-01-01
KMB-L03801,KMB-C03801,0,True,SIMULATED enrolment,2026-01-01
KMB-L03802,KMB-C03802,0,True,SIMULATED enrolment,2026-01-01
KMB-L03803,KMB-C03803,0,True,SIMULATED enrolment,2026-01-01
KMB-L03804,KMB-C03804,0,False,SIMULATED enrolment,2026-01-01
KMB-L03805,KMB-C03805,0,True,SIMULATED enrolment,2026-01-01
KMB-L03806,KMB-C03806,0,True,SIMULATED enrolment,2026-01-01
KMB-L03807,KMB-C03807,0,True,SIMULATED enrolment,2026-01-01
KMB-L03808,KMB-C03808,0,False,SIMULATED enrolment,2026-01-01
KMB-L03809,KMB-C03809,0,True,SIMULATED enrolment,2026-01-01
KMB-L03810,KMB-C03810,0,True,SIMULATED enrolment,2026-01-01
KMB-L03811,KMB-C03811,0,True,SIMULATED enrolment,2026-01-01
KMB-L03812,KMB-C03812,0,False,SIMULATED enrolment,2026-01-01
KMB-L03813,KMB-C03813,0,True,SIMULATED enrolment,2026-01-01
KMB-L03814,KMB-C03814,0,True,SIMULATED enrolment,2026-01-01
KMB-L03815,KMB-C03815,0,True,SIMULATED enrolment,2026-01-01
KMB-L03816,KMB-C03816,0,False,SIMULATED enrolment,2026-01-01
KMB-L03817,KMB-C03817,0,True,SIMULATED enrolment,2026-01-01
KMB-L03818,KMB-C03818,0,True,SIMULATED enrolment,2026-01-01
KMB-L03819,KMB-C03819,0,True,SIMULATED enrolment,2026-01-01
KMB-L03820,KMB-C03820,0,False,SIMULATED enrolment,2026-01-01
KMB-L03821,KMB-C03821,0,True,SIMULATED enrolment,2026-01-01
KMB-L03822,KMB-C03822,0,True,SIMULATED enrolment,2026-01-01
KMB-L03823,KMB-C03823,0,True,SIMULATED enrolment,2026-01-01
KMB-L03824,KMB-C03824,0,False,SIMULATED enrolment,2026-01-01
KMB-L03825,KMB-C03825,0,True,SIMULATED enrolment,2026-01-01
KMB-L03826,KMB-C03826,0,True,SIMULATED enrolment,2026-01-01
KMB-L03827,KMB-C03827,0,True,SIMULATED enrolment,2026-01-01
KMB-L03828,KMB-C03828,0,False,SIMULATED enrolment,2026-01-01
KMB-L03829,KMB-C03829,0,True,SIMULATED enrolment,2026-01-01
KMB-L03830,KMB-C03830,0,True,SIMULATED enrolment,2026-01-01
KMB-L03831,KMB-C03831,0,True,SIMULATED enrolment,2026-01-01
KMB-L03832,KMB-C03832,0,False,SIMULATED enrolment,2026-01-01
KMB-L03833,KMB-C03833,0,True,SIMULATED enrolment,2026-01-01
KMB-L03834,KMB-C03834,0,True,SIMULATED enrolment,2026-01-01
KMB-L03835,KMB-C03835,0,True,SIMULATED enrolment,2026-01-01
KMB-L03836,KMB-C03836,0,False,SIMULATED enrolment,2026-01-01
KMB-L03837,KMB-C03837,0,True,SIMULATED enrolment,2026-01-01
KMB-L03838,KMB-C03838,0,True,SIMULATED enrolment,2026-01-01
KMB-L03839,KMB-C03839,0,True,SIMULATED enrolment,2026-01-01
KMB-L03840,KMB-C03840,0,False,SIMULATED enrolment,2026-01-01
KMB-L03841,KMB-C03841,0,True,SIMULATED enrolment,2026-01-01
KMB-L03842,KMB-C03842,0,True,SIMULATED enrolment,2026-01-01
KMB-L03843,KMB-C03843,0,True,SIMULATED enrolment,2026-01-01
KMB-L03844,KMB-C03844,0,False,SIMULATED enrolment,2026-01-01
KMB-L03845,KMB-C03845,0,True,SIMULATED enrolment,2026-01-01
KMB-L03846,KMB-C03846,0,True,SIMULATED enrolment,2026-01-01
KMB-L03847,KMB-C03847,0,True,SIMULATED enrolment,2026-01-01
KMB-L03848,KMB-C03848,0,False,SIMULATED enrolment,2026-01-01
KMB-L03849,KMB-C03849,0,True,SIMULATED enrolment,2026-01-01
KMB-L03850,KMB-C03850,0,True,SIMULATED enrolment,2026-01-01
KMB-L03851,KMB-C03851,0,True,SIMULATED enrolment,2026-01-01
KMB-L03852,KMB-C03852,0,False,SIMULATED enrolment,2026-01-01
KMB-L03853,KMB-C03853,0,True,SIMULATED enrolment,2026-01-01
KMB-L03854,KMB-C03854,0,True,SIMULATED enrolment,2026-01-01
KMB-L03855,KMB-C03855,0,True,SIMULATED enrolment,2026-01-01
KMB-L03856,KMB-C03856,0,False,SIMULATED enrolment,2026-01-01
KMB-L03857,KMB-C03857,0,True,SIMULATED enrolment,2026-01-01
KMB-L03858,KMB-C03858,0,True,SIMULATED enrolment,2026-01-01
KMB-L03859,KMB-C03859,0,True,SIMULATED enrolment,2026-01-01
KMB-L03860,KMB-C03860,0,False,SIMULATED enrolment,2026-01-01
KMB-L03861,KMB-C03861,0,True,SIMULATED enrolment,2026-01-01
KMB-L03862,KMB-C03862,0,True,SIMULATED enrolment,2026-01-01
KMB-L03863,KMB-C03863,0,True,SIMULATED enrolment,2026-01-01
KMB-L03864,KMB-C03864,0,False,SIMULATED enrolment,2026-01-01
KMB-L03865,KMB-C03865,0,True,SIMULATED enrolment,2026-01-01
KMB-L03866,KMB-C03866,0,True,SIMULATED enrolment,2026-01-01
KMB-L03867,KMB-C03867,0,True,SIMULATED enrolment,2026-01-01
KMB-L03868,KMB-C03868,0,False,SIMULATED enrolment,2026-01-01
KMB-L03869,KMB-C03869,0,True,SIMULATED enrolment,2026-01-01
KMB-L03870,KMB-C03870,0,True,SIMULATED enrolment,2026-01-01
KMB-L03871,KMB-C03871,0,True,SIMULATED enrolment,2026-01-01
KMB-L03872,KMB-C03872,0,False,SIMULATED enrolment,2026-01-01
KMB-L03873,KMB-C03873,0,True,SIMULATED enrolment,2026-01-01
KMB-L03874,KMB-C03874,0,True,SIMULATED enrolment,2026-01-01
KMB-L03875,KMB-C03875,0,True,SIMULATED enrolment,2026-01-01
KMB-L03876,KMB-C03876,0,False,SIMULATED enrolment,2026-01-01
KMB-L03877,KMB-C03877,0,True,SIMULATED enrolment,2026-01-01
KMB-L03878,KMB-C03878,0,True,SIMULATED enrolment,2026-01-01
KMB-L03879,KMB-C03879,0,True,SIMULATED enrolment,2026-01-01
KMB-L03880,KMB-C03880,0,False,SIMULATED enrolment,2026-01-01
KMB-L03881,KMB-C03881,0,True,SIMULATED enrolment,2026-01-01
KMB-L03882,KMB-C03882,0,True,SIMULATED enrolment,2026-01-01
KMB-L03883,KMB-C03883,0,True,SIMULATED enrolment,2026-01-01
KMB-L03884,KMB-C03884,0,False,SIMULATED enrolment,2026-01-01
KMB-L03885,KMB-C03885,0,True,SIMULATED enrolment,2026-01-01
KMB-L03886,KMB-C03886,0,True,SIMULATED enrolment,2026-01-01
KMB-L03887,KMB-C03887,0,True,SIMULATED enrolment,2026-01-01
KMB-L03888,KMB-C03888,0,False,SIMULATED enrolment,2026-01-01
KMB-L03889,KMB-C03889,0,True,SIMULATED enrolment,2026-01-01
KMB-L03890,KMB-C03890,0,True,SIMULATED enrolment,2026-01-01
KMB-L03891,KMB-C03891,0,True,SIMULATED enrolment,2026-01-01
KMB-L03892,KMB-C03892,0,False,SIMULATED enrolment,2026-01-01
KMB-L03893,KMB-C03893,0,True,SIMULATED enrolment,2026-01-01
KMB-L03894,KMB-C03894,0,True,SIMULATED enrolment,2026-01-01
KMB-L03895,KMB-C03895,0,True,SIMULATED enrolment,2026-01-01
KMB-L03896,KMB-C03896,0,False,SIMULATED enrolment,2026-01-01
KMB-L03897,KMB-C03897,0,True,SIMULATED enrolment,2026-01-01
KMB-L03898,KMB-C03898,0,True,SIMULATED enrolment,2026-01-01
KMB-L03899,KMB-C03899,0,True,SIMULATED enrolment,2026-01-01
KMB-L03900,KMB-C03900,0,False,SIMULATED enrolment,2026-01-01
KMB-L03901,KMB-C03901,0,True,SIMULATED enrolment,2026-01-01
KMB-L03902,KMB-C03902,0,True,SIMULATED enrolment,2026-01-01
KMB-L03903,KMB-C03903,0,True,SIMULATED enrolment,2026-01-01
KMB-L03904,KMB-C03904,0,False,SIMULATED enrolment,2026-01-01
KMB-L03905,KMB-C03905,0,True,SIMULATED enrolment,2026-01-01
KMB-L03906,KMB-C03906,0,True,SIMULATED enrolment,2026-01-01
KMB-L03907,KMB-C03907,0,True,SIMULATED enrolment,2026-01-01
KMB-L03908,KMB-C03908,0,False,SIMULATED enrolment,2026-01-01
KMB-L03909,KMB-C03909,0,True,SIMULATED enrolment,2026-01-01
KMB-L03910,KMB-C03910,0,True,SIMULATED enrolment,2026-01-01
KMB-L03911,KMB-C03911,0,True,SIMULATED enrolment,2026-01-01
KMB-L03912,KMB-C03912,0,False,SIMULATED enrolment,2026-01-01
KMB-L03913,KMB-C03913,0,True,SIMULATED enrolment,2026-01-01
KMB-L03914,KMB-C03914,0,True,SIMULATED enrolment,2026-01-01
KMB-L03915,KMB-C03915,0,True,SIMULATED enrolment,2026-01-01
KMB-L03916,KMB-C03916,0,False,SIMULATED enrolment,2026-01-01
KMB-L03917,KMB-C03917,0,True,SIMULATED enrolment,2026-01-01
KMB-L03918,KMB-C03918,0,True,SIMULATED enrolment,2026-01-01
KMB-L03919,KMB-C03919,0,True,SIMULATED enrolment,2026-01-01
KMB-L03920,KMB-C03920,0,False,SIMULATED enrolment,2026-01-01
KMB-L03921,KMB-C03921,0,True,SIMULATED enrolment,2026-01-01
KMB-L03922,KMB-C03922,0,True,SIMULATED enrolment,2026-01-01
KMB-L03923,KMB-C03923,0,True,SIMULATED enrolment,2026-01-01
KMB-L03924,KMB-C03924,0,False,SIMULATED enrolment,2026-01-01
KMB-L03925,KMB-C03925,0,True,SIMULATED enrolment,2026-01-01
KMB-L03926,KMB-C03926,0,True,SIMULATED enrolment,2026-01-01
KMB-L03927,KMB-C03927,0,True,SIMULATED enrolment,2026-01-01
KMB-L03928,KMB-C03928,0,False,SIMULATED enrolment,2026-01-01
KMB-L03929,KMB-C03929,0,True,SIMULATED enrolment,2026-01-01
KMB-L03930,KMB-C03930,0,True,SIMULATED enrolment,2026-01-01
KMB-L03931,KMB-C03931,0,True,SIMULATED enrolment,2026-01-01
KMB-L03932,KMB-C03932,0,False,SIMULATED enrolment,2026-01-01
KMB-L03933,KMB-C03933,0,True,SIMULATED enrolment,2026-01-01
KMB-L03934,KMB-C03934,0,True,SIMULATED enrolment,2026-01-01
KMB-L03935,KMB-C03935,0,True,SIMULATED enrolment,2026-01-01
KMB-L03936,KMB-C03936,0,False,SIMULATED enrolment,2026-01-01
KMB-L03937,KMB-C03937,0,True,SIMULATED enrolment,2026-01-01
KMB-L03938,KMB-C03938,0,True,SIMULATED enrolment,2026-01-01
KMB-L03939,KMB-C03939,0,True,SIMULATED enrolment,2026-01-01
KMB-L03940,KMB-C03940,0,False,SIMULATED enrolment,2026-01-01
KMB-L03941,KMB-C03941,0,True,SIMULATED enrolment,2026-01-01
KMB-L03942,KMB-C03942,0,True,SIMULATED enrolment,2026-01-01
KMB-L03943,KMB-C03943,0,True,SIMULATED enrolment,2026-01-01
KMB-L03944,KMB-C03944,0,False,SIMULATED enrolment,2026-01-01
KMB-L03945,KMB-C03945,0,True,SIMULATED enrolment,2026-01-01
KMB-L03946,KMB-C03946,0,True,SIMULATED enrolment,2026-01-01
KMB-L03947,KMB-C03947,0,True,SIMULATED enrolment,2026-01-01
KMB-L03948,KMB-C03948,0,False,SIMULATED enrolment,2026-01-01
KMB-L03949,KMB-C03949,0,True,SIMULATED enrolment,2026-01-01
KMB-L03950,KMB-C03950,0,True,SIMULATED enrolment,2026-01-01
KMB-L03951,KMB-C03951,0,True,SIMULATED enrolment,2026-01-01
KMB-L03952,KMB-C03952,0,False,SIMULATED enrolment,2026-01-01
KMB-L03953,KMB-C03953,0,True,SIMULATED enrolment,2026-01-01
KMB-L03954,KMB-C03954,0,True,SIMULATED enrolment,2026-01-01
KMB-L03955,KMB-C03955,0,True,SIMULATED enrolment,2026-01-01
KMB-L03956,KMB-C03956,0,False,SIMULATED enrolment,2026-01-01
KMB-L03957,KMB-C03957,0,True,SIMULATED enrolment,2026-01-01
KMB-L03958,KMB-C03958,0,True,SIMULATED enrolment,2026-01-01
KMB-L03959,KMB-C03959,0,True,SIMULATED enrolment,2026-01-01
KMB-L03960,KMB-C03960,0,False,SIMULATED enrolment,2026-01-01
KMB-L03961,KMB-C03961,0,True,SIMULATED enrolment,2026-01-01
KMB-L03962,KMB-C03962,0,True,SIMULATED enrolment,2026-01-01
KMB-L03963,KMB-C03963,0,True,SIMULATED enrolment,2026-01-01
KMB-L03964,KMB-C03964,0,False,SIMULATED enrolment,2026-01-01
KMB-L03965,KMB-C03965,0,True,SIMULATED enrolment,2026-01-01
KMB-L03966,KMB-C03966,0,True,SIMULATED enrolment,2026-01-01
KMB-L03967,KMB-C03967,0,True,SIMULATED enrolment,2026-01-01
KMB-L03968,KMB-C03968,0,False,SIMULATED enrolment,2026-01-01
KMB-L03969,KMB-C03969,0,True,SIMULATED enrolment,2026-01-01
KMB-L03970,KMB-C03970,0,True,SIMULATED enrolment,2026-01-01
KMB-L03971,KMB-C03971,0,True,SIMULATED enrolment,2026-01-01
KMB-L03972,KMB-C03972,0,False,SIMULATED enrolment,2026-01-01
KMB-L03973,KMB-C03973,0,True,SIMULATED enrolment,2026-01-01
KMB-L03974,KMB-C03974,0,True,SIMULATED enrolment,2026-01-01
KMB-L03975,KMB-C03975,0,True,SIMULATED enrolment,2026-01-01
KMB-L03976,KMB-C03976,0,False,SIMULATED enrolment,2026-01-01
KMB-L03977,KMB-C03977,0,True,SIMULATED enrolment,2026-01-01
KMB-L03978,KMB-C03978,0,True,SIMULATED enrolment,2026-01-01
KMB-L03979,KMB-C03979,0,True,SIMULATED enrolment,2026-01-01
KMB-L03980,KMB-C03980,0,False,SIMULATED enrolment,2026-01-01
KMB-L03981,KMB-C03981,0,True,SIMULATED enrolment,2026-01-01
KMB-L03982,KMB-C03982,0,True,SIMULATED enrolment,2026-01-01
KMB-L03983,KMB-C03983,0,True,SIMULATED enrolment,2026-01-01
KMB-L03984,KMB-C03984,0,False,SIMULATED enrolment,2026-01-01
KMB-L03985,KMB-C03985,0,True,SIMULATED enrolment,2026-01-01
KMB-L03986,KMB-C03986,0,True,SIMULATED enrolment,2026-01-01
KMB-L03987,KMB-C03987,0,True,SIMULATED enrolment,2026-01-01
KMB-L03988,KMB-C03988,0,False,SIMULATED enrolment,2026-01-01
KMB-L03989,KMB-C03989,0,True,SIMULATED enrolment,2026-01-01
KMB-L03990,KMB-C03990,0,True,SIMULATED enrolment,2026-01-01
KMB-L03991,KMB-C03991,0,True,SIMULATED enrolment,2026-01-01
KMB-L03992,KMB-C03992,0,False,SIMULATED enrolment,2026-01-01
KMB-L03993,KMB-C03993,0,True,SIMULATED enrolment,2026-01-01
KMB-L03994,KMB-C03994,0,True,SIMULATED enrolment,2026-01-01
KMB-L03995,KMB-C03995,0,True,SIMULATED enrolment,2026-01-01
KMB-L03996,KMB-C03996,0,False,SIMULATED enrolment,2026-01-01
KMB-L03997,KMB-C03997,0,True,SIMULATED enrolment,2026-01-01
KMB-L03998,KMB-C03998,0,True,SIMULATED enrolment,2026-01-01
KMB-L03999,KMB-C03999,0,True,SIMULATED enrolment,2026-01-01
KMB-L04000,KMB-C04000,0,False,SIMULATED enrolment,2026-01-01
KMB-L04001,KMB-C04001,0,True,SIMULATED enrolment,2026-01-01
KMB-L04002,KMB-C04002,0,True,SIMULATED enrolment,2026-01-01
KMB-L04003,KMB-C04003,0,True,SIMULATED enrolment,2026-01-01
KMB-L04004,KMB-C04004,0,False,SIMULATED enrolment,2026-01-01
KMB-L04005,KMB-C04005,0,True,SIMULATED enrolment,2026-01-01
KMB-L04006,KMB-C04006,0,True,SIMULATED enrolment,2026-01-01
KMB-L04007,KMB-C04007,0,True,SIMULATED enrolment,2026-01-01
KMB-L04008,KMB-C04008,0,False,SIMULATED enrolment,2026-01-01
KMB-L04009,KMB-C04009,0,True,SIMULATED enrolment,2026-01-01
KMB-L04010,KMB-C04010,0,True,SIMULATED enrolment,2026-01-01
KMB-L04011,KMB-C04011,0,True,SIMULATED enrolment,2026-01-01
KMB-L04012,KMB-C04012,0,False,SIMULATED enrolment,2026-01-01
KMB-L04013,KMB-C04013,0,True,SIMULATED enrolment,2026-01-01
KMB-L04014,KMB-C04014,0,True,SIMULATED enrolment,2026-01-01
KMB-L04015,KMB-C04015,0,True,SIMULATED enrolment,2026-01-01
KMB-L04016,KMB-C04016,0,False,SIMULATED enrolment,2026-01-01
KMB-L04017,KMB-C04017,0,True,SIMULATED enrolment,2026-01-01
KMB-L04018,KMB-C04018,0,True,SIMULATED enrolment,2026-01-01
KMB-L04019,KMB-C04019,0,True,SIMULATED enrolment,2026-01-01
KMB-L04020,KMB-C04020,0,False,SIMULATED enrolment,2026-01-01
KMB-L04021,KMB-C04021,0,True,SIMULATED enrolment,2026-01-01
KMB-L04022,KMB-C04022,0,True,SIMULATED enrolment,2026-01-01
KMB-L04023,KMB-C04023,0,True,SIMULATED enrolment,2026-01-01
KMB-L04024,KMB-C04024,0,False,SIMULATED enrolment,2026-01-01
KMB-L04025,KMB-C04025,0,True,SIMULATED enrolment,2026-01-01
KMB-L04026,KMB-C04026,0,True,SIMULATED enrolment,2026-01-01
KMB-L04027,KMB-C04027,0,True,SIMULATED enrolment,2026-01-01
KMB-L04028,KMB-C04028,0,False,SIMULATED enrolment,2026-01-01
KMB-L04029,KMB-C04029,0,True,SIMULATED enrolment,2026-01-01
KMB-L04030,KMB-C04030,0,True,SIMULATED enrolment,2026-01-01
KMB-L04031,KMB-C04031,0,True,SIMULATED enrolment,2026-01-01
KMB-L04032,KMB-C04032,0,False,SIMULATED enrolment,2026-01-01
KMB-L04033,KMB-C04033,0,True,SIMULATED enrolment,2026-01-01
KMB-L04034,KMB-C04034,0,True,SIMULATED enrolment,2026-01-01
KMB-L04035,KMB-C04035,0,True,SIMULATED enrolment,2026-01-01
KMB-L04036,KMB-C04036,0,False,SIMULATED enrolment,2026-01-01
KMB-L04037,KMB-C04037,0,True,SIMULATED enrolment,2026-01-01
KMB-L04038,KMB-C04038,0,True,SIMULATED enrolment,2026-01-01
KMB-L04039,KMB-C04039,0,True,SIMULATED enrolment,2026-01-01
KMB-L04040,KMB-C04040,0,False,SIMULATED enrolment,2026-01-01
KMB-L04041,KMB-C04041,0,True,SIMULATED enrolment,2026-01-01
KMB-L04042,KMB-C04042,0,True,SIMULATED enrolment,2026-01-01
KMB-L04043,KMB-C04043,0,True,SIMULATED enrolment,2026-01-01
KMB-L04044,KMB-C04044,0,False,SIMULATED enrolment,2026-01-01
KMB-L04045,KMB-C04045,0,True,SIMULATED enrolment,2026-01-01
KMB-L04046,KMB-C04046,0,True,SIMULATED enrolment,2026-01-01
KMB-L04047,KMB-C04047,0,True,SIMULATED enrolment,2026-01-01
KMB-L04048,KMB-C04048,0,False,SIMULATED enrolment,2026-01-01
KMB-L04049,KMB-C04049,0,True,SIMULATED enrolment,2026-01-01
KMB-L04050,KMB-C04050,0,True,SIMULATED enrolment,2026-01-01
KMB-L04051,KMB-C04051,0,True,SIMULATED enrolment,2026-01-01
KMB-L04052,KMB-C04052,0,False,SIMULATED enrolment,2026-01-01
KMB-L04053,KMB-C04053,0,True,SIMULATED enrolment,2026-01-01
KMB-L04054,KMB-C04054,0,True,SIMULATED enrolment,2026-01-01
KMB-L04055,KMB-C04055,0,True,SIMULATED enrolment,2026-01-01
KMB-L04056,KMB-C04056,0,False,SIMULATED enrolment,2026-01-01
KMB-L04057,KMB-C04057,0,True,SIMULATED enrolment,2026-01-01
KMB-L04058,KMB-C04058,0,True,SIMULATED enrolment,2026-01-01
KMB-L04059,KMB-C04059,0,True,SIMULATED enrolment,2026-01-01
KMB-L04060,KMB-C04060,0,False,SIMULATED enrolment,2026-01-01
KMB-L04061,KMB-C04061,0,True,SIMULATED enrolment,2026-01-01
KMB-L04062,KMB-C04062,0,True,SIMULATED enrolment,2026-01-01
KMB-L04063,KMB-C04063,0,True,SIMULATED enrolment,2026-01-01
KMB-L04064,KMB-C04064,0,False,SIMULATED enrolment,2026-01-01
KMB-L04065,KMB-C04065,0,True,SIMULATED enrolment,2026-01-01
KMB-L04066,KMB-C04066,0,True,SIMULATED enrolment,2026-01-01
KMB-L04067,KMB-C04067,0,True,SIMULATED enrolment,2026-01-01
KMB-L04068,KMB-C04068,0,False,SIMULATED enrolment,2026-01-01
KMB-L04069,KMB-C04069,0,True,SIMULATED enrolment,2026-01-01
KMB-L04070,KMB-C04070,0,True,SIMULATED enrolment,2026-01-01
KMB-L04071,KMB-C04071,0,True,SIMULATED enrolment,2026-01-01
KMB-L04072,KMB-C04072,0,False,SIMULATED enrolment,2026-01-01
KMB-L04073,KMB-C04073,0,True,SIMULATED enrolment,2026-01-01
KMB-L04074,KMB-C04074,0,True,SIMULATED enrolment,2026-01-01
KMB-L04075,KMB-C04075,0,True,SIMULATED enrolment,2026-01-01
KMB-L04076,KMB-C04076,0,False,SIMULATED enrolment,2026-01-01
KMB-L04077,KMB-C04077,0,True,SIMULATED enrolment,2026-01-01
KMB-L04078,KMB-C04078,0,True,SIMULATED enrolment,2026-01-01
KMB-L04079,KMB-C04079,0,True,SIMULATED enrolment,2026-01-01
KMB-L04080,KMB-C04080,0,False,SIMULATED enrolment,2026-01-01
KMB-L04081,KMB-C04081,0,True,SIMULATED enrolment,2026-01-01
KMB-L04082,KMB-C04082,0,True,SIMULATED enrolment,2026-01-01
KMB-L04083,KMB-C04083,0,True,SIMULATED enrolment,2026-01-01
KMB-L04084,KMB-C04084,0,False,SIMULATED enrolment,2026-01-01
KMB-L04085,KMB-C04085,0,True,SIMULATED enrolment,2026-01-01
KMB-L04086,KMB-C04086,0,True,SIMULATED enrolment,2026-01-01
KMB-L04087,KMB-C04087,0,True,SIMULATED enrolment,2026-01-01
KMB-L04088,KMB-C04088,0,False,SIMULATED enrolment,2026-01-01
KMB-L04089,KMB-C04089,0,True,SIMULATED enrolment,2026-01-01
KMB-L04090,KMB-C04090,0,True,SIMULATED enrolment,2026-01-01
KMB-L04091,KMB-C04091,0,True,SIMULATED enrolment,2026-01-01
KMB-L04092,KMB-C04092,0,False,SIMULATED enrolment,2026-01-01
KMB-L04093,KMB-C04093,0,True,SIMULATED enrolment,2026-01-01
KMB-L04094,KMB-C04094,0,True,SIMULATED enrolment,2026-01-01
KMB-L04095,KMB-C04095,0,True,SIMULATED enrolment,2026-01-01
KMB-L04096,KMB-C04096,0,False,SIMULATED enrolment,2026-01-01
KMB-L04097,KMB-C04097,0,True,SIMULATED enrolment,2026-01-01
KMB-L04098,KMB-C04098,0,True,SIMULATED enrolment,2026-01-01
KMB-L04099,KMB-C04099,0,True,SIMULATED enrolment,2026-01-01
