customer_id,name,phone,email,district,dob,gender,updated_at
KMB-C00000,,,,Invalid District,1970-05-15,M,01/10/2025
KMB-C00001,Fictional Member 00001,256700050001,member.kmb1@example.invalid,Jinja,1971-05-15,F,2026-06-01
KMB-C00002,Fictional Member 00002,00256700050002,member.kmb2@example.invalid,Mbarara,1972-05-15,prefer not to say,2026-06-01
KMB-C00003,Fictional Member 00003,+256700050003,member.kmb3@example.invalid,gulu,1973-05-15,M,2026/06/01
KMB-C00004,  Fictional Member 00004  ,0700050004,member.kmb4@example.invalid,Kampala,1974-05-15,F,2026-06-01
KMB-C00005,Fictional Member 00005,256700050005,member.kmb5@example.invalid,Jinja,1975-05-15,prefer not to say,2025-10-01
KMB-C00006,Fictional Member 00006,00256700050006,member.kmb6@example.invalid,mbarara,1976-05-15,M,2026/06/01
KMB-C00007,Fictional Member 00007,+256700050007,member.kmb7@example.invalid,Gulu,1977-05-15,F,01/06/2026
KMB-C00008,  Fictional Member 00008  ,0700050008,member.kmb8@example.invalid,Kampala,1978-05-15,prefer not to say,2026-06-01
KMB-C00009,Fictional Member 00009,256700050009,member.kmb9@example.invalid,jinja,1979-05-15,M,2026/06/01
KMB-C00010,Fictional Member 00010,00256700050010,member.kmb10@example.invalid,Mbarara,1980-05-15,F,2025-10-01
KMB-C00011,Fictional Member 00011,+256700050011,member.kmb11@example.invalid,Gulu,1981-05-15,prefer not to say,2026-06-01
KMB-C00012,  Fictional Member 00012  ,0700050012,member.kmb12@example.invalid,kampala,1982-05-15,M,2026/06/01
KMB-C00013,Fictional Member 00013,256700050013,member.kmb13@example.invalid,Jinja,1983-05-15,F,2026-06-01
KMB-C00014,Fictional Member 00014,,,Mbarara,1984-05-15,prefer not to say,01/06/2026
KMB-C00015,Fictional Member 00015,+256700050015,member.kmb15@example.invalid,gulu,1985-05-15,M,2025/10/01
KMB-C00016,  Fictional Member 00016  ,bad-phone,member.kmb16@example.invalid,Kampala,1986-05-15,F,2026-06-01
KMB-C00017,Fictional Member 00017,256700050017,member.kmb17@example.invalid,Jinja,1987-05-15,prefer not to say,2026-06-01
KMB-C00018,Fictional Member 00018,00256700050018,member.kmb18@example.invalid,mbarara,1988-05-15,M,2026/06/01
KMB-C00019,Fictional Member 00019,+256700050019,member.kmb19@example.invalid,Gulu,1989-05-15,F,2026-06-01
KMB-C00020,  Fictional Member 00020  ,0700050020,member.kmb20@example.invalid,Kampala,1990-05-15,prefer not to say,2025-10-01
KMB-C00021,Fictional Member 00021,256700050021,bad-email,jinja,1991-05-15,M,01/06/2026
KMB-C00022,Fictional Member 00022,00256700050022,member.kmb22@example.invalid,Mbarara,1992-05-15,F,2026-06-01
KMB-C00023,Fictional Member 00023,+256700050023,member.kmb23@example.invalid,Gulu,1993-05-15,prefer not to say,2026-06-01
KMB-C00024,  Fictional Member 00024  ,0700050024,member.kmb24@example.invalid,kampala,1994-05-15,M,2026/06/01
KMB-C00025,Fictional Member 00025,256700050025,member.kmb25@example.invalid,Invalid District,1995-05-15,F,2025-10-01
KMB-C00026,Fictional Member 00026,00256700050026,member.kmb26@example.invalid,Mbarara,1996-05-15,prefer not to say,2026-06-01
KMB-C00027,Fictional Member 00027,+256700050027,member.kmb27@example.invalid,gulu,1997-05-15,M,2026/06/01
KMB-C00028,  Fictional Member 00028  ,,,Kampala,1998-05-15,F,01/06/2026
KMB-C00029,,256700050029,member.kmb29@example.invalid,Jinja,1999-05-15,prefer not to say,2026-06-01
KMB-C00030,Fictional Member 00030,00256700050030,member.kmb30@example.invalid,mbarara,2000-05-15,M,2025/10/01
KMB-C00031,Fictional Member 00031,+256700050031,member.kmb31@example.invalid,Gulu,2001-05-15,F,2026-06-01
KMB-C00032,  Fictional Member 00032  ,bad-phone,member.kmb32@example.invalid,Kampala,2002-05-15,prefer not to say,2026-06-01
KMB-C00033,Fictional Member 00033,256700050033,member.kmb33@example.invalid,jinja,2003-05-15,M,2026/06/01
KMB-C00034,Fictional Member 00034,00256700050034,member.kmb34@example.invalid,Mbarara,2004-05-15,F,2026-06-01
KMB-C00035,Fictional Member 00035,+256700050035,member.kmb35@example.invalid,Gulu,1970-05-15,prefer not to say,01/10/2025
KMB-C00036,  Fictional Member 00036  ,0700050036,member.kmb36@example.invalid,kampala,1971-05-15,M,2026/06/01
KMB-C00037,Fictional Member 00037,256700050037,member.kmb37@example.invalid,Jinja,1972-05-15,F,2026-06-01
KMB-C00038,Fictional Member 00038,00256700050038,member.kmb38@example.invalid,Mbarara,1973-05-15,prefer not to say,2026-06-01
KMB-C00039,Fictional Member 00039,+256700050039,member.kmb39@example.invalid,gulu,1974-05-15,M,2026/06/01
KMB-C00040,  Fictional Member 00040  ,0700050040,member.kmb40@example.invalid,Kampala,1975-05-15,F,2025-10-01
KMB-C00041,Fictional Member 00041,256700050041,member.kmb41@example.invalid,Jinja,1976-05-15,prefer not to say,2026-06-01
KMB-C00042,Fictional Member 00042,,,mbarara,1977-05-15,M,01/06/2026
KMB-C00043,Fictional Member 00043,+256700050043,member.kmb43@example.invalid,Gulu,1978-05-15,F,2026-06-01
KMB-C00044,  Fictional Member 00044  ,0700050044,member.kmb44@example.invalid,Kampala,1979-05-15,prefer not to say,2026-06-01
KMB-C00045,Fictional Member 00045,256700050045,member.kmb45@example.invalid,jinja,1980-05-15,M,2025/10/01
KMB-C00046,Fictional Member 00046,00256700050046,member.kmb46@example.invalid,Mbarara,1981-05-15,F,2026-06-01
KMB-C00047,Fictional Member 00047,+256700050047,member.kmb47@example.invalid,Gulu,1982-05-15,prefer not to say,2026-06-01
KMB-C00048,  Fictional Member 00048  ,bad-phone,member.kmb48@example.invalid,kampala,1983-05-15,M,2026/06/01
KMB-C00049,Fictional Member 00049,256700050049,member.kmb49@example.invalid,Jinja,1984-05-15,F,01/06/2026
KMB-C00050,Fictional Member 00050,00256700050050,member.kmb50@example.invalid,Invalid District,1985-05-15,prefer not to say,2025-10-01
KMB-C00051,Fictional Member 00051,+256700050051,member.kmb51@example.invalid,gulu,1986-05-15,M,2026/06/01
KMB-C00052,  Fictional Member 00052  ,0700050052,member.kmb52@example.invalid,Kampala,1987-05-15,F,2026-06-01
KMB-C00053,Fictional Member 00053,256700050053,member.kmb53@example.invalid,Jinja,1988-05-15,prefer not to say,2026-06-01
KMB-C00054,Fictional Member 00054,00256700050054,member.kmb54@example.invalid,mbarara,1989-05-15,M,2026/06/01
KMB-C00055,Fictional Member 00055,+256700050055,member.kmb55@example.invalid,Gulu,1990-05-15,F,2025-10-01
KMB-C00056,  Fictional Member 00056  ,,,Kampala,1991-05-15,prefer not to say,01/06/2026
KMB-C00057,Fictional Member 00057,256700050057,member.kmb57@example.invalid,jinja,1992-05-15,M,2026/06/01
KMB-C00058,,00256700050058,member.kmb58@example.invalid,Mbarara,1993-05-15,F,2026-06-01
KMB-C00059,Fictional Member 00059,+256700050059,member.kmb59@example.invalid,Gulu,1994-05-15,prefer not to say,2026-06-01
KMB-C00060,  Fictional Member 00060  ,0700050060,member.kmb60@example.invalid,kampala,1995-05-15,M,2025/10/01
KMB-C00061,Fictional Member 00061,256700050061,member.kmb61@example.invalid,Jinja,1996-05-15,F,2026-06-01
KMB-C00062,Fictional Member 00062,00256700050062,member.kmb62@example.invalid,Mbarara,1997-05-15,prefer not to say,2026-06-01
KMB-C00063,Fictional Member 00063,+256700050063,bad-email,gulu,1998-05-15,M,01/06/2026
KMB-C00064,  Fictional Member 00064  ,bad-phone,member.kmb64@example.invalid,Kampala,1999-05-15,F,2026-06-01
KMB-C00065,Fictional Member 00065,256700050065,member.kmb65@example.invalid,Jinja,2000-05-15,prefer not to say,2025-10-01
KMB-C00066,Fictional Member 00066,00256700050066,member.kmb66@example.invalid,mbarara,2001-05-15,M,2026/06/01
KMB-C00067,Fictional Member 00067,+256700050067,member.kmb67@example.invalid,Gulu,2002-05-15,F,2026-06-01
KMB-C00068,  Fictional Member 00068  ,0700050068,member.kmb68@example.invalid,Kampala,2003-05-15,prefer not to say,2026-06-01
KMB-C00069,Fictional Member 00069,256700050069,member.kmb69@example.invalid,jinja,2004-05-15,M,2026/06/01
KMB-C00070,Fictional Member 00070,,,Mbarara,1970-05-15,F,01/10/2025
KMB-C00071,Fictional Member 00071,+256700050071,member.kmb71@example.invalid,Gulu,1971-05-15,prefer not to say,2026-06-01
KMB-C00072,  Fictional Member 00072  ,0700050072,member.kmb72@example.invalid,kampala,1972-05-15,M,2026/06/01
KMB-C00073,Fictional Member 00073,256700050073,member.kmb73@example.invalid,Jinja,1973-05-15,F,2026-06-01
KMB-C00074,Fictional Member 00074,00256700050074,member.kmb74@example.invalid,Mbarara,1974-05-15,prefer not to say,2026-06-01
KMB-C00075,Fictional Member 00075,+256700050075,member.kmb75@example.invalid,Invalid District,1975-05-15,M,2025/10/01
KMB-C00076,  Fictional Member 00076  ,0700050076,member.kmb76@example.invalid,Kampala,1976-05-15,F,2026-06-01
KMB-C00077,Fictional Member 00077,256700050077,member.kmb77@example.invalid,Jinja,1977-05-15,prefer not to say,01/06/2026
KMB-C00078,Fictional Member 00078,00256700050078,member.kmb78@example.invalid,mbarara,1978-05-15,M,2026/06/01
KMB-C00079,Fictional Member 00079,+256700050079,member.kmb79@example.invalid,Gulu,1979-05-15,F,2026-06-01
KMB-C00080,  Fictional Member 00080  ,bad-phone,member.kmb80@example.invalid,Kampala,1980-05-15,prefer not to say,2025-10-01
KMB-C00081,Fictional Member 00081,256700050081,member.kmb81@example.invalid,jinja,1981-05-15,M,2026/06/01
KMB-C00082,Fictional Member 00082,00256700050082,member.kmb82@example.invalid,Mbarara,1982-05-15,F,2026-06-01
KMB-C00083,Fictional Member 00083,+256700050083,member.kmb83@example.invalid,Gulu,1983-05-15,prefer not to say,2026-06-01
KMB-C00084,  Fictional Member 00084  ,,,kampala,1984-05-15,M,01/06/2026
KMB-C00085,Fictional Member 00085,256700050085,member.kmb85@example.invalid,Jinja,1985-05-15,F,2025-10-01
KMB-C00086,Fictional Member 00086,00256700050086,member.kmb86@example.invalid,Mbarara,1986-05-15,prefer not to say,2026-06-01
KMB-C00087,,+256700050087,member.kmb87@example.invalid,gulu,1987-05-15,M,2026/06/01
KMB-C00088,  Fictional Member 00088  ,0700050088,member.kmb88@example.invalid,Kampala,1988-05-15,F,2026-06-01
KMB-C00089,Fictional Member 00089,256700050089,member.kmb89@example.invalid,Jinja,1989-05-15,prefer not to say,2026-06-01
KMB-C00090,Fictional Member 00090,00256700050090,member.kmb90@example.invalid,mbarara,1990-05-15,M,2025/10/01
KMB-C00091,Fictional Member 00091,+256700050091,member.kmb91@example.invalid,Gulu,1991-05-15,F,01/06/2026
KMB-C00092,  Fictional Member 00092  ,0700050092,member.kmb92@example.invalid,Kampala,1992-05-15,prefer not to say,2026-06-01
KMB-C00093,Fictional Member 00093,256700050093,member.kmb93@example.invalid,jinja,1993-05-15,M,2026/06/01
KMB-C00094,Fictional Member 00094,00256700050094,member.kmb94@example.invalid,Mbarara,1994-05-15,F,2026-06-01
KMB-C00095,Fictional Member 00095,+256700050095,member.kmb95@example.invalid,Gulu,1995-05-15,prefer not to say,2025-10-01
KMB-C00096,  Fictional Member 00096  ,bad-phone,member.kmb96@example.invalid,kampala,1996-05-15,M,2026/06/01
KMB-C00097,Fictional Member 00097,256700050097,member.kmb97@example.invalid,Jinja,1997-05-15,F,2026-06-01
KMB-C00098,Fictional Member 00098,,,Mbarara,1998-05-15,prefer not to say,01/06/2026
KMB-C00099,Fictional Member 00099,+256700050099,member.kmb99@example.invalid,gulu,1999-05-15,M,2026/06/01
KMB-C00100,  Fictional Member 00100  ,0700050100,member.kmb100@example.invalid,Invalid District,2000-05-15,F,2025-10-01
KMB-C00101,Fictional Member 00101,256700050101,member.kmb101@example.invalid,Jinja,2001-05-15,prefer not to say,2026-06-01
KMB-C00102,Fictional Member 00102,00256700050102,member.kmb102@example.invalid,mbarara,2002-05-15,M,2026/06/01
KMB-C00103,Fictional Member 00103,+256700050103,member.kmb103@example.invalid,Gulu,2003-05-15,F,2026-06-01
KMB-C00104,  Fictional Member 00104  ,0700050104,member.kmb104@example.invalid,Kampala,2004-05-15,prefer not to say,2026-06-01
KMB-C00105,Fictional Member 00105,256700050105,bad-email,jinja,1970-05-15,M,01/10/2025
KMB-C00106,Fictional Member 00106,00256700050106,member.kmb106@example.invalid,Mbarara,1971-05-15,F,2026-06-01
KMB-C00107,Fictional Member 00107,+256700050107,member.kmb107@example.invalid,Gulu,1972-05-15,prefer not to say,2026-06-01
KMB-C00108,  Fictional Member 00108  ,0700050108,member.kmb108@example.invalid,kampala,1973-05-15,M,2026/06/01
KMB-C00109,Fictional Member 00109,256700050109,member.kmb109@example.invalid,Jinja,1974-05-15,F,2026-06-01
KMB-C00110,Fictional Member 00110,00256700050110,member.kmb110@example.invalid,Mbarara,1975-05-15,prefer not to say,2025-10-01
KMB-C00111,Fictional Member 00111,+256700050111,member.kmb111@example.invalid,gulu,1976-05-15,M,2026/06/01
KMB-C00112,  Fictional Member 00112  ,,,Kampala,1977-05-15,F,01/06/2026
KMB-C00113,Fictional Member 00113,256700050113,member.kmb113@example.invalid,Jinja,1978-05-15,prefer not to say,2026-06-01
KMB-C00114,Fictional Member 00114,00256700050114,member.kmb114@example.invalid,mbarara,1979-05-15,M,2026/06/01
KMB-C00115,Fictional Member 00115,+256700050115,member.kmb115@example.invalid,Gulu,1980-05-15,F,2025-10-01
KMB-C00116,,0700050116,member.kmb116@example.invalid,Kampala,1981-05-15,prefer not to say,2026-06-01
KMB-C00117,Fictional Member 00117,256700050117,member.kmb117@example.invalid,jinja,1982-05-15,M,2026/06/01
KMB-C00118,Fictional Member 00118,00256700050118,member.kmb118@example.invalid,Mbarara,1983-05-15,F,2026-06-01
KMB-C00119,Fictional Member 00119,+256700050119,member.kmb119@example.invalid,Gulu,1984-05-15,prefer not to say,01/06/2026
KMB-C00120,  Fictional Member 00120  ,0700050120,member.kmb120@example.invalid,kampala,1985-05-15,M,2025/10/01
KMB-C00121,Fictional Member 00121,256700050121,member.kmb121@example.invalid,Jinja,1986-05-15,F,2026-06-01
KMB-C00122,Fictional Member 00122,00256700050122,member.kmb122@example.invalid,Mbarara,1987-05-15,prefer not to say,2026-06-01
KMB-C00123,Fictional Member 00123,+256700050123,member.kmb123@example.invalid,gulu,1988-05-15,M,2026/06/01
KMB-C00124,  Fictional Member 00124  ,0700050124,member.kmb124@example.invalid,Kampala,1989-05-15,F,2026-06-01
KMB-C00125,Fictional Member 00125,256700050125,member.kmb125@example.invalid,Invalid District,1990-05-15,prefer not to say,2025-10-01
KMB-C00126,Fictional Member 00126,,,mbarara,1991-05-15,M,01/06/2026
KMB-C00127,Fictional Member 00127,+256700050127,member.kmb127@example.invalid,Gulu,1992-05-15,F,2026-06-01
KMB-C00128,  Fictional Member 00128  ,bad-phone,member.kmb128@example.invalid,Kampala,1993-05-15,prefer not to say,2026-06-01
KMB-C00129,Fictional Member 00129,256700050129,member.kmb129@example.invalid,jinja,1994-05-15,M,2026/06/01
KMB-C00130,Fictional Member 00130,00256700050130,member.kmb130@example.invalid,Mbarara,1995-05-15,F,2025-10-01
KMB-C00131,Fictional Member 00131,+256700050131,member.kmb131@example.invalid,Gulu,1996-05-15,prefer not to say,2026-06-01
KMB-C00132,  Fictional Member 00132  ,0700050132,member.kmb132@example.invalid,kampala,1997-05-15,M,2026/06/01
KMB-C00133,Fictional Member 00133,256700050133,member.kmb133@example.invalid,Jinja,1998-05-15,F,01/06/2026
KMB-C00134,Fictional Member 00134,00256700050134,member.kmb134@example.invalid,Mbarara,1999-05-15,prefer not to say,2026-06-01
KMB-C00135,Fictional Member 00135,+256700050135,member.kmb135@example.invalid,gulu,2000-05-15,M,2025/10/01
KMB-C00136,  Fictional Member 00136  ,0700050136,member.kmb136@example.invalid,Kampala,2001-05-15,F,2026-06-01
KMB-C00137,Fictional Member 00137,256700050137,member.kmb137@example.invalid,Jinja,2002-05-15,prefer not to say,2026-06-01
KMB-C00138,Fictional Member 00138,00256700050138,member.kmb138@example.invalid,mbarara,2003-05-15,M,2026/06/01
KMB-C00139,Fictional Member 00139,+256700050139,member.kmb139@example.invalid,Gulu,2004-05-15,F,2026-06-01
KMB-C00140,  Fictional Member 00140  ,,,Kampala,1970-05-15,prefer not to say,01/10/2025
KMB-C00141,Fictional Member 00141,256700050141,member.kmb141@example.invalid,jinja,1971-05-15,M,2026/06/01
KMB-C00142,Fictional Member 00142,00256700050142,member.kmb142@example.invalid,Mbarara,1972-05-15,F,2026-06-01
KMB-C00143,Fictional Member 00143,+256700050143,member.kmb143@example.invalid,Gulu,1973-05-15,prefer not to say,2026-06-01
KMB-C00144,  Fictional Member 00144  ,bad-phone,member.kmb144@example.invalid,kampala,1974-05-15,M,2026/06/01
KMB-C00145,,256700050145,member.kmb145@example.invalid,Jinja,1975-05-15,F,2025-10-01
KMB-C00146,Fictional Member 00146,00256700050146,member.kmb146@example.invalid,Mbarara,1976-05-15,prefer not to say,2026-06-01
KMB-C00147,Fictional Member 00147,+256700050147,bad-email,gulu,1977-05-15,M,01/06/2026
KMB-C00148,  Fictional Member 00148  ,0700050148,member.kmb148@example.invalid,Kampala,1978-05-15,F,2026-06-01
KMB-C00149,Fictional Member 00149,256700050149,member.kmb149@example.invalid,Jinja,1979-05-15,prefer not to say,2026-06-01
KMB-C00150,Fictional Member 00150,00256700050150,member.kmb150@example.invalid,Invalid District,1980-05-15,M,2025/10/01
KMB-C00151,Fictional Member 00151,+256700050151,member.kmb151@example.invalid,Gulu,1981-05-15,F,2026-06-01
KMB-C00152,  Fictional Member 00152  ,0700050152,member.kmb152@example.invalid,Kampala,1982-05-15,prefer not to say,2026-06-01
KMB-C00153,Fictional Member 00153,256700050153,member.kmb153@example.invalid,jinja,1983-05-15,M,2026/06/01
KMB-C00154,Fictional Member 00154,,,Mbarara,1984-05-15,F,01/06/2026
KMB-C00155,Fictional Member 00155,+256700050155,member.kmb155@example.invalid,Gulu,1985-05-15,prefer not to say,2025-10-01
KMB-C00156,  Fictional Member 00156  ,0700050156,member.kmb156@example.invalid,kampala,1986-05-15,M,2026/06/01
KMB-C00157,Fictional Member 00157,256700050157,member.kmb157@example.invalid,Jinja,1987-05-15,F,2026-06-01
KMB-C00158,Fictional Member 00158,00256700050158,member.kmb158@example.invalid,Mbarara,1988-05-15,prefer not to say,2026-06-01
KMB-C00159,Fictional Member 00159,+256700050159,member.kmb159@example.invalid,gulu,1989-05-15,M,2026/06/01
KMB-C00160,  Fictional Member 00160  ,bad-phone,member.kmb160@example.invalid,Kampala,1990-05-15,F,2025-10-01
KMB-C00161,Fictional Member 00161,256700050161,member.kmb161@example.invalid,Jinja,1991-05-15,prefer not to say,01/06/2026
KMB-C00162,Fictional Member 00162,00256700050162,member.kmb162@example.invalid,mbarara,1992-05-15,M,2026/06/01
KMB-C00163,Fictional Member 00163,+256700050163,member.kmb163@example.invalid,Gulu,1993-05-15,F,2026-06-01
KMB-C00164,  Fictional Member 00164  ,0700050164,member.kmb164@example.invalid,Kampala,1994-05-15,prefer not to say,2026-06-01
KMB-C00165,Fictional Member 00165,256700050165,member.kmb165@example.invalid,jinja,1995-05-15,M,2025/10/01
KMB-C00166,Fictional Member 00166,00256700050166,member.kmb166@example.invalid,Mbarara,1996-05-15,F,2026-06-01
KMB-C00167,Fictional Member 00167,+256700050167,member.kmb167@example.invalid,Gulu,1997-05-15,prefer not to say,2026-06-01
KMB-C00168,  Fictional Member 00168  ,,,kampala,1998-05-15,M,01/06/2026
KMB-C00169,Fictional Member 00169,256700050169,member.kmb169@example.invalid,Jinja,1999-05-15,F,2026-06-01
KMB-C00170,Fictional Member 00170,00256700050170,member.kmb170@example.invalid,Mbarara,2000-05-15,prefer not to say,2025-10-01
KMB-C00171,Fictional Member 00171,+256700050171,member.kmb171@example.invalid,gulu,2001-05-15,M,2026/06/01
KMB-C00172,  Fictional Member 00172  ,0700050172,member.kmb172@example.invalid,Kampala,2002-05-15,F,2026-06-01
KMB-C00173,Fictional Member 00173,256700050173,member.kmb173@example.invalid,Jinja,2003-05-15,prefer not to say,2026-06-01
KMB-C00174,,00256700050174,member.kmb174@example.invalid,mbarara,2004-05-15,M,2026/06/01
KMB-C00175,Fictional Member 00175,+256700050175,member.kmb175@example.invalid,Invalid District,1970-05-15,F,01/10/2025
KMB-C00176,  Fictional Member 00176  ,bad-phone,member.kmb176@example.invalid,Kampala,1971-05-15,prefer not to say,2026-06-01
KMB-C00177,Fictional Member 00177,256700050177,member.kmb177@example.invalid,jinja,1972-05-15,M,2026/06/01
KMB-C00178,Fictional Member 00178,00256700050178,member.kmb178@example.invalid,Mbarara,1973-05-15,F,2026-06-01
KMB-C00179,Fictional Member 00179,+256700050179,member.kmb179@example.invalid,Gulu,1974-05-15,prefer not to say,2026-06-01
KMB-C00180,  Fictional Member 00180  ,0700050180,member.kmb180@example.invalid,kampala,1975-05-15,M,2025/10/01
KMB-C00181,Fictional Member 00181,256700050181,member.kmb181@example.invalid,Jinja,1976-05-15,F,2026-06-01
KMB-C00182,Fictional Member 00182,,,Mbarara,1977-05-15,prefer not to say,01/06/2026
KMB-C00183,Fictional Member 00183,+256700050183,member.kmb183@example.invalid,gulu,1978-05-15,M,2026/06/01
KMB-C00184,  Fictional Member 00184  ,0700050184,member.kmb184@example.invalid,Kampala,1979-05-15,F,2026-06-01
KMB-C00185,Fictional Member 00185,256700050185,member.kmb185@example.invalid,Jinja,1980-05-15,prefer not to say,2025-10-01
KMB-C00186,Fictional Member 00186,00256700050186,member.kmb186@example.invalid,mbarara,1981-05-15,M,2026/06/01
KMB-C00187,Fictional Member 00187,+256700050187,member.kmb187@example.invalid,Gulu,1982-05-15,F,2026-06-01
KMB-C00188,  Fictional Member 00188  ,0700050188,member.kmb188@example.invalid,Kampala,1983-05-15,prefer not to say,2026-06-01
KMB-C00189,Fictional Member 00189,256700050189,bad-email,jinja,1984-05-15,M,01/06/2026
KMB-C00190,Fictional Member 00190,00256700050190,member.kmb190@example.invalid,Mbarara,1985-05-15,F,2025-10-01
KMB-C00191,Fictional Member 00191,+256700050191,member.kmb191@example.invalid,Gulu,1986-05-15,prefer not to say,2026-06-01
KMB-C00192,  Fictional Member 00192  ,bad-phone,member.kmb192@example.invalid,kampala,1987-05-15,M,2026/06/01
KMB-C00193,Fictional Member 00193,256700050193,member.kmb193@example.invalid,Jinja,1988-05-15,F,2026-06-01
KMB-C00194,Fictional Member 00194,00256700050194,member.kmb194@example.invalid,Mbarara,1989-05-15,prefer not to say,2026-06-01
KMB-C00195,Fictional Member 00195,+256700050195,member.kmb195@example.invalid,gulu,1990-05-15,M,2025/10/01
KMB-C00196,  Fictional Member 00196  ,,,Kampala,1991-05-15,F,01/06/2026
KMB-C00197,Fictional Member 00197,256700050197,member.kmb197@example.invalid,Jinja,1992-05-15,prefer not to say,2026-06-01
KMB-C00198,Fictional Member 00198,00256700050198,member.kmb198@example.invalid,mbarara,1993-05-15,M,2026/06/01
KMB-C00199,Fictional Member 00199,+256700050199,member.kmb199@example.invalid,Gulu,1994-05-15,F,2026-06-01
KMB-C00200,  Fictional Member 00200  ,0700050200,member.kmb200@example.invalid,Invalid District,1995-05-15,prefer not to say,2025-10-01
KMB-C00201,Fictional Member 00201,256700050201,member.kmb201@example.invalid,jinja,1996-05-15,M,2026/06/01
KMB-C00202,Fictional Member 00202,00256700050202,member.kmb202@example.invalid,Mbarara,1997-05-15,F,2026-06-01
KMB-C00203,,+256700050203,member.kmb203@example.invalid,Gulu,1998-05-15,prefer not to say,01/06/2026
KMB-C00204,  Fictional Member 00204  ,0700050204,member.kmb204@example.invalid,kampala,1999-05-15,M,2026/06/01
KMB-C00205,Fictional Member 00205,256700050205,member.kmb205@example.invalid,Jinja,2000-05-15,F,2025-10-01
KMB-C00206,Fictional Member 00206,00256700050206,member.kmb206@example.invalid,Mbarara,2001-05-15,prefer not to say,2026-06-01
KMB-C00207,Fictional Member 00207,+256700050207,member.kmb207@example.invalid,gulu,2002-05-15,M,2026/06/01
KMB-C00208,  Fictional Member 00208  ,bad-phone,member.kmb208@example.invalid,Kampala,2003-05-15,F,2026-06-01
KMB-C00209,Fictional Member 00209,256700050209,member.kmb209@example.invalid,Jinja,2004-05-15,prefer not to say,2026-06-01
KMB-C00210,Fictional Member 00210,,,mbarara,1970-05-15,M,01/10/2025
KMB-C00211,Fictional Member 00211,+256700050211,member.kmb211@example.invalid,Gulu,1971-05-15,F,2026-06-01
KMB-C00212,  Fictional Member 00212  ,0700050212,member.kmb212@example.invalid,Kampala,1972-05-15,prefer not to say,2026-06-01
KMB-C00213,Fictional Member 00213,256700050213,member.kmb213@example.invalid,jinja,1973-05-15,M,2026/06/01
KMB-C00214,Fictional Member 00214,00256700050214,member.kmb214@example.invalid,Mbarara,1974-05-15,F,2026-06-01
KMB-C00215,Fictional Member 00215,+256700050215,member.kmb215@example.invalid,Gulu,1975-05-15,prefer not to say,2025-10-01
KMB-C00216,  Fictional Member 00216  ,0700050216,member.kmb216@example.invalid,kampala,1976-05-15,M,2026/06/01
KMB-C00217,Fictional Member 00217,256700050217,member.kmb217@example.invalid,Jinja,1977-05-15,F,01/06/2026
KMB-C00218,Fictional Member 00218,00256700050218,member.kmb218@example.invalid,Mbarara,1978-05-15,prefer not to say,2026-06-01
KMB-C00219,Fictional Member 00219,+256700050219,member.kmb219@example.invalid,gulu,1979-05-15,M,2026/06/01
KMB-C00220,  Fictional Member 00220  ,0700050220,member.kmb220@example.invalid,Kampala,1980-05-15,F,2025-10-01
KMB-C00221,Fictional Member 00221,256700050221,member.kmb221@example.invalid,Jinja,1981-05-15,prefer not to say,2026-06-01
KMB-C00222,Fictional Member 00222,00256700050222,member.kmb222@example.invalid,mbarara,1982-05-15,M,2026/06/01
KMB-C00223,Fictional Member 00223,+256700050223,member.kmb223@example.invalid,Gulu,1983-05-15,F,2026-06-01
KMB-C00224,  Fictional Member 00224  ,,,Kampala,1984-05-15,prefer not to say,01/06/2026
KMB-C00225,Fictional Member 00225,256700050225,member.kmb225@example.invalid,Invalid District,1985-05-15,M,2025/10/01
KMB-C00226,Fictional Member 00226,00256700050226,member.kmb226@example.invalid,Mbarara,1986-05-15,F,2026-06-01
KMB-C00227,Fictional Member 00227,+256700050227,member.kmb227@example.invalid,Gulu,1987-05-15,prefer not to say,2026-06-01
KMB-C00228,  Fictional Member 00228  ,0700050228,member.kmb228@example.invalid,kampala,1988-05-15,M,2026/06/01
KMB-C00229,Fictional Member 00229,256700050229,member.kmb229@example.invalid,Jinja,1989-05-15,F,2026-06-01
KMB-C00230,Fictional Member 00230,00256700050230,member.kmb230@example.invalid,Mbarara,1990-05-15,prefer not to say,2025-10-01
KMB-C00231,Fictional Member 00231,+256700050231,bad-email,gulu,1991-05-15,M,01/06/2026
KMB-C00232,,0700050232,member.kmb232@example.invalid,Kampala,1992-05-15,F,2026-06-01
KMB-C00233,Fictional Member 00233,256700050233,member.kmb233@example.invalid,Jinja,1993-05-15,prefer not to say,2026-06-01
KMB-C00234,Fictional Member 00234,00256700050234,member.kmb234@example.invalid,mbarara,1994-05-15,M,2026/06/01
KMB-C00235,Fictional Member 00235,+256700050235,member.kmb235@example.invalid,Gulu,1995-05-15,F,2025-10-01
KMB-C00236,  Fictional Member 00236  ,0700050236,member.kmb236@example.invalid,Kampala,1996-05-15,prefer not to say,2026-06-01
KMB-C00237,Fictional Member 00237,256700050237,member.kmb237@example.invalid,jinja,1997-05-15,M,2026/06/01
KMB-C00238,Fictional Member 00238,,,Mbarara,1998-05-15,F,01/06/2026
KMB-C00239,Fictional Member 00239,+256700050239,member.kmb239@example.invalid,Gulu,1999-05-15,prefer not to say,2026-06-01
KMB-C00240,  Fictional Member 00240  ,bad-phone,member.kmb240@example.invalid,kampala,2000-05-15,M,2025/10/01
KMB-C00241,Fictional Member 00241,256700050241,member.kmb241@example.invalid,Jinja,2001-05-15,F,2026-06-01
KMB-C00242,Fictional Member 00242,00256700050242,member.kmb242@example.invalid,Mbarara,2002-05-15,prefer not to say,2026-06-01
KMB-C00243,Fictional Member 00243,+256700050243,member.kmb243@example.invalid,gulu,2003-05-15,M,2026/06/01
KMB-C00244,  Fictional Member 00244  ,0700050244,member.kmb244@example.invalid,Kampala,2004-05-15,F,2026-06-01
KMB-C00245,Fictional Member 00245,256700050245,member.kmb245@example.invalid,Jinja,1970-05-15,prefer not to say,01/10/2025
KMB-C00246,Fictional Member 00246,00256700050246,member.kmb246@example.invalid,mbarara,1971-05-15,M,2026/06/01
KMB-C00247,Fictional Member 00247,+256700050247,member.kmb247@example.invalid,Gulu,1972-05-15,F,2026-06-01
KMB-C00248,  Fictional Member 00248  ,0700050248,member.kmb248@example.invalid,Kampala,1973-05-15,prefer not to say,2026-06-01
KMB-C00249,Fictional Member 00249,256700050249,member.kmb249@example.invalid,jinja,1974-05-15,M,2026/06/01
KMB-C00250,Fictional Member 00250,00256700050250,member.kmb250@example.invalid,Invalid District,1975-05-15,F,2025-10-01
KMB-C00251,Fictional Member 00251,+256700050251,member.kmb251@example.invalid,Gulu,1976-05-15,prefer not to say,2026-06-01
KMB-C00252,  Fictional Member 00252  ,,,kampala,1977-05-15,M,01/06/2026
KMB-C00253,Fictional Member 00253,256700050253,member.kmb253@example.invalid,Jinja,1978-05-15,F,2026-06-01
KMB-C00254,Fictional Member 00254,00256700050254,member.kmb254@example.invalid,Mbarara,1979-05-15,prefer not to say,2026-06-01
KMB-C00255,Fictional Member 00255,+256700050255,member.kmb255@example.invalid,gulu,1980-05-15,M,2025/10/01
KMB-C00256,  Fictional Member 00256  ,bad-phone,member.kmb256@example.invalid,Kampala,1981-05-15,F,2026-06-01
KMB-C00257,Fictional Member 00257,256700050257,member.kmb257@example.invalid,Jinja,1982-05-15,prefer not to say,2026-06-01
KMB-C00258,Fictional Member 00258,00256700050258,member.kmb258@example.invalid,mbarara,1983-05-15,M,2026/06/01
KMB-C00259,Fictional Member 00259,+256700050259,member.kmb259@example.invalid,Gulu,1984-05-15,F,01/06/2026
KMB-C00260,  Fictional Member 00260  ,0700050260,member.kmb260@example.invalid,Kampala,1985-05-15,prefer not to say,2025-10-01
KMB-C00261,,256700050261,member.kmb261@example.invalid,jinja,1986-05-15,M,2026/06/01
KMB-C00262,Fictional Member 00262,00256700050262,member.kmb262@example.invalid,Mbarara,1987-05-15,F,2026-06-01
KMB-C00263,Fictional Member 00263,+256700050263,member.kmb263@example.invalid,Gulu,1988-05-15,prefer not to say,2026-06-01
KMB-C00264,  Fictional Member 00264  ,0700050264,member.kmb264@example.invalid,kampala,1989-05-15,M,2026/06/01
KMB-C00265,Fictional Member 00265,256700050265,member.kmb265@example.invalid,Jinja,1990-05-15,F,2025-10-01
KMB-C00266,Fictional Member 00266,,,Mbarara,1991-05-15,prefer not to say,01/06/2026
KMB-C00267,Fictional Member 00267,+256700050267,member.kmb267@example.invalid,gulu,1992-05-15,M,2026/06/01
KMB-C00268,  Fictional Member 00268  ,0700050268,member.kmb268@example.invalid,Kampala,1993-05-15,F,2026-06-01
KMB-C00269,Fictional Member 00269,256700050269,member.kmb269@example.invalid,Jinja,1994-05-15,prefer not to say,2026-06-01
KMB-C00270,Fictional Member 00270,00256700050270,member.kmb270@example.invalid,mbarara,1995-05-15,M,2025/10/01
KMB-C00271,Fictional Member 00271,+256700050271,member.kmb271@example.invalid,Gulu,1996-05-15,F,2026-06-01
KMB-C00272,  Fictional Member 00272  ,bad-phone,member.kmb272@example.invalid,Kampala,1997-05-15,prefer not to say,2026-06-01
KMB-C00273,Fictional Member 00273,256700050273,bad-email,jinja,1998-05-15,M,01/06/2026
KMB-C00274,Fictional Member 00274,00256700050274,member.kmb274@example.invalid,Mbarara,1999-05-15,F,2026-06-01
KMB-C00275,Fictional Member 00275,+256700050275,member.kmb275@example.invalid,Invalid District,2000-05-15,prefer not to say,2025-10-01
KMB-C00276,  Fictional Member 00276  ,0700050276,member.kmb276@example.invalid,kampala,2001-05-15,M,2026/06/01
KMB-C00277,Fictional Member 00277,256700050277,member.kmb277@example.invalid,Jinja,2002-05-15,F,2026-06-01
KMB-C00278,Fictional Member 00278,00256700050278,member.kmb278@example.invalid,Mbarara,2003-05-15,prefer not to say,2026-06-01
KMB-C00279,Fictional Member 00279,+256700050279,member.kmb279@example.invalid,gulu,2004-05-15,M,2026/06/01
KMB-C00280,  Fictional Member 00280  ,,,Kampala,1970-05-15,F,01/10/2025
KMB-C00281,Fictional Member 00281,256700050281,member.kmb281@example.invalid,Jinja,1971-05-15,prefer not to say,2026-06-01
KMB-C00282,Fictional Member 00282,00256700050282,member.kmb282@example.invalid,mbarara,1972-05-15,M,2026/06/01
KMB-C00283,Fictional Member 00283,+256700050283,member.kmb283@example.invalid,Gulu,1973-05-15,F,2026-06-01
KMB-C00284,  Fictional Member 00284  ,0700050284,member.kmb284@example.invalid,Kampala,1974-05-15,prefer not to say,2026-06-01
KMB-C00285,Fictional Member 00285,256700050285,member.kmb285@example.invalid,jinja,1975-05-15,M,2025/10/01
KMB-C00286,Fictional Member 00286,00256700050286,member.kmb286@example.invalid,Mbarara,1976-05-15,F,2026-06-01
KMB-C00287,Fictional Member 00287,+256700050287,member.kmb287@example.invalid,Gulu,1977-05-15,prefer not to say,01/06/2026
KMB-C00288,  Fictional Member 00288  ,bad-phone,member.kmb288@example.invalid,kampala,1978-05-15,M,2026/06/01
KMB-C00289,Fictional Member 00289,256700050289,member.kmb289@example.invalid,Jinja,1979-05-15,F,2026-06-01
KMB-C00290,,00256700050290,member.kmb290@example.invalid,Mbarara,1980-05-15,prefer not to say,2025-10-01
KMB-C00291,Fictional Member 00291,+256700050291,member.kmb291@example.invalid,gulu,1981-05-15,M,2026/06/01
KMB-C00292,  Fictional Member 00292  ,0700050292,member.kmb292@example.invalid,Kampala,1982-05-15,F,2026-06-01
KMB-C00293,Fictional Member 00293,256700050293,member.kmb293@example.invalid,Jinja,1983-05-15,prefer not to say,2026-06-01
KMB-C00294,Fictional Member 00294,,,mbarara,1984-05-15,M,01/06/2026
KMB-C00295,Fictional Member 00295,+256700050295,member.kmb295@example.invalid,Gulu,1985-05-15,F,2025-10-01
KMB-C00296,  Fictional Member 00296  ,0700050296,member.kmb296@example.invalid,Kampala,1986-05-15,prefer not to say,2026-06-01
KMB-C00297,Fictional Member 00297,256700050297,member.kmb297@example.invalid,jinja,1987-05-15,M,2026/06/01
KMB-C00298,Fictional Member 00298,00256700050298,member.kmb298@example.invalid,Mbarara,1988-05-15,F,2026-06-01
KMB-C00299,Fictional Member 00299,+256700050299,member.kmb299@example.invalid,Gulu,1989-05-15,prefer not to say,2026-06-01
KMB-C00300,  Fictional Member 00300  ,0700050300,member.kmb300@example.invalid,Invalid District,1990-05-15,M,2025/10/01
KMB-C00301,Fictional Member 00301,256700050301,member.kmb301@example.invalid,Jinja,1991-05-15,F,01/06/2026
KMB-C00302,Fictional Member 00302,00256700050302,member.kmb302@example.invalid,Mbarara,1992-05-15,prefer not to say,2026-06-01
KMB-C00303,Fictional Member 00303,+256700050303,member.kmb303@example.invalid,gulu,1993-05-15,M,2026/06/01
KMB-C00304,  Fictional Member 00304  ,bad-phone,member.kmb304@example.invalid,Kampala,1994-05-15,F,2026-06-01
KMB-C00305,Fictional Member 00305,256700050305,member.kmb305@example.invalid,Jinja,1995-05-15,prefer not to say,2025-10-01
KMB-C00306,Fictional Member 00306,00256700050306,member.kmb306@example.invalid,mbarara,1996-05-15,M,2026/06/01
KMB-C00307,Fictional Member 00307,+256700050307,member.kmb307@example.invalid,Gulu,1997-05-15,F,2026-06-01
KMB-C00308,  Fictional Member 00308  ,,,Kampala,1998-05-15,prefer not to say,01/06/2026
KMB-C00309,Fictional Member 00309,256700050309,member.kmb309@example.invalid,jinja,1999-05-15,M,2026/06/01
KMB-C00310,Fictional Member 00310,00256700050310,member.kmb310@example.invalid,Mbarara,2000-05-15,F,2025-10-01
KMB-C00311,Fictional Member 00311,+256700050311,member.kmb311@example.invalid,Gulu,2001-05-15,prefer not to say,2026-06-01
KMB-C00312,  Fictional Member 00312  ,0700050312,member.kmb312@example.invalid,kampala,2002-05-15,M,2026/06/01
KMB-C00313,Fictional Member 00313,256700050313,member.kmb313@example.invalid,Jinja,2003-05-15,F,2026-06-01
KMB-C00314,Fictional Member 00314,00256700050314,member.kmb314@example.invalid,Mbarara,2004-05-15,prefer not to say,2026-06-01
KMB-C00315,Fictional Member 00315,+256700050315,bad-email,gulu,1970-05-15,M,01/10/2025
KMB-C00316,  Fictional Member 00316  ,0700050316,member.kmb316@example.invalid,Kampala,1971-05-15,F,2026-06-01
KMB-C00317,Fictional Member 00317,256700050317,member.kmb317@example.invalid,Jinja,1972-05-15,prefer not to say,2026-06-01
KMB-C00318,Fictional Member 00318,00256700050318,member.kmb318@example.invalid,mbarara,1973-05-15,M,2026/06/01
KMB-C00319,,+256700050319,member.kmb319@example.invalid,Gulu,1974-05-15,F,2026-06-01
KMB-C00320,  Fictional Member 00320  ,bad-phone,member.kmb320@example.invalid,Kampala,1975-05-15,prefer not to say,2025-10-01
KMB-C00321,Fictional Member 00321,256700050321,member.kmb321@example.invalid,jinja,1976-05-15,M,2026/06/01
KMB-C00322,Fictional Member 00322,,,Mbarara,1977-05-15,F,01/06/2026
KMB-C00323,Fictional Member 00323,+256700050323,member.kmb323@example.invalid,Gulu,1978-05-15,prefer not to say,2026-06-01
KMB-C00324,  Fictional Member 00324  ,0700050324,member.kmb324@example.invalid,kampala,1979-05-15,M,2026/06/01
KMB-C00325,Fictional Member 00325,256700050325,member.kmb325@example.invalid,Invalid District,1980-05-15,F,2025-10-01
KMB-C00326,Fictional Member 00326,00256700050326,member.kmb326@example.invalid,Mbarara,1981-05-15,prefer not to say,2026-06-01
KMB-C00327,Fictional Member 00327,+256700050327,member.kmb327@example.invalid,gulu,1982-05-15,M,2026/06/01
KMB-C00328,  Fictional Member 00328  ,0700050328,member.kmb328@example.invalid,Kampala,1983-05-15,F,2026-06-01
KMB-C00329,Fictional Member 00329,256700050329,member.kmb329@example.invalid,Jinja,1984-05-15,prefer not to say,01/06/2026
KMB-C00330,Fictional Member 00330,00256700050330,member.kmb330@example.invalid,mbarara,1985-05-15,M,2025/10/01
KMB-C00331,Fictional Member 00331,+256700050331,member.kmb331@example.invalid,Gulu,1986-05-15,F,2026-06-01
KMB-C00332,  Fictional Member 00332  ,0700050332,member.kmb332@example.invalid,Kampala,1987-05-15,prefer not to say,2026-06-01
KMB-C00333,Fictional Member 00333,256700050333,member.kmb333@example.invalid,jinja,1988-05-15,M,2026/06/01
KMB-C00334,Fictional Member 00334,00256700050334,member.kmb334@example.invalid,Mbarara,1989-05-15,F,2026-06-01
KMB-C00335,Fictional Member 00335,+256700050335,member.kmb335@example.invalid,Gulu,1990-05-15,prefer not to say,2025-10-01
KMB-C00336,  Fictional Member 00336  ,,,kampala,1991-05-15,M,01/06/2026
KMB-C00337,Fictional Member 00337,256700050337,member.kmb337@example.invalid,Jinja,1992-05-15,F,2026-06-01
KMB-C00338,Fictional Member 00338,00256700050338,member.kmb338@example.invalid,Mbarara,1993-05-15,prefer not to say,2026-06-01
KMB-C00339,Fictional Member 00339,+256700050339,member.kmb339@example.invalid,gulu,1994-05-15,M,2026/06/01
KMB-C00340,  Fictional Member 00340  ,0700050340,member.kmb340@example.invalid,Kampala,1995-05-15,F,2025-10-01
KMB-C00341,Fictional Member 00341,256700050341,member.kmb341@example.invalid,Jinja,1996-05-15,prefer not to say,2026-06-01
KMB-C00342,Fictional Member 00342,00256700050342,member.kmb342@example.invalid,mbarara,1997-05-15,M,2026/06/01
KMB-C00343,Fictional Member 00343,+256700050343,member.kmb343@example.invalid,Gulu,1998-05-15,F,01/06/2026
KMB-C00344,  Fictional Member 00344  ,0700050344,member.kmb344@example.invalid,Kampala,1999-05-15,prefer not to say,2026-06-01
KMB-C00345,Fictional Member 00345,256700050345,member.kmb345@example.invalid,jinja,2000-05-15,M,2025/10/01
KMB-C00346,Fictional Member 00346,00256700050346,member.kmb346@example.invalid,Mbarara,2001-05-15,F,2026-06-01
KMB-C00347,Fictional Member 00347,+256700050347,member.kmb347@example.invalid,Gulu,2002-05-15,prefer not to say,2026-06-01
KMB-C00348,,0700050348,member.kmb348@example.invalid,kampala,2003-05-15,M,2026/06/01
KMB-C00349,Fictional Member 00349,256700050349,member.kmb349@example.invalid,Jinja,2004-05-15,F,2026-06-01
KMB-C00350,Fictional Member 00350,,,Invalid District,1970-05-15,prefer not to say,01/10/2025
KMB-C00351,Fictional Member 00351,+256700050351,member.kmb351@example.invalid,gulu,1971-05-15,M,2026/06/01
KMB-C00352,  Fictional Member 00352  ,bad-phone,member.kmb352@example.invalid,Kampala,1972-05-15,F,2026-06-01
KMB-C00353,Fictional Member 00353,256700050353,member.kmb353@example.invalid,Jinja,1973-05-15,prefer not to say,2026-06-01
KMB-C00354,Fictional Member 00354,00256700050354,member.kmb354@example.invalid,mbarara,1974-05-15,M,2026/06/01
KMB-C00355,Fictional Member 00355,+256700050355,member.kmb355@example.invalid,Gulu,1975-05-15,F,2025-10-01
KMB-C00356,  Fictional Member 00356  ,0700050356,member.kmb356@example.invalid,Kampala,1976-05-15,prefer not to say,2026-06-01
KMB-C00357,Fictional Member 00357,256700050357,bad-email,jinja,1977-05-15,M,01/06/2026
KMB-C00358,Fictional Member 00358,00256700050358,member.kmb358@example.invalid,Mbarara,1978-05-15,F,2026-06-01
KMB-C00359,Fictional Member 00359,+256700050359,member.kmb359@example.invalid,Gulu,1979-05-15,prefer not to say,2026-06-01
KMB-C00360,  Fictional Member 00360  ,0700050360,member.kmb360@example.invalid,kampala,1980-05-15,M,2025/10/01
KMB-C00361,Fictional Member 00361,256700050361,member.kmb361@example.invalid,Jinja,1981-05-15,F,2026-06-01
KMB-C00362,Fictional Member 00362,00256700050362,member.kmb362@example.invalid,Mbarara,1982-05-15,prefer not to say,2026-06-01
KMB-C00363,Fictional Member 00363,+256700050363,member.kmb363@example.invalid,gulu,1983-05-15,M,2026/06/01
KMB-C00364,  Fictional Member 00364  ,,,Kampala,1984-05-15,F,01/06/2026
KMB-C00365,Fictional Member 00365,256700050365,member.kmb365@example.invalid,Jinja,1985-05-15,prefer not to say,2025-10-01
KMB-C00366,Fictional Member 00366,00256700050366,member.kmb366@example.invalid,mbarara,1986-05-15,M,2026/06/01
KMB-C00367,Fictional Member 00367,+256700050367,member.kmb367@example.invalid,Gulu,1987-05-15,F,2026-06-01
KMB-C00368,  Fictional Member 00368  ,bad-phone,member.kmb368@example.invalid,Kampala,1988-05-15,prefer not to say,2026-06-01
KMB-C00369,Fictional Member 00369,256700050369,member.kmb369@example.invalid,jinja,1989-05-15,M,2026/06/01
KMB-C00370,Fictional Member 00370,00256700050370,member.kmb370@example.invalid,Mbarara,1990-05-15,F,2025-10-01
KMB-C00371,Fictional Member 00371,+256700050371,member.kmb371@example.invalid,Gulu,1991-05-15,prefer not to say,01/06/2026
KMB-C00372,  Fictional Member 00372  ,0700050372,member.kmb372@example.invalid,kampala,1992-05-15,M,2026/06/01
KMB-C00373,Fictional Member 00373,256700050373,member.kmb373@example.invalid,Jinja,1993-05-15,F,2026-06-01
KMB-C00374,Fictional Member 00374,00256700050374,member.kmb374@example.invalid,Mbarara,1994-05-15,prefer not to say,2026-06-01
KMB-C00375,Fictional Member 00375,+256700050375,member.kmb375@example.invalid,Invalid District,1995-05-15,M,2025/10/01
KMB-C00376,  Fictional Member 00376  ,0700050376,member.kmb376@example.invalid,Kampala,1996-05-15,F,2026-06-01
KMB-C00377,,256700050377,member.kmb377@example.invalid,Jinja,1997-05-15,prefer not to say,2026-06-01
KMB-C00378,Fictional Member 00378,,,mbarara,1998-05-15,M,01/06/2026
KMB-C00379,Fictional Member 00379,+256700050379,member.kmb379@example.invalid,Gulu,1999-05-15,F,2026-06-01
KMB-C00380,  Fictional Member 00380  ,0700050380,member.kmb380@example.invalid,Kampala,2000-05-15,prefer not to say,2025-10-01
KMB-C00381,Fictional Member 00381,256700050381,member.kmb381@example.invalid,jinja,2001-05-15,M,2026/06/01
KMB-C00382,Fictional Member 00382,00256700050382,member.kmb382@example.invalid,Mbarara,2002-05-15,F,2026-06-01
KMB-C00383,Fictional Member 00383,+256700050383,member.kmb383@example.invalid,Gulu,2003-05-15,prefer not to say,2026-06-01
KMB-C00384,  Fictional Member 00384  ,bad-phone,member.kmb384@example.invalid,kampala,2004-05-15,M,2026/06/01
KMB-C00385,Fictional Member 00385,256700050385,member.kmb385@example.invalid,Jinja,1970-05-15,F,01/10/2025
KMB-C00386,Fictional Member 00386,00256700050386,member.kmb386@example.invalid,Mbarara,1971-05-15,prefer not to say,2026-06-01
KMB-C00387,Fictional Member 00387,+256700050387,member.kmb387@example.invalid,gulu,1972-05-15,M,2026/06/01
KMB-C00388,  Fictional Member 00388  ,0700050388,member.kmb388@example.invalid,Kampala,1973-05-15,F,2026-06-01
KMB-C00389,Fictional Member 00389,256700050389,member.kmb389@example.invalid,Jinja,1974-05-15,prefer not to say,2026-06-01
KMB-C00390,Fictional Member 00390,00256700050390,member.kmb390@example.invalid,mbarara,1975-05-15,M,2025/10/01
KMB-C00391,Fictional Member 00391,+256700050391,member.kmb391@example.invalid,Gulu,1976-05-15,F,2026-06-01
KMB-C00392,  Fictional Member 00392  ,,,Kampala,1977-05-15,prefer not to say,01/06/2026
KMB-C00393,Fictional Member 00393,256700050393,member.kmb393@example.invalid,jinja,1978-05-15,M,2026/06/01
KMB-C00394,Fictional Member 00394,00256700050394,member.kmb394@example.invalid,Mbarara,1979-05-15,F,2026-06-01
KMB-C00395,Fictional Member 00395,+256700050395,member.kmb395@example.invalid,Gulu,1980-05-15,prefer not to say,2025-10-01
KMB-C00396,  Fictional Member 00396  ,0700050396,member.kmb396@example.invalid,kampala,1981-05-15,M,2026/06/01
KMB-C00397,Fictional Member 00397,256700050397,member.kmb397@example.invalid,Jinja,1982-05-15,F,2026-06-01
KMB-C00398,Fictional Member 00398,00256700050398,member.kmb398@example.invalid,Mbarara,1983-05-15,prefer not to say,2026-06-01
KMB-C00399,Fictional Member 00399,+256700050399,bad-email,gulu,1984-05-15,M,01/06/2026
KMB-C00400,  Fictional Member 00400  ,bad-phone,member.kmb400@example.invalid,Invalid District,1985-05-15,F,2025-10-01
KMB-C00401,Fictional Member 00401,256700050401,member.kmb401@example.invalid,Jinja,1986-05-15,prefer not to say,2026-06-01
KMB-C00402,Fictional Member 00402,00256700050402,member.kmb402@example.invalid,mbarara,1987-05-15,M,2026/06/01
KMB-C00403,Fictional Member 00403,+256700050403,member.kmb403@example.invalid,Gulu,1988-05-15,F,2026-06-01
KMB-C00404,  Fictional Member 00404  ,0700050404,member.kmb404@example.invalid,Kampala,1989-05-15,prefer not to say,2026-06-01
KMB-C00405,Fictional Member 00405,256700050405,member.kmb405@example.invalid,jinja,1990-05-15,M,2025/10/01
KMB-C00406,,,,Mbarara,1991-05-15,F,01/06/2026
KMB-C00407,Fictional Member 00407,+256700050407,member.kmb407@example.invalid,Gulu,1992-05-15,prefer not to say,2026-06-01
KMB-C00408,  Fictional Member 00408  ,0700050408,member.kmb408@example.invalid,kampala,1993-05-15,M,2026/06/01
KMB-C00409,Fictional Member 00409,256700050409,member.kmb409@example.invalid,Jinja,1994-05-15,F,2026-06-01
KMB-C00410,Fictional Member 00410,00256700050410,member.kmb410@example.invalid,Mbarara,1995-05-15,prefer not to say,2025-10-01
KMB-C00411,Fictional Member 00411,+256700050411,member.kmb411@example.invalid,gulu,1996-05-15,M,2026/06/01
KMB-C00412,  Fictional Member 00412  ,0700050412,member.kmb412@example.invalid,Kampala,1997-05-15,F,2026-06-01
KMB-C00413,Fictional Member 00413,256700050413,member.kmb413@example.invalid,Jinja,1998-05-15,prefer not to say,01/06/2026
KMB-C00414,Fictional Member 00414,00256700050414,member.kmb414@example.invalid,mbarara,1999-05-15,M,2026/06/01
KMB-C00415,Fictional Member 00415,+256700050415,member.kmb415@example.invalid,Gulu,2000-05-15,F,2025-10-01
KMB-C00416,  Fictional Member 00416  ,bad-phone,member.kmb416@example.invalid,Kampala,2001-05-15,prefer not to say,2026-06-01
KMB-C00417,Fictional Member 00417,256700050417,member.kmb417@example.invalid,jinja,2002-05-15,M,2026/06/01
KMB-C00418,Fictional Member 00418,00256700050418,member.kmb418@example.invalid,Mbarara,2003-05-15,F,2026-06-01
KMB-C00419,Fictional Member 00419,+256700050419,member.kmb419@example.invalid,Gulu,2004-05-15,prefer not to say,2026-06-01
KMB-C00420,  Fictional Member 00420  ,,,kampala,1970-05-15,M,01/10/2025
KMB-C00421,Fictional Member 00421,256700050421,member.kmb421@example.invalid,Jinja,1971-05-15,F,2026-06-01
KMB-C00422,Fictional Member 00422,00256700050422,member.kmb422@example.invalid,Mbarara,1972-05-15,prefer not to say,2026-06-01
KMB-C00423,Fictional Member 00423,+256700050423,member.kmb423@example.invalid,gulu,1973-05-15,M,2026/06/01
KMB-C00424,  Fictional Member 00424  ,0700050424,member.kmb424@example.invalid,Kampala,1974-05-15,F,2026-06-01
KMB-C00425,Fictional Member 00425,256700050425,member.kmb425@example.invalid,Invalid District,1975-05-15,prefer not to say,2025-10-01
KMB-C00426,Fictional Member 00426,00256700050426,member.kmb426@example.invalid,mbarara,1976-05-15,M,2026/06/01
KMB-C00427,Fictional Member 00427,+256700050427,member.kmb427@example.invalid,Gulu,1977-05-15,F,01/06/2026
KMB-C00428,  Fictional Member 00428  ,0700050428,member.kmb428@example.invalid,Kampala,1978-05-15,prefer not to say,2026-06-01
KMB-C00429,Fictional Member 00429,256700050429,member.kmb429@example.invalid,jinja,1979-05-15,M,2026/06/01
KMB-C00430,Fictional Member 00430,00256700050430,member.kmb430@example.invalid,Mbarara,1980-05-15,F,2025-10-01
KMB-C00431,Fictional Member 00431,+256700050431,member.kmb431@example.invalid,Gulu,1981-05-15,prefer not to say,2026-06-01
KMB-C00432,  Fictional Member 00432  ,bad-phone,member.kmb432@example.invalid,kampala,1982-05-15,M,2026/06/01
KMB-C00433,Fictional Member 00433,256700050433,member.kmb433@example.invalid,Jinja,1983-05-15,F,2026-06-01
KMB-C00434,Fictional Member 00434,,,Mbarara,1984-05-15,prefer not to say,01/06/2026
KMB-C00435,,+256700050435,member.kmb435@example.invalid,gulu,1985-05-15,M,2025/10/01
KMB-C00436,  Fictional Member 00436  ,0700050436,member.kmb436@example.invalid,Kampala,1986-05-15,F,2026-06-01
KMB-C00437,Fictional Member 00437,256700050437,member.kmb437@example.invalid,Jinja,1987-05-15,prefer not to say,2026-06-01
KMB-C00438,Fictional Member 00438,00256700050438,member.kmb438@example.invalid,mbarara,1988-05-15,M,2026/06/01
KMB-C00439,Fictional Member 00439,+256700050439,member.kmb439@example.invalid,Gulu,1989-05-15,F,2026-06-01
KMB-C00440,  Fictional Member 00440  ,0700050440,member.kmb440@example.invalid,Kampala,1990-05-15,prefer not to say,2025-10-01
KMB-C00441,Fictional Member 00441,256700050441,bad-email,jinja,1991-05-15,M,01/06/2026
KMB-C00442,Fictional Member 00442,00256700050442,member.kmb442@example.invalid,Mbarara,1992-05-15,F,2026-06-01
KMB-C00443,Fictional Member 00443,+256700050443,member.kmb443@example.invalid,Gulu,1993-05-15,prefer not to say,2026-06-01
KMB-C00444,  Fictional Member 00444  ,0700050444,member.kmb444@example.invalid,kampala,1994-05-15,M,2026/06/01
KMB-C00445,Fictional Member 00445,256700050445,member.kmb445@example.invalid,Jinja,1995-05-15,F,2025-10-01
KMB-C00446,Fictional Member 00446,00256700050446,member.kmb446@example.invalid,Mbarara,1996-05-15,prefer not to say,2026-06-01
KMB-C00447,Fictional Member 00447,+256700050447,member.kmb447@example.invalid,gulu,1997-05-15,M,2026/06/01
KMB-C00448,  Fictional Member 00448  ,,,Kampala,1998-05-15,F,01/06/2026
KMB-C00449,Fictional Member 00449,256700050449,member.kmb449@example.invalid,Jinja,1999-05-15,prefer not to say,2026-06-01
KMB-C00450,Fictional Member 00450,00256700050450,member.kmb450@example.invalid,Invalid District,2000-05-15,M,2025/10/01
KMB-C00451,Fictional Member 00451,+256700050451,member.kmb451@example.invalid,Gulu,2001-05-15,F,2026-06-01
KMB-C00452,  Fictional Member 00452  ,0700050452,member.kmb452@example.invalid,Kampala,2002-05-15,prefer not to say,2026-06-01
KMB-C00453,Fictional Member 00453,256700050453,member.kmb453@example.invalid,jinja,2003-05-15,M,2026/06/01
KMB-C00454,Fictional Member 00454,00256700050454,member.kmb454@example.invalid,Mbarara,2004-05-15,F,2026-06-01
KMB-C00455,Fictional Member 00455,+256700050455,member.kmb455@example.invalid,Gulu,1970-05-15,prefer not to say,01/10/2025
KMB-C00456,  Fictional Member 00456  ,0700050456,member.kmb456@example.invalid,kampala,1971-05-15,M,2026/06/01
KMB-C00457,Fictional Member 00457,256700050457,member.kmb457@example.invalid,Jinja,1972-05-15,F,2026-06-01
KMB-C00458,Fictional Member 00458,00256700050458,member.kmb458@example.invalid,Mbarara,1973-05-15,prefer not to say,2026-06-01
KMB-C00459,Fictional Member 00459,+256700050459,member.kmb459@example.invalid,gulu,1974-05-15,M,2026/06/01
KMB-C00460,  Fictional Member 00460  ,0700050460,member.kmb460@example.invalid,Kampala,1975-05-15,F,2025-10-01
KMB-C00461,Fictional Member 00461,256700050461,member.kmb461@example.invalid,Jinja,1976-05-15,prefer not to say,2026-06-01
KMB-C00462,Fictional Member 00462,,,mbarara,1977-05-15,M,01/06/2026
KMB-C00463,Fictional Member 00463,+256700050463,member.kmb463@example.invalid,Gulu,1978-05-15,F,2026-06-01
KMB-C00464,,bad-phone,member.kmb464@example.invalid,Kampala,1979-05-15,prefer not to say,2026-06-01
KMB-C00465,Fictional Member 00465,256700050465,member.kmb465@example.invalid,jinja,1980-05-15,M,2025/10/01
KMB-C00466,Fictional Member 00466,00256700050466,member.kmb466@example.invalid,Mbarara,1981-05-15,F,2026-06-01
KMB-C00467,Fictional Member 00467,+256700050467,member.kmb467@example.invalid,Gulu,1982-05-15,prefer not to say,2026-06-01
KMB-C00468,  Fictional Member 00468  ,0700050468,member.kmb468@example.invalid,kampala,1983-05-15,M,2026/06/01
KMB-C00469,Fictional Member 00469,256700050469,member.kmb469@example.invalid,Jinja,1984-05-15,F,01/06/2026
KMB-C00470,Fictional Member 00470,00256700050470,member.kmb470@example.invalid,Mbarara,1985-05-15,prefer not to say,2025-10-01
KMB-C00471,Fictional Member 00471,+256700050471,member.kmb471@example.invalid,gulu,1986-05-15,M,2026/06/01
KMB-C00472,  Fictional Member 00472  ,0700050472,member.kmb472@example.invalid,Kampala,1987-05-15,F,2026-06-01
KMB-C00473,Fictional Member 00473,256700050473,member.kmb473@example.invalid,Jinja,1988-05-15,prefer not to say,2026-06-01
KMB-C00474,Fictional Member 00474,00256700050474,member.kmb474@example.invalid,mbarara,1989-05-15,M,2026/06/01
KMB-C00475,Fictional Member 00475,+256700050475,member.kmb475@example.invalid,Invalid District,1990-05-15,F,2025-10-01
KMB-C00476,  Fictional Member 00476  ,,,Kampala,1991-05-15,prefer not to say,01/06/2026
KMB-C00477,Fictional Member 00477,256700050477,member.kmb477@example.invalid,jinja,1992-05-15,M,2026/06/01
KMB-C00478,Fictional Member 00478,00256700050478,member.kmb478@example.invalid,Mbarara,1993-05-15,F,2026-06-01
KMB-C00479,Fictional Member 00479,+256700050479,member.kmb479@example.invalid,Gulu,1994-05-15,prefer not to say,2026-06-01
KMB-C00480,  Fictional Member 00480  ,bad-phone,member.kmb480@example.invalid,kampala,1995-05-15,M,2025/10/01
KMB-C00481,Fictional Member 00481,256700050481,member.kmb481@example.invalid,Jinja,1996-05-15,F,2026-06-01
KMB-C00482,Fictional Member 00482,00256700050482,member.kmb482@example.invalid,Mbarara,1997-05-15,prefer not to say,2026-06-01
KMB-C00483,Fictional Member 00483,+256700050483,bad-email,gulu,1998-05-15,M,01/06/2026
KMB-C00484,  Fictional Member 00484  ,0700050484,member.kmb484@example.invalid,Kampala,1999-05-15,F,2026-06-01
KMB-C00485,Fictional Member 00485,256700050485,member.kmb485@example.invalid,Jinja,2000-05-15,prefer not to say,2025-10-01
KMB-C00486,Fictional Member 00486,00256700050486,member.kmb486@example.invalid,mbarara,2001-05-15,M,2026/06/01
KMB-C00487,Fictional Member 00487,+256700050487,member.kmb487@example.invalid,Gulu,2002-05-15,F,2026-06-01
KMB-C00488,  Fictional Member 00488  ,0700050488,member.kmb488@example.invalid,Kampala,2003-05-15,prefer not to say,2026-06-01
KMB-C00489,Fictional Member 00489,256700050489,member.kmb489@example.invalid,jinja,2004-05-15,M,2026/06/01
KMB-C00490,Fictional Member 00490,,,Mbarara,1970-05-15,F,01/10/2025
KMB-C00491,Fictional Member 00491,+256700050491,member.kmb491@example.invalid,Gulu,1971-05-15,prefer not to say,2026-06-01
KMB-C00492,  Fictional Member 00492  ,0700050492,member.kmb492@example.invalid,kampala,1972-05-15,M,2026/06/01
KMB-C00493,,256700050493,member.kmb493@example.invalid,Jinja,1973-05-15,F,2026-06-01
KMB-C00494,Fictional Member 00494,00256700050494,member.kmb494@example.invalid,Mbarara,1974-05-15,prefer not to say,2026-06-01
KMB-C00495,Fictional Member 00495,+256700050495,member.kmb495@example.invalid,gulu,1975-05-15,M,2025/10/01
KMB-C00496,  Fictional Member 00496  ,bad-phone,member.kmb496@example.invalid,Kampala,1976-05-15,F,2026-06-01
KMB-C00497,Fictional Member 00497,256700050497,member.kmb497@example.invalid,Jinja,1977-05-15,prefer not to say,01/06/2026
KMB-C00498,Fictional Member 00498,00256700050498,member.kmb498@example.invalid,mbarara,1978-05-15,M,2026/06/01
KMB-C00499,Fictional Member 00499,+256700050499,member.kmb499@example.invalid,Gulu,1979-05-15,F,2026-06-01
KMB-C00500,  Fictional Member 00500  ,0700050500,member.kmb500@example.invalid,Invalid District,1980-05-15,prefer not to say,2025-10-01
KMB-C00501,Fictional Member 00501,256700050501,member.kmb501@example.invalid,jinja,1981-05-15,M,2026/06/01
KMB-C00502,Fictional Member 00502,00256700050502,member.kmb502@example.invalid,Mbarara,1982-05-15,F,2026-06-01
KMB-C00503,Fictional Member 00503,+256700050503,member.kmb503@example.invalid,Gulu,1983-05-15,prefer not to say,2026-06-01
KMB-C00504,  Fictional Member 00504  ,,,kampala,1984-05-15,M,01/06/2026
KMB-C00505,Fictional Member 00505,256700050505,member.kmb505@example.invalid,Jinja,1985-05-15,F,2025-10-01
KMB-C00506,Fictional Member 00506,00256700050506,member.kmb506@example.invalid,Mbarara,1986-05-15,prefer not to say,2026-06-01
KMB-C00507,Fictional Member 00507,+256700050507,member.kmb507@example.invalid,gulu,1987-05-15,M,2026/06/01
KMB-C00508,  Fictional Member 00508  ,0700050508,member.kmb508@example.invalid,Kampala,1988-05-15,F,2026-06-01
KMB-C00509,Fictional Member 00509,256700050509,member.kmb509@example.invalid,Jinja,1989-05-15,prefer not to say,2026-06-01
KMB-C00510,Fictional Member 00510,00256700050510,member.kmb510@example.invalid,mbarara,1990-05-15,M,2025/10/01
KMB-C00511,Fictional Member 00511,+256700050511,member.kmb511@example.invalid,Gulu,1991-05-15,F,01/06/2026
KMB-C00512,  Fictional Member 00512  ,bad-phone,member.kmb512@example.invalid,Kampala,1992-05-15,prefer not to say,2026-06-01
KMB-C00513,Fictional Member 00513,256700050513,member.kmb513@example.invalid,jinja,1993-05-15,M,2026/06/01
KMB-C00514,Fictional Member 00514,00256700050514,member.kmb514@example.invalid,Mbarara,1994-05-15,F,2026-06-01
KMB-C00515,Fictional Member 00515,+256700050515,member.kmb515@example.invalid,Gulu,1995-05-15,prefer not to say,2025-10-01
KMB-C00516,  Fictional Member 00516  ,0700050516,member.kmb516@example.invalid,kampala,1996-05-15,M,2026/06/01
KMB-C00517,Fictional Member 00517,256700050517,member.kmb517@example.invalid,Jinja,1997-05-15,F,2026-06-01
KMB-C00518,Fictional Member 00518,,,Mbarara,1998-05-15,prefer not to say,01/06/2026
KMB-C00519,Fictional Member 00519,+256700050519,member.kmb519@example.invalid,gulu,1999-05-15,M,2026/06/01
KMB-C00520,  Fictional Member 00520  ,0700050520,member.kmb520@example.invalid,Kampala,2000-05-15,F,2025-10-01
KMB-C00521,Fictional Member 00521,256700050521,member.kmb521@example.invalid,Jinja,2001-05-15,prefer not to say,2026-06-01
KMB-C00522,,00256700050522,member.kmb522@example.invalid,mbarara,2002-05-15,M,2026/06/01
KMB-C00523,Fictional Member 00523,+256700050523,member.kmb523@example.invalid,Gulu,2003-05-15,F,2026-06-01
KMB-C00524,  Fictional Member 00524  ,0700050524,member.kmb524@example.invalid,Kampala,2004-05-15,prefer not to say,2026-06-01
KMB-C00525,Fictional Member 00525,256700050525,bad-email,Invalid District,1970-05-15,M,01/10/2025
KMB-C00526,Fictional Member 00526,00256700050526,member.kmb526@example.invalid,Mbarara,1971-05-15,F,2026-06-01
KMB-C00527,Fictional Member 00527,+256700050527,member.kmb527@example.invalid,Gulu,1972-05-15,prefer not to say,2026-06-01
KMB-C00528,  Fictional Member 00528  ,bad-phone,member.kmb528@example.invalid,kampala,1973-05-15,M,2026/06/01
KMB-C00529,Fictional Member 00529,256700050529,member.kmb529@example.invalid,Jinja,1974-05-15,F,2026-06-01
KMB-C00530,Fictional Member 00530,00256700050530,member.kmb530@example.invalid,Mbarara,1975-05-15,prefer not to say,2025-10-01
KMB-C00531,Fictional Member 00531,+256700050531,member.kmb531@example.invalid,gulu,1976-05-15,M,2026/06/01
KMB-C00532,  Fictional Member 00532  ,,,Kampala,1977-05-15,F,01/06/2026
KMB-C00533,Fictional Member 00533,256700050533,member.kmb533@example.invalid,Jinja,1978-05-15,prefer not to say,2026-06-01
KMB-C00534,Fictional Member 00534,00256700050534,member.kmb534@example.invalid,mbarara,1979-05-15,M,2026/06/01
KMB-C00535,Fictional Member 00535,+256700050535,member.kmb535@example.invalid,Gulu,1980-05-15,F,2025-10-01
KMB-C00536,  Fictional Member 00536  ,0700050536,member.kmb536@example.invalid,Kampala,1981-05-15,prefer not to say,2026-06-01
KMB-C00537,Fictional Member 00537,256700050537,member.kmb537@example.invalid,jinja,1982-05-15,M,2026/06/01
KMB-C00538,Fictional Member 00538,00256700050538,member.kmb538@example.invalid,Mbarara,1983-05-15,F,2026-06-01
KMB-C00539,Fictional Member 00539,+256700050539,member.kmb539@example.invalid,Gulu,1984-05-15,prefer not to say,01/06/2026
KMB-C00540,  Fictional Member 00540  ,0700050540,member.kmb540@example.invalid,kampala,1985-05-15,M,2025/10/01
KMB-C00541,Fictional Member 00541,256700050541,member.kmb541@example.invalid,Jinja,1986-05-15,F,2026-06-01
KMB-C00542,Fictional Member 00542,00256700050542,member.kmb542@example.invalid,Mbarara,1987-05-15,prefer not to say,2026-06-01
KMB-C00543,Fictional Member 00543,+256700050543,member.kmb543@example.invalid,gulu,1988-05-15,M,2026/06/01
KMB-C00544,  Fictional Member 00544  ,bad-phone,member.kmb544@example.invalid,Kampala,1989-05-15,F,2026-06-01
KMB-C00545,Fictional Member 00545,256700050545,member.kmb545@example.invalid,Jinja,1990-05-15,prefer not to say,2025-10-01
KMB-C00546,Fictional Member 00546,,,mbarara,1991-05-15,M,01/06/2026
KMB-C00547,Fictional Member 00547,+256700050547,member.kmb547@example.invalid,Gulu,1992-05-15,F,2026-06-01
KMB-C00548,  Fictional Member 00548  ,0700050548,member.kmb548@example.invalid,Kampala,1993-05-15,prefer not to say,2026-06-01
KMB-C00549,Fictional Member 00549,256700050549,member.kmb549@example.invalid,jinja,1994-05-15,M,2026/06/01
KMB-C00550,Fictional Member 00550,00256700050550,member.kmb550@example.invalid,Invalid District,1995-05-15,F,2025-10-01
KMB-C00551,,+256700050551,member.kmb551@example.invalid,Gulu,1996-05-15,prefer not to say,2026-06-01
KMB-C00552,  Fictional Member 00552  ,0700050552,member.kmb552@example.invalid,kampala,1997-05-15,M,2026/06/01
KMB-C00553,Fictional Member 00553,256700050553,member.kmb553@example.invalid,Jinja,1998-05-15,F,01/06/2026
KMB-C00554,Fictional Member 00554,00256700050554,member.kmb554@example.invalid,Mbarara,1999-05-15,prefer not to say,2026-06-01
KMB-C00555,Fictional Member 00555,+256700050555,member.kmb555@example.invalid,gulu,2000-05-15,M,2025/10/01
KMB-C00556,  Fictional Member 00556  ,0700050556,member.kmb556@example.invalid,Kampala,2001-05-15,F,2026-06-01
KMB-C00557,Fictional Member 00557,256700050557,member.kmb557@example.invalid,Jinja,2002-05-15,prefer not to say,2026-06-01
KMB-C00558,Fictional Member 00558,00256700050558,member.kmb558@example.invalid,mbarara,2003-05-15,M,2026/06/01
KMB-C00559,Fictional Member 00559,+256700050559,member.kmb559@example.invalid,Gulu,2004-05-15,F,2026-06-01
KMB-C00560,  Fictional Member 00560  ,,,Kampala,1970-05-15,prefer not to say,01/10/2025
KMB-C00561,Fictional Member 00561,256700050561,member.kmb561@example.invalid,jinja,1971-05-15,M,2026/06/01
KMB-C00562,Fictional Member 00562,00256700050562,member.kmb562@example.invalid,Mbarara,1972-05-15,F,2026-06-01
KMB-C00563,Fictional Member 00563,+256700050563,member.kmb563@example.invalid,Gulu,1973-05-15,prefer not to say,2026-06-01
KMB-C00564,  Fictional Member 00564  ,0700050564,member.kmb564@example.invalid,kampala,1974-05-15,M,2026/06/01
KMB-C00565,Fictional Member 00565,256700050565,member.kmb565@example.invalid,Jinja,1975-05-15,F,2025-10-01
KMB-C00566,Fictional Member 00566,00256700050566,member.kmb566@example.invalid,Mbarara,1976-05-15,prefer not to say,2026-06-01
KMB-C00567,Fictional Member 00567,+256700050567,bad-email,gulu,1977-05-15,M,01/06/2026
KMB-C00568,  Fictional Member 00568  ,0700050568,member.kmb568@example.invalid,Kampala,1978-05-15,F,2026-06-01
KMB-C00569,Fictional Member 00569,256700050569,member.kmb569@example.invalid,Jinja,1979-05-15,prefer not to say,2026-06-01
KMB-C00570,Fictional Member 00570,00256700050570,member.kmb570@example.invalid,mbarara,1980-05-15,M,2025/10/01
KMB-C00571,Fictional Member 00571,+256700050571,member.kmb571@example.invalid,Gulu,1981-05-15,F,2026-06-01
KMB-C00572,  Fictional Member 00572  ,0700050572,member.kmb572@example.invalid,Kampala,1982-05-15,prefer not to say,2026-06-01
KMB-C00573,Fictional Member 00573,256700050573,member.kmb573@example.invalid,jinja,1983-05-15,M,2026/06/01
KMB-C00574,Fictional Member 00574,,,Mbarara,1984-05-15,F,01/06/2026
KMB-C00575,Fictional Member 00575,+256700050575,member.kmb575@example.invalid,Invalid District,1985-05-15,prefer not to say,2025-10-01
KMB-C00576,  Fictional Member 00576  ,bad-phone,member.kmb576@example.invalid,kampala,1986-05-15,M,2026/06/01
KMB-C00577,Fictional Member 00577,256700050577,member.kmb577@example.invalid,Jinja,1987-05-15,F,2026-06-01
KMB-C00578,Fictional Member 00578,00256700050578,member.kmb578@example.invalid,Mbarara,1988-05-15,prefer not to say,2026-06-01
KMB-C00579,Fictional Member 00579,+256700050579,member.kmb579@example.invalid,gulu,1989-05-15,M,2026/06/01
KMB-C00580,,0700050580,member.kmb580@example.invalid,Kampala,1990-05-15,F,2025-10-01
KMB-C00581,Fictional Member 00581,256700050581,member.kmb581@example.invalid,Jinja,1991-05-15,prefer not to say,01/06/2026
KMB-C00582,Fictional Member 00582,00256700050582,member.kmb582@example.invalid,mbarara,1992-05-15,M,2026/06/01
KMB-C00583,Fictional Member 00583,+256700050583,member.kmb583@example.invalid,Gulu,1993-05-15,F,2026-06-01
KMB-C00584,  Fictional Member 00584  ,0700050584,member.kmb584@example.invalid,Kampala,1994-05-15,prefer not to say,2026-06-01
KMB-C00585,Fictional Member 00585,256700050585,member.kmb585@example.invalid,jinja,1995-05-15,M,2025/10/01
KMB-C00586,Fictional Member 00586,00256700050586,member.kmb586@example.invalid,Mbarara,1996-05-15,F,2026-06-01
KMB-C00587,Fictional Member 00587,+256700050587,member.kmb587@example.invalid,Gulu,1997-05-15,prefer not to say,2026-06-01
KMB-C00588,  Fictional Member 00588  ,,,kampala,1998-05-15,M,01/06/2026
KMB-C00589,Fictional Member 00589,256700050589,member.kmb589@example.invalid,Jinja,1999-05-15,F,2026-06-01
KMB-C00590,Fictional Member 00590,00256700050590,member.kmb590@example.invalid,Mbarara,2000-05-15,prefer not to say,2025-10-01
KMB-C00591,Fictional Member 00591,+256700050591,member.kmb591@example.invalid,gulu,2001-05-15,M,2026/06/01
KMB-C00592,  Fictional Member 00592  ,bad-phone,member.kmb592@example.invalid,Kampala,2002-05-15,F,2026-06-01
KMB-C00593,Fictional Member 00593,256700050593,member.kmb593@example.invalid,Jinja,2003-05-15,prefer not to say,2026-06-01
KMB-C00594,Fictional Member 00594,00256700050594,member.kmb594@example.invalid,mbarara,2004-05-15,M,2026/06/01
KMB-C00595,Fictional Member 00595,+256700050595,member.kmb595@example.invalid,Gulu,1970-05-15,F,01/10/2025
KMB-C00596,  Fictional Member 00596  ,0700050596,member.kmb596@example.invalid,Kampala,1971-05-15,prefer not to say,2026-06-01
KMB-C00597,Fictional Member 00597,256700050597,member.kmb597@example.invalid,jinja,1972-05-15,M,2026/06/01
KMB-C00598,Fictional Member 00598,00256700050598,member.kmb598@example.invalid,Mbarara,1973-05-15,F,2026-06-01
KMB-C00599,Fictional Member 00599,+256700050599,member.kmb599@example.invalid,Gulu,1974-05-15,prefer not to say,2026-06-01
KMB-C00600,  Fictional Member 00600  ,0700050600,member.kmb600@example.invalid,Invalid District,1975-05-15,M,2025/10/01
KMB-C00601,Fictional Member 00601,256700050601,member.kmb601@example.invalid,Jinja,1976-05-15,F,2026-06-01
KMB-C00602,Fictional Member 00602,,,Mbarara,1977-05-15,prefer not to say,01/06/2026
KMB-C00603,Fictional Member 00603,+256700050603,member.kmb603@example.invalid,gulu,1978-05-15,M,2026/06/01
KMB-C00604,  Fictional Member 00604  ,0700050604,member.kmb604@example.invalid,Kampala,1979-05-15,F,2026-06-01
KMB-C00605,Fictional Member 00605,256700050605,member.kmb605@example.invalid,Jinja,1980-05-15,prefer not to say,2025-10-01
KMB-C00606,Fictional Member 00606,00256700050606,member.kmb606@example.invalid,mbarara,1981-05-15,M,2026/06/01
KMB-C00607,Fictional Member 00607,+256700050607,member.kmb607@example.invalid,Gulu,1982-05-15,F,2026-06-01
KMB-C00608,  Fictional Member 00608  ,bad-phone,member.kmb608@example.invalid,Kampala,1983-05-15,prefer not to say,2026-06-01
KMB-C00609,,256700050609,bad-email,jinja,1984-05-15,M,01/06/2026
KMB-C00610,Fictional Member 00610,00256700050610,member.kmb610@example.invalid,Mbarara,1985-05-15,F,2025-10-01
KMB-C00611,Fictional Member 00611,+256700050611,member.kmb611@example.invalid,Gulu,1986-05-15,prefer not to say,2026-06-01
KMB-C00612,  Fictional Member 00612  ,0700050612,member.kmb612@example.invalid,kampala,1987-05-15,M,2026/06/01
KMB-C00613,Fictional Member 00613,256700050613,member.kmb613@example.invalid,Jinja,1988-05-15,F,2026-06-01
KMB-C00614,Fictional Member 00614,00256700050614,member.kmb614@example.invalid,Mbarara,1989-05-15,prefer not to say,2026-06-01
KMB-C00615,Fictional Member 00615,+256700050615,member.kmb615@example.invalid,gulu,1990-05-15,M,2025/10/01
KMB-C00616,  Fictional Member 00616  ,,,Kampala,1991-05-15,F,01/06/2026
KMB-C00617,Fictional Member 00617,256700050617,member.kmb617@example.invalid,Jinja,1992-05-15,prefer not to say,2026-06-01
KMB-C00618,Fictional Member 00618,00256700050618,member.kmb618@example.invalid,mbarara,1993-05-15,M,2026/06/01
KMB-C00619,Fictional Member 00619,+256700050619,member.kmb619@example.invalid,Gulu,1994-05-15,F,2026-06-01
KMB-C00620,  Fictional Member 00620  ,0700050620,member.kmb620@example.invalid,Kampala,1995-05-15,prefer not to say,2025-10-01
KMB-C00621,Fictional Member 00621,256700050621,member.kmb621@example.invalid,jinja,1996-05-15,M,2026/06/01
KMB-C00622,Fictional Member 00622,00256700050622,member.kmb622@example.invalid,Mbarara,1997-05-15,F,2026-06-01
KMB-C00623,Fictional Member 00623,+256700050623,member.kmb623@example.invalid,Gulu,1998-05-15,prefer not to say,01/06/2026
KMB-C00624,  Fictional Member 00624  ,bad-phone,member.kmb624@example.invalid,kampala,1999-05-15,M,2026/06/01
KMB-C00625,Fictional Member 00625,256700050625,member.kmb625@example.invalid,Invalid District,2000-05-15,F,2025-10-01
KMB-C00626,Fictional Member 00626,00256700050626,member.kmb626@example.invalid,Mbarara,2001-05-15,prefer not to say,2026-06-01
KMB-C00627,Fictional Member 00627,+256700050627,member.kmb627@example.invalid,gulu,2002-05-15,M,2026/06/01
KMB-C00628,  Fictional Member 00628  ,0700050628,member.kmb628@example.invalid,Kampala,2003-05-15,F,2026-06-01
KMB-C00629,Fictional Member 00629,256700050629,member.kmb629@example.invalid,Jinja,2004-05-15,prefer not to say,2026-06-01
KMB-C00630,Fictional Member 00630,,,mbarara,1970-05-15,M,01/10/2025
KMB-C00631,Fictional Member 00631,+256700050631,member.kmb631@example.invalid,Gulu,1971-05-15,F,2026-06-01
KMB-C00632,  Fictional Member 00632  ,0700050632,member.kmb632@example.invalid,Kampala,1972-05-15,prefer not to say,2026-06-01
KMB-C00633,Fictional Member 00633,256700050633,member.kmb633@example.invalid,jinja,1973-05-15,M,2026/06/01
KMB-C00634,Fictional Member 00634,00256700050634,member.kmb634@example.invalid,Mbarara,1974-05-15,F,2026-06-01
KMB-C00635,Fictional Member 00635,+256700050635,member.kmb635@example.invalid,Gulu,1975-05-15,prefer not to say,2025-10-01
KMB-C00636,  Fictional Member 00636  ,0700050636,member.kmb636@example.invalid,kampala,1976-05-15,M,2026/06/01
KMB-C00637,Fictional Member 00637,256700050637,member.kmb637@example.invalid,Jinja,1977-05-15,F,01/06/2026
KMB-C00638,,00256700050638,member.kmb638@example.invalid,Mbarara,1978-05-15,prefer not to say,2026-06-01
KMB-C00639,Fictional Member 00639,+256700050639,member.kmb639@example.invalid,gulu,1979-05-15,M,2026/06/01
KMB-C00640,  Fictional Member 00640  ,bad-phone,member.kmb640@example.invalid,Kampala,1980-05-15,F,2025-10-01
KMB-C00641,Fictional Member 00641,256700050641,member.kmb641@example.invalid,Jinja,1981-05-15,prefer not to say,2026-06-01
KMB-C00642,Fictional Member 00642,00256700050642,member.kmb642@example.invalid,mbarara,1982-05-15,M,2026/06/01
KMB-C00643,Fictional Member 00643,+256700050643,member.kmb643@example.invalid,Gulu,1983-05-15,F,2026-06-01
KMB-C00644,  Fictional Member 00644  ,,,Kampala,1984-05-15,prefer not to say,01/06/2026
KMB-C00645,Fictional Member 00645,256700050645,member.kmb645@example.invalid,jinja,1985-05-15,M,2025/10/01
KMB-C00646,Fictional Member 00646,00256700050646,member.kmb646@example.invalid,Mbarara,1986-05-15,F,2026-06-01
KMB-C00647,Fictional Member 00647,+256700050647,member.kmb647@example.invalid,Gulu,1987-05-15,prefer not to say,2026-06-01
KMB-C00648,  Fictional Member 00648  ,0700050648,member.kmb648@example.invalid,kampala,1988-05-15,M,2026/06/01
KMB-C00649,Fictional Member 00649,256700050649,member.kmb649@example.invalid,Jinja,1989-05-15,F,2026-06-01
KMB-C00650,Fictional Member 00650,00256700050650,member.kmb650@example.invalid,Invalid District,1990-05-15,prefer not to say,2025-10-01
KMB-C00651,Fictional Member 00651,+256700050651,bad-email,gulu,1991-05-15,M,01/06/2026
KMB-C00652,  Fictional Member 00652  ,0700050652,member.kmb652@example.invalid,Kampala,1992-05-15,F,2026-06-01
KMB-C00653,Fictional Member 00653,256700050653,member.kmb653@example.invalid,Jinja,1993-05-15,prefer not to say,2026-06-01
KMB-C00654,Fictional Member 00654,00256700050654,member.kmb654@example.invalid,mbarara,1994-05-15,M,2026/06/01
KMB-C00655,Fictional Member 00655,+256700050655,member.kmb655@example.invalid,Gulu,1995-05-15,F,2025-10-01
KMB-C00656,  Fictional Member 00656  ,bad-phone,member.kmb656@example.invalid,Kampala,1996-05-15,prefer not to say,2026-06-01
KMB-C00657,Fictional Member 00657,256700050657,member.kmb657@example.invalid,jinja,1997-05-15,M,2026/06/01
KMB-C00658,Fictional Member 00658,,,Mbarara,1998-05-15,F,01/06/2026
KMB-C00659,Fictional Member 00659,+256700050659,member.kmb659@example.invalid,Gulu,1999-05-15,prefer not to say,2026-06-01
KMB-C00660,  Fictional Member 00660  ,0700050660,member.kmb660@example.invalid,kampala,2000-05-15,M,2025/10/01
KMB-C00661,Fictional Member 00661,256700050661,member.kmb661@example.invalid,Jinja,2001-05-15,F,2026-06-01
KMB-C00662,Fictional Member 00662,00256700050662,member.kmb662@example.invalid,Mbarara,2002-05-15,prefer not to say,2026-06-01
KMB-C00663,Fictional Member 00663,+256700050663,member.kmb663@example.invalid,gulu,2003-05-15,M,2026/06/01
KMB-C00664,  Fictional Member 00664  ,0700050664,member.kmb664@example.invalid,Kampala,2004-05-15,F,2026-06-01
KMB-C00665,Fictional Member 00665,256700050665,member.kmb665@example.invalid,Jinja,1970-05-15,prefer not to say,01/10/2025
KMB-C00666,Fictional Member 00666,00256700050666,member.kmb666@example.invalid,mbarara,1971-05-15,M,2026/06/01
KMB-C00667,,+256700050667,member.kmb667@example.invalid,Gulu,1972-05-15,F,2026-06-01
KMB-C00668,  Fictional Member 00668  ,0700050668,member.kmb668@example.invalid,Kampala,1973-05-15,prefer not to say,2026-06-01
KMB-C00669,Fictional Member 00669,256700050669,member.kmb669@example.invalid,jinja,1974-05-15,M,2026/06/01
KMB-C00670,Fictional Member 00670,00256700050670,member.kmb670@example.invalid,Mbarara,1975-05-15,F,2025-10-01
KMB-C00671,Fictional Member 00671,+256700050671,member.kmb671@example.invalid,Gulu,1976-05-15,prefer not to say,2026-06-01
KMB-C00672,  Fictional Member 00672  ,,,kampala,1977-05-15,M,01/06/2026
KMB-C00673,Fictional Member 00673,256700050673,member.kmb673@example.invalid,Jinja,1978-05-15,F,2026-06-01
KMB-C00674,Fictional Member 00674,00256700050674,member.kmb674@example.invalid,Mbarara,1979-05-15,prefer not to say,2026-06-01
KMB-C00675,Fictional Member 00675,+256700050675,member.kmb675@example.invalid,Invalid District,1980-05-15,M,2025/10/01
KMB-C00676,  Fictional Member 00676  ,0700050676,member.kmb676@example.invalid,Kampala,1981-05-15,F,2026-06-01
KMB-C00677,Fictional Member 00677,256700050677,member.kmb677@example.invalid,Jinja,1982-05-15,prefer not to say,2026-06-01
KMB-C00678,Fictional Member 00678,00256700050678,member.kmb678@example.invalid,mbarara,1983-05-15,M,2026/06/01
KMB-C00679,Fictional Member 00679,+256700050679,member.kmb679@example.invalid,Gulu,1984-05-15,F,01/06/2026
KMB-C00680,  Fictional Member 00680  ,0700050680,member.kmb680@example.invalid,Kampala,1985-05-15,prefer not to say,2025-10-01
KMB-C00681,Fictional Member 00681,256700050681,member.kmb681@example.invalid,jinja,1986-05-15,M,2026/06/01
KMB-C00682,Fictional Member 00682,00256700050682,member.kmb682@example.invalid,Mbarara,1987-05-15,F,2026-06-01
KMB-C00683,Fictional Member 00683,+256700050683,member.kmb683@example.invalid,Gulu,1988-05-15,prefer not to say,2026-06-01
KMB-C00684,  Fictional Member 00684  ,0700050684,member.kmb684@example.invalid,kampala,1989-05-15,M,2026/06/01
KMB-C00685,Fictional Member 00685,256700050685,member.kmb685@example.invalid,Jinja,1990-05-15,F,2025-10-01
KMB-C00686,Fictional Member 00686,,,Mbarara,1991-05-15,prefer not to say,01/06/2026
KMB-C00687,Fictional Member 00687,+256700050687,member.kmb687@example.invalid,gulu,1992-05-15,M,2026/06/01
KMB-C00688,  Fictional Member 00688  ,bad-phone,member.kmb688@example.invalid,Kampala,1993-05-15,F,2026-06-01
KMB-C00689,Fictional Member 00689,256700050689,member.kmb689@example.invalid,Jinja,1994-05-15,prefer not to say,2026-06-01
KMB-C00690,Fictional Member 00690,00256700050690,member.kmb690@example.invalid,mbarara,1995-05-15,M,2025/10/01
KMB-C00691,Fictional Member 00691,+256700050691,member.kmb691@example.invalid,Gulu,1996-05-15,F,2026-06-01
KMB-C00692,  Fictional Member 00692  ,0700050692,member.kmb692@example.invalid,Kampala,1997-05-15,prefer not to say,2026-06-01
KMB-C00693,Fictional Member 00693,256700050693,bad-email,jinja,1998-05-15,M,01/06/2026
KMB-C00694,Fictional Member 00694,00256700050694,member.kmb694@example.invalid,Mbarara,1999-05-15,F,2026-06-01
KMB-C00695,Fictional Member 00695,+256700050695,member.kmb695@example.invalid,Gulu,2000-05-15,prefer not to say,2025-10-01
KMB-C00696,,0700050696,member.kmb696@example.invalid,kampala,2001-05-15,M,2026/06/01
KMB-C00697,Fictional Member 00697,256700050697,member.kmb697@example.invalid,Jinja,2002-05-15,F,2026-06-01
KMB-C00698,Fictional Member 00698,00256700050698,member.kmb698@example.invalid,Mbarara,2003-05-15,prefer not to say,2026-06-01
KMB-C00699,Fictional Member 00699,+256700050699,member.kmb699@example.invalid,gulu,2004-05-15,M,2026/06/01
KMB-C00700,  Fictional Member 00700  ,,,Invalid District,1970-05-15,F,01/10/2025
KMB-C00701,Fictional Member 00701,256700050701,member.kmb701@example.invalid,Jinja,1971-05-15,prefer not to say,2026-06-01
KMB-C00702,Fictional Member 00702,00256700050702,member.kmb702@example.invalid,mbarara,1972-05-15,M,2026/06/01
KMB-C00703,Fictional Member 00703,+256700050703,member.kmb703@example.invalid,Gulu,1973-05-15,F,2026-06-01
KMB-C00704,  Fictional Member 00704  ,bad-phone,member.kmb704@example.invalid,Kampala,1974-05-15,prefer not to say,2026-06-01
KMB-C00705,Fictional Member 00705,256700050705,member.kmb705@example.invalid,jinja,1975-05-15,M,2025/10/01
KMB-C00706,Fictional Member 00706,00256700050706,member.kmb706@example.invalid,Mbarara,1976-05-15,F,2026-06-01
KMB-C00707,Fictional Member 00707,+256700050707,member.kmb707@example.invalid,Gulu,1977-05-15,prefer not to say,01/06/2026
KMB-C00708,  Fictional Member 00708  ,0700050708,member.kmb708@example.invalid,kampala,1978-05-15,M,2026/06/01
KMB-C00709,Fictional Member 00709,256700050709,member.kmb709@example.invalid,Jinja,1979-05-15,F,2026-06-01
KMB-C00710,Fictional Member 00710,00256700050710,member.kmb710@example.invalid,Mbarara,1980-05-15,prefer not to say,2025-10-01
KMB-C00711,Fictional Member 00711,+256700050711,member.kmb711@example.invalid,gulu,1981-05-15,M,2026/06/01
KMB-C00712,  Fictional Member 00712  ,0700050712,member.kmb712@example.invalid,Kampala,1982-05-15,F,2026-06-01
KMB-C00713,Fictional Member 00713,256700050713,member.kmb713@example.invalid,Jinja,1983-05-15,prefer not to say,2026-06-01
KMB-C00714,Fictional Member 00714,,,mbarara,1984-05-15,M,01/06/2026
KMB-C00715,Fictional Member 00715,+256700050715,member.kmb715@example.invalid,Gulu,1985-05-15,F,2025-10-01
KMB-C00716,  Fictional Member 00716  ,0700050716,member.kmb716@example.invalid,Kampala,1986-05-15,prefer not to say,2026-06-01
KMB-C00717,Fictional Member 00717,256700050717,member.kmb717@example.invalid,jinja,1987-05-15,M,2026/06/01
KMB-C00718,Fictional Member 00718,00256700050718,member.kmb718@example.invalid,Mbarara,1988-05-15,F,2026-06-01
KMB-C00719,Fictional Member 00719,+256700050719,member.kmb719@example.invalid,Gulu,1989-05-15,prefer not to say,2026-06-01
KMB-C00720,  Fictional Member 00720  ,bad-phone,member.kmb720@example.invalid,kampala,1990-05-15,M,2025/10/01
KMB-C00721,Fictional Member 00721,256700050721,member.kmb721@example.invalid,Jinja,1991-05-15,F,01/06/2026
KMB-C00722,Fictional Member 00722,00256700050722,member.kmb722@example.invalid,Mbarara,1992-05-15,prefer not to say,2026-06-01
KMB-C00723,Fictional Member 00723,+256700050723,member.kmb723@example.invalid,gulu,1993-05-15,M,2026/06/01
KMB-C00724,  Fictional Member 00724  ,0700050724,member.kmb724@example.invalid,Kampala,1994-05-15,F,2026-06-01
KMB-C00725,,256700050725,member.kmb725@example.invalid,Invalid District,1995-05-15,prefer not to say,2025-10-01
KMB-C00726,Fictional Member 00726,00256700050726,member.kmb726@example.invalid,mbarara,1996-05-15,M,2026/06/01
KMB-C00727,Fictional Member 00727,+256700050727,member.kmb727@example.invalid,Gulu,1997-05-15,F,2026-06-01
KMB-C00728,  Fictional Member 00728  ,,,Kampala,1998-05-15,prefer not to say,01/06/2026
KMB-C00729,Fictional Member 00729,256700050729,member.kmb729@example.invalid,jinja,1999-05-15,M,2026/06/01
KMB-C00730,Fictional Member 00730,00256700050730,member.kmb730@example.invalid,Mbarara,2000-05-15,F,2025-10-01
KMB-C00731,Fictional Member 00731,+256700050731,member.kmb731@example.invalid,Gulu,2001-05-15,prefer not to say,2026-06-01
KMB-C00732,  Fictional Member 00732  ,0700050732,member.kmb732@example.invalid,kampala,2002-05-15,M,2026/06/01
KMB-C00733,Fictional Member 00733,256700050733,member.kmb733@example.invalid,Jinja,2003-05-15,F,2026-06-01
KMB-C00734,Fictional Member 00734,00256700050734,member.kmb734@example.invalid,Mbarara,2004-05-15,prefer not to say,2026-06-01
KMB-C00735,Fictional Member 00735,+256700050735,bad-email,gulu,1970-05-15,M,01/10/2025
KMB-C00736,  Fictional Member 00736  ,bad-phone,member.kmb736@example.invalid,Kampala,1971-05-15,F,2026-06-01
KMB-C00737,Fictional Member 00737,256700050737,member.kmb737@example.invalid,Jinja,1972-05-15,prefer not to say,2026-06-01
KMB-C00738,Fictional Member 00738,00256700050738,member.kmb738@example.invalid,mbarara,1973-05-15,M,2026/06/01
KMB-C00739,Fictional Member 00739,+256700050739,member.kmb739@example.invalid,Gulu,1974-05-15,F,2026-06-01
KMB-C00740,  Fictional Member 00740  ,0700050740,member.kmb740@example.invalid,Kampala,1975-05-15,prefer not to say,2025-10-01
KMB-C00741,Fictional Member 00741,256700050741,member.kmb741@example.invalid,jinja,1976-05-15,M,2026/06/01
KMB-C00742,Fictional Member 00742,,,Mbarara,1977-05-15,F,01/06/2026
KMB-C00743,Fictional Member 00743,+256700050743,member.kmb743@example.invalid,Gulu,1978-05-15,prefer not to say,2026-06-01
KMB-C00744,  Fictional Member 00744  ,0700050744,member.kmb744@example.invalid,kampala,1979-05-15,M,2026/06/01
KMB-C00745,Fictional Member 00745,256700050745,member.kmb745@example.invalid,Jinja,1980-05-15,F,2025-10-01
KMB-C00746,Fictional Member 00746,00256700050746,member.kmb746@example.invalid,Mbarara,1981-05-15,prefer not to say,2026-06-01
KMB-C00747,Fictional Member 00747,+256700050747,member.kmb747@example.invalid,gulu,1982-05-15,M,2026/06/01
KMB-C00748,  Fictional Member 00748  ,0700050748,member.kmb748@example.invalid,Kampala,1983-05-15,F,2026-06-01
KMB-C00749,Fictional Member 00749,256700050749,member.kmb749@example.invalid,Jinja,1984-05-15,prefer not to say,01/06/2026
KMB-C00750,Fictional Member 00750,00256700050750,member.kmb750@example.invalid,Invalid District,1985-05-15,M,2025/10/01
KMB-C00751,Fictional Member 00751,+256700050751,member.kmb751@example.invalid,Gulu,1986-05-15,F,2026-06-01
KMB-C00752,  Fictional Member 00752  ,bad-phone,member.kmb752@example.invalid,Kampala,1987-05-15,prefer not to say,2026-06-01
KMB-C00753,Fictional Member 00753,256700050753,member.kmb753@example.invalid,jinja,1988-05-15,M,2026/06/01
KMB-C00754,,00256700050754,member.kmb754@example.invalid,Mbarara,1989-05-15,F,2026-06-01
KMB-C00755,Fictional Member 00755,+256700050755,member.kmb755@example.invalid,Gulu,1990-05-15,prefer not to say,2025-10-01
KMB-C00756,  Fictional Member 00756  ,,,kampala,1991-05-15,M,01/06/2026
KMB-C00757,Fictional Member 00757,256700050757,member.kmb757@example.invalid,Jinja,1992-05-15,F,2026-06-01
KMB-C00758,Fictional Member 00758,00256700050758,member.kmb758@example.invalid,Mbarara,1993-05-15,prefer not to say,2026-06-01
KMB-C00759,Fictional Member 00759,+256700050759,member.kmb759@example.invalid,gulu,1994-05-15,M,2026/06/01
KMB-C00760,  Fictional Member 00760  ,0700050760,member.kmb760@example.invalid,Kampala,1995-05-15,F,2025-10-01
KMB-C00761,Fictional Member 00761,256700050761,member.kmb761@example.invalid,Jinja,1996-05-15,prefer not to say,2026-06-01
KMB-C00762,Fictional Member 00762,00256700050762,member.kmb762@example.invalid,mbarara,1997-05-15,M,2026/06/01
KMB-C00763,Fictional Member 00763,+256700050763,member.kmb763@example.invalid,Gulu,1998-05-15,F,01/06/2026
KMB-C00764,  Fictional Member 00764  ,0700050764,member.kmb764@example.invalid,Kampala,1999-05-15,prefer not to say,2026-06-01
KMB-C00765,Fictional Member 00765,256700050765,member.kmb765@example.invalid,jinja,2000-05-15,M,2025/10/01
KMB-C00766,Fictional Member 00766,00256700050766,member.kmb766@example.invalid,Mbarara,2001-05-15,F,2026-06-01
KMB-C00767,Fictional Member 00767,+256700050767,member.kmb767@example.invalid,Gulu,2002-05-15,prefer not to say,2026-06-01
KMB-C00768,  Fictional Member 00768  ,bad-phone,member.kmb768@example.invalid,kampala,2003-05-15,M,2026/06/01
KMB-C00769,Fictional Member 00769,256700050769,member.kmb769@example.invalid,Jinja,2004-05-15,F,2026-06-01
KMB-C00770,Fictional Member 00770,,,Mbarara,1970-05-15,prefer not to say,01/10/2025
KMB-C00771,Fictional Member 00771,+256700050771,member.kmb771@example.invalid,gulu,1971-05-15,M,2026/06/01
KMB-C00772,  Fictional Member 00772  ,0700050772,member.kmb772@example.invalid,Kampala,1972-05-15,F,2026-06-01
KMB-C00773,Fictional Member 00773,256700050773,member.kmb773@example.invalid,Jinja,1973-05-15,prefer not to say,2026-06-01
KMB-C00774,Fictional Member 00774,00256700050774,member.kmb774@example.invalid,mbarara,1974-05-15,M,2026/06/01
KMB-C00775,Fictional Member 00775,+256700050775,member.kmb775@example.invalid,Invalid District,1975-05-15,F,2025-10-01
KMB-C00776,  Fictional Member 00776  ,0700050776,member.kmb776@example.invalid,Kampala,1976-05-15,prefer not to say,2026-06-01
KMB-C00777,Fictional Member 00777,256700050777,bad-email,jinja,1977-05-15,M,01/06/2026
KMB-C00778,Fictional Member 00778,00256700050778,member.kmb778@example.invalid,Mbarara,1978-05-15,F,2026-06-01
KMB-C00779,Fictional Member 00779,+256700050779,member.kmb779@example.invalid,Gulu,1979-05-15,prefer not to say,2026-06-01
KMB-C00780,  Fictional Member 00780  ,0700050780,member.kmb780@example.invalid,kampala,1980-05-15,M,2025/10/01
KMB-C00781,Fictional Member 00781,256700050781,member.kmb781@example.invalid,Jinja,1981-05-15,F,2026-06-01
KMB-C00782,Fictional Member 00782,00256700050782,member.kmb782@example.invalid,Mbarara,1982-05-15,prefer not to say,2026-06-01
KMB-C00783,,+256700050783,member.kmb783@example.invalid,gulu,1983-05-15,M,2026/06/01
KMB-C00784,  Fictional Member 00784  ,,,Kampala,1984-05-15,F,01/06/2026
KMB-C00785,Fictional Member 00785,256700050785,member.kmb785@example.invalid,Jinja,1985-05-15,prefer not to say,2025-10-01
KMB-C00786,Fictional Member 00786,00256700050786,member.kmb786@example.invalid,mbarara,1986-05-15,M,2026/06/01
KMB-C00787,Fictional Member 00787,+256700050787,member.kmb787@example.invalid,Gulu,1987-05-15,F,2026-06-01
KMB-C00788,  Fictional Member 00788  ,0700050788,member.kmb788@example.invalid,Kampala,1988-05-15,prefer not to say,2026-06-01
KMB-C00789,Fictional Member 00789,256700050789,member.kmb789@example.invalid,jinja,1989-05-15,M,2026/06/01
KMB-C00790,Fictional Member 00790,00256700050790,member.kmb790@example.invalid,Mbarara,1990-05-15,F,2025-10-01
KMB-C00791,Fictional Member 00791,+256700050791,member.kmb791@example.invalid,Gulu,1991-05-15,prefer not to say,01/06/2026
KMB-C00792,  Fictional Member 00792  ,0700050792,member.kmb792@example.invalid,kampala,1992-05-15,M,2026/06/01
KMB-C00793,Fictional Member 00793,256700050793,member.kmb793@example.invalid,Jinja,1993-05-15,F,2026-06-01
KMB-C00794,Fictional Member 00794,00256700050794,member.kmb794@example.invalid,Mbarara,1994-05-15,prefer not to say,2026-06-01
KMB-C00795,Fictional Member 00795,+256700050795,member.kmb795@example.invalid,gulu,1995-05-15,M,2025/10/01
KMB-C00796,  Fictional Member 00796  ,0700050796,member.kmb796@example.invalid,Kampala,1996-05-15,F,2026-06-01
KMB-C00797,Fictional Member 00797,256700050797,member.kmb797@example.invalid,Jinja,1997-05-15,prefer not to say,2026-06-01
KMB-C00798,Fictional Member 00798,,,mbarara,1998-05-15,M,01/06/2026
KMB-C00799,Fictional Member 00799,+256700050799,member.kmb799@example.invalid,Gulu,1999-05-15,F,2026-06-01
KMB-C00800,  Fictional Member 00800  ,bad-phone,member.kmb800@example.invalid,Invalid District,2000-05-15,prefer not to say,2025-10-01
KMB-C00801,Fictional Member 00801,256700050801,member.kmb801@example.invalid,jinja,2001-05-15,M,2026/06/01
KMB-C00802,Fictional Member 00802,00256700050802,member.kmb802@example.invalid,Mbarara,2002-05-15,F,2026-06-01
KMB-C00803,Fictional Member 00803,+256700050803,member.kmb803@example.invalid,Gulu,2003-05-15,prefer not to say,2026-06-01
KMB-C00804,  Fictional Member 00804  ,0700050804,member.kmb804@example.invalid,kampala,2004-05-15,M,2026/06/01
KMB-C00805,Fictional Member 00805,256700050805,member.kmb805@example.invalid,Jinja,1970-05-15,F,01/10/2025
KMB-C00806,Fictional Member 00806,00256700050806,member.kmb806@example.invalid,Mbarara,1971-05-15,prefer not to say,2026-06-01
KMB-C00807,Fictional Member 00807,+256700050807,member.kmb807@example.invalid,gulu,1972-05-15,M,2026/06/01
KMB-C00808,  Fictional Member 00808  ,0700050808,member.kmb808@example.invalid,Kampala,1973-05-15,F,2026-06-01
KMB-C00809,Fictional Member 00809,256700050809,member.kmb809@example.invalid,Jinja,1974-05-15,prefer not to say,2026-06-01
KMB-C00810,Fictional Member 00810,00256700050810,member.kmb810@example.invalid,mbarara,1975-05-15,M,2025/10/01
KMB-C00811,Fictional Member 00811,+256700050811,member.kmb811@example.invalid,Gulu,1976-05-15,F,2026-06-01
KMB-C00812,,,,Kampala,1977-05-15,prefer not to say,01/06/2026
KMB-C00813,Fictional Member 00813,256700050813,member.kmb813@example.invalid,jinja,1978-05-15,M,2026/06/01
KMB-C00814,Fictional Member 00814,00256700050814,member.kmb814@example.invalid,Mbarara,1979-05-15,F,2026-06-01
KMB-C00815,Fictional Member 00815,+256700050815,member.kmb815@example.invalid,Gulu,1980-05-15,prefer not to say,2025-10-01
KMB-C00816,  Fictional Member 00816  ,bad-phone,member.kmb816@example.invalid,kampala,1981-05-15,M,2026/06/01
KMB-C00817,Fictional Member 00817,256700050817,member.kmb817@example.invalid,Jinja,1982-05-15,F,2026-06-01
KMB-C00818,Fictional Member 00818,00256700050818,member.kmb818@example.invalid,Mbarara,1983-05-15,prefer not to say,2026-06-01
KMB-C00819,Fictional Member 00819,+256700050819,bad-email,gulu,1984-05-15,M,01/06/2026
KMB-C00820,  Fictional Member 00820  ,0700050820,member.kmb820@example.invalid,Kampala,1985-05-15,F,2025-10-01
KMB-C00821,Fictional Member 00821,256700050821,member.kmb821@example.invalid,Jinja,1986-05-15,prefer not to say,2026-06-01
KMB-C00822,Fictional Member 00822,00256700050822,member.kmb822@example.invalid,mbarara,1987-05-15,M,2026/06/01
KMB-C00823,Fictional Member 00823,+256700050823,member.kmb823@example.invalid,Gulu,1988-05-15,F,2026-06-01
KMB-C00824,  Fictional Member 00824  ,0700050824,member.kmb824@example.invalid,Kampala,1989-05-15,prefer not to say,2026-06-01
KMB-C00825,Fictional Member 00825,256700050825,member.kmb825@example.invalid,Invalid District,1990-05-15,M,2025/10/01
KMB-C00826,Fictional Member 00826,,,Mbarara,1991-05-15,F,01/06/2026
KMB-C00827,Fictional Member 00827,+256700050827,member.kmb827@example.invalid,Gulu,1992-05-15,prefer not to say,2026-06-01
KMB-C00828,  Fictional Member 00828  ,0700050828,member.kmb828@example.invalid,kampala,1993-05-15,M,2026/06/01
KMB-C00829,Fictional Member 00829,256700050829,member.kmb829@example.invalid,Jinja,1994-05-15,F,2026-06-01
KMB-C00830,Fictional Member 00830,00256700050830,member.kmb830@example.invalid,Mbarara,1995-05-15,prefer not to say,2025-10-01
KMB-C00831,Fictional Member 00831,+256700050831,member.kmb831@example.invalid,gulu,1996-05-15,M,2026/06/01
KMB-C00832,  Fictional Member 00832  ,bad-phone,member.kmb832@example.invalid,Kampala,1997-05-15,F,2026-06-01
KMB-C00833,Fictional Member 00833,256700050833,member.kmb833@example.invalid,Jinja,1998-05-15,prefer not to say,01/06/2026
KMB-C00834,Fictional Member 00834,00256700050834,member.kmb834@example.invalid,mbarara,1999-05-15,M,2026/06/01
KMB-C00835,Fictional Member 00835,+256700050835,member.kmb835@example.invalid,Gulu,2000-05-15,F,2025-10-01
KMB-C00836,  Fictional Member 00836  ,0700050836,member.kmb836@example.invalid,Kampala,2001-05-15,prefer not to say,2026-06-01
KMB-C00837,Fictional Member 00837,256700050837,member.kmb837@example.invalid,jinja,2002-05-15,M,2026/06/01
KMB-C00838,Fictional Member 00838,00256700050838,member.kmb838@example.invalid,Mbarara,2003-05-15,F,2026-06-01
KMB-C00839,Fictional Member 00839,+256700050839,member.kmb839@example.invalid,Gulu,2004-05-15,prefer not to say,2026-06-01
KMB-C00840,  Fictional Member 00840  ,,,kampala,1970-05-15,M,01/10/2025
KMB-C00841,,256700050841,member.kmb841@example.invalid,Jinja,1971-05-15,F,2026-06-01
KMB-C00842,Fictional Member 00842,00256700050842,member.kmb842@example.invalid,Mbarara,1972-05-15,prefer not to say,2026-06-01
KMB-C00843,Fictional Member 00843,+256700050843,member.kmb843@example.invalid,gulu,1973-05-15,M,2026/06/01
KMB-C00844,  Fictional Member 00844  ,0700050844,member.kmb844@example.invalid,Kampala,1974-05-15,F,2026-06-01
KMB-C00845,Fictional Member 00845,256700050845,member.kmb845@example.invalid,Jinja,1975-05-15,prefer not to say,2025-10-01
KMB-C00846,Fictional Member 00846,00256700050846,member.kmb846@example.invalid,mbarara,1976-05-15,M,2026/06/01
KMB-C00847,Fictional Member 00847,+256700050847,member.kmb847@example.invalid,Gulu,1977-05-15,F,01/06/2026
KMB-C00848,  Fictional Member 00848  ,bad-phone,member.kmb848@example.invalid,Kampala,1978-05-15,prefer not to say,2026-06-01
KMB-C00849,Fictional Member 00849,256700050849,member.kmb849@example.invalid,jinja,1979-05-15,M,2026/06/01
KMB-C00850,Fictional Member 00850,00256700050850,member.kmb850@example.invalid,Invalid District,1980-05-15,F,2025-10-01
KMB-C00851,Fictional Member 00851,+256700050851,member.kmb851@example.invalid,Gulu,1981-05-15,prefer not to say,2026-06-01
KMB-C00852,  Fictional Member 00852  ,0700050852,member.kmb852@example.invalid,kampala,1982-05-15,M,2026/06/01
KMB-C00853,Fictional Member 00853,256700050853,member.kmb853@example.invalid,Jinja,1983-05-15,F,2026-06-01
KMB-C00854,Fictional Member 00854,,,Mbarara,1984-05-15,prefer not to say,01/06/2026
KMB-C00855,Fictional Member 00855,+256700050855,member.kmb855@example.invalid,gulu,1985-05-15,M,2025/10/01
KMB-C00856,  Fictional Member 00856  ,0700050856,member.kmb856@example.invalid,Kampala,1986-05-15,F,2026-06-01
KMB-C00857,Fictional Member 00857,256700050857,member.kmb857@example.invalid,Jinja,1987-05-15,prefer not to say,2026-06-01
KMB-C00858,Fictional Member 00858,00256700050858,member.kmb858@example.invalid,mbarara,1988-05-15,M,2026/06/01
KMB-C00859,Fictional Member 00859,+256700050859,member.kmb859@example.invalid,Gulu,1989-05-15,F,2026-06-01
KMB-C00860,  Fictional Member 00860  ,0700050860,member.kmb860@example.invalid,Kampala,1990-05-15,prefer not to say,2025-10-01
KMB-C00861,Fictional Member 00861,256700050861,bad-email,jinja,1991-05-15,M,01/06/2026
KMB-C00862,Fictional Member 00862,00256700050862,member.kmb862@example.invalid,Mbarara,1992-05-15,F,2026-06-01
KMB-C00863,Fictional Member 00863,+256700050863,member.kmb863@example.invalid,Gulu,1993-05-15,prefer not to say,2026-06-01
KMB-C00864,  Fictional Member 00864  ,bad-phone,member.kmb864@example.invalid,kampala,1994-05-15,M,2026/06/01
KMB-C00865,Fictional Member 00865,256700050865,member.kmb865@example.invalid,Jinja,1995-05-15,F,2025-10-01
KMB-C00866,Fictional Member 00866,00256700050866,member.kmb866@example.invalid,Mbarara,1996-05-15,prefer not to say,2026-06-01
KMB-C00867,Fictional Member 00867,+256700050867,member.kmb867@example.invalid,gulu,1997-05-15,M,2026/06/01
KMB-C00868,  Fictional Member 00868  ,,,Kampala,1998-05-15,F,01/06/2026
KMB-C00869,Fictional Member 00869,256700050869,member.kmb869@example.invalid,Jinja,1999-05-15,prefer not to say,2026-06-01
KMB-C00870,,00256700050870,member.kmb870@example.invalid,mbarara,2000-05-15,M,2025/10/01
KMB-C00871,Fictional Member 00871,+256700050871,member.kmb871@example.invalid,Gulu,2001-05-15,F,2026-06-01
KMB-C00872,  Fictional Member 00872  ,0700050872,member.kmb872@example.invalid,Kampala,2002-05-15,prefer not to say,2026-06-01
KMB-C00873,Fictional Member 00873,256700050873,member.kmb873@example.invalid,jinja,2003-05-15,M,2026/06/01
KMB-C00874,Fictional Member 00874,00256700050874,member.kmb874@example.invalid,Mbarara,2004-05-15,F,2026-06-01
KMB-C00875,Fictional Member 00875,+256700050875,member.kmb875@example.invalid,Invalid District,1970-05-15,prefer not to say,01/10/2025
KMB-C00876,  Fictional Member 00876  ,0700050876,member.kmb876@example.invalid,kampala,1971-05-15,M,2026/06/01
KMB-C00877,Fictional Member 00877,256700050877,member.kmb877@example.invalid,Jinja,1972-05-15,F,2026-06-01
KMB-C00878,Fictional Member 00878,00256700050878,member.kmb878@example.invalid,Mbarara,1973-05-15,prefer not to say,2026-06-01
KMB-C00879,Fictional Member 00879,+256700050879,member.kmb879@example.invalid,gulu,1974-05-15,M,2026/06/01
KMB-C00880,  Fictional Member 00880  ,bad-phone,member.kmb880@example.invalid,Kampala,1975-05-15,F,2025-10-01
KMB-C00881,Fictional Member 00881,256700050881,member.kmb881@example.invalid,Jinja,1976-05-15,prefer not to say,2026-06-01
KMB-C00882,Fictional Member 00882,,,mbarara,1977-05-15,M,01/06/2026
KMB-C00883,Fictional Member 00883,+256700050883,member.kmb883@example.invalid,Gulu,1978-05-15,F,2026-06-01
KMB-C00884,  Fictional Member 00884  ,0700050884,member.kmb884@example.invalid,Kampala,1979-05-15,prefer not to say,2026-06-01
KMB-C00885,Fictional Member 00885,256700050885,member.kmb885@example.invalid,jinja,1980-05-15,M,2025/10/01
KMB-C00886,Fictional Member 00886,00256700050886,member.kmb886@example.invalid,Mbarara,1981-05-15,F,2026-06-01
KMB-C00887,Fictional Member 00887,+256700050887,member.kmb887@example.invalid,Gulu,1982-05-15,prefer not to say,2026-06-01
KMB-C00888,  Fictional Member 00888  ,0700050888,member.kmb888@example.invalid,kampala,1983-05-15,M,2026/06/01
KMB-C00889,Fictional Member 00889,256700050889,member.kmb889@example.invalid,Jinja,1984-05-15,F,01/06/2026
KMB-C00890,Fictional Member 00890,00256700050890,member.kmb890@example.invalid,Mbarara,1985-05-15,prefer not to say,2025-10-01
KMB-C00891,Fictional Member 00891,+256700050891,member.kmb891@example.invalid,gulu,1986-05-15,M,2026/06/01
KMB-C00892,  Fictional Member 00892  ,0700050892,member.kmb892@example.invalid,Kampala,1987-05-15,F,2026-06-01
KMB-C00893,Fictional Member 00893,256700050893,member.kmb893@example.invalid,Jinja,1988-05-15,prefer not to say,2026-06-01
KMB-C00894,Fictional Member 00894,00256700050894,member.kmb894@example.invalid,mbarara,1989-05-15,M,2026/06/01
KMB-C00895,Fictional Member 00895,+256700050895,member.kmb895@example.invalid,Gulu,1990-05-15,F,2025-10-01
KMB-C00896,  Fictional Member 00896  ,,,Kampala,1991-05-15,prefer not to say,01/06/2026
KMB-C00897,Fictional Member 00897,256700050897,member.kmb897@example.invalid,jinja,1992-05-15,M,2026/06/01
KMB-C00898,Fictional Member 00898,00256700050898,member.kmb898@example.invalid,Mbarara,1993-05-15,F,2026-06-01
KMB-C00899,,+256700050899,member.kmb899@example.invalid,Gulu,1994-05-15,prefer not to say,2026-06-01
KMB-C00900,  Fictional Member 00900  ,0700050900,member.kmb900@example.invalid,Invalid District,1995-05-15,M,2025/10/01
KMB-C00901,Fictional Member 00901,256700050901,member.kmb901@example.invalid,Jinja,1996-05-15,F,2026-06-01
KMB-C00902,Fictional Member 00902,00256700050902,member.kmb902@example.invalid,Mbarara,1997-05-15,prefer not to say,2026-06-01
KMB-C00903,Fictional Member 00903,+256700050903,bad-email,gulu,1998-05-15,M,01/06/2026
KMB-C00904,  Fictional Member 00904  ,0700050904,member.kmb904@example.invalid,Kampala,1999-05-15,F,2026-06-01
KMB-C00905,Fictional Member 00905,256700050905,member.kmb905@example.invalid,Jinja,2000-05-15,prefer not to say,2025-10-01
KMB-C00906,Fictional Member 00906,00256700050906,member.kmb906@example.invalid,mbarara,2001-05-15,M,2026/06/01
KMB-C00907,Fictional Member 00907,+256700050907,member.kmb907@example.invalid,Gulu,2002-05-15,F,2026-06-01
KMB-C00908,  Fictional Member 00908  ,0700050908,member.kmb908@example.invalid,Kampala,2003-05-15,prefer not to say,2026-06-01
KMB-C00909,Fictional Member 00909,256700050909,member.kmb909@example.invalid,jinja,2004-05-15,M,2026/06/01
KMB-C00910,Fictional Member 00910,,,Mbarara,1970-05-15,F,01/10/2025
KMB-C00911,Fictional Member 00911,+256700050911,member.kmb911@example.invalid,Gulu,1971-05-15,prefer not to say,2026-06-01
KMB-C00912,  Fictional Member 00912  ,bad-phone,member.kmb912@example.invalid,kampala,1972-05-15,M,2026/06/01
KMB-C00913,Fictional Member 00913,256700050913,member.kmb913@example.invalid,Jinja,1973-05-15,F,2026-06-01
KMB-C00914,Fictional Member 00914,00256700050914,member.kmb914@example.invalid,Mbarara,1974-05-15,prefer not to say,2026-06-01
KMB-C00915,Fictional Member 00915,+256700050915,member.kmb915@example.invalid,gulu,1975-05-15,M,2025/10/01
KMB-C00916,  Fictional Member 00916  ,0700050916,member.kmb916@example.invalid,Kampala,1976-05-15,F,2026-06-01
KMB-C00917,Fictional Member 00917,256700050917,member.kmb917@example.invalid,Jinja,1977-05-15,prefer not to say,01/06/2026
KMB-C00918,Fictional Member 00918,00256700050918,member.kmb918@example.invalid,mbarara,1978-05-15,M,2026/06/01
KMB-C00919,Fictional Member 00919,+256700050919,member.kmb919@example.invalid,Gulu,1979-05-15,F,2026-06-01
KMB-C00920,  Fictional Member 00920  ,0700050920,member.kmb920@example.invalid,Kampala,1980-05-15,prefer not to say,2025-10-01
KMB-C00921,Fictional Member 00921,256700050921,member.kmb921@example.invalid,jinja,1981-05-15,M,2026/06/01
KMB-C00922,Fictional Member 00922,00256700050922,member.kmb922@example.invalid,Mbarara,1982-05-15,F,2026-06-01
KMB-C00923,Fictional Member 00923,+256700050923,member.kmb923@example.invalid,Gulu,1983-05-15,prefer not to say,2026-06-01
KMB-C00924,  Fictional Member 00924  ,,,kampala,1984-05-15,M,01/06/2026
KMB-C00925,Fictional Member 00925,256700050925,member.kmb925@example.invalid,Invalid District,1985-05-15,F,2025-10-01
KMB-C00926,Fictional Member 00926,00256700050926,member.kmb926@example.invalid,Mbarara,1986-05-15,prefer not to say,2026-06-01
KMB-C00927,Fictional Member 00927,+256700050927,member.kmb927@example.invalid,gulu,1987-05-15,M,2026/06/01
KMB-C00928,,bad-phone,member.kmb928@example.invalid,Kampala,1988-05-15,F,2026-06-01
KMB-C00929,Fictional Member 00929,256700050929,member.kmb929@example.invalid,Jinja,1989-05-15,prefer not to say,2026-06-01
KMB-C00930,Fictional Member 00930,00256700050930,member.kmb930@example.invalid,mbarara,1990-05-15,M,2025/10/01
KMB-C00931,Fictional Member 00931,+256700050931,member.kmb931@example.invalid,Gulu,1991-05-15,F,01/06/2026
KMB-C00932,  Fictional Member 00932  ,0700050932,member.kmb932@example.invalid,Kampala,1992-05-15,prefer not to say,2026-06-01
KMB-C00933,Fictional Member 00933,256700050933,member.kmb933@example.invalid,jinja,1993-05-15,M,2026/06/01
KMB-C00934,Fictional Member 00934,00256700050934,member.kmb934@example.invalid,Mbarara,1994-05-15,F,2026-06-01
KMB-C00935,Fictional Member 00935,+256700050935,member.kmb935@example.invalid,Gulu,1995-05-15,prefer not to say,2025-10-01
KMB-C00936,  Fictional Member 00936  ,0700050936,member.kmb936@example.invalid,kampala,1996-05-15,M,2026/06/01
KMB-C00937,Fictional Member 00937,256700050937,member.kmb937@example.invalid,Jinja,1997-05-15,F,2026-06-01
KMB-C00938,Fictional Member 00938,,,Mbarara,1998-05-15,prefer not to say,01/06/2026
KMB-C00939,Fictional Member 00939,+256700050939,member.kmb939@example.invalid,gulu,1999-05-15,M,2026/06/01
KMB-C00940,  Fictional Member 00940  ,0700050940,member.kmb940@example.invalid,Kampala,2000-05-15,F,2025-10-01
KMB-C00941,Fictional Member 00941,256700050941,member.kmb941@example.invalid,Jinja,2001-05-15,prefer not to say,2026-06-01
KMB-C00942,Fictional Member 00942,00256700050942,member.kmb942@example.invalid,mbarara,2002-05-15,M,2026/06/01
KMB-C00943,Fictional Member 00943,+256700050943,member.kmb943@example.invalid,Gulu,2003-05-15,F,2026-06-01
KMB-C00944,  Fictional Member 00944  ,bad-phone,member.kmb944@example.invalid,Kampala,2004-05-15,prefer not to say,2026-06-01
KMB-C00945,Fictional Member 00945,256700050945,bad-email,jinja,1970-05-15,M,01/10/2025
KMB-C00946,Fictional Member 00946,00256700050946,member.kmb946@example.invalid,Mbarara,1971-05-15,F,2026-06-01
KMB-C00947,Fictional Member 00947,+256700050947,member.kmb947@example.invalid,Gulu,1972-05-15,prefer not to say,2026-06-01
KMB-C00948,  Fictional Member 00948  ,0700050948,member.kmb948@example.invalid,kampala,1973-05-15,M,2026/06/01
KMB-C00949,Fictional Member 00949,256700050949,member.kmb949@example.invalid,Jinja,1974-05-15,F,2026-06-01
KMB-C00950,Fictional Member 00950,00256700050950,member.kmb950@example.invalid,Invalid District,1975-05-15,prefer not to say,2025-10-01
KMB-C00951,Fictional Member 00951,+256700050951,member.kmb951@example.invalid,gulu,1976-05-15,M,2026/06/01
KMB-C00952,  Fictional Member 00952  ,,,Kampala,1977-05-15,F,01/06/2026
KMB-C00953,Fictional Member 00953,256700050953,member.kmb953@example.invalid,Jinja,1978-05-15,prefer not to say,2026-06-01
KMB-C00954,Fictional Member 00954,00256700050954,member.kmb954@example.invalid,mbarara,1979-05-15,M,2026/06/01
KMB-C00955,Fictional Member 00955,+256700050955,member.kmb955@example.invalid,Gulu,1980-05-15,F,2025-10-01
KMB-C00956,  Fictional Member 00956  ,0700050956,member.kmb956@example.invalid,Kampala,1981-05-15,prefer not to say,2026-06-01
KMB-C00957,,256700050957,member.kmb957@example.invalid,jinja,1982-05-15,M,2026/06/01
KMB-C00958,Fictional Member 00958,00256700050958,member.kmb958@example.invalid,Mbarara,1983-05-15,F,2026-06-01
KMB-C00959,Fictional Member 00959,+256700050959,member.kmb959@example.invalid,Gulu,1984-05-15,prefer not to say,01/06/2026
KMB-C00960,  Fictional Member 00960  ,bad-phone,member.kmb960@example.invalid,kampala,1985-05-15,M,2025/10/01
KMB-C00961,Fictional Member 00961,256700050961,member.kmb961@example.invalid,Jinja,1986-05-15,F,2026-06-01
KMB-C00962,Fictional Member 00962,00256700050962,member.kmb962@example.invalid,Mbarara,1987-05-15,prefer not to say,2026-06-01
KMB-C00963,Fictional Member 00963,+256700050963,member.kmb963@example.invalid,gulu,1988-05-15,M,2026/06/01
KMB-C00964,  Fictional Member 00964  ,0700050964,member.kmb964@example.invalid,Kampala,1989-05-15,F,2026-06-01
KMB-C00965,Fictional Member 00965,256700050965,member.kmb965@example.invalid,Jinja,1990-05-15,prefer not to say,2025-10-01
KMB-C00966,Fictional Member 00966,,,mbarara,1991-05-15,M,01/06/2026
KMB-C00967,Fictional Member 00967,+256700050967,member.kmb967@example.invalid,Gulu,1992-05-15,F,2026-06-01
KMB-C00968,  Fictional Member 00968  ,0700050968,member.kmb968@example.invalid,Kampala,1993-05-15,prefer not to say,2026-06-01
KMB-C00969,Fictional Member 00969,256700050969,member.kmb969@example.invalid,jinja,1994-05-15,M,2026/06/01
KMB-C00970,Fictional Member 00970,00256700050970,member.kmb970@example.invalid,Mbarara,1995-05-15,F,2025-10-01
KMB-C00971,Fictional Member 00971,+256700050971,member.kmb971@example.invalid,Gulu,1996-05-15,prefer not to say,2026-06-01
KMB-C00972,  Fictional Member 00972  ,0700050972,member.kmb972@example.invalid,kampala,1997-05-15,M,2026/06/01
KMB-C00973,Fictional Member 00973,256700050973,member.kmb973@example.invalid,Jinja,1998-05-15,F,01/06/2026
KMB-C00974,Fictional Member 00974,00256700050974,member.kmb974@example.invalid,Mbarara,1999-05-15,prefer not to say,2026-06-01
KMB-C00975,Fictional Member 00975,+256700050975,member.kmb975@example.invalid,Invalid District,2000-05-15,M,2025/10/01
KMB-C00976,  Fictional Member 00976  ,bad-phone,member.kmb976@example.invalid,Kampala,2001-05-15,F,2026-06-01
KMB-C00977,Fictional Member 00977,256700050977,member.kmb977@example.invalid,Jinja,2002-05-15,prefer not to say,2026-06-01
KMB-C00978,Fictional Member 00978,00256700050978,member.kmb978@example.invalid,mbarara,2003-05-15,M,2026/06/01
KMB-C00979,Fictional Member 00979,+256700050979,member.kmb979@example.invalid,Gulu,2004-05-15,F,2026-06-01
KMB-C00980,  Fictional Member 00980  ,,,Kampala,1970-05-15,prefer not to say,01/10/2025
KMB-C00981,Fictional Member 00981,256700050981,member.kmb981@example.invalid,jinja,1971-05-15,M,2026/06/01
KMB-C00982,Fictional Member 00982,00256700050982,member.kmb982@example.invalid,Mbarara,1972-05-15,F,2026-06-01
KMB-C00983,Fictional Member 00983,+256700050983,member.kmb983@example.invalid,Gulu,1973-05-15,prefer not to say,2026-06-01
KMB-C00984,  Fictional Member 00984  ,0700050984,member.kmb984@example.invalid,kampala,1974-05-15,M,2026/06/01
KMB-C00985,Fictional Member 00985,256700050985,member.kmb985@example.invalid,Jinja,1975-05-15,F,2025-10-01
KMB-C00986,,00256700050986,member.kmb986@example.invalid,Mbarara,1976-05-15,prefer not to say,2026-06-01
KMB-C00987,Fictional Member 00987,+256700050987,bad-email,gulu,1977-05-15,M,01/06/2026
KMB-C00988,  Fictional Member 00988  ,0700050988,member.kmb988@example.invalid,Kampala,1978-05-15,F,2026-06-01
KMB-C00989,Fictional Member 00989,256700050989,member.kmb989@example.invalid,Jinja,1979-05-15,prefer not to say,2026-06-01
KMB-C00990,Fictional Member 00990,00256700050990,member.kmb990@example.invalid,mbarara,1980-05-15,M,2025/10/01
KMB-C00991,Fictional Member 00991,+256700050991,member.kmb991@example.invalid,Gulu,1981-05-15,F,2026-06-01
KMB-C00992,  Fictional Member 00992  ,bad-phone,member.kmb992@example.invalid,Kampala,1982-05-15,prefer not to say,2026-06-01
KMB-C00993,Fictional Member 00993,256700050993,member.kmb993@example.invalid,jinja,1983-05-15,M,2026/06/01
KMB-C00994,Fictional Member 00994,,,Mbarara,1984-05-15,F,01/06/2026
KMB-C00995,Fictional Member 00995,+256700050995,member.kmb995@example.invalid,Gulu,1985-05-15,prefer not to say,2025-10-01
KMB-C00996,  Fictional Member 00996  ,0700050996,member.kmb996@example.invalid,kampala,1986-05-15,M,2026/06/01
KMB-C00997,Fictional Member 00997,256700050997,member.kmb997@example.invalid,Jinja,1987-05-15,F,2026-06-01
KMB-C00998,Fictional Member 00998,00256700050998,member.kmb998@example.invalid,Mbarara,1988-05-15,prefer not to say,2026-06-01
KMB-C00999,Fictional Member 00999,+256700050999,member.kmb999@example.invalid,gulu,1989-05-15,M,2026/06/01
KMB-C01000,  Fictional Member 01000  ,0700051000,member.kmb1000@example.invalid,Invalid District,1990-05-15,F,2025-10-01
KMB-C01001,Fictional Member 01001,256700051001,member.kmb1001@example.invalid,Jinja,1991-05-15,prefer not to say,01/06/2026
KMB-C01002,Fictional Member 01002,00256700051002,member.kmb1002@example.invalid,mbarara,1992-05-15,M,2026/06/01
KMB-C01003,Fictional Member 01003,+256700051003,member.kmb1003@example.invalid,Gulu,1993-05-15,F,2026-06-01
KMB-C01004,  Fictional Member 01004  ,0700051004,member.kmb1004@example.invalid,Kampala,1994-05-15,prefer not to say,2026-06-01
KMB-C01005,Fictional Member 01005,256700051005,member.kmb1005@example.invalid,jinja,1995-05-15,M,2025/10/01
KMB-C01006,Fictional Member 01006,00256700051006,member.kmb1006@example.invalid,Mbarara,1996-05-15,F,2026-06-01
KMB-C01007,Fictional Member 01007,+256700051007,member.kmb1007@example.invalid,Gulu,1997-05-15,prefer not to say,2026-06-01
KMB-C01008,  Fictional Member 01008  ,,,kampala,1998-05-15,M,01/06/2026
KMB-C01009,Fictional Member 01009,256700051009,member.kmb1009@example.invalid,Jinja,1999-05-15,F,2026-06-01
KMB-C01010,Fictional Member 01010,00256700051010,member.kmb1010@example.invalid,Mbarara,2000-05-15,prefer not to say,2025-10-01
KMB-C01011,Fictional Member 01011,+256700051011,member.kmb1011@example.invalid,gulu,2001-05-15,M,2026/06/01
KMB-C01012,  Fictional Member 01012  ,0700051012,member.kmb1012@example.invalid,Kampala,2002-05-15,F,2026-06-01
KMB-C01013,Fictional Member 01013,256700051013,member.kmb1013@example.invalid,Jinja,2003-05-15,prefer not to say,2026-06-01
KMB-C01014,Fictional Member 01014,00256700051014,member.kmb1014@example.invalid,mbarara,2004-05-15,M,2026/06/01
KMB-C01015,,+256700051015,member.kmb1015@example.invalid,Gulu,1970-05-15,F,01/10/2025
KMB-C01016,  Fictional Member 01016  ,0700051016,member.kmb1016@example.invalid,Kampala,1971-05-15,prefer not to say,2026-06-01
KMB-C01017,Fictional Member 01017,256700051017,member.kmb1017@example.invalid,jinja,1972-05-15,M,2026/06/01
KMB-C01018,Fictional Member 01018,00256700051018,member.kmb1018@example.invalid,Mbarara,1973-05-15,F,2026-06-01
KMB-C01019,Fictional Member 01019,+256700051019,member.kmb1019@example.invalid,Gulu,1974-05-15,prefer not to say,2026-06-01
KMB-C01020,  Fictional Member 01020  ,0700051020,member.kmb1020@example.invalid,kampala,1975-05-15,M,2025/10/01
KMB-C01021,Fictional Member 01021,256700051021,member.kmb1021@example.invalid,Jinja,1976-05-15,F,2026-06-01
KMB-C01022,Fictional Member 01022,,,Mbarara,1977-05-15,prefer not to say,01/06/2026
KMB-C01023,Fictional Member 01023,+256700051023,member.kmb1023@example.invalid,gulu,1978-05-15,M,2026/06/01
KMB-C01024,  Fictional Member 01024  ,bad-phone,member.kmb1024@example.invalid,Kampala,1979-05-15,F,2026-06-01
KMB-C01025,Fictional Member 01025,256700051025,member.kmb1025@example.invalid,Invalid District,1980-05-15,prefer not to say,2025-10-01
KMB-C01026,Fictional Member 01026,00256700051026,member.kmb1026@example.invalid,mbarara,1981-05-15,M,2026/06/01
KMB-C01027,Fictional Member 01027,+256700051027,member.kmb1027@example.invalid,Gulu,1982-05-15,F,2026-06-01
KMB-C01028,  Fictional Member 01028  ,0700051028,member.kmb1028@example.invalid,Kampala,1983-05-15,prefer not to say,2026-06-01
KMB-C01029,Fictional Member 01029,256700051029,bad-email,jinja,1984-05-15,M,01/06/2026
KMB-C01030,Fictional Member 01030,00256700051030,member.kmb1030@example.invalid,Mbarara,1985-05-15,F,2025-10-01
KMB-C01031,Fictional Member 01031,+256700051031,member.kmb1031@example.invalid,Gulu,1986-05-15,prefer not to say,2026-06-01
KMB-C01032,  Fictional Member 01032  ,0700051032,member.kmb1032@example.invalid,kampala,1987-05-15,M,2026/06/01
KMB-C01033,Fictional Member 01033,256700051033,member.kmb1033@example.invalid,Jinja,1988-05-15,F,2026-06-01
KMB-C01034,Fictional Member 01034,00256700051034,member.kmb1034@example.invalid,Mbarara,1989-05-15,prefer not to say,2026-06-01
KMB-C01035,Fictional Member 01035,+256700051035,member.kmb1035@example.invalid,gulu,1990-05-15,M,2025/10/01
KMB-C01036,  Fictional Member 01036  ,,,Kampala,1991-05-15,F,01/06/2026
KMB-C01037,Fictional Member 01037,256700051037,member.kmb1037@example.invalid,Jinja,1992-05-15,prefer not to say,2026-06-01
KMB-C01038,Fictional Member 01038,00256700051038,member.kmb1038@example.invalid,mbarara,1993-05-15,M,2026/06/01
KMB-C01039,Fictional Member 01039,+256700051039,member.kmb1039@example.invalid,Gulu,1994-05-15,F,2026-06-01
KMB-C01040,  Fictional Member 01040  ,bad-phone,member.kmb1040@example.invalid,Kampala,1995-05-15,prefer not to say,2025-10-01
KMB-C01041,Fictional Member 01041,256700051041,member.kmb1041@example.invalid,jinja,1996-05-15,M,2026/06/01
KMB-C01042,Fictional Member 01042,00256700051042,member.kmb1042@example.invalid,Mbarara,1997-05-15,F,2026-06-01
KMB-C01043,Fictional Member 01043,+256700051043,member.kmb1043@example.invalid,Gulu,1998-05-15,prefer not to say,01/06/2026
KMB-C01044,,0700051044,member.kmb1044@example.invalid,kampala,1999-05-15,M,2026/06/01
KMB-C01045,Fictional Member 01045,256700051045,member.kmb1045@example.invalid,Jinja,2000-05-15,F,2025-10-01
KMB-C01046,Fictional Member 01046,00256700051046,member.kmb1046@example.invalid,Mbarara,2001-05-15,prefer not to say,2026-06-01
KMB-C01047,Fictional Member 01047,+256700051047,member.kmb1047@example.invalid,gulu,2002-05-15,M,2026/06/01
KMB-C01048,  Fictional Member 01048  ,0700051048,member.kmb1048@example.invalid,Kampala,2003-05-15,F,2026-06-01
KMB-C01049,Fictional Member 01049,256700051049,member.kmb1049@example.invalid,Jinja,2004-05-15,prefer not to say,2026-06-01
KMB-C01050,Fictional Member 01050,,,Invalid District,1970-05-15,M,01/10/2025
KMB-C01051,Fictional Member 01051,+256700051051,member.kmb1051@example.invalid,Gulu,1971-05-15,F,2026-06-01
KMB-C01052,  Fictional Member 01052  ,0700051052,member.kmb1052@example.invalid,Kampala,1972-05-15,prefer not to say,2026-06-01
KMB-C01053,Fictional Member 01053,256700051053,member.kmb1053@example.invalid,jinja,1973-05-15,M,2026/06/01
KMB-C01054,Fictional Member 01054,00256700051054,member.kmb1054@example.invalid,Mbarara,1974-05-15,F,2026-06-01
KMB-C01055,Fictional Member 01055,+256700051055,member.kmb1055@example.invalid,Gulu,1975-05-15,prefer not to say,2025-10-01
KMB-C01056,  Fictional Member 01056  ,bad-phone,member.kmb1056@example.invalid,kampala,1976-05-15,M,2026/06/01
KMB-C01057,Fictional Member 01057,256700051057,member.kmb1057@example.invalid,Jinja,1977-05-15,F,01/06/2026
KMB-C01058,Fictional Member 01058,00256700051058,member.kmb1058@example.invalid,Mbarara,1978-05-15,prefer not to say,2026-06-01
KMB-C01059,Fictional Member 01059,+256700051059,member.kmb1059@example.invalid,gulu,1979-05-15,M,2026/06/01
KMB-C01060,  Fictional Member 01060  ,0700051060,member.kmb1060@example.invalid,Kampala,1980-05-15,F,2025-10-01
KMB-C01061,Fictional Member 01061,256700051061,member.kmb1061@example.invalid,Jinja,1981-05-15,prefer not to say,2026-06-01
KMB-C01062,Fictional Member 01062,00256700051062,member.kmb1062@example.invalid,mbarara,1982-05-15,M,2026/06/01
KMB-C01063,Fictional Member 01063,+256700051063,member.kmb1063@example.invalid,Gulu,1983-05-15,F,2026-06-01
KMB-C01064,  Fictional Member 01064  ,,,Kampala,1984-05-15,prefer not to say,01/06/2026
KMB-C01065,Fictional Member 01065,256700051065,member.kmb1065@example.invalid,jinja,1985-05-15,M,2025/10/01
KMB-C01066,Fictional Member 01066,00256700051066,member.kmb1066@example.invalid,Mbarara,1986-05-15,F,2026-06-01
KMB-C01067,Fictional Member 01067,+256700051067,member.kmb1067@example.invalid,Gulu,1987-05-15,prefer not to say,2026-06-01
KMB-C01068,  Fictional Member 01068  ,0700051068,member.kmb1068@example.invalid,kampala,1988-05-15,M,2026/06/01
KMB-C01069,Fictional Member 01069,256700051069,member.kmb1069@example.invalid,Jinja,1989-05-15,F,2026-06-01
KMB-C01070,Fictional Member 01070,00256700051070,member.kmb1070@example.invalid,Mbarara,1990-05-15,prefer not to say,2025-10-01
KMB-C01071,Fictional Member 01071,+256700051071,bad-email,gulu,1991-05-15,M,01/06/2026
KMB-C01072,  Fictional Member 01072  ,bad-phone,member.kmb1072@example.invalid,Kampala,1992-05-15,F,2026-06-01
KMB-C01073,,256700051073,member.kmb1073@example.invalid,Jinja,1993-05-15,prefer not to say,2026-06-01
KMB-C01074,Fictional Member 01074,00256700051074,member.kmb1074@example.invalid,mbarara,1994-05-15,M,2026/06/01
KMB-C01075,Fictional Member 01075,+256700051075,member.kmb1075@example.invalid,Invalid District,1995-05-15,F,2025-10-01
KMB-C01076,  Fictional Member 01076  ,0700051076,member.kmb1076@example.invalid,Kampala,1996-05-15,prefer not to say,2026-06-01
KMB-C01077,Fictional Member 01077,256700051077,member.kmb1077@example.invalid,jinja,1997-05-15,M,2026/06/01
KMB-C01078,Fictional Member 01078,,,Mbarara,1998-05-15,F,01/06/2026
KMB-C01079,Fictional Member 01079,+256700051079,member.kmb1079@example.invalid,Gulu,1999-05-15,prefer not to say,2026-06-01
KMB-C01080,  Fictional Member 01080  ,0700051080,member.kmb1080@example.invalid,kampala,2000-05-15,M,2025/10/01
KMB-C01081,Fictional Member 01081,256700051081,member.kmb1081@example.invalid,Jinja,2001-05-15,F,2026-06-01
KMB-C01082,Fictional Member 01082,00256700051082,member.kmb1082@example.invalid,Mbarara,2002-05-15,prefer not to say,2026-06-01
KMB-C01083,Fictional Member 01083,+256700051083,member.kmb1083@example.invalid,gulu,2003-05-15,M,2026/06/01
KMB-C01084,  Fictional Member 01084  ,0700051084,member.kmb1084@example.invalid,Kampala,2004-05-15,F,2026-06-01
KMB-C01085,Fictional Member 01085,256700051085,member.kmb1085@example.invalid,Jinja,1970-05-15,prefer not to say,01/10/2025
KMB-C01086,Fictional Member 01086,00256700051086,member.kmb1086@example.invalid,mbarara,1971-05-15,M,2026/06/01
KMB-C01087,Fictional Member 01087,+256700051087,member.kmb1087@example.invalid,Gulu,1972-05-15,F,2026-06-01
KMB-C01088,  Fictional Member 01088  ,bad-phone,member.kmb1088@example.invalid,Kampala,1973-05-15,prefer not to say,2026-06-01
KMB-C01089,Fictional Member 01089,256700051089,member.kmb1089@example.invalid,jinja,1974-05-15,M,2026/06/01
KMB-C01090,Fictional Member 01090,00256700051090,member.kmb1090@example.invalid,Mbarara,1975-05-15,F,2025-10-01
KMB-C01091,Fictional Member 01091,+256700051091,member.kmb1091@example.invalid,Gulu,1976-05-15,prefer not to say,2026-06-01
KMB-C01092,  Fictional Member 01092  ,,,kampala,1977-05-15,M,01/06/2026
KMB-C01093,Fictional Member 01093,256700051093,member.kmb1093@example.invalid,Jinja,1978-05-15,F,2026-06-01
KMB-C01094,Fictional Member 01094,00256700051094,member.kmb1094@example.invalid,Mbarara,1979-05-15,prefer not to say,2026-06-01
KMB-C01095,Fictional Member 01095,+256700051095,member.kmb1095@example.invalid,gulu,1980-05-15,M,2025/10/01
KMB-C01096,  Fictional Member 01096  ,0700051096,member.kmb1096@example.invalid,Kampala,1981-05-15,F,2026-06-01
KMB-C01097,Fictional Member 01097,256700051097,member.kmb1097@example.invalid,Jinja,1982-05-15,prefer not to say,2026-06-01
KMB-C01098,Fictional Member 01098,00256700051098,member.kmb1098@example.invalid,mbarara,1983-05-15,M,2026/06/01
KMB-C01099,Fictional Member 01099,+256700051099,member.kmb1099@example.invalid,Gulu,1984-05-15,F,01/06/2026
KMB-C01100,  Fictional Member 01100  ,0700051100,member.kmb1100@example.invalid,Invalid District,1985-05-15,prefer not to say,2025-10-01
KMB-C01101,Fictional Member 01101,256700051101,member.kmb1101@example.invalid,jinja,1986-05-15,M,2026/06/01
KMB-C01102,,00256700051102,member.kmb1102@example.invalid,Mbarara,1987-05-15,F,2026-06-01
KMB-C01103,Fictional Member 01103,+256700051103,member.kmb1103@example.invalid,Gulu,1988-05-15,prefer not to say,2026-06-01
KMB-C01104,  Fictional Member 01104  ,bad-phone,member.kmb1104@example.invalid,kampala,1989-05-15,M,2026/06/01
KMB-C01105,Fictional Member 01105,256700051105,member.kmb1105@example.invalid,Jinja,1990-05-15,F,2025-10-01
KMB-C01106,Fictional Member 01106,,,Mbarara,1991-05-15,prefer not to say,01/06/2026
KMB-C01107,Fictional Member 01107,+256700051107,member.kmb1107@example.invalid,gulu,1992-05-15,M,2026/06/01
KMB-C01108,  Fictional Member 01108  ,0700051108,member.kmb1108@example.invalid,Kampala,1993-05-15,F,2026-06-01
KMB-C01109,Fictional Member 01109,256700051109,member.kmb1109@example.invalid,Jinja,1994-05-15,prefer not to say,2026-06-01
KMB-C01110,Fictional Member 01110,00256700051110,member.kmb1110@example.invalid,mbarara,1995-05-15,M,2025/10/01
KMB-C01111,Fictional Member 01111,+256700051111,member.kmb1111@example.invalid,Gulu,1996-05-15,F,2026-06-01
KMB-C01112,  Fictional Member 01112  ,0700051112,member.kmb1112@example.invalid,Kampala,1997-05-15,prefer not to say,2026-06-01
KMB-C01113,Fictional Member 01113,256700051113,bad-email,jinja,1998-05-15,M,01/06/2026
KMB-C01114,Fictional Member 01114,00256700051114,member.kmb1114@example.invalid,Mbarara,1999-05-15,F,2026-06-01
KMB-C01115,Fictional Member 01115,+256700051115,member.kmb1115@example.invalid,Gulu,2000-05-15,prefer not to say,2025-10-01
KMB-C01116,  Fictional Member 01116  ,0700051116,member.kmb1116@example.invalid,kampala,2001-05-15,M,2026/06/01
KMB-C01117,Fictional Member 01117,256700051117,member.kmb1117@example.invalid,Jinja,2002-05-15,F,2026-06-01
KMB-C01118,Fictional Member 01118,00256700051118,member.kmb1118@example.invalid,Mbarara,2003-05-15,prefer not to say,2026-06-01
KMB-C01119,Fictional Member 01119,+256700051119,member.kmb1119@example.invalid,gulu,2004-05-15,M,2026/06/01
KMB-C01120,  Fictional Member 01120  ,,,Kampala,1970-05-15,F,01/10/2025
KMB-C01121,Fictional Member 01121,256700051121,member.kmb1121@example.invalid,Jinja,1971-05-15,prefer not to say,2026-06-01
KMB-C01122,Fictional Member 01122,00256700051122,member.kmb1122@example.invalid,mbarara,1972-05-15,M,2026/06/01
KMB-C01123,Fictional Member 01123,+256700051123,member.kmb1123@example.invalid,Gulu,1973-05-15,F,2026-06-01
KMB-C01124,  Fictional Member 01124  ,0700051124,member.kmb1124@example.invalid,Kampala,1974-05-15,prefer not to say,2026-06-01
KMB-C01125,Fictional Member 01125,256700051125,member.kmb1125@example.invalid,Invalid District,1975-05-15,M,2025/10/01
KMB-C01126,Fictional Member 01126,00256700051126,member.kmb1126@example.invalid,Mbarara,1976-05-15,F,2026-06-01
KMB-C01127,Fictional Member 01127,+256700051127,member.kmb1127@example.invalid,Gulu,1977-05-15,prefer not to say,01/06/2026
KMB-C01128,  Fictional Member 01128  ,0700051128,member.kmb1128@example.invalid,kampala,1978-05-15,M,2026/06/01
KMB-C01129,Fictional Member 01129,256700051129,member.kmb1129@example.invalid,Jinja,1979-05-15,F,2026-06-01
KMB-C01130,Fictional Member 01130,00256700051130,member.kmb1130@example.invalid,Mbarara,1980-05-15,prefer not to say,2025-10-01
KMB-C01131,,+256700051131,member.kmb1131@example.invalid,gulu,1981-05-15,M,2026/06/01
KMB-C01132,  Fictional Member 01132  ,0700051132,member.kmb1132@example.invalid,Kampala,1982-05-15,F,2026-06-01
KMB-C01133,Fictional Member 01133,256700051133,member.kmb1133@example.invalid,Jinja,1983-05-15,prefer not to say,2026-06-01
KMB-C01134,Fictional Member 01134,,,mbarara,1984-05-15,M,01/06/2026
KMB-C01135,Fictional Member 01135,+256700051135,member.kmb1135@example.invalid,Gulu,1985-05-15,F,2025-10-01
KMB-C01136,  Fictional Member 01136  ,bad-phone,member.kmb1136@example.invalid,Kampala,1986-05-15,prefer not to say,2026-06-01
KMB-C01137,Fictional Member 01137,256700051137,member.kmb1137@example.invalid,jinja,1987-05-15,M,2026/06/01
KMB-C01138,Fictional Member 01138,00256700051138,member.kmb1138@example.invalid,Mbarara,1988-05-15,F,2026-06-01
KMB-C01139,Fictional Member 01139,+256700051139,member.kmb1139@example.invalid,Gulu,1989-05-15,prefer not to say,2026-06-01
KMB-C01140,  Fictional Member 01140  ,0700051140,member.kmb1140@example.invalid,kampala,1990-05-15,M,2025/10/01
KMB-C01141,Fictional Member 01141,256700051141,member.kmb1141@example.invalid,Jinja,1991-05-15,F,01/06/2026
KMB-C01142,Fictional Member 01142,00256700051142,member.kmb1142@example.invalid,Mbarara,1992-05-15,prefer not to say,2026-06-01
KMB-C01143,Fictional Member 01143,+256700051143,member.kmb1143@example.invalid,gulu,1993-05-15,M,2026/06/01
KMB-C01144,  Fictional Member 01144  ,0700051144,member.kmb1144@example.invalid,Kampala,1994-05-15,F,2026-06-01
KMB-C01145,Fictional Member 01145,256700051145,member.kmb1145@example.invalid,Jinja,1995-05-15,prefer not to say,2025-10-01
KMB-C01146,Fictional Member 01146,00256700051146,member.kmb1146@example.invalid,mbarara,1996-05-15,M,2026/06/01
KMB-C01147,Fictional Member 01147,+256700051147,member.kmb1147@example.invalid,Gulu,1997-05-15,F,2026-06-01
KMB-C01148,  Fictional Member 01148  ,,,Kampala,1998-05-15,prefer not to say,01/06/2026
KMB-C01149,Fictional Member 01149,256700051149,member.kmb1149@example.invalid,jinja,1999-05-15,M,2026/06/01
KMB-C01150,Fictional Member 01150,00256700051150,member.kmb1150@example.invalid,Invalid District,2000-05-15,F,2025-10-01
KMB-C01151,Fictional Member 01151,+256700051151,member.kmb1151@example.invalid,Gulu,2001-05-15,prefer not to say,2026-06-01
KMB-C01152,  Fictional Member 01152  ,bad-phone,member.kmb1152@example.invalid,kampala,2002-05-15,M,2026/06/01
KMB-C01153,Fictional Member 01153,256700051153,member.kmb1153@example.invalid,Jinja,2003-05-15,F,2026-06-01
KMB-C01154,Fictional Member 01154,00256700051154,member.kmb1154@example.invalid,Mbarara,2004-05-15,prefer not to say,2026-06-01
KMB-C01155,Fictional Member 01155,+256700051155,bad-email,gulu,1970-05-15,M,01/10/2025
KMB-C01156,  Fictional Member 01156  ,0700051156,member.kmb1156@example.invalid,Kampala,1971-05-15,F,2026-06-01
KMB-C01157,Fictional Member 01157,256700051157,member.kmb1157@example.invalid,Jinja,1972-05-15,prefer not to say,2026-06-01
KMB-C01158,Fictional Member 01158,00256700051158,member.kmb1158@example.invalid,mbarara,1973-05-15,M,2026/06/01
KMB-C01159,Fictional Member 01159,+256700051159,member.kmb1159@example.invalid,Gulu,1974-05-15,F,2026-06-01
KMB-C01160,,0700051160,member.kmb1160@example.invalid,Kampala,1975-05-15,prefer not to say,2025-10-01
KMB-C01161,Fictional Member 01161,256700051161,member.kmb1161@example.invalid,jinja,1976-05-15,M,2026/06/01
KMB-C01162,Fictional Member 01162,,,Mbarara,1977-05-15,F,01/06/2026
KMB-C01163,Fictional Member 01163,+256700051163,member.kmb1163@example.invalid,Gulu,1978-05-15,prefer not to say,2026-06-01
KMB-C01164,  Fictional Member 01164  ,0700051164,member.kmb1164@example.invalid,kampala,1979-05-15,M,2026/06/01
KMB-C01165,Fictional Member 01165,256700051165,member.kmb1165@example.invalid,Jinja,1980-05-15,F,2025-10-01
KMB-C01166,Fictional Member 01166,00256700051166,member.kmb1166@example.invalid,Mbarara,1981-05-15,prefer not to say,2026-06-01
KMB-C01167,Fictional Member 01167,+256700051167,member.kmb1167@example.invalid,gulu,1982-05-15,M,2026/06/01
KMB-C01168,  Fictional Member 01168  ,bad-phone,member.kmb1168@example.invalid,Kampala,1983-05-15,F,2026-06-01
KMB-C01169,Fictional Member 01169,256700051169,member.kmb1169@example.invalid,Jinja,1984-05-15,prefer not to say,01/06/2026
KMB-C01170,Fictional Member 01170,00256700051170,member.kmb1170@example.invalid,mbarara,1985-05-15,M,2025/10/01
KMB-C01171,Fictional Member 01171,+256700051171,member.kmb1171@example.invalid,Gulu,1986-05-15,F,2026-06-01
KMB-C01172,  Fictional Member 01172  ,0700051172,member.kmb1172@example.invalid,Kampala,1987-05-15,prefer not to say,2026-06-01
KMB-C01173,Fictional Member 01173,256700051173,member.kmb1173@example.invalid,jinja,1988-05-15,M,2026/06/01
KMB-C01174,Fictional Member 01174,00256700051174,member.kmb1174@example.invalid,Mbarara,1989-05-15,F,2026-06-01
KMB-C01175,Fictional Member 01175,+256700051175,member.kmb1175@example.invalid,Invalid District,1990-05-15,prefer not to say,2025-10-01
KMB-C01176,  Fictional Member 01176  ,,,kampala,1991-05-15,M,01/06/2026
KMB-C01177,Fictional Member 01177,256700051177,member.kmb1177@example.invalid,Jinja,1992-05-15,F,2026-06-01
KMB-C01178,Fictional Member 01178,00256700051178,member.kmb1178@example.invalid,Mbarara,1993-05-15,prefer not to say,2026-06-01
KMB-C01179,Fictional Member 01179,+256700051179,member.kmb1179@example.invalid,gulu,1994-05-15,M,2026/06/01
KMB-C01180,  Fictional Member 01180  ,0700051180,member.kmb1180@example.invalid,Kampala,1995-05-15,F,2025-10-01
KMB-C01181,Fictional Member 01181,256700051181,member.kmb1181@example.invalid,Jinja,1996-05-15,prefer not to say,2026-06-01
KMB-C01182,Fictional Member 01182,00256700051182,member.kmb1182@example.invalid,mbarara,1997-05-15,M,2026/06/01
KMB-C01183,Fictional Member 01183,+256700051183,member.kmb1183@example.invalid,Gulu,1998-05-15,F,01/06/2026
KMB-C01184,  Fictional Member 01184  ,bad-phone,member.kmb1184@example.invalid,Kampala,1999-05-15,prefer not to say,2026-06-01
KMB-C01185,Fictional Member 01185,256700051185,member.kmb1185@example.invalid,jinja,2000-05-15,M,2025/10/01
KMB-C01186,Fictional Member 01186,00256700051186,member.kmb1186@example.invalid,Mbarara,2001-05-15,F,2026-06-01
KMB-C01187,Fictional Member 01187,+256700051187,member.kmb1187@example.invalid,Gulu,2002-05-15,prefer not to say,2026-06-01
KMB-C01188,  Fictional Member 01188  ,0700051188,member.kmb1188@example.invalid,kampala,2003-05-15,M,2026/06/01
KMB-C01189,,256700051189,member.kmb1189@example.invalid,Jinja,2004-05-15,F,2026-06-01
KMB-C01190,Fictional Member 01190,,,Mbarara,1970-05-15,prefer not to say,01/10/2025
KMB-C01191,Fictional Member 01191,+256700051191,member.kmb1191@example.invalid,gulu,1971-05-15,M,2026/06/01
KMB-C01192,  Fictional Member 01192  ,0700051192,member.kmb1192@example.invalid,Kampala,1972-05-15,F,2026-06-01
KMB-C01193,Fictional Member 01193,256700051193,member.kmb1193@example.invalid,Jinja,1973-05-15,prefer not to say,2026-06-01
KMB-C01194,Fictional Member 01194,00256700051194,member.kmb1194@example.invalid,mbarara,1974-05-15,M,2026/06/01
KMB-C01195,Fictional Member 01195,+256700051195,member.kmb1195@example.invalid,Gulu,1975-05-15,F,2025-10-01
KMB-C01196,  Fictional Member 01196  ,0700051196,member.kmb1196@example.invalid,Kampala,1976-05-15,prefer not to say,2026-06-01
KMB-C01197,Fictional Member 01197,256700051197,bad-email,jinja,1977-05-15,M,01/06/2026
KMB-C01198,Fictional Member 01198,00256700051198,member.kmb1198@example.invalid,Mbarara,1978-05-15,F,2026-06-01
KMB-C01199,Fictional Member 01199,+256700051199,member.kmb1199@example.invalid,Gulu,1979-05-15,prefer not to say,2026-06-01
KMB-C01200,  Fictional Member 01200  ,bad-phone,member.kmb1200@example.invalid,Invalid District,1980-05-15,M,2025/10/01
KMB-C01201,Fictional Member 01201,256700051201,member.kmb1201@example.invalid,Jinja,1981-05-15,F,2026-06-01
KMB-C01202,Fictional Member 01202,00256700051202,member.kmb1202@example.invalid,Mbarara,1982-05-15,prefer not to say,2026-06-01
KMB-C01203,Fictional Member 01203,+256700051203,member.kmb1203@example.invalid,gulu,1983-05-15,M,2026/06/01
KMB-C01204,  Fictional Member 01204  ,,,Kampala,1984-05-15,F,01/06/2026
KMB-C01205,Fictional Member 01205,256700051205,member.kmb1205@example.invalid,Jinja,1985-05-15,prefer not to say,2025-10-01
KMB-C01206,Fictional Member 01206,00256700051206,member.kmb1206@example.invalid,mbarara,1986-05-15,M,2026/06/01
KMB-C01207,Fictional Member 01207,+256700051207,member.kmb1207@example.invalid,Gulu,1987-05-15,F,2026-06-01
KMB-C01208,  Fictional Member 01208  ,0700051208,member.kmb1208@example.invalid,Kampala,1988-05-15,prefer not to say,2026-06-01
KMB-C01209,Fictional Member 01209,256700051209,member.kmb1209@example.invalid,jinja,1989-05-15,M,2026/06/01
KMB-C01210,Fictional Member 01210,00256700051210,member.kmb1210@example.invalid,Mbarara,1990-05-15,F,2025-10-01
KMB-C01211,Fictional Member 01211,+256700051211,member.kmb1211@example.invalid,Gulu,1991-05-15,prefer not to say,01/06/2026
KMB-C01212,  Fictional Member 01212  ,0700051212,member.kmb1212@example.invalid,kampala,1992-05-15,M,2026/06/01
KMB-C01213,Fictional Member 01213,256700051213,member.kmb1213@example.invalid,Jinja,1993-05-15,F,2026-06-01
KMB-C01214,Fictional Member 01214,00256700051214,member.kmb1214@example.invalid,Mbarara,1994-05-15,prefer not to say,2026-06-01
KMB-C01215,Fictional Member 01215,+256700051215,member.kmb1215@example.invalid,gulu,1995-05-15,M,2025/10/01
KMB-C01216,  Fictional Member 01216  ,bad-phone,member.kmb1216@example.invalid,Kampala,1996-05-15,F,2026-06-01
KMB-C01217,Fictional Member 01217,256700051217,member.kmb1217@example.invalid,Jinja,1997-05-15,prefer not to say,2026-06-01
KMB-C01218,,,,mbarara,1998-05-15,M,01/06/2026
KMB-C01219,Fictional Member 01219,+256700051219,member.kmb1219@example.invalid,Gulu,1999-05-15,F,2026-06-01
KMB-C01220,  Fictional Member 01220  ,0700051220,member.kmb1220@example.invalid,Kampala,2000-05-15,prefer not to say,2025-10-01
KMB-C01221,Fictional Member 01221,256700051221,member.kmb1221@example.invalid,jinja,2001-05-15,M,2026/06/01
KMB-C01222,Fictional Member 01222,00256700051222,member.kmb1222@example.invalid,Mbarara,2002-05-15,F,2026-06-01
KMB-C01223,Fictional Member 01223,+256700051223,member.kmb1223@example.invalid,Gulu,2003-05-15,prefer not to say,2026-06-01
KMB-C01224,  Fictional Member 01224  ,0700051224,member.kmb1224@example.invalid,kampala,2004-05-15,M,2026/06/01
KMB-C01225,Fictional Member 01225,256700051225,member.kmb1225@example.invalid,Invalid District,1970-05-15,F,01/10/2025
KMB-C01226,Fictional Member 01226,00256700051226,member.kmb1226@example.invalid,Mbarara,1971-05-15,prefer not to say,2026-06-01
KMB-C01227,Fictional Member 01227,+256700051227,member.kmb1227@example.invalid,gulu,1972-05-15,M,2026/06/01
KMB-C01228,  Fictional Member 01228  ,0700051228,member.kmb1228@example.invalid,Kampala,1973-05-15,F,2026-06-01
KMB-C01229,Fictional Member 01229,256700051229,member.kmb1229@example.invalid,Jinja,1974-05-15,prefer not to say,2026-06-01
KMB-C01230,Fictional Member 01230,00256700051230,member.kmb1230@example.invalid,mbarara,1975-05-15,M,2025/10/01
KMB-C01231,Fictional Member 01231,+256700051231,member.kmb1231@example.invalid,Gulu,1976-05-15,F,2026-06-01
KMB-C01232,  Fictional Member 01232  ,,,Kampala,1977-05-15,prefer not to say,01/06/2026
KMB-C01233,Fictional Member 01233,256700051233,member.kmb1233@example.invalid,jinja,1978-05-15,M,2026/06/01
KMB-C01234,Fictional Member 01234,00256700051234,member.kmb1234@example.invalid,Mbarara,1979-05-15,F,2026-06-01
KMB-C01235,Fictional Member 01235,+256700051235,member.kmb1235@example.invalid,Gulu,1980-05-15,prefer not to say,2025-10-01
KMB-C01236,  Fictional Member 01236  ,0700051236,member.kmb1236@example.invalid,kampala,1981-05-15,M,2026/06/01
KMB-C01237,Fictional Member 01237,256700051237,member.kmb1237@example.invalid,Jinja,1982-05-15,F,2026-06-01
KMB-C01238,Fictional Member 01238,00256700051238,member.kmb1238@example.invalid,Mbarara,1983-05-15,prefer not to say,2026-06-01
KMB-C01239,Fictional Member 01239,+256700051239,bad-email,gulu,1984-05-15,M,01/06/2026
KMB-C01240,  Fictional Member 01240  ,0700051240,member.kmb1240@example.invalid,Kampala,1985-05-15,F,2025-10-01
KMB-C01241,Fictional Member 01241,256700051241,member.kmb1241@example.invalid,Jinja,1986-05-15,prefer not to say,2026-06-01
KMB-C01242,Fictional Member 01242,00256700051242,member.kmb1242@example.invalid,mbarara,1987-05-15,M,2026/06/01
KMB-C01243,Fictional Member 01243,+256700051243,member.kmb1243@example.invalid,Gulu,1988-05-15,F,2026-06-01
KMB-C01244,  Fictional Member 01244  ,0700051244,member.kmb1244@example.invalid,Kampala,1989-05-15,prefer not to say,2026-06-01
KMB-C01245,Fictional Member 01245,256700051245,member.kmb1245@example.invalid,jinja,1990-05-15,M,2025/10/01
KMB-C01246,Fictional Member 01246,,,Mbarara,1991-05-15,F,01/06/2026
KMB-C01247,,+256700051247,member.kmb1247@example.invalid,Gulu,1992-05-15,prefer not to say,2026-06-01
KMB-C01248,  Fictional Member 01248  ,bad-phone,member.kmb1248@example.invalid,kampala,1993-05-15,M,2026/06/01
KMB-C01249,Fictional Member 01249,256700051249,member.kmb1249@example.invalid,Jinja,1994-05-15,F,2026-06-01
KMB-C01250,Fictional Member 01250,00256700051250,member.kmb1250@example.invalid,Invalid District,1995-05-15,prefer not to say,2025-10-01
KMB-C01251,Fictional Member 01251,+256700051251,member.kmb1251@example.invalid,gulu,1996-05-15,M,2026/06/01
KMB-C01252,  Fictional Member 01252  ,0700051252,member.kmb1252@example.invalid,Kampala,1997-05-15,F,2026-06-01
KMB-C01253,Fictional Member 01253,256700051253,member.kmb1253@example.invalid,Jinja,1998-05-15,prefer not to say,01/06/2026
KMB-C01254,Fictional Member 01254,00256700051254,member.kmb1254@example.invalid,mbarara,1999-05-15,M,2026/06/01
KMB-C01255,Fictional Member 01255,+256700051255,member.kmb1255@example.invalid,Gulu,2000-05-15,F,2025-10-01
KMB-C01256,  Fictional Member 01256  ,0700051256,member.kmb1256@example.invalid,Kampala,2001-05-15,prefer not to say,2026-06-01
KMB-C01257,Fictional Member 01257,256700051257,member.kmb1257@example.invalid,jinja,2002-05-15,M,2026/06/01
KMB-C01258,Fictional Member 01258,00256700051258,member.kmb1258@example.invalid,Mbarara,2003-05-15,F,2026-06-01
KMB-C01259,Fictional Member 01259,+256700051259,member.kmb1259@example.invalid,Gulu,2004-05-15,prefer not to say,2026-06-01
KMB-C01260,  Fictional Member 01260  ,,,kampala,1970-05-15,M,01/10/2025
KMB-C01261,Fictional Member 01261,256700051261,member.kmb1261@example.invalid,Jinja,1971-05-15,F,2026-06-01
KMB-C01262,Fictional Member 01262,00256700051262,member.kmb1262@example.invalid,Mbarara,1972-05-15,prefer not to say,2026-06-01
KMB-C01263,Fictional Member 01263,+256700051263,member.kmb1263@example.invalid,gulu,1973-05-15,M,2026/06/01
KMB-C01264,  Fictional Member 01264  ,bad-phone,member.kmb1264@example.invalid,Kampala,1974-05-15,F,2026-06-01
KMB-C01265,Fictional Member 01265,256700051265,member.kmb1265@example.invalid,Jinja,1975-05-15,prefer not to say,2025-10-01
KMB-C01266,Fictional Member 01266,00256700051266,member.kmb1266@example.invalid,mbarara,1976-05-15,M,2026/06/01
KMB-C01267,Fictional Member 01267,+256700051267,member.kmb1267@example.invalid,Gulu,1977-05-15,F,01/06/2026
KMB-C01268,  Fictional Member 01268  ,0700051268,member.kmb1268@example.invalid,Kampala,1978-05-15,prefer not to say,2026-06-01
KMB-C01269,Fictional Member 01269,256700051269,member.kmb1269@example.invalid,jinja,1979-05-15,M,2026/06/01
KMB-C01270,Fictional Member 01270,00256700051270,member.kmb1270@example.invalid,Mbarara,1980-05-15,F,2025-10-01
KMB-C01271,Fictional Member 01271,+256700051271,member.kmb1271@example.invalid,Gulu,1981-05-15,prefer not to say,2026-06-01
KMB-C01272,  Fictional Member 01272  ,0700051272,member.kmb1272@example.invalid,kampala,1982-05-15,M,2026/06/01
KMB-C01273,Fictional Member 01273,256700051273,member.kmb1273@example.invalid,Jinja,1983-05-15,F,2026-06-01
KMB-C01274,Fictional Member 01274,,,Mbarara,1984-05-15,prefer not to say,01/06/2026
KMB-C01275,Fictional Member 01275,+256700051275,member.kmb1275@example.invalid,Invalid District,1985-05-15,M,2025/10/01
KMB-C01276,,0700051276,member.kmb1276@example.invalid,Kampala,1986-05-15,F,2026-06-01
KMB-C01277,Fictional Member 01277,256700051277,member.kmb1277@example.invalid,Jinja,1987-05-15,prefer not to say,2026-06-01
KMB-C01278,Fictional Member 01278,00256700051278,member.kmb1278@example.invalid,mbarara,1988-05-15,M,2026/06/01
KMB-C01279,Fictional Member 01279,+256700051279,member.kmb1279@example.invalid,Gulu,1989-05-15,F,2026-06-01
KMB-C01280,  Fictional Member 01280  ,bad-phone,member.kmb1280@example.invalid,Kampala,1990-05-15,prefer not to say,2025-10-01
KMB-C01281,Fictional Member 01281,256700051281,bad-email,jinja,1991-05-15,M,01/06/2026
KMB-C01282,Fictional Member 01282,00256700051282,member.kmb1282@example.invalid,Mbarara,1992-05-15,F,2026-06-01
KMB-C01283,Fictional Member 01283,+256700051283,member.kmb1283@example.invalid,Gulu,1993-05-15,prefer not to say,2026-06-01
KMB-C01284,  Fictional Member 01284  ,0700051284,member.kmb1284@example.invalid,kampala,1994-05-15,M,2026/06/01
KMB-C01285,Fictional Member 01285,256700051285,member.kmb1285@example.invalid,Jinja,1995-05-15,F,2025-10-01
KMB-C01286,Fictional Member 01286,00256700051286,member.kmb1286@example.invalid,Mbarara,1996-05-15,prefer not to say,2026-06-01
KMB-C01287,Fictional Member 01287,+256700051287,member.kmb1287@example.invalid,gulu,1997-05-15,M,2026/06/01
KMB-C01288,  Fictional Member 01288  ,,,Kampala,1998-05-15,F,01/06/2026
KMB-C01289,Fictional Member 01289,256700051289,member.kmb1289@example.invalid,Jinja,1999-05-15,prefer not to say,2026-06-01
KMB-C01290,Fictional Member 01290,00256700051290,member.kmb1290@example.invalid,mbarara,2000-05-15,M,2025/10/01
KMB-C01291,Fictional Member 01291,+256700051291,member.kmb1291@example.invalid,Gulu,2001-05-15,F,2026-06-01
KMB-C01292,  Fictional Member 01292  ,0700051292,member.kmb1292@example.invalid,Kampala,2002-05-15,prefer not to say,2026-06-01
KMB-C01293,Fictional Member 01293,256700051293,member.kmb1293@example.invalid,jinja,2003-05-15,M,2026/06/01
KMB-C01294,Fictional Member 01294,00256700051294,member.kmb1294@example.invalid,Mbarara,2004-05-15,F,2026-06-01
KMB-C01295,Fictional Member 01295,+256700051295,member.kmb1295@example.invalid,Gulu,1970-05-15,prefer not to say,01/10/2025
KMB-C01296,  Fictional Member 01296  ,bad-phone,member.kmb1296@example.invalid,kampala,1971-05-15,M,2026/06/01
KMB-C01297,Fictional Member 01297,256700051297,member.kmb1297@example.invalid,Jinja,1972-05-15,F,2026-06-01
KMB-C01298,Fictional Member 01298,00256700051298,member.kmb1298@example.invalid,Mbarara,1973-05-15,prefer not to say,2026-06-01
KMB-C01299,Fictional Member 01299,+256700051299,member.kmb1299@example.invalid,gulu,1974-05-15,M,2026/06/01
KMB-C01300,  Fictional Member 01300  ,0700051300,member.kmb1300@example.invalid,Invalid District,1975-05-15,F,2025-10-01
KMB-C01301,Fictional Member 01301,256700051301,member.kmb1301@example.invalid,Jinja,1976-05-15,prefer not to say,2026-06-01
KMB-C01302,Fictional Member 01302,,,mbarara,1977-05-15,M,01/06/2026
KMB-C01303,Fictional Member 01303,+256700051303,member.kmb1303@example.invalid,Gulu,1978-05-15,F,2026-06-01
KMB-C01304,  Fictional Member 01304  ,0700051304,member.kmb1304@example.invalid,Kampala,1979-05-15,prefer not to say,2026-06-01
KMB-C01305,,256700051305,member.kmb1305@example.invalid,jinja,1980-05-15,M,2025/10/01
KMB-C01306,Fictional Member 01306,00256700051306,member.kmb1306@example.invalid,Mbarara,1981-05-15,F,2026-06-01
KMB-C01307,Fictional Member 01307,+256700051307,member.kmb1307@example.invalid,Gulu,1982-05-15,prefer not to say,2026-06-01
KMB-C01308,  Fictional Member 01308  ,0700051308,member.kmb1308@example.invalid,kampala,1983-05-15,M,2026/06/01
KMB-C01309,Fictional Member 01309,256700051309,member.kmb1309@example.invalid,Jinja,1984-05-15,F,01/06/2026
KMB-C01310,Fictional Member 01310,00256700051310,member.kmb1310@example.invalid,Mbarara,1985-05-15,prefer not to say,2025-10-01
KMB-C01311,Fictional Member 01311,+256700051311,member.kmb1311@example.invalid,gulu,1986-05-15,M,2026/06/01
KMB-C01312,  Fictional Member 01312  ,bad-phone,member.kmb1312@example.invalid,Kampala,1987-05-15,F,2026-06-01
KMB-C01313,Fictional Member 01313,256700051313,member.kmb1313@example.invalid,Jinja,1988-05-15,prefer not to say,2026-06-01
KMB-C01314,Fictional Member 01314,00256700051314,member.kmb1314@example.invalid,mbarara,1989-05-15,M,2026/06/01
KMB-C01315,Fictional Member 01315,+256700051315,member.kmb1315@example.invalid,Gulu,1990-05-15,F,2025-10-01
KMB-C01316,  Fictional Member 01316  ,,,Kampala,1991-05-15,prefer not to say,01/06/2026
KMB-C01317,Fictional Member 01317,256700051317,member.kmb1317@example.invalid,jinja,1992-05-15,M,2026/06/01
KMB-C01318,Fictional Member 01318,00256700051318,member.kmb1318@example.invalid,Mbarara,1993-05-15,F,2026-06-01
KMB-C01319,Fictional Member 01319,+256700051319,member.kmb1319@example.invalid,Gulu,1994-05-15,prefer not to say,2026-06-01
KMB-C01320,  Fictional Member 01320  ,0700051320,member.kmb1320@example.invalid,kampala,1995-05-15,M,2025/10/01
KMB-C01321,Fictional Member 01321,256700051321,member.kmb1321@example.invalid,Jinja,1996-05-15,F,2026-06-01
KMB-C01322,Fictional Member 01322,00256700051322,member.kmb1322@example.invalid,Mbarara,1997-05-15,prefer not to say,2026-06-01
KMB-C01323,Fictional Member 01323,+256700051323,bad-email,gulu,1998-05-15,M,01/06/2026
KMB-C01324,  Fictional Member 01324  ,0700051324,member.kmb1324@example.invalid,Kampala,1999-05-15,F,2026-06-01
KMB-C01325,Fictional Member 01325,256700051325,member.kmb1325@example.invalid,Invalid District,2000-05-15,prefer not to say,2025-10-01
KMB-C01326,Fictional Member 01326,00256700051326,member.kmb1326@example.invalid,mbarara,2001-05-15,M,2026/06/01
KMB-C01327,Fictional Member 01327,+256700051327,member.kmb1327@example.invalid,Gulu,2002-05-15,F,2026-06-01
KMB-C01328,  Fictional Member 01328  ,bad-phone,member.kmb1328@example.invalid,Kampala,2003-05-15,prefer not to say,2026-06-01
KMB-C01329,Fictional Member 01329,256700051329,member.kmb1329@example.invalid,jinja,2004-05-15,M,2026/06/01
KMB-C01330,Fictional Member 01330,,,Mbarara,1970-05-15,F,01/10/2025
KMB-C01331,Fictional Member 01331,+256700051331,member.kmb1331@example.invalid,Gulu,1971-05-15,prefer not to say,2026-06-01
KMB-C01332,  Fictional Member 01332  ,0700051332,member.kmb1332@example.invalid,kampala,1972-05-15,M,2026/06/01
KMB-C01333,Fictional Member 01333,256700051333,member.kmb1333@example.invalid,Jinja,1973-05-15,F,2026-06-01
KMB-C01334,,00256700051334,member.kmb1334@example.invalid,Mbarara,1974-05-15,prefer not to say,2026-06-01
KMB-C01335,Fictional Member 01335,+256700051335,member.kmb1335@example.invalid,gulu,1975-05-15,M,2025/10/01
KMB-C01336,  Fictional Member 01336  ,0700051336,member.kmb1336@example.invalid,Kampala,1976-05-15,F,2026-06-01
KMB-C01337,Fictional Member 01337,256700051337,member.kmb1337@example.invalid,Jinja,1977-05-15,prefer not to say,01/06/2026
KMB-C01338,Fictional Member 01338,00256700051338,member.kmb1338@example.invalid,mbarara,1978-05-15,M,2026/06/01
KMB-C01339,Fictional Member 01339,+256700051339,member.kmb1339@example.invalid,Gulu,1979-05-15,F,2026-06-01
KMB-C01340,  Fictional Member 01340  ,0700051340,member.kmb1340@example.invalid,Kampala,1980-05-15,prefer not to say,2025-10-01
KMB-C01341,Fictional Member 01341,256700051341,member.kmb1341@example.invalid,jinja,1981-05-15,M,2026/06/01
KMB-C01342,Fictional Member 01342,00256700051342,member.kmb1342@example.invalid,Mbarara,1982-05-15,F,2026-06-01
KMB-C01343,Fictional Member 01343,+256700051343,member.kmb1343@example.invalid,Gulu,1983-05-15,prefer not to say,2026-06-01
KMB-C01344,  Fictional Member 01344  ,,,kampala,1984-05-15,M,01/06/2026
KMB-C01345,Fictional Member 01345,256700051345,member.kmb1345@example.invalid,Jinja,1985-05-15,F,2025-10-01
KMB-C01346,Fictional Member 01346,00256700051346,member.kmb1346@example.invalid,Mbarara,1986-05-15,prefer not to say,2026-06-01
KMB-C01347,Fictional Member 01347,+256700051347,member.kmb1347@example.invalid,gulu,1987-05-15,M,2026/06/01
KMB-C01348,  Fictional Member 01348  ,0700051348,member.kmb1348@example.invalid,Kampala,1988-05-15,F,2026-06-01
KMB-C01349,Fictional Member 01349,256700051349,member.kmb1349@example.invalid,Jinja,1989-05-15,prefer not to say,2026-06-01
KMB-C01350,Fictional Member 01350,00256700051350,member.kmb1350@example.invalid,Invalid District,1990-05-15,M,2025/10/01
KMB-C01351,Fictional Member 01351,+256700051351,member.kmb1351@example.invalid,Gulu,1991-05-15,F,01/06/2026
KMB-C01352,  Fictional Member 01352  ,0700051352,member.kmb1352@example.invalid,Kampala,1992-05-15,prefer not to say,2026-06-01
KMB-C01353,Fictional Member 01353,256700051353,member.kmb1353@example.invalid,jinja,1993-05-15,M,2026/06/01
KMB-C01354,Fictional Member 01354,00256700051354,member.kmb1354@example.invalid,Mbarara,1994-05-15,F,2026-06-01
KMB-C01355,Fictional Member 01355,+256700051355,member.kmb1355@example.invalid,Gulu,1995-05-15,prefer not to say,2025-10-01
KMB-C01356,  Fictional Member 01356  ,0700051356,member.kmb1356@example.invalid,kampala,1996-05-15,M,2026/06/01
KMB-C01357,Fictional Member 01357,256700051357,member.kmb1357@example.invalid,Jinja,1997-05-15,F,2026-06-01
KMB-C01358,Fictional Member 01358,,,Mbarara,1998-05-15,prefer not to say,01/06/2026
KMB-C01359,Fictional Member 01359,+256700051359,member.kmb1359@example.invalid,gulu,1999-05-15,M,2026/06/01
KMB-C01360,  Fictional Member 01360  ,bad-phone,member.kmb1360@example.invalid,Kampala,2000-05-15,F,2025-10-01
KMB-C01361,Fictional Member 01361,256700051361,member.kmb1361@example.invalid,Jinja,2001-05-15,prefer not to say,2026-06-01
KMB-C01362,Fictional Member 01362,00256700051362,member.kmb1362@example.invalid,mbarara,2002-05-15,M,2026/06/01
KMB-C01363,,+256700051363,member.kmb1363@example.invalid,Gulu,2003-05-15,F,2026-06-01
KMB-C01364,  Fictional Member 01364  ,0700051364,member.kmb1364@example.invalid,Kampala,2004-05-15,prefer not to say,2026-06-01
KMB-C01365,Fictional Member 01365,256700051365,bad-email,jinja,1970-05-15,M,01/10/2025
KMB-C01366,Fictional Member 01366,00256700051366,member.kmb1366@example.invalid,Mbarara,1971-05-15,F,2026-06-01
KMB-C01367,Fictional Member 01367,+256700051367,member.kmb1367@example.invalid,Gulu,1972-05-15,prefer not to say,2026-06-01
KMB-C01368,  Fictional Member 01368  ,0700051368,member.kmb1368@example.invalid,kampala,1973-05-15,M,2026/06/01
KMB-C01369,Fictional Member 01369,256700051369,member.kmb1369@example.invalid,Jinja,1974-05-15,F,2026-06-01
KMB-C01370,Fictional Member 01370,00256700051370,member.kmb1370@example.invalid,Mbarara,1975-05-15,prefer not to say,2025-10-01
KMB-C01371,Fictional Member 01371,+256700051371,member.kmb1371@example.invalid,gulu,1976-05-15,M,2026/06/01
KMB-C01372,  Fictional Member 01372  ,,,Kampala,1977-05-15,F,01/06/2026
KMB-C01373,Fictional Member 01373,256700051373,member.kmb1373@example.invalid,Jinja,1978-05-15,prefer not to say,2026-06-01
KMB-C01374,Fictional Member 01374,00256700051374,member.kmb1374@example.invalid,mbarara,1979-05-15,M,2026/06/01
KMB-C01375,Fictional Member 01375,+256700051375,member.kmb1375@example.invalid,Invalid District,1980-05-15,F,2025-10-01
KMB-C01376,  Fictional Member 01376  ,bad-phone,member.kmb1376@example.invalid,Kampala,1981-05-15,prefer not to say,2026-06-01
KMB-C01377,Fictional Member 01377,256700051377,member.kmb1377@example.invalid,jinja,1982-05-15,M,2026/06/01
KMB-C01378,Fictional Member 01378,00256700051378,member.kmb1378@example.invalid,Mbarara,1983-05-15,F,2026-06-01
KMB-C01379,Fictional Member 01379,+256700051379,member.kmb1379@example.invalid,Gulu,1984-05-15,prefer not to say,01/06/2026
KMB-C01380,  Fictional Member 01380  ,0700051380,member.kmb1380@example.invalid,kampala,1985-05-15,M,2025/10/01
KMB-C01381,Fictional Member 01381,256700051381,member.kmb1381@example.invalid,Jinja,1986-05-15,F,2026-06-01
KMB-C01382,Fictional Member 01382,00256700051382,member.kmb1382@example.invalid,Mbarara,1987-05-15,prefer not to say,2026-06-01
KMB-C01383,Fictional Member 01383,+256700051383,member.kmb1383@example.invalid,gulu,1988-05-15,M,2026/06/01
KMB-C01384,  Fictional Member 01384  ,0700051384,member.kmb1384@example.invalid,Kampala,1989-05-15,F,2026-06-01
KMB-C01385,Fictional Member 01385,256700051385,member.kmb1385@example.invalid,Jinja,1990-05-15,prefer not to say,2025-10-01
KMB-C01386,Fictional Member 01386,,,mbarara,1991-05-15,M,01/06/2026
KMB-C01387,Fictional Member 01387,+256700051387,member.kmb1387@example.invalid,Gulu,1992-05-15,F,2026-06-01
KMB-C01388,  Fictional Member 01388  ,0700051388,member.kmb1388@example.invalid,Kampala,1993-05-15,prefer not to say,2026-06-01
KMB-C01389,Fictional Member 01389,256700051389,member.kmb1389@example.invalid,jinja,1994-05-15,M,2026/06/01
KMB-C01390,Fictional Member 01390,00256700051390,member.kmb1390@example.invalid,Mbarara,1995-05-15,F,2025-10-01
KMB-C01391,Fictional Member 01391,+256700051391,member.kmb1391@example.invalid,Gulu,1996-05-15,prefer not to say,2026-06-01
KMB-C01392,,bad-phone,member.kmb1392@example.invalid,kampala,1997-05-15,M,2026/06/01
KMB-C01393,Fictional Member 01393,256700051393,member.kmb1393@example.invalid,Jinja,1998-05-15,F,01/06/2026
KMB-C01394,Fictional Member 01394,00256700051394,member.kmb1394@example.invalid,Mbarara,1999-05-15,prefer not to say,2026-06-01
KMB-C01395,Fictional Member 01395,+256700051395,member.kmb1395@example.invalid,gulu,2000-05-15,M,2025/10/01
KMB-C01396,  Fictional Member 01396  ,0700051396,member.kmb1396@example.invalid,Kampala,2001-05-15,F,2026-06-01
KMB-C01397,Fictional Member 01397,256700051397,member.kmb1397@example.invalid,Jinja,2002-05-15,prefer not to say,2026-06-01
KMB-C01398,Fictional Member 01398,00256700051398,member.kmb1398@example.invalid,mbarara,2003-05-15,M,2026/06/01
KMB-C01399,Fictional Member 01399,+256700051399,member.kmb1399@example.invalid,Gulu,2004-05-15,F,2026-06-01
KMB-C01400,  Fictional Member 01400  ,,,Invalid District,1970-05-15,prefer not to say,01/10/2025
KMB-C01401,Fictional Member 01401,256700051401,member.kmb1401@example.invalid,jinja,1971-05-15,M,2026/06/01
KMB-C01402,Fictional Member 01402,00256700051402,member.kmb1402@example.invalid,Mbarara,1972-05-15,F,2026-06-01
KMB-C01403,Fictional Member 01403,+256700051403,member.kmb1403@example.invalid,Gulu,1973-05-15,prefer not to say,2026-06-01
KMB-C01404,  Fictional Member 01404  ,0700051404,member.kmb1404@example.invalid,kampala,1974-05-15,M,2026/06/01
KMB-C01405,Fictional Member 01405,256700051405,member.kmb1405@example.invalid,Jinja,1975-05-15,F,2025-10-01
KMB-C01406,Fictional Member 01406,00256700051406,member.kmb1406@example.invalid,Mbarara,1976-05-15,prefer not to say,2026-06-01
KMB-C01407,Fictional Member 01407,+256700051407,bad-email,gulu,1977-05-15,M,01/06/2026
KMB-C01408,  Fictional Member 01408  ,bad-phone,member.kmb1408@example.invalid,Kampala,1978-05-15,F,2026-06-01
KMB-C01409,Fictional Member 01409,256700051409,member.kmb1409@example.invalid,Jinja,1979-05-15,prefer not to say,2026-06-01
KMB-C01410,Fictional Member 01410,00256700051410,member.kmb1410@example.invalid,mbarara,1980-05-15,M,2025/10/01
KMB-C01411,Fictional Member 01411,+256700051411,member.kmb1411@example.invalid,Gulu,1981-05-15,F,2026-06-01
KMB-C01412,  Fictional Member 01412  ,0700051412,member.kmb1412@example.invalid,Kampala,1982-05-15,prefer not to say,2026-06-01
KMB-C01413,Fictional Member 01413,256700051413,member.kmb1413@example.invalid,jinja,1983-05-15,M,2026/06/01
KMB-C01414,Fictional Member 01414,,,Mbarara,1984-05-15,F,01/06/2026
KMB-C01415,Fictional Member 01415,+256700051415,member.kmb1415@example.invalid,Gulu,1985-05-15,prefer not to say,2025-10-01
KMB-C01416,  Fictional Member 01416  ,0700051416,member.kmb1416@example.invalid,kampala,1986-05-15,M,2026/06/01
KMB-C01417,Fictional Member 01417,256700051417,member.kmb1417@example.invalid,Jinja,1987-05-15,F,2026-06-01
KMB-C01418,Fictional Member 01418,00256700051418,member.kmb1418@example.invalid,Mbarara,1988-05-15,prefer not to say,2026-06-01
KMB-C01419,Fictional Member 01419,+256700051419,member.kmb1419@example.invalid,gulu,1989-05-15,M,2026/06/01
KMB-C01420,  Fictional Member 01420  ,0700051420,member.kmb1420@example.invalid,Kampala,1990-05-15,F,2025-10-01
KMB-C01421,,256700051421,member.kmb1421@example.invalid,Jinja,1991-05-15,prefer not to say,01/06/2026
KMB-C01422,Fictional Member 01422,00256700051422,member.kmb1422@example.invalid,mbarara,1992-05-15,M,2026/06/01
KMB-C01423,Fictional Member 01423,+256700051423,member.kmb1423@example.invalid,Gulu,1993-05-15,F,2026-06-01
KMB-C01424,  Fictional Member 01424  ,bad-phone,member.kmb1424@example.invalid,Kampala,1994-05-15,prefer not to say,2026-06-01
KMB-C01425,Fictional Member 01425,256700051425,member.kmb1425@example.invalid,Invalid District,1995-05-15,M,2025/10/01
KMB-C01426,Fictional Member 01426,00256700051426,member.kmb1426@example.invalid,Mbarara,1996-05-15,F,2026-06-01
KMB-C01427,Fictional Member 01427,+256700051427,member.kmb1427@example.invalid,Gulu,1997-05-15,prefer not to say,2026-06-01
KMB-C01428,  Fictional Member 01428  ,,,kampala,1998-05-15,M,01/06/2026
KMB-C01429,Fictional Member 01429,256700051429,member.kmb1429@example.invalid,Jinja,1999-05-15,F,2026-06-01
KMB-C01430,Fictional Member 01430,00256700051430,member.kmb1430@example.invalid,Mbarara,2000-05-15,prefer not to say,2025-10-01
KMB-C01431,Fictional Member 01431,+256700051431,member.kmb1431@example.invalid,gulu,2001-05-15,M,2026/06/01
KMB-C01432,  Fictional Member 01432  ,0700051432,member.kmb1432@example.invalid,Kampala,2002-05-15,F,2026-06-01
KMB-C01433,Fictional Member 01433,256700051433,member.kmb1433@example.invalid,Jinja,2003-05-15,prefer not to say,2026-06-01
KMB-C01434,Fictional Member 01434,00256700051434,member.kmb1434@example.invalid,mbarara,2004-05-15,M,2026/06/01
KMB-C01435,Fictional Member 01435,+256700051435,member.kmb1435@example.invalid,Gulu,1970-05-15,F,01/10/2025
KMB-C01436,  Fictional Member 01436  ,0700051436,member.kmb1436@example.invalid,Kampala,1971-05-15,prefer not to say,2026-06-01
KMB-C01437,Fictional Member 01437,256700051437,member.kmb1437@example.invalid,jinja,1972-05-15,M,2026/06/01
KMB-C01438,Fictional Member 01438,00256700051438,member.kmb1438@example.invalid,Mbarara,1973-05-15,F,2026-06-01
KMB-C01439,Fictional Member 01439,+256700051439,member.kmb1439@example.invalid,Gulu,1974-05-15,prefer not to say,2026-06-01
KMB-C01440,  Fictional Member 01440  ,bad-phone,member.kmb1440@example.invalid,kampala,1975-05-15,M,2025/10/01
KMB-C01441,Fictional Member 01441,256700051441,member.kmb1441@example.invalid,Jinja,1976-05-15,F,2026-06-01
KMB-C01442,Fictional Member 01442,,,Mbarara,1977-05-15,prefer not to say,01/06/2026
KMB-C01443,Fictional Member 01443,+256700051443,member.kmb1443@example.invalid,gulu,1978-05-15,M,2026/06/01
KMB-C01444,  Fictional Member 01444  ,0700051444,member.kmb1444@example.invalid,Kampala,1979-05-15,F,2026-06-01
KMB-C01445,Fictional Member 01445,256700051445,member.kmb1445@example.invalid,Jinja,1980-05-15,prefer not to say,2025-10-01
KMB-C01446,Fictional Member 01446,00256700051446,member.kmb1446@example.invalid,mbarara,1981-05-15,M,2026/06/01
KMB-C01447,Fictional Member 01447,+256700051447,member.kmb1447@example.invalid,Gulu,1982-05-15,F,2026-06-01
KMB-C01448,  Fictional Member 01448  ,0700051448,member.kmb1448@example.invalid,Kampala,1983-05-15,prefer not to say,2026-06-01
KMB-C01449,Fictional Member 01449,256700051449,bad-email,jinja,1984-05-15,M,01/06/2026
KMB-C01450,,00256700051450,member.kmb1450@example.invalid,Invalid District,1985-05-15,F,2025-10-01
KMB-C01451,Fictional Member 01451,+256700051451,member.kmb1451@example.invalid,Gulu,1986-05-15,prefer not to say,2026-06-01
KMB-C01452,  Fictional Member 01452  ,0700051452,member.kmb1452@example.invalid,kampala,1987-05-15,M,2026/06/01
KMB-C01453,Fictional Member 01453,256700051453,member.kmb1453@example.invalid,Jinja,1988-05-15,F,2026-06-01
KMB-C01454,Fictional Member 01454,00256700051454,member.kmb1454@example.invalid,Mbarara,1989-05-15,prefer not to say,2026-06-01
KMB-C01455,Fictional Member 01455,+256700051455,member.kmb1455@example.invalid,gulu,1990-05-15,M,2025/10/01
KMB-C01456,  Fictional Member 01456  ,,,Kampala,1991-05-15,F,01/06/2026
KMB-C01457,Fictional Member 01457,256700051457,member.kmb1457@example.invalid,Jinja,1992-05-15,prefer not to say,2026-06-01
KMB-C01458,Fictional Member 01458,00256700051458,member.kmb1458@example.invalid,mbarara,1993-05-15,M,2026/06/01
KMB-C01459,Fictional Member 01459,+256700051459,member.kmb1459@example.invalid,Gulu,1994-05-15,F,2026-06-01
KMB-C01460,  Fictional Member 01460  ,0700051460,member.kmb1460@example.invalid,Kampala,1995-05-15,prefer not to say,2025-10-01
KMB-C01461,Fictional Member 01461,256700051461,member.kmb1461@example.invalid,jinja,1996-05-15,M,2026/06/01
KMB-C01462,Fictional Member 01462,00256700051462,member.kmb1462@example.invalid,Mbarara,1997-05-15,F,2026-06-01
KMB-C01463,Fictional Member 01463,+256700051463,member.kmb1463@example.invalid,Gulu,1998-05-15,prefer not to say,01/06/2026
KMB-C01464,  Fictional Member 01464  ,0700051464,member.kmb1464@example.invalid,kampala,1999-05-15,M,2026/06/01
KMB-C01465,Fictional Member 01465,256700051465,member.kmb1465@example.invalid,Jinja,2000-05-15,F,2025-10-01
KMB-C01466,Fictional Member 01466,00256700051466,member.kmb1466@example.invalid,Mbarara,2001-05-15,prefer not to say,2026-06-01
KMB-C01467,Fictional Member 01467,+256700051467,member.kmb1467@example.invalid,gulu,2002-05-15,M,2026/06/01
KMB-C01468,  Fictional Member 01468  ,0700051468,member.kmb1468@example.invalid,Kampala,2003-05-15,F,2026-06-01
KMB-C01469,Fictional Member 01469,256700051469,member.kmb1469@example.invalid,Jinja,2004-05-15,prefer not to say,2026-06-01
KMB-C01470,Fictional Member 01470,,,mbarara,1970-05-15,M,01/10/2025
KMB-C01471,Fictional Member 01471,+256700051471,member.kmb1471@example.invalid,Gulu,1971-05-15,F,2026-06-01
KMB-C01472,  Fictional Member 01472  ,bad-phone,member.kmb1472@example.invalid,Kampala,1972-05-15,prefer not to say,2026-06-01
KMB-C01473,Fictional Member 01473,256700051473,member.kmb1473@example.invalid,jinja,1973-05-15,M,2026/06/01
KMB-C01474,Fictional Member 01474,00256700051474,member.kmb1474@example.invalid,Mbarara,1974-05-15,F,2026-06-01
KMB-C01475,Fictional Member 01475,+256700051475,member.kmb1475@example.invalid,Invalid District,1975-05-15,prefer not to say,2025-10-01
KMB-C01476,  Fictional Member 01476  ,0700051476,member.kmb1476@example.invalid,kampala,1976-05-15,M,2026/06/01
KMB-C01477,Fictional Member 01477,256700051477,member.kmb1477@example.invalid,Jinja,1977-05-15,F,01/06/2026
KMB-C01478,Fictional Member 01478,00256700051478,member.kmb1478@example.invalid,Mbarara,1978-05-15,prefer not to say,2026-06-01
KMB-C01479,,+256700051479,member.kmb1479@example.invalid,gulu,1979-05-15,M,2026/06/01
KMB-C01480,  Fictional Member 01480  ,0700051480,member.kmb1480@example.invalid,Kampala,1980-05-15,F,2025-10-01
KMB-C01481,Fictional Member 01481,256700051481,member.kmb1481@example.invalid,Jinja,1981-05-15,prefer not to say,2026-06-01
KMB-C01482,Fictional Member 01482,00256700051482,member.kmb1482@example.invalid,mbarara,1982-05-15,M,2026/06/01
KMB-C01483,Fictional Member 01483,+256700051483,member.kmb1483@example.invalid,Gulu,1983-05-15,F,2026-06-01
KMB-C01484,  Fictional Member 01484  ,,,Kampala,1984-05-15,prefer not to say,01/06/2026
KMB-C01485,Fictional Member 01485,256700051485,member.kmb1485@example.invalid,jinja,1985-05-15,M,2025/10/01
KMB-C01486,Fictional Member 01486,00256700051486,member.kmb1486@example.invalid,Mbarara,1986-05-15,F,2026-06-01
KMB-C01487,Fictional Member 01487,+256700051487,member.kmb1487@example.invalid,Gulu,1987-05-15,prefer not to say,2026-06-01
KMB-C01488,  Fictional Member 01488  ,bad-phone,member.kmb1488@example.invalid,kampala,1988-05-15,M,2026/06/01
KMB-C01489,Fictional Member 01489,256700051489,member.kmb1489@example.invalid,Jinja,1989-05-15,F,2026-06-01
KMB-C01490,Fictional Member 01490,00256700051490,member.kmb1490@example.invalid,Mbarara,1990-05-15,prefer not to say,2025-10-01
KMB-C01491,Fictional Member 01491,+256700051491,bad-email,gulu,1991-05-15,M,01/06/2026
KMB-C01492,  Fictional Member 01492  ,0700051492,member.kmb1492@example.invalid,Kampala,1992-05-15,F,2026-06-01
KMB-C01493,Fictional Member 01493,256700051493,member.kmb1493@example.invalid,Jinja,1993-05-15,prefer not to say,2026-06-01
KMB-C01494,Fictional Member 01494,00256700051494,member.kmb1494@example.invalid,mbarara,1994-05-15,M,2026/06/01
KMB-C01495,Fictional Member 01495,+256700051495,member.kmb1495@example.invalid,Gulu,1995-05-15,F,2025-10-01
KMB-C01496,  Fictional Member 01496  ,0700051496,member.kmb1496@example.invalid,Kampala,1996-05-15,prefer not to say,2026-06-01
KMB-C01497,Fictional Member 01497,256700051497,member.kmb1497@example.invalid,jinja,1997-05-15,M,2026/06/01
KMB-C01498,Fictional Member 01498,,,Mbarara,1998-05-15,F,01/06/2026
KMB-C01499,Fictional Member 01499,+256700051499,member.kmb1499@example.invalid,Gulu,1999-05-15,prefer not to say,2026-06-01
KMB-C01500,  Fictional Member 01500  ,0700051500,member.kmb1500@example.invalid,Invalid District,2000-05-15,M,2025/10/01
KMB-C01501,Fictional Member 01501,256700051501,member.kmb1501@example.invalid,Jinja,2001-05-15,F,2026-06-01
KMB-C01502,Fictional Member 01502,00256700051502,member.kmb1502@example.invalid,Mbarara,2002-05-15,prefer not to say,2026-06-01
KMB-C01503,Fictional Member 01503,+256700051503,member.kmb1503@example.invalid,gulu,2003-05-15,M,2026/06/01
KMB-C01504,  Fictional Member 01504  ,bad-phone,member.kmb1504@example.invalid,Kampala,2004-05-15,F,2026-06-01
KMB-C01505,Fictional Member 01505,256700051505,member.kmb1505@example.invalid,Jinja,1970-05-15,prefer not to say,01/10/2025
KMB-C01506,Fictional Member 01506,00256700051506,member.kmb1506@example.invalid,mbarara,1971-05-15,M,2026/06/01
KMB-C01507,Fictional Member 01507,+256700051507,member.kmb1507@example.invalid,Gulu,1972-05-15,F,2026-06-01
KMB-C01508,,0700051508,member.kmb1508@example.invalid,Kampala,1973-05-15,prefer not to say,2026-06-01
KMB-C01509,Fictional Member 01509,256700051509,member.kmb1509@example.invalid,jinja,1974-05-15,M,2026/06/01
KMB-C01510,Fictional Member 01510,00256700051510,member.kmb1510@example.invalid,Mbarara,1975-05-15,F,2025-10-01
KMB-C01511,Fictional Member 01511,+256700051511,member.kmb1511@example.invalid,Gulu,1976-05-15,prefer not to say,2026-06-01
KMB-C01512,  Fictional Member 01512  ,,,kampala,1977-05-15,M,01/06/2026
KMB-C01513,Fictional Member 01513,256700051513,member.kmb1513@example.invalid,Jinja,1978-05-15,F,2026-06-01
KMB-C01514,Fictional Member 01514,00256700051514,member.kmb1514@example.invalid,Mbarara,1979-05-15,prefer not to say,2026-06-01
KMB-C01515,Fictional Member 01515,+256700051515,member.kmb1515@example.invalid,gulu,1980-05-15,M,2025/10/01
KMB-C01516,  Fictional Member 01516  ,0700051516,member.kmb1516@example.invalid,Kampala,1981-05-15,F,2026-06-01
KMB-C01517,Fictional Member 01517,256700051517,member.kmb1517@example.invalid,Jinja,1982-05-15,prefer not to say,2026-06-01
KMB-C01518,Fictional Member 01518,00256700051518,member.kmb1518@example.invalid,mbarara,1983-05-15,M,2026/06/01
KMB-C01519,Fictional Member 01519,+256700051519,member.kmb1519@example.invalid,Gulu,1984-05-15,F,01/06/2026
KMB-C01520,  Fictional Member 01520  ,bad-phone,member.kmb1520@example.invalid,Kampala,1985-05-15,prefer not to say,2025-10-01
KMB-C01521,Fictional Member 01521,256700051521,member.kmb1521@example.invalid,jinja,1986-05-15,M,2026/06/01
KMB-C01522,Fictional Member 01522,00256700051522,member.kmb1522@example.invalid,Mbarara,1987-05-15,F,2026-06-01
KMB-C01523,Fictional Member 01523,+256700051523,member.kmb1523@example.invalid,Gulu,1988-05-15,prefer not to say,2026-06-01
KMB-C01524,  Fictional Member 01524  ,0700051524,member.kmb1524@example.invalid,kampala,1989-05-15,M,2026/06/01
KMB-C01525,Fictional Member 01525,256700051525,member.kmb1525@example.invalid,Invalid District,1990-05-15,F,2025-10-01
KMB-C01526,Fictional Member 01526,,,Mbarara,1991-05-15,prefer not to say,01/06/2026
KMB-C01527,Fictional Member 01527,+256700051527,member.kmb1527@example.invalid,gulu,1992-05-15,M,2026/06/01
KMB-C01528,  Fictional Member 01528  ,0700051528,member.kmb1528@example.invalid,Kampala,1993-05-15,F,2026-06-01
KMB-C01529,Fictional Member 01529,256700051529,member.kmb1529@example.invalid,Jinja,1994-05-15,prefer not to say,2026-06-01
KMB-C01530,Fictional Member 01530,00256700051530,member.kmb1530@example.invalid,mbarara,1995-05-15,M,2025/10/01
KMB-C01531,Fictional Member 01531,+256700051531,member.kmb1531@example.invalid,Gulu,1996-05-15,F,2026-06-01
KMB-C01532,  Fictional Member 01532  ,0700051532,member.kmb1532@example.invalid,Kampala,1997-05-15,prefer not to say,2026-06-01
KMB-C01533,Fictional Member 01533,256700051533,bad-email,jinja,1998-05-15,M,01/06/2026
KMB-C01534,Fictional Member 01534,00256700051534,member.kmb1534@example.invalid,Mbarara,1999-05-15,F,2026-06-01
KMB-C01535,Fictional Member 01535,+256700051535,member.kmb1535@example.invalid,Gulu,2000-05-15,prefer not to say,2025-10-01
KMB-C01536,  Fictional Member 01536  ,bad-phone,member.kmb1536@example.invalid,kampala,2001-05-15,M,2026/06/01
KMB-C01537,,256700051537,member.kmb1537@example.invalid,Jinja,2002-05-15,F,2026-06-01
KMB-C01538,Fictional Member 01538,00256700051538,member.kmb1538@example.invalid,Mbarara,2003-05-15,prefer not to say,2026-06-01
KMB-C01539,Fictional Member 01539,+256700051539,member.kmb1539@example.invalid,gulu,2004-05-15,M,2026/06/01
KMB-C01540,  Fictional Member 01540  ,,,Kampala,1970-05-15,F,01/10/2025
KMB-C01541,Fictional Member 01541,256700051541,member.kmb1541@example.invalid,Jinja,1971-05-15,prefer not to say,2026-06-01
KMB-C01542,Fictional Member 01542,00256700051542,member.kmb1542@example.invalid,mbarara,1972-05-15,M,2026/06/01
KMB-C01543,Fictional Member 01543,+256700051543,member.kmb1543@example.invalid,Gulu,1973-05-15,F,2026-06-01
KMB-C01544,  Fictional Member 01544  ,0700051544,member.kmb1544@example.invalid,Kampala,1974-05-15,prefer not to say,2026-06-01
KMB-C01545,Fictional Member 01545,256700051545,member.kmb1545@example.invalid,jinja,1975-05-15,M,2025/10/01
KMB-C01546,Fictional Member 01546,00256700051546,member.kmb1546@example.invalid,Mbarara,1976-05-15,F,2026-06-01
KMB-C01547,Fictional Member 01547,+256700051547,member.kmb1547@example.invalid,Gulu,1977-05-15,prefer not to say,01/06/2026
KMB-C01548,  Fictional Member 01548  ,0700051548,member.kmb1548@example.invalid,kampala,1978-05-15,M,2026/06/01
KMB-C01549,Fictional Member 01549,256700051549,member.kmb1549@example.invalid,Jinja,1979-05-15,F,2026-06-01
KMB-C01550,Fictional Member 01550,00256700051550,member.kmb1550@example.invalid,Invalid District,1980-05-15,prefer not to say,2025-10-01
KMB-C01551,Fictional Member 01551,+256700051551,member.kmb1551@example.invalid,gulu,1981-05-15,M,2026/06/01
KMB-C01552,  Fictional Member 01552  ,bad-phone,member.kmb1552@example.invalid,Kampala,1982-05-15,F,2026-06-01
KMB-C01553,Fictional Member 01553,256700051553,member.kmb1553@example.invalid,Jinja,1983-05-15,prefer not to say,2026-06-01
KMB-C01554,Fictional Member 01554,,,mbarara,1984-05-15,M,01/06/2026
KMB-C01555,Fictional Member 01555,+256700051555,member.kmb1555@example.invalid,Gulu,1985-05-15,F,2025-10-01
KMB-C01556,  Fictional Member 01556  ,0700051556,member.kmb1556@example.invalid,Kampala,1986-05-15,prefer not to say,2026-06-01
KMB-C01557,Fictional Member 01557,256700051557,member.kmb1557@example.invalid,jinja,1987-05-15,M,2026/06/01
KMB-C01558,Fictional Member 01558,00256700051558,member.kmb1558@example.invalid,Mbarara,1988-05-15,F,2026-06-01
KMB-C01559,Fictional Member 01559,+256700051559,member.kmb1559@example.invalid,Gulu,1989-05-15,prefer not to say,2026-06-01
KMB-C01560,  Fictional Member 01560  ,0700051560,member.kmb1560@example.invalid,kampala,1990-05-15,M,2025/10/01
KMB-C01561,Fictional Member 01561,256700051561,member.kmb1561@example.invalid,Jinja,1991-05-15,F,01/06/2026
KMB-C01562,Fictional Member 01562,00256700051562,member.kmb1562@example.invalid,Mbarara,1992-05-15,prefer not to say,2026-06-01
KMB-C01563,Fictional Member 01563,+256700051563,member.kmb1563@example.invalid,gulu,1993-05-15,M,2026/06/01
KMB-C01564,  Fictional Member 01564  ,0700051564,member.kmb1564@example.invalid,Kampala,1994-05-15,F,2026-06-01
KMB-C01565,Fictional Member 01565,256700051565,member.kmb1565@example.invalid,Jinja,1995-05-15,prefer not to say,2025-10-01
KMB-C01566,,00256700051566,member.kmb1566@example.invalid,mbarara,1996-05-15,M,2026/06/01
KMB-C01567,Fictional Member 01567,+256700051567,member.kmb1567@example.invalid,Gulu,1997-05-15,F,2026-06-01
KMB-C01568,  Fictional Member 01568  ,,,Kampala,1998-05-15,prefer not to say,01/06/2026
KMB-C01569,Fictional Member 01569,256700051569,member.kmb1569@example.invalid,jinja,1999-05-15,M,2026/06/01
KMB-C01570,Fictional Member 01570,00256700051570,member.kmb1570@example.invalid,Mbarara,2000-05-15,F,2025-10-01
KMB-C01571,Fictional Member 01571,+256700051571,member.kmb1571@example.invalid,Gulu,2001-05-15,prefer not to say,2026-06-01
KMB-C01572,  Fictional Member 01572  ,0700051572,member.kmb1572@example.invalid,kampala,2002-05-15,M,2026/06/01
KMB-C01573,Fictional Member 01573,256700051573,member.kmb1573@example.invalid,Jinja,2003-05-15,F,2026-06-01
KMB-C01574,Fictional Member 01574,00256700051574,member.kmb1574@example.invalid,Mbarara,2004-05-15,prefer not to say,2026-06-01
KMB-C01575,Fictional Member 01575,+256700051575,bad-email,Invalid District,1970-05-15,M,01/10/2025
KMB-C01576,  Fictional Member 01576  ,0700051576,member.kmb1576@example.invalid,Kampala,1971-05-15,F,2026-06-01
KMB-C01577,Fictional Member 01577,256700051577,member.kmb1577@example.invalid,Jinja,1972-05-15,prefer not to say,2026-06-01
KMB-C01578,Fictional Member 01578,00256700051578,member.kmb1578@example.invalid,mbarara,1973-05-15,M,2026/06/01
KMB-C01579,Fictional Member 01579,+256700051579,member.kmb1579@example.invalid,Gulu,1974-05-15,F,2026-06-01
KMB-C01580,  Fictional Member 01580  ,0700051580,member.kmb1580@example.invalid,Kampala,1975-05-15,prefer not to say,2025-10-01
KMB-C01581,Fictional Member 01581,256700051581,member.kmb1581@example.invalid,jinja,1976-05-15,M,2026/06/01
KMB-C01582,Fictional Member 01582,,,Mbarara,1977-05-15,F,01/06/2026
KMB-C01583,Fictional Member 01583,+256700051583,member.kmb1583@example.invalid,Gulu,1978-05-15,prefer not to say,2026-06-01
KMB-C01584,  Fictional Member 01584  ,bad-phone,member.kmb1584@example.invalid,kampala,1979-05-15,M,2026/06/01
KMB-C01585,Fictional Member 01585,256700051585,member.kmb1585@example.invalid,Jinja,1980-05-15,F,2025-10-01
KMB-C01586,Fictional Member 01586,00256700051586,member.kmb1586@example.invalid,Mbarara,1981-05-15,prefer not to say,2026-06-01
KMB-C01587,Fictional Member 01587,+256700051587,member.kmb1587@example.invalid,gulu,1982-05-15,M,2026/06/01
KMB-C01588,  Fictional Member 01588  ,0700051588,member.kmb1588@example.invalid,Kampala,1983-05-15,F,2026-06-01
KMB-C01589,Fictional Member 01589,256700051589,member.kmb1589@example.invalid,Jinja,1984-05-15,prefer not to say,01/06/2026
KMB-C01590,Fictional Member 01590,00256700051590,member.kmb1590@example.invalid,mbarara,1985-05-15,M,2025/10/01
KMB-C01591,Fictional Member 01591,+256700051591,member.kmb1591@example.invalid,Gulu,1986-05-15,F,2026-06-01
KMB-C01592,  Fictional Member 01592  ,0700051592,member.kmb1592@example.invalid,Kampala,1987-05-15,prefer not to say,2026-06-01
KMB-C01593,Fictional Member 01593,256700051593,member.kmb1593@example.invalid,jinja,1988-05-15,M,2026/06/01
KMB-C01594,Fictional Member 01594,00256700051594,member.kmb1594@example.invalid,Mbarara,1989-05-15,F,2026-06-01
KMB-C01595,,+256700051595,member.kmb1595@example.invalid,Gulu,1990-05-15,prefer not to say,2025-10-01
KMB-C01596,  Fictional Member 01596  ,,,kampala,1991-05-15,M,01/06/2026
KMB-C01597,Fictional Member 01597,256700051597,member.kmb1597@example.invalid,Jinja,1992-05-15,F,2026-06-01
KMB-C01598,Fictional Member 01598,00256700051598,member.kmb1598@example.invalid,Mbarara,1993-05-15,prefer not to say,2026-06-01
KMB-C01599,Fictional Member 01599,+256700051599,member.kmb1599@example.invalid,gulu,1994-05-15,M,2026/06/01
KMB-C01600,  Fictional Member 01600  ,bad-phone,member.kmb1600@example.invalid,Invalid District,1995-05-15,F,2025-10-01
KMB-C01601,Fictional Member 01601,256700051601,member.kmb1601@example.invalid,Jinja,1996-05-15,prefer not to say,2026-06-01
KMB-C01602,Fictional Member 01602,00256700051602,member.kmb1602@example.invalid,mbarara,1997-05-15,M,2026/06/01
KMB-C01603,Fictional Member 01603,+256700051603,member.kmb1603@example.invalid,Gulu,1998-05-15,F,01/06/2026
KMB-C01604,  Fictional Member 01604  ,0700051604,member.kmb1604@example.invalid,Kampala,1999-05-15,prefer not to say,2026-06-01
KMB-C01605,Fictional Member 01605,256700051605,member.kmb1605@example.invalid,jinja,2000-05-15,M,2025/10/01
KMB-C01606,Fictional Member 01606,00256700051606,member.kmb1606@example.invalid,Mbarara,2001-05-15,F,2026-06-01
KMB-C01607,Fictional Member 01607,+256700051607,member.kmb1607@example.invalid,Gulu,2002-05-15,prefer not to say,2026-06-01
KMB-C01608,  Fictional Member 01608  ,0700051608,member.kmb1608@example.invalid,kampala,2003-05-15,M,2026/06/01
KMB-C01609,Fictional Member 01609,256700051609,member.kmb1609@example.invalid,Jinja,2004-05-15,F,2026-06-01
KMB-C01610,Fictional Member 01610,,,Mbarara,1970-05-15,prefer not to say,01/10/2025
KMB-C01611,Fictional Member 01611,+256700051611,member.kmb1611@example.invalid,gulu,1971-05-15,M,2026/06/01
KMB-C01612,  Fictional Member 01612  ,0700051612,member.kmb1612@example.invalid,Kampala,1972-05-15,F,2026-06-01
KMB-C01613,Fictional Member 01613,256700051613,member.kmb1613@example.invalid,Jinja,1973-05-15,prefer not to say,2026-06-01
KMB-C01614,Fictional Member 01614,00256700051614,member.kmb1614@example.invalid,mbarara,1974-05-15,M,2026/06/01
KMB-C01615,Fictional Member 01615,+256700051615,member.kmb1615@example.invalid,Gulu,1975-05-15,F,2025-10-01
KMB-C01616,  Fictional Member 01616  ,bad-phone,member.kmb1616@example.invalid,Kampala,1976-05-15,prefer not to say,2026-06-01
KMB-C01617,Fictional Member 01617,256700051617,bad-email,jinja,1977-05-15,M,01/06/2026
KMB-C01618,Fictional Member 01618,00256700051618,member.kmb1618@example.invalid,Mbarara,1978-05-15,F,2026-06-01
KMB-C01619,Fictional Member 01619,+256700051619,member.kmb1619@example.invalid,Gulu,1979-05-15,prefer not to say,2026-06-01
KMB-C01620,  Fictional Member 01620  ,0700051620,member.kmb1620@example.invalid,kampala,1980-05-15,M,2025/10/01
KMB-C01621,Fictional Member 01621,256700051621,member.kmb1621@example.invalid,Jinja,1981-05-15,F,2026-06-01
KMB-C01622,Fictional Member 01622,00256700051622,member.kmb1622@example.invalid,Mbarara,1982-05-15,prefer not to say,2026-06-01
KMB-C01623,Fictional Member 01623,+256700051623,member.kmb1623@example.invalid,gulu,1983-05-15,M,2026/06/01
KMB-C01624,,,,Kampala,1984-05-15,F,01/06/2026
KMB-C01625,Fictional Member 01625,256700051625,member.kmb1625@example.invalid,Invalid District,1985-05-15,prefer not to say,2025-10-01
KMB-C01626,Fictional Member 01626,00256700051626,member.kmb1626@example.invalid,mbarara,1986-05-15,M,2026/06/01
KMB-C01627,Fictional Member 01627,+256700051627,member.kmb1627@example.invalid,Gulu,1987-05-15,F,2026-06-01
KMB-C01628,  Fictional Member 01628  ,0700051628,member.kmb1628@example.invalid,Kampala,1988-05-15,prefer not to say,2026-06-01
KMB-C01629,Fictional Member 01629,256700051629,member.kmb1629@example.invalid,jinja,1989-05-15,M,2026/06/01
KMB-C01630,Fictional Member 01630,00256700051630,member.kmb1630@example.invalid,Mbarara,1990-05-15,F,2025-10-01
KMB-C01631,Fictional Member 01631,+256700051631,member.kmb1631@example.invalid,Gulu,1991-05-15,prefer not to say,01/06/2026
KMB-C01632,  Fictional Member 01632  ,bad-phone,member.kmb1632@example.invalid,kampala,1992-05-15,M,2026/06/01
KMB-C01633,Fictional Member 01633,256700051633,member.kmb1633@example.invalid,Jinja,1993-05-15,F,2026-06-01
KMB-C01634,Fictional Member 01634,00256700051634,member.kmb1634@example.invalid,Mbarara,1994-05-15,prefer not to say,2026-06-01
KMB-C01635,Fictional Member 01635,+256700051635,member.kmb1635@example.invalid,gulu,1995-05-15,M,2025/10/01
KMB-C01636,  Fictional Member 01636  ,0700051636,member.kmb1636@example.invalid,Kampala,1996-05-15,F,2026-06-01
KMB-C01637,Fictional Member 01637,256700051637,member.kmb1637@example.invalid,Jinja,1997-05-15,prefer not to say,2026-06-01
KMB-C01638,Fictional Member 01638,,,mbarara,1998-05-15,M,01/06/2026
KMB-C01639,Fictional Member 01639,+256700051639,member.kmb1639@example.invalid,Gulu,1999-05-15,F,2026-06-01
KMB-C01640,  Fictional Member 01640  ,0700051640,member.kmb1640@example.invalid,Kampala,2000-05-15,prefer not to say,2025-10-01
KMB-C01641,Fictional Member 01641,256700051641,member.kmb1641@example.invalid,jinja,2001-05-15,M,2026/06/01
KMB-C01642,Fictional Member 01642,00256700051642,member.kmb1642@example.invalid,Mbarara,2002-05-15,F,2026-06-01
KMB-C01643,Fictional Member 01643,+256700051643,member.kmb1643@example.invalid,Gulu,2003-05-15,prefer not to say,2026-06-01
KMB-C01644,  Fictional Member 01644  ,0700051644,member.kmb1644@example.invalid,kampala,2004-05-15,M,2026/06/01
KMB-C01645,Fictional Member 01645,256700051645,member.kmb1645@example.invalid,Jinja,1970-05-15,F,01/10/2025
KMB-C01646,Fictional Member 01646,00256700051646,member.kmb1646@example.invalid,Mbarara,1971-05-15,prefer not to say,2026-06-01
KMB-C01647,Fictional Member 01647,+256700051647,member.kmb1647@example.invalid,gulu,1972-05-15,M,2026/06/01
KMB-C01648,  Fictional Member 01648  ,bad-phone,member.kmb1648@example.invalid,Kampala,1973-05-15,F,2026-06-01
KMB-C01649,Fictional Member 01649,256700051649,member.kmb1649@example.invalid,Jinja,1974-05-15,prefer not to say,2026-06-01
KMB-C01650,Fictional Member 01650,00256700051650,member.kmb1650@example.invalid,Invalid District,1975-05-15,M,2025/10/01
KMB-C01651,Fictional Member 01651,+256700051651,member.kmb1651@example.invalid,Gulu,1976-05-15,F,2026-06-01
KMB-C01652,  Fictional Member 01652  ,,,Kampala,1977-05-15,prefer not to say,01/06/2026
KMB-C01653,,256700051653,member.kmb1653@example.invalid,jinja,1978-05-15,M,2026/06/01
KMB-C01654,Fictional Member 01654,00256700051654,member.kmb1654@example.invalid,Mbarara,1979-05-15,F,2026-06-01
KMB-C01655,Fictional Member 01655,+256700051655,member.kmb1655@example.invalid,Gulu,1980-05-15,prefer not to say,2025-10-01
KMB-C01656,  Fictional Member 01656  ,0700051656,member.kmb1656@example.invalid,kampala,1981-05-15,M,2026/06/01
KMB-C01657,Fictional Member 01657,256700051657,member.kmb1657@example.invalid,Jinja,1982-05-15,F,2026-06-01
KMB-C01658,Fictional Member 01658,00256700051658,member.kmb1658@example.invalid,Mbarara,1983-05-15,prefer not to say,2026-06-01
KMB-C01659,Fictional Member 01659,+256700051659,bad-email,gulu,1984-05-15,M,01/06/2026
KMB-C01660,  Fictional Member 01660  ,0700051660,member.kmb1660@example.invalid,Kampala,1985-05-15,F,2025-10-01
KMB-C01661,Fictional Member 01661,256700051661,member.kmb1661@example.invalid,Jinja,1986-05-15,prefer not to say,2026-06-01
KMB-C01662,Fictional Member 01662,00256700051662,member.kmb1662@example.invalid,mbarara,1987-05-15,M,2026/06/01
KMB-C01663,Fictional Member 01663,+256700051663,member.kmb1663@example.invalid,Gulu,1988-05-15,F,2026-06-01
KMB-C01664,  Fictional Member 01664  ,bad-phone,member.kmb1664@example.invalid,Kampala,1989-05-15,prefer not to say,2026-06-01
KMB-C01665,Fictional Member 01665,256700051665,member.kmb1665@example.invalid,jinja,1990-05-15,M,2025/10/01
KMB-C01666,Fictional Member 01666,,,Mbarara,1991-05-15,F,01/06/2026
KMB-C01667,Fictional Member 01667,+256700051667,member.kmb1667@example.invalid,Gulu,1992-05-15,prefer not to say,2026-06-01
KMB-C01668,  Fictional Member 01668  ,0700051668,member.kmb1668@example.invalid,kampala,1993-05-15,M,2026/06/01
KMB-C01669,Fictional Member 01669,256700051669,member.kmb1669@example.invalid,Jinja,1994-05-15,F,2026-06-01
KMB-C01670,Fictional Member 01670,00256700051670,member.kmb1670@example.invalid,Mbarara,1995-05-15,prefer not to say,2025-10-01
KMB-C01671,Fictional Member 01671,+256700051671,member.kmb1671@example.invalid,gulu,1996-05-15,M,2026/06/01
KMB-C01672,  Fictional Member 01672  ,0700051672,member.kmb1672@example.invalid,Kampala,1997-05-15,F,2026-06-01
KMB-C01673,Fictional Member 01673,256700051673,member.kmb1673@example.invalid,Jinja,1998-05-15,prefer not to say,01/06/2026
KMB-C01674,Fictional Member 01674,00256700051674,member.kmb1674@example.invalid,mbarara,1999-05-15,M,2026/06/01
KMB-C01675,Fictional Member 01675,+256700051675,member.kmb1675@example.invalid,Invalid District,2000-05-15,F,2025-10-01
KMB-C01676,  Fictional Member 01676  ,0700051676,member.kmb1676@example.invalid,Kampala,2001-05-15,prefer not to say,2026-06-01
KMB-C01677,Fictional Member 01677,256700051677,member.kmb1677@example.invalid,jinja,2002-05-15,M,2026/06/01
KMB-C01678,Fictional Member 01678,00256700051678,member.kmb1678@example.invalid,Mbarara,2003-05-15,F,2026-06-01
KMB-C01679,Fictional Member 01679,+256700051679,member.kmb1679@example.invalid,Gulu,2004-05-15,prefer not to say,2026-06-01
KMB-C01680,  Fictional Member 01680  ,,,kampala,1970-05-15,M,01/10/2025
KMB-C01681,Fictional Member 01681,256700051681,member.kmb1681@example.invalid,Jinja,1971-05-15,F,2026-06-01
KMB-C01682,,00256700051682,member.kmb1682@example.invalid,Mbarara,1972-05-15,prefer not to say,2026-06-01
KMB-C01683,Fictional Member 01683,+256700051683,member.kmb1683@example.invalid,gulu,1973-05-15,M,2026/06/01
KMB-C01684,  Fictional Member 01684  ,0700051684,member.kmb1684@example.invalid,Kampala,1974-05-15,F,2026-06-01
KMB-C01685,Fictional Member 01685,256700051685,member.kmb1685@example.invalid,Jinja,1975-05-15,prefer not to say,2025-10-01
KMB-C01686,Fictional Member 01686,00256700051686,member.kmb1686@example.invalid,mbarara,1976-05-15,M,2026/06/01
KMB-C01687,Fictional Member 01687,+256700051687,member.kmb1687@example.invalid,Gulu,1977-05-15,F,01/06/2026
KMB-C01688,  Fictional Member 01688  ,0700051688,member.kmb1688@example.invalid,Kampala,1978-05-15,prefer not to say,2026-06-01
KMB-C01689,Fictional Member 01689,256700051689,member.kmb1689@example.invalid,jinja,1979-05-15,M,2026/06/01
KMB-C01690,Fictional Member 01690,00256700051690,member.kmb1690@example.invalid,Mbarara,1980-05-15,F,2025-10-01
KMB-C01691,Fictional Member 01691,+256700051691,member.kmb1691@example.invalid,Gulu,1981-05-15,prefer not to say,2026-06-01
KMB-C01692,  Fictional Member 01692  ,0700051692,member.kmb1692@example.invalid,kampala,1982-05-15,M,2026/06/01
KMB-C01693,Fictional Member 01693,256700051693,member.kmb1693@example.invalid,Jinja,1983-05-15,F,2026-06-01
KMB-C01694,Fictional Member 01694,,,Mbarara,1984-05-15,prefer not to say,01/06/2026
KMB-C01695,Fictional Member 01695,+256700051695,member.kmb1695@example.invalid,gulu,1985-05-15,M,2025/10/01
KMB-C01696,  Fictional Member 01696  ,bad-phone,member.kmb1696@example.invalid,Kampala,1986-05-15,F,2026-06-01
KMB-C01697,Fictional Member 01697,256700051697,member.kmb1697@example.invalid,Jinja,1987-05-15,prefer not to say,2026-06-01
KMB-C01698,Fictional Member 01698,00256700051698,member.kmb1698@example.invalid,mbarara,1988-05-15,M,2026/06/01
KMB-C01699,Fictional Member 01699,+256700051699,member.kmb1699@example.invalid,Gulu,1989-05-15,F,2026-06-01
KMB-C01700,  Fictional Member 01700  ,0700051700,member.kmb1700@example.invalid,Invalid District,1990-05-15,prefer not to say,2025-10-01
KMB-C01701,Fictional Member 01701,256700051701,bad-email,jinja,1991-05-15,M,01/06/2026
KMB-C01702,Fictional Member 01702,00256700051702,member.kmb1702@example.invalid,Mbarara,1992-05-15,F,2026-06-01
KMB-C01703,Fictional Member 01703,+256700051703,member.kmb1703@example.invalid,Gulu,1993-05-15,prefer not to say,2026-06-01
KMB-C01704,  Fictional Member 01704  ,0700051704,member.kmb1704@example.invalid,kampala,1994-05-15,M,2026/06/01
KMB-C01705,Fictional Member 01705,256700051705,member.kmb1705@example.invalid,Jinja,1995-05-15,F,2025-10-01
KMB-C01706,Fictional Member 01706,00256700051706,member.kmb1706@example.invalid,Mbarara,1996-05-15,prefer not to say,2026-06-01
KMB-C01707,Fictional Member 01707,+256700051707,member.kmb1707@example.invalid,gulu,1997-05-15,M,2026/06/01
KMB-C01708,  Fictional Member 01708  ,,,Kampala,1998-05-15,F,01/06/2026
KMB-C01709,Fictional Member 01709,256700051709,member.kmb1709@example.invalid,Jinja,1999-05-15,prefer not to say,2026-06-01
KMB-C01710,Fictional Member 01710,00256700051710,member.kmb1710@example.invalid,mbarara,2000-05-15,M,2025/10/01
KMB-C01711,,+256700051711,member.kmb1711@example.invalid,Gulu,2001-05-15,F,2026-06-01
KMB-C01712,  Fictional Member 01712  ,bad-phone,member.kmb1712@example.invalid,Kampala,2002-05-15,prefer not to say,2026-06-01
KMB-C01713,Fictional Member 01713,256700051713,member.kmb1713@example.invalid,jinja,2003-05-15,M,2026/06/01
KMB-C01714,Fictional Member 01714,00256700051714,member.kmb1714@example.invalid,Mbarara,2004-05-15,F,2026-06-01
KMB-C01715,Fictional Member 01715,+256700051715,member.kmb1715@example.invalid,Gulu,1970-05-15,prefer not to say,01/10/2025
KMB-C01716,  Fictional Member 01716  ,0700051716,member.kmb1716@example.invalid,kampala,1971-05-15,M,2026/06/01
KMB-C01717,Fictional Member 01717,256700051717,member.kmb1717@example.invalid,Jinja,1972-05-15,F,2026-06-01
KMB-C01718,Fictional Member 01718,00256700051718,member.kmb1718@example.invalid,Mbarara,1973-05-15,prefer not to say,2026-06-01
KMB-C01719,Fictional Member 01719,+256700051719,member.kmb1719@example.invalid,gulu,1974-05-15,M,2026/06/01
KMB-C01720,  Fictional Member 01720  ,0700051720,member.kmb1720@example.invalid,Kampala,1975-05-15,F,2025-10-01
KMB-C01721,Fictional Member 01721,256700051721,member.kmb1721@example.invalid,Jinja,1976-05-15,prefer not to say,2026-06-01
KMB-C01722,Fictional Member 01722,,,mbarara,1977-05-15,M,01/06/2026
KMB-C01723,Fictional Member 01723,+256700051723,member.kmb1723@example.invalid,Gulu,1978-05-15,F,2026-06-01
KMB-C01724,  Fictional Member 01724  ,0700051724,member.kmb1724@example.invalid,Kampala,1979-05-15,prefer not to say,2026-06-01
KMB-C01725,Fictional Member 01725,256700051725,member.kmb1725@example.invalid,Invalid District,1980-05-15,M,2025/10/01
KMB-C01726,Fictional Member 01726,00256700051726,member.kmb1726@example.invalid,Mbarara,1981-05-15,F,2026-06-01
KMB-C01727,Fictional Member 01727,+256700051727,member.kmb1727@example.invalid,Gulu,1982-05-15,prefer not to say,2026-06-01
KMB-C01728,  Fictional Member 01728  ,bad-phone,member.kmb1728@example.invalid,kampala,1983-05-15,M,2026/06/01
KMB-C01729,Fictional Member 01729,256700051729,member.kmb1729@example.invalid,Jinja,1984-05-15,F,01/06/2026
KMB-C01730,Fictional Member 01730,00256700051730,member.kmb1730@example.invalid,Mbarara,1985-05-15,prefer not to say,2025-10-01
KMB-C01731,Fictional Member 01731,+256700051731,member.kmb1731@example.invalid,gulu,1986-05-15,M,2026/06/01
KMB-C01732,  Fictional Member 01732  ,0700051732,member.kmb1732@example.invalid,Kampala,1987-05-15,F,2026-06-01
KMB-C01733,Fictional Member 01733,256700051733,member.kmb1733@example.invalid,Jinja,1988-05-15,prefer not to say,2026-06-01
KMB-C01734,Fictional Member 01734,00256700051734,member.kmb1734@example.invalid,mbarara,1989-05-15,M,2026/06/01
KMB-C01735,Fictional Member 01735,+256700051735,member.kmb1735@example.invalid,Gulu,1990-05-15,F,2025-10-01
KMB-C01736,  Fictional Member 01736  ,,,Kampala,1991-05-15,prefer not to say,01/06/2026
KMB-C01737,Fictional Member 01737,256700051737,member.kmb1737@example.invalid,jinja,1992-05-15,M,2026/06/01
KMB-C01738,Fictional Member 01738,00256700051738,member.kmb1738@example.invalid,Mbarara,1993-05-15,F,2026-06-01
KMB-C01739,Fictional Member 01739,+256700051739,member.kmb1739@example.invalid,Gulu,1994-05-15,prefer not to say,2026-06-01
KMB-C01740,,0700051740,member.kmb1740@example.invalid,kampala,1995-05-15,M,2025/10/01
KMB-C01741,Fictional Member 01741,256700051741,member.kmb1741@example.invalid,Jinja,1996-05-15,F,2026-06-01
KMB-C01742,Fictional Member 01742,00256700051742,member.kmb1742@example.invalid,Mbarara,1997-05-15,prefer not to say,2026-06-01
KMB-C01743,Fictional Member 01743,+256700051743,bad-email,gulu,1998-05-15,M,01/06/2026
KMB-C01744,  Fictional Member 01744  ,bad-phone,member.kmb1744@example.invalid,Kampala,1999-05-15,F,2026-06-01
KMB-C01745,Fictional Member 01745,256700051745,member.kmb1745@example.invalid,Jinja,2000-05-15,prefer not to say,2025-10-01
KMB-C01746,Fictional Member 01746,00256700051746,member.kmb1746@example.invalid,mbarara,2001-05-15,M,2026/06/01
KMB-C01747,Fictional Member 01747,+256700051747,member.kmb1747@example.invalid,Gulu,2002-05-15,F,2026-06-01
KMB-C01748,  Fictional Member 01748  ,0700051748,member.kmb1748@example.invalid,Kampala,2003-05-15,prefer not to say,2026-06-01
KMB-C01749,Fictional Member 01749,256700051749,member.kmb1749@example.invalid,jinja,2004-05-15,M,2026/06/01
KMB-C01750,Fictional Member 01750,,,Invalid District,1970-05-15,F,01/10/2025
KMB-C01751,Fictional Member 01751,+256700051751,member.kmb1751@example.invalid,Gulu,1971-05-15,prefer not to say,2026-06-01
KMB-C01752,  Fictional Member 01752  ,0700051752,member.kmb1752@example.invalid,kampala,1972-05-15,M,2026/06/01
KMB-C01753,Fictional Member 01753,256700051753,member.kmb1753@example.invalid,Jinja,1973-05-15,F,2026-06-01
KMB-C01754,Fictional Member 01754,00256700051754,member.kmb1754@example.invalid,Mbarara,1974-05-15,prefer not to say,2026-06-01
KMB-C01755,Fictional Member 01755,+256700051755,member.kmb1755@example.invalid,gulu,1975-05-15,M,2025/10/01
KMB-C01756,  Fictional Member 01756  ,0700051756,member.kmb1756@example.invalid,Kampala,1976-05-15,F,2026-06-01
KMB-C01757,Fictional Member 01757,256700051757,member.kmb1757@example.invalid,Jinja,1977-05-15,prefer not to say,01/06/2026
KMB-C01758,Fictional Member 01758,00256700051758,member.kmb1758@example.invalid,mbarara,1978-05-15,M,2026/06/01
KMB-C01759,Fictional Member 01759,+256700051759,member.kmb1759@example.invalid,Gulu,1979-05-15,F,2026-06-01
KMB-C01760,  Fictional Member 01760  ,bad-phone,member.kmb1760@example.invalid,Kampala,1980-05-15,prefer not to say,2025-10-01
KMB-C01761,Fictional Member 01761,256700051761,member.kmb1761@example.invalid,jinja,1981-05-15,M,2026/06/01
KMB-C01762,Fictional Member 01762,00256700051762,member.kmb1762@example.invalid,Mbarara,1982-05-15,F,2026-06-01
KMB-C01763,Fictional Member 01763,+256700051763,member.kmb1763@example.invalid,Gulu,1983-05-15,prefer not to say,2026-06-01
KMB-C01764,  Fictional Member 01764  ,,,kampala,1984-05-15,M,01/06/2026
KMB-C01765,Fictional Member 01765,256700051765,member.kmb1765@example.invalid,Jinja,1985-05-15,F,2025-10-01
KMB-C01766,Fictional Member 01766,00256700051766,member.kmb1766@example.invalid,Mbarara,1986-05-15,prefer not to say,2026-06-01
KMB-C01767,Fictional Member 01767,+256700051767,member.kmb1767@example.invalid,gulu,1987-05-15,M,2026/06/01
KMB-C01768,  Fictional Member 01768  ,0700051768,member.kmb1768@example.invalid,Kampala,1988-05-15,F,2026-06-01
KMB-C01769,,256700051769,member.kmb1769@example.invalid,Jinja,1989-05-15,prefer not to say,2026-06-01
KMB-C01770,Fictional Member 01770,00256700051770,member.kmb1770@example.invalid,mbarara,1990-05-15,M,2025/10/01
KMB-C01771,Fictional Member 01771,+256700051771,member.kmb1771@example.invalid,Gulu,1991-05-15,F,01/06/2026
KMB-C01772,  Fictional Member 01772  ,0700051772,member.kmb1772@example.invalid,Kampala,1992-05-15,prefer not to say,2026-06-01
KMB-C01773,Fictional Member 01773,256700051773,member.kmb1773@example.invalid,jinja,1993-05-15,M,2026/06/01
KMB-C01774,Fictional Member 01774,00256700051774,member.kmb1774@example.invalid,Mbarara,1994-05-15,F,2026-06-01
KMB-C01775,Fictional Member 01775,+256700051775,member.kmb1775@example.invalid,Invalid District,1995-05-15,prefer not to say,2025-10-01
KMB-C01776,  Fictional Member 01776  ,bad-phone,member.kmb1776@example.invalid,kampala,1996-05-15,M,2026/06/01
KMB-C01777,Fictional Member 01777,256700051777,member.kmb1777@example.invalid,Jinja,1997-05-15,F,2026-06-01
KMB-C01778,Fictional Member 01778,,,Mbarara,1998-05-15,prefer not to say,01/06/2026
KMB-C01779,Fictional Member 01779,+256700051779,member.kmb1779@example.invalid,gulu,1999-05-15,M,2026/06/01
KMB-C01780,  Fictional Member 01780  ,0700051780,member.kmb1780@example.invalid,Kampala,2000-05-15,F,2025-10-01
KMB-C01781,Fictional Member 01781,256700051781,member.kmb1781@example.invalid,Jinja,2001-05-15,prefer not to say,2026-06-01
KMB-C01782,Fictional Member 01782,00256700051782,member.kmb1782@example.invalid,mbarara,2002-05-15,M,2026/06/01
KMB-C01783,Fictional Member 01783,+256700051783,member.kmb1783@example.invalid,Gulu,2003-05-15,F,2026-06-01
KMB-C01784,  Fictional Member 01784  ,0700051784,member.kmb1784@example.invalid,Kampala,2004-05-15,prefer not to say,2026-06-01
KMB-C01785,Fictional Member 01785,256700051785,bad-email,jinja,1970-05-15,M,01/10/2025
KMB-C01786,Fictional Member 01786,00256700051786,member.kmb1786@example.invalid,Mbarara,1971-05-15,F,2026-06-01
KMB-C01787,Fictional Member 01787,+256700051787,member.kmb1787@example.invalid,Gulu,1972-05-15,prefer not to say,2026-06-01
KMB-C01788,  Fictional Member 01788  ,0700051788,member.kmb1788@example.invalid,kampala,1973-05-15,M,2026/06/01
KMB-C01789,Fictional Member 01789,256700051789,member.kmb1789@example.invalid,Jinja,1974-05-15,F,2026-06-01
KMB-C01790,Fictional Member 01790,00256700051790,member.kmb1790@example.invalid,Mbarara,1975-05-15,prefer not to say,2025-10-01
KMB-C01791,Fictional Member 01791,+256700051791,member.kmb1791@example.invalid,gulu,1976-05-15,M,2026/06/01
KMB-C01792,  Fictional Member 01792  ,,,Kampala,1977-05-15,F,01/06/2026
KMB-C01793,Fictional Member 01793,256700051793,member.kmb1793@example.invalid,Jinja,1978-05-15,prefer not to say,2026-06-01
KMB-C01794,Fictional Member 01794,00256700051794,member.kmb1794@example.invalid,mbarara,1979-05-15,M,2026/06/01
KMB-C01795,Fictional Member 01795,+256700051795,member.kmb1795@example.invalid,Gulu,1980-05-15,F,2025-10-01
KMB-C01796,  Fictional Member 01796  ,0700051796,member.kmb1796@example.invalid,Kampala,1981-05-15,prefer not to say,2026-06-01
KMB-C01797,Fictional Member 01797,256700051797,member.kmb1797@example.invalid,jinja,1982-05-15,M,2026/06/01
KMB-C01798,,00256700051798,member.kmb1798@example.invalid,Mbarara,1983-05-15,F,2026-06-01
KMB-C01799,Fictional Member 01799,+256700051799,member.kmb1799@example.invalid,Gulu,1984-05-15,prefer not to say,01/06/2026
KMB-C01800,  Fictional Member 01800  ,0700051800,member.kmb1800@example.invalid,Invalid District,1985-05-15,M,2025/10/01
KMB-C01801,Fictional Member 01801,256700051801,member.kmb1801@example.invalid,Jinja,1986-05-15,F,2026-06-01
KMB-C01802,Fictional Member 01802,00256700051802,member.kmb1802@example.invalid,Mbarara,1987-05-15,prefer not to say,2026-06-01
KMB-C01803,Fictional Member 01803,+256700051803,member.kmb1803@example.invalid,gulu,1988-05-15,M,2026/06/01
KMB-C01804,  Fictional Member 01804  ,0700051804,member.kmb1804@example.invalid,Kampala,1989-05-15,F,2026-06-01
KMB-C01805,Fictional Member 01805,256700051805,member.kmb1805@example.invalid,Jinja,1990-05-15,prefer not to say,2025-10-01
KMB-C01806,Fictional Member 01806,,,mbarara,1991-05-15,M,01/06/2026
KMB-C01807,Fictional Member 01807,+256700051807,member.kmb1807@example.invalid,Gulu,1992-05-15,F,2026-06-01
KMB-C01808,  Fictional Member 01808  ,bad-phone,member.kmb1808@example.invalid,Kampala,1993-05-15,prefer not to say,2026-06-01
KMB-C01809,Fictional Member 01809,256700051809,member.kmb1809@example.invalid,jinja,1994-05-15,M,2026/06/01
KMB-C01810,Fictional Member 01810,00256700051810,member.kmb1810@example.invalid,Mbarara,1995-05-15,F,2025-10-01
KMB-C01811,Fictional Member 01811,+256700051811,member.kmb1811@example.invalid,Gulu,1996-05-15,prefer not to say,2026-06-01
KMB-C01812,  Fictional Member 01812  ,0700051812,member.kmb1812@example.invalid,kampala,1997-05-15,M,2026/06/01
KMB-C01813,Fictional Member 01813,256700051813,member.kmb1813@example.invalid,Jinja,1998-05-15,F,01/06/2026
KMB-C01814,Fictional Member 01814,00256700051814,member.kmb1814@example.invalid,Mbarara,1999-05-15,prefer not to say,2026-06-01
KMB-C01815,Fictional Member 01815,+256700051815,member.kmb1815@example.invalid,gulu,2000-05-15,M,2025/10/01
KMB-C01816,  Fictional Member 01816  ,0700051816,member.kmb1816@example.invalid,Kampala,2001-05-15,F,2026-06-01
KMB-C01817,Fictional Member 01817,256700051817,member.kmb1817@example.invalid,Jinja,2002-05-15,prefer not to say,2026-06-01
KMB-C01818,Fictional Member 01818,00256700051818,member.kmb1818@example.invalid,mbarara,2003-05-15,M,2026/06/01
KMB-C01819,Fictional Member 01819,+256700051819,member.kmb1819@example.invalid,Gulu,2004-05-15,F,2026-06-01
KMB-C01820,  Fictional Member 01820  ,,,Kampala,1970-05-15,prefer not to say,01/10/2025
KMB-C01821,Fictional Member 01821,256700051821,member.kmb1821@example.invalid,jinja,1971-05-15,M,2026/06/01
KMB-C01822,Fictional Member 01822,00256700051822,member.kmb1822@example.invalid,Mbarara,1972-05-15,F,2026-06-01
KMB-C01823,Fictional Member 01823,+256700051823,member.kmb1823@example.invalid,Gulu,1973-05-15,prefer not to say,2026-06-01
KMB-C01824,  Fictional Member 01824  ,bad-phone,member.kmb1824@example.invalid,kampala,1974-05-15,M,2026/06/01
KMB-C01825,Fictional Member 01825,256700051825,member.kmb1825@example.invalid,Invalid District,1975-05-15,F,2025-10-01
KMB-C01826,Fictional Member 01826,00256700051826,member.kmb1826@example.invalid,Mbarara,1976-05-15,prefer not to say,2026-06-01
KMB-C01827,,+256700051827,bad-email,gulu,1977-05-15,M,01/06/2026
KMB-C01828,  Fictional Member 01828  ,0700051828,member.kmb1828@example.invalid,Kampala,1978-05-15,F,2026-06-01
KMB-C01829,Fictional Member 01829,256700051829,member.kmb1829@example.invalid,Jinja,1979-05-15,prefer not to say,2026-06-01
KMB-C01830,Fictional Member 01830,00256700051830,member.kmb1830@example.invalid,mbarara,1980-05-15,M,2025/10/01
KMB-C01831,Fictional Member 01831,+256700051831,member.kmb1831@example.invalid,Gulu,1981-05-15,F,2026-06-01
KMB-C01832,  Fictional Member 01832  ,0700051832,member.kmb1832@example.invalid,Kampala,1982-05-15,prefer not to say,2026-06-01
KMB-C01833,Fictional Member 01833,256700051833,member.kmb1833@example.invalid,jinja,1983-05-15,M,2026/06/01
KMB-C01834,Fictional Member 01834,,,Mbarara,1984-05-15,F,01/06/2026
KMB-C01835,Fictional Member 01835,+256700051835,member.kmb1835@example.invalid,Gulu,1985-05-15,prefer not to say,2025-10-01
KMB-C01836,  Fictional Member 01836  ,0700051836,member.kmb1836@example.invalid,kampala,1986-05-15,M,2026/06/01
KMB-C01837,Fictional Member 01837,256700051837,member.kmb1837@example.invalid,Jinja,1987-05-15,F,2026-06-01
KMB-C01838,Fictional Member 01838,00256700051838,member.kmb1838@example.invalid,Mbarara,1988-05-15,prefer not to say,2026-06-01
KMB-C01839,Fictional Member 01839,+256700051839,member.kmb1839@example.invalid,gulu,1989-05-15,M,2026/06/01
KMB-C01840,  Fictional Member 01840  ,bad-phone,member.kmb1840@example.invalid,Kampala,1990-05-15,F,2025-10-01
KMB-C01841,Fictional Member 01841,256700051841,member.kmb1841@example.invalid,Jinja,1991-05-15,prefer not to say,01/06/2026
KMB-C01842,Fictional Member 01842,00256700051842,member.kmb1842@example.invalid,mbarara,1992-05-15,M,2026/06/01
KMB-C01843,Fictional Member 01843,+256700051843,member.kmb1843@example.invalid,Gulu,1993-05-15,F,2026-06-01
KMB-C01844,  Fictional Member 01844  ,0700051844,member.kmb1844@example.invalid,Kampala,1994-05-15,prefer not to say,2026-06-01
KMB-C01845,Fictional Member 01845,256700051845,member.kmb1845@example.invalid,jinja,1995-05-15,M,2025/10/01
KMB-C01846,Fictional Member 01846,00256700051846,member.kmb1846@example.invalid,Mbarara,1996-05-15,F,2026-06-01
KMB-C01847,Fictional Member 01847,+256700051847,member.kmb1847@example.invalid,Gulu,1997-05-15,prefer not to say,2026-06-01
KMB-C01848,  Fictional Member 01848  ,,,kampala,1998-05-15,M,01/06/2026
KMB-C01849,Fictional Member 01849,256700051849,member.kmb1849@example.invalid,Jinja,1999-05-15,F,2026-06-01
KMB-C01850,Fictional Member 01850,00256700051850,member.kmb1850@example.invalid,Invalid District,2000-05-15,prefer not to say,2025-10-01
KMB-C01851,Fictional Member 01851,+256700051851,member.kmb1851@example.invalid,gulu,2001-05-15,M,2026/06/01
KMB-C01852,  Fictional Member 01852  ,0700051852,member.kmb1852@example.invalid,Kampala,2002-05-15,F,2026-06-01
KMB-C01853,Fictional Member 01853,256700051853,member.kmb1853@example.invalid,Jinja,2003-05-15,prefer not to say,2026-06-01
KMB-C01854,Fictional Member 01854,00256700051854,member.kmb1854@example.invalid,mbarara,2004-05-15,M,2026/06/01
KMB-C01855,Fictional Member 01855,+256700051855,member.kmb1855@example.invalid,Gulu,1970-05-15,F,01/10/2025
KMB-C01856,,bad-phone,member.kmb1856@example.invalid,Kampala,1971-05-15,prefer not to say,2026-06-01
KMB-C01857,Fictional Member 01857,256700051857,member.kmb1857@example.invalid,jinja,1972-05-15,M,2026/06/01
KMB-C01858,Fictional Member 01858,00256700051858,member.kmb1858@example.invalid,Mbarara,1973-05-15,F,2026-06-01
KMB-C01859,Fictional Member 01859,+256700051859,member.kmb1859@example.invalid,Gulu,1974-05-15,prefer not to say,2026-06-01
KMB-C01860,  Fictional Member 01860  ,0700051860,member.kmb1860@example.invalid,kampala,1975-05-15,M,2025/10/01
KMB-C01861,Fictional Member 01861,256700051861,member.kmb1861@example.invalid,Jinja,1976-05-15,F,2026-06-01
KMB-C01862,Fictional Member 01862,,,Mbarara,1977-05-15,prefer not to say,01/06/2026
KMB-C01863,Fictional Member 01863,+256700051863,member.kmb1863@example.invalid,gulu,1978-05-15,M,2026/06/01
KMB-C01864,  Fictional Member 01864  ,0700051864,member.kmb1864@example.invalid,Kampala,1979-05-15,F,2026-06-01
KMB-C01865,Fictional Member 01865,256700051865,member.kmb1865@example.invalid,Jinja,1980-05-15,prefer not to say,2025-10-01
KMB-C01866,Fictional Member 01866,00256700051866,member.kmb1866@example.invalid,mbarara,1981-05-15,M,2026/06/01
KMB-C01867,Fictional Member 01867,+256700051867,member.kmb1867@example.invalid,Gulu,1982-05-15,F,2026-06-01
KMB-C01868,  Fictional Member 01868  ,0700051868,member.kmb1868@example.invalid,Kampala,1983-05-15,prefer not to say,2026-06-01
KMB-C01869,Fictional Member 01869,256700051869,bad-email,jinja,1984-05-15,M,01/06/2026
KMB-C01870,Fictional Member 01870,00256700051870,member.kmb1870@example.invalid,Mbarara,1985-05-15,F,2025-10-01
KMB-C01871,Fictional Member 01871,+256700051871,member.kmb1871@example.invalid,Gulu,1986-05-15,prefer not to say,2026-06-01
KMB-C01872,  Fictional Member 01872  ,bad-phone,member.kmb1872@example.invalid,kampala,1987-05-15,M,2026/06/01
KMB-C01873,Fictional Member 01873,256700051873,member.kmb1873@example.invalid,Jinja,1988-05-15,F,2026-06-01
KMB-C01874,Fictional Member 01874,00256700051874,member.kmb1874@example.invalid,Mbarara,1989-05-15,prefer not to say,2026-06-01
KMB-C01875,Fictional Member 01875,+256700051875,member.kmb1875@example.invalid,Invalid District,1990-05-15,M,2025/10/01
KMB-C01876,  Fictional Member 01876  ,,,Kampala,1991-05-15,F,01/06/2026
KMB-C01877,Fictional Member 01877,256700051877,member.kmb1877@example.invalid,Jinja,1992-05-15,prefer not to say,2026-06-01
KMB-C01878,Fictional Member 01878,00256700051878,member.kmb1878@example.invalid,mbarara,1993-05-15,M,2026/06/01
KMB-C01879,Fictional Member 01879,+256700051879,member.kmb1879@example.invalid,Gulu,1994-05-15,F,2026-06-01
KMB-C01880,  Fictional Member 01880  ,0700051880,member.kmb1880@example.invalid,Kampala,1995-05-15,prefer not to say,2025-10-01
KMB-C01881,Fictional Member 01881,256700051881,member.kmb1881@example.invalid,jinja,1996-05-15,M,2026/06/01
KMB-C01882,Fictional Member 01882,00256700051882,member.kmb1882@example.invalid,Mbarara,1997-05-15,F,2026-06-01
KMB-C01883,Fictional Member 01883,+256700051883,member.kmb1883@example.invalid,Gulu,1998-05-15,prefer not to say,01/06/2026
KMB-C01884,  Fictional Member 01884  ,0700051884,member.kmb1884@example.invalid,kampala,1999-05-15,M,2026/06/01
KMB-C01885,,256700051885,member.kmb1885@example.invalid,Jinja,2000-05-15,F,2025-10-01
KMB-C01886,Fictional Member 01886,00256700051886,member.kmb1886@example.invalid,Mbarara,2001-05-15,prefer not to say,2026-06-01
KMB-C01887,Fictional Member 01887,+256700051887,member.kmb1887@example.invalid,gulu,2002-05-15,M,2026/06/01
KMB-C01888,  Fictional Member 01888  ,bad-phone,member.kmb1888@example.invalid,Kampala,2003-05-15,F,2026-06-01
KMB-C01889,Fictional Member 01889,256700051889,member.kmb1889@example.invalid,Jinja,2004-05-15,prefer not to say,2026-06-01
KMB-C01890,Fictional Member 01890,,,mbarara,1970-05-15,M,01/10/2025
KMB-C01891,Fictional Member 01891,+256700051891,member.kmb1891@example.invalid,Gulu,1971-05-15,F,2026-06-01
KMB-C01892,  Fictional Member 01892  ,0700051892,member.kmb1892@example.invalid,Kampala,1972-05-15,prefer not to say,2026-06-01
KMB-C01893,Fictional Member 01893,256700051893,member.kmb1893@example.invalid,jinja,1973-05-15,M,2026/06/01
KMB-C01894,Fictional Member 01894,00256700051894,member.kmb1894@example.invalid,Mbarara,1974-05-15,F,2026-06-01
KMB-C01895,Fictional Member 01895,+256700051895,member.kmb1895@example.invalid,Gulu,1975-05-15,prefer not to say,2025-10-01
KMB-C01896,  Fictional Member 01896  ,0700051896,member.kmb1896@example.invalid,kampala,1976-05-15,M,2026/06/01
KMB-C01897,Fictional Member 01897,256700051897,member.kmb1897@example.invalid,Jinja,1977-05-15,F,01/06/2026
KMB-C01898,Fictional Member 01898,00256700051898,member.kmb1898@example.invalid,Mbarara,1978-05-15,prefer not to say,2026-06-01
KMB-C01899,Fictional Member 01899,+256700051899,member.kmb1899@example.invalid,gulu,1979-05-15,M,2026/06/01
KMB-C01900,  Fictional Member 01900  ,0700051900,member.kmb1900@example.invalid,Invalid District,1980-05-15,F,2025-10-01
KMB-C01901,Fictional Member 01901,256700051901,member.kmb1901@example.invalid,Jinja,1981-05-15,prefer not to say,2026-06-01
KMB-C01902,Fictional Member 01902,00256700051902,member.kmb1902@example.invalid,mbarara,1982-05-15,M,2026/06/01
KMB-C01903,Fictional Member 01903,+256700051903,member.kmb1903@example.invalid,Gulu,1983-05-15,F,2026-06-01
KMB-C01904,  Fictional Member 01904  ,,,Kampala,1984-05-15,prefer not to say,01/06/2026
KMB-C01905,Fictional Member 01905,256700051905,member.kmb1905@example.invalid,jinja,1985-05-15,M,2025/10/01
KMB-C01906,Fictional Member 01906,00256700051906,member.kmb1906@example.invalid,Mbarara,1986-05-15,F,2026-06-01
KMB-C01907,Fictional Member 01907,+256700051907,member.kmb1907@example.invalid,Gulu,1987-05-15,prefer not to say,2026-06-01
KMB-C01908,  Fictional Member 01908  ,0700051908,member.kmb1908@example.invalid,kampala,1988-05-15,M,2026/06/01
KMB-C01909,Fictional Member 01909,256700051909,member.kmb1909@example.invalid,Jinja,1989-05-15,F,2026-06-01
KMB-C01910,Fictional Member 01910,00256700051910,member.kmb1910@example.invalid,Mbarara,1990-05-15,prefer not to say,2025-10-01
KMB-C01911,Fictional Member 01911,+256700051911,bad-email,gulu,1991-05-15,M,01/06/2026
KMB-C01912,  Fictional Member 01912  ,0700051912,member.kmb1912@example.invalid,Kampala,1992-05-15,F,2026-06-01
KMB-C01913,Fictional Member 01913,256700051913,member.kmb1913@example.invalid,Jinja,1993-05-15,prefer not to say,2026-06-01
KMB-C01914,,00256700051914,member.kmb1914@example.invalid,mbarara,1994-05-15,M,2026/06/01
KMB-C01915,Fictional Member 01915,+256700051915,member.kmb1915@example.invalid,Gulu,1995-05-15,F,2025-10-01
KMB-C01916,  Fictional Member 01916  ,0700051916,member.kmb1916@example.invalid,Kampala,1996-05-15,prefer not to say,2026-06-01
KMB-C01917,Fictional Member 01917,256700051917,member.kmb1917@example.invalid,jinja,1997-05-15,M,2026/06/01
KMB-C01918,Fictional Member 01918,,,Mbarara,1998-05-15,F,01/06/2026
KMB-C01919,Fictional Member 01919,+256700051919,member.kmb1919@example.invalid,Gulu,1999-05-15,prefer not to say,2026-06-01
KMB-C01920,  Fictional Member 01920  ,bad-phone,member.kmb1920@example.invalid,kampala,2000-05-15,M,2025/10/01
KMB-C01921,Fictional Member 01921,256700051921,member.kmb1921@example.invalid,Jinja,2001-05-15,F,2026-06-01
KMB-C01922,Fictional Member 01922,00256700051922,member.kmb1922@example.invalid,Mbarara,2002-05-15,prefer not to say,2026-06-01
KMB-C01923,Fictional Member 01923,+256700051923,member.kmb1923@example.invalid,gulu,2003-05-15,M,2026/06/01
KMB-C01924,  Fictional Member 01924  ,0700051924,member.kmb1924@example.invalid,Kampala,2004-05-15,F,2026-06-01
KMB-C01925,Fictional Member 01925,256700051925,member.kmb1925@example.invalid,Invalid District,1970-05-15,prefer not to say,01/10/2025
KMB-C01926,Fictional Member 01926,00256700051926,member.kmb1926@example.invalid,mbarara,1971-05-15,M,2026/06/01
KMB-C01927,Fictional Member 01927,+256700051927,member.kmb1927@example.invalid,Gulu,1972-05-15,F,2026-06-01
KMB-C01928,  Fictional Member 01928  ,0700051928,member.kmb1928@example.invalid,Kampala,1973-05-15,prefer not to say,2026-06-01
KMB-C01929,Fictional Member 01929,256700051929,member.kmb1929@example.invalid,jinja,1974-05-15,M,2026/06/01
KMB-C01930,Fictional Member 01930,00256700051930,member.kmb1930@example.invalid,Mbarara,1975-05-15,F,2025-10-01
KMB-C01931,Fictional Member 01931,+256700051931,member.kmb1931@example.invalid,Gulu,1976-05-15,prefer not to say,2026-06-01
KMB-C01932,  Fictional Member 01932  ,,,kampala,1977-05-15,M,01/06/2026
KMB-C01933,Fictional Member 01933,256700051933,member.kmb1933@example.invalid,Jinja,1978-05-15,F,2026-06-01
KMB-C01934,Fictional Member 01934,00256700051934,member.kmb1934@example.invalid,Mbarara,1979-05-15,prefer not to say,2026-06-01
KMB-C01935,Fictional Member 01935,+256700051935,member.kmb1935@example.invalid,gulu,1980-05-15,M,2025/10/01
KMB-C01936,  Fictional Member 01936  ,bad-phone,member.kmb1936@example.invalid,Kampala,1981-05-15,F,2026-06-01
KMB-C01937,Fictional Member 01937,256700051937,member.kmb1937@example.invalid,Jinja,1982-05-15,prefer not to say,2026-06-01
KMB-C01938,Fictional Member 01938,00256700051938,member.kmb1938@example.invalid,mbarara,1983-05-15,M,2026/06/01
KMB-C01939,Fictional Member 01939,+256700051939,member.kmb1939@example.invalid,Gulu,1984-05-15,F,01/06/2026
KMB-C01940,  Fictional Member 01940  ,0700051940,member.kmb1940@example.invalid,Kampala,1985-05-15,prefer not to say,2025-10-01
KMB-C01941,Fictional Member 01941,256700051941,member.kmb1941@example.invalid,jinja,1986-05-15,M,2026/06/01
KMB-C01942,Fictional Member 01942,00256700051942,member.kmb1942@example.invalid,Mbarara,1987-05-15,F,2026-06-01
KMB-C01943,,+256700051943,member.kmb1943@example.invalid,Gulu,1988-05-15,prefer not to say,2026-06-01
KMB-C01944,  Fictional Member 01944  ,0700051944,member.kmb1944@example.invalid,kampala,1989-05-15,M,2026/06/01
KMB-C01945,Fictional Member 01945,256700051945,member.kmb1945@example.invalid,Jinja,1990-05-15,F,2025-10-01
KMB-C01946,Fictional Member 01946,,,Mbarara,1991-05-15,prefer not to say,01/06/2026
KMB-C01947,Fictional Member 01947,+256700051947,member.kmb1947@example.invalid,gulu,1992-05-15,M,2026/06/01
KMB-C01948,  Fictional Member 01948  ,0700051948,member.kmb1948@example.invalid,Kampala,1993-05-15,F,2026-06-01
KMB-C01949,Fictional Member 01949,256700051949,member.kmb1949@example.invalid,Jinja,1994-05-15,prefer not to say,2026-06-01
KMB-C01950,Fictional Member 01950,00256700051950,member.kmb1950@example.invalid,Invalid District,1995-05-15,M,2025/10/01
KMB-C01951,Fictional Member 01951,+256700051951,member.kmb1951@example.invalid,Gulu,1996-05-15,F,2026-06-01
KMB-C01952,  Fictional Member 01952  ,bad-phone,member.kmb1952@example.invalid,Kampala,1997-05-15,prefer not to say,2026-06-01
KMB-C01953,Fictional Member 01953,256700051953,bad-email,jinja,1998-05-15,M,01/06/2026
KMB-C01954,Fictional Member 01954,00256700051954,member.kmb1954@example.invalid,Mbarara,1999-05-15,F,2026-06-01
KMB-C01955,Fictional Member 01955,+256700051955,member.kmb1955@example.invalid,Gulu,2000-05-15,prefer not to say,2025-10-01
KMB-C01956,  Fictional Member 01956  ,0700051956,member.kmb1956@example.invalid,kampala,2001-05-15,M,2026/06/01
KMB-C01957,Fictional Member 01957,256700051957,member.kmb1957@example.invalid,Jinja,2002-05-15,F,2026-06-01
KMB-C01958,Fictional Member 01958,00256700051958,member.kmb1958@example.invalid,Mbarara,2003-05-15,prefer not to say,2026-06-01
KMB-C01959,Fictional Member 01959,+256700051959,member.kmb1959@example.invalid,gulu,2004-05-15,M,2026/06/01
KMB-C01960,  Fictional Member 01960  ,,,Kampala,1970-05-15,F,01/10/2025
KMB-C01961,Fictional Member 01961,256700051961,member.kmb1961@example.invalid,Jinja,1971-05-15,prefer not to say,2026-06-01
KMB-C01962,Fictional Member 01962,00256700051962,member.kmb1962@example.invalid,mbarara,1972-05-15,M,2026/06/01
KMB-C01963,Fictional Member 01963,+256700051963,member.kmb1963@example.invalid,Gulu,1973-05-15,F,2026-06-01
KMB-C01964,  Fictional Member 01964  ,0700051964,member.kmb1964@example.invalid,Kampala,1974-05-15,prefer not to say,2026-06-01
KMB-C01965,Fictional Member 01965,256700051965,member.kmb1965@example.invalid,jinja,1975-05-15,M,2025/10/01
KMB-C01966,Fictional Member 01966,00256700051966,member.kmb1966@example.invalid,Mbarara,1976-05-15,F,2026-06-01
KMB-C01967,Fictional Member 01967,+256700051967,member.kmb1967@example.invalid,Gulu,1977-05-15,prefer not to say,01/06/2026
KMB-C01968,  Fictional Member 01968  ,bad-phone,member.kmb1968@example.invalid,kampala,1978-05-15,M,2026/06/01
KMB-C01969,Fictional Member 01969,256700051969,member.kmb1969@example.invalid,Jinja,1979-05-15,F,2026-06-01
KMB-C01970,Fictional Member 01970,00256700051970,member.kmb1970@example.invalid,Mbarara,1980-05-15,prefer not to say,2025-10-01
KMB-C01971,Fictional Member 01971,+256700051971,member.kmb1971@example.invalid,gulu,1981-05-15,M,2026/06/01
KMB-C01972,,0700051972,member.kmb1972@example.invalid,Kampala,1982-05-15,F,2026-06-01
KMB-C01973,Fictional Member 01973,256700051973,member.kmb1973@example.invalid,Jinja,1983-05-15,prefer not to say,2026-06-01
KMB-C01974,Fictional Member 01974,,,mbarara,1984-05-15,M,01/06/2026
KMB-C01975,Fictional Member 01975,+256700051975,member.kmb1975@example.invalid,Invalid District,1985-05-15,F,2025-10-01
KMB-C01976,  Fictional Member 01976  ,0700051976,member.kmb1976@example.invalid,Kampala,1986-05-15,prefer not to say,2026-06-01
KMB-C01977,Fictional Member 01977,256700051977,member.kmb1977@example.invalid,jinja,1987-05-15,M,2026/06/01
KMB-C01978,Fictional Member 01978,00256700051978,member.kmb1978@example.invalid,Mbarara,1988-05-15,F,2026-06-01
KMB-C01979,Fictional Member 01979,+256700051979,member.kmb1979@example.invalid,Gulu,1989-05-15,prefer not to say,2026-06-01
KMB-C01980,  Fictional Member 01980  ,0700051980,member.kmb1980@example.invalid,kampala,1990-05-15,M,2025/10/01
KMB-C01981,Fictional Member 01981,256700051981,member.kmb1981@example.invalid,Jinja,1991-05-15,F,01/06/2026
KMB-C01982,Fictional Member 01982,00256700051982,member.kmb1982@example.invalid,Mbarara,1992-05-15,prefer not to say,2026-06-01
KMB-C01983,Fictional Member 01983,+256700051983,member.kmb1983@example.invalid,gulu,1993-05-15,M,2026/06/01
KMB-C01984,  Fictional Member 01984  ,bad-phone,member.kmb1984@example.invalid,Kampala,1994-05-15,F,2026-06-01
KMB-C01985,Fictional Member 01985,256700051985,member.kmb1985@example.invalid,Jinja,1995-05-15,prefer not to say,2025-10-01
KMB-C01986,Fictional Member 01986,00256700051986,member.kmb1986@example.invalid,mbarara,1996-05-15,M,2026/06/01
KMB-C01987,Fictional Member 01987,+256700051987,member.kmb1987@example.invalid,Gulu,1997-05-15,F,2026-06-01
KMB-C01988,  Fictional Member 01988  ,,,Kampala,1998-05-15,prefer not to say,01/06/2026
KMB-C01989,Fictional Member 01989,256700051989,member.kmb1989@example.invalid,jinja,1999-05-15,M,2026/06/01
KMB-C01990,Fictional Member 01990,00256700051990,member.kmb1990@example.invalid,Mbarara,2000-05-15,F,2025-10-01
KMB-C01991,Fictional Member 01991,+256700051991,member.kmb1991@example.invalid,Gulu,2001-05-15,prefer not to say,2026-06-01
KMB-C01992,  Fictional Member 01992  ,0700051992,member.kmb1992@example.invalid,kampala,2002-05-15,M,2026/06/01
KMB-C01993,Fictional Member 01993,256700051993,member.kmb1993@example.invalid,Jinja,2003-05-15,F,2026-06-01
KMB-C01994,Fictional Member 01994,00256700051994,member.kmb1994@example.invalid,Mbarara,2004-05-15,prefer not to say,2026-06-01
KMB-C01995,Fictional Member 01995,+256700051995,bad-email,gulu,1970-05-15,M,01/10/2025
KMB-C01996,  Fictional Member 01996  ,0700051996,member.kmb1996@example.invalid,Kampala,1971-05-15,F,2026-06-01
KMB-C01997,Fictional Member 01997,256700051997,member.kmb1997@example.invalid,Jinja,1972-05-15,prefer not to say,2026-06-01
KMB-C01998,Fictional Member 01998,00256700051998,member.kmb1998@example.invalid,mbarara,1973-05-15,M,2026/06/01
KMB-C01999,Fictional Member 01999,+256700051999,member.kmb1999@example.invalid,Gulu,1974-05-15,F,2026-06-01
KMB-C02000,  Fictional Member 02000  ,bad-phone,member.kmb2000@example.invalid,Invalid District,1975-05-15,prefer not to say,2025-10-01
KMB-C02001,,256700052001,member.kmb2001@example.invalid,jinja,1976-05-15,M,2026/06/01
KMB-C02002,Fictional Member 02002,,,Mbarara,1977-05-15,F,01/06/2026
KMB-C02003,Fictional Member 02003,+256700052003,member.kmb2003@example.invalid,Gulu,1978-05-15,prefer not to say,2026-06-01
KMB-C02004,  Fictional Member 02004  ,0700052004,member.kmb2004@example.invalid,kampala,1979-05-15,M,2026/06/01
KMB-C02005,Fictional Member 02005,256700052005,member.kmb2005@example.invalid,Jinja,1980-05-15,F,2025-10-01
KMB-C02006,Fictional Member 02006,00256700052006,member.kmb2006@example.invalid,Mbarara,1981-05-15,prefer not to say,2026-06-01
KMB-C02007,Fictional Member 02007,+256700052007,member.kmb2007@example.invalid,gulu,1982-05-15,M,2026/06/01
KMB-C02008,  Fictional Member 02008  ,0700052008,member.kmb2008@example.invalid,Kampala,1983-05-15,F,2026-06-01
KMB-C02009,Fictional Member 02009,256700052009,member.kmb2009@example.invalid,Jinja,1984-05-15,prefer not to say,01/06/2026
KMB-C02010,Fictional Member 02010,00256700052010,member.kmb2010@example.invalid,mbarara,1985-05-15,M,2025/10/01
KMB-C02011,Fictional Member 02011,+256700052011,member.kmb2011@example.invalid,Gulu,1986-05-15,F,2026-06-01
KMB-C02012,  Fictional Member 02012  ,0700052012,member.kmb2012@example.invalid,Kampala,1987-05-15,prefer not to say,2026-06-01
KMB-C02013,Fictional Member 02013,256700052013,member.kmb2013@example.invalid,jinja,1988-05-15,M,2026/06/01
KMB-C02014,Fictional Member 02014,00256700052014,member.kmb2014@example.invalid,Mbarara,1989-05-15,F,2026-06-01
KMB-C02015,Fictional Member 02015,+256700052015,member.kmb2015@example.invalid,Gulu,1990-05-15,prefer not to say,2025-10-01
KMB-C02016,  Fictional Member 02016  ,,,kampala,1991-05-15,M,01/06/2026
KMB-C02017,Fictional Member 02017,256700052017,member.kmb2017@example.invalid,Jinja,1992-05-15,F,2026-06-01
KMB-C02018,Fictional Member 02018,00256700052018,member.kmb2018@example.invalid,Mbarara,1993-05-15,prefer not to say,2026-06-01
KMB-C02019,Fictional Member 02019,+256700052019,member.kmb2019@example.invalid,gulu,1994-05-15,M,2026/06/01
KMB-C02020,  Fictional Member 02020  ,0700052020,member.kmb2020@example.invalid,Kampala,1995-05-15,F,2025-10-01
KMB-C02021,Fictional Member 02021,256700052021,member.kmb2021@example.invalid,Jinja,1996-05-15,prefer not to say,2026-06-01
KMB-C02022,Fictional Member 02022,00256700052022,member.kmb2022@example.invalid,mbarara,1997-05-15,M,2026/06/01
KMB-C02023,Fictional Member 02023,+256700052023,member.kmb2023@example.invalid,Gulu,1998-05-15,F,01/06/2026
KMB-C02024,  Fictional Member 02024  ,0700052024,member.kmb2024@example.invalid,Kampala,1999-05-15,prefer not to say,2026-06-01
KMB-C02025,Fictional Member 02025,256700052025,member.kmb2025@example.invalid,Invalid District,2000-05-15,M,2025/10/01
KMB-C02026,Fictional Member 02026,00256700052026,member.kmb2026@example.invalid,Mbarara,2001-05-15,F,2026-06-01
KMB-C02027,Fictional Member 02027,+256700052027,member.kmb2027@example.invalid,Gulu,2002-05-15,prefer not to say,2026-06-01
KMB-C02028,  Fictional Member 02028  ,0700052028,member.kmb2028@example.invalid,kampala,2003-05-15,M,2026/06/01
KMB-C02029,Fictional Member 02029,256700052029,member.kmb2029@example.invalid,Jinja,2004-05-15,F,2026-06-01
KMB-C02030,,,,Mbarara,1970-05-15,prefer not to say,01/10/2025
KMB-C02031,Fictional Member 02031,+256700052031,member.kmb2031@example.invalid,gulu,1971-05-15,M,2026/06/01
KMB-C02032,  Fictional Member 02032  ,bad-phone,member.kmb2032@example.invalid,Kampala,1972-05-15,F,2026-06-01
KMB-C02033,Fictional Member 02033,256700052033,member.kmb2033@example.invalid,Jinja,1973-05-15,prefer not to say,2026-06-01
KMB-C02034,Fictional Member 02034,00256700052034,member.kmb2034@example.invalid,mbarara,1974-05-15,M,2026/06/01
KMB-C02035,Fictional Member 02035,+256700052035,member.kmb2035@example.invalid,Gulu,1975-05-15,F,2025-10-01
KMB-C02036,  Fictional Member 02036  ,0700052036,member.kmb2036@example.invalid,Kampala,1976-05-15,prefer not to say,2026-06-01
KMB-C02037,Fictional Member 02037,256700052037,bad-email,jinja,1977-05-15,M,01/06/2026
KMB-C02038,Fictional Member 02038,00256700052038,member.kmb2038@example.invalid,Mbarara,1978-05-15,F,2026-06-01
KMB-C02039,Fictional Member 02039,+256700052039,member.kmb2039@example.invalid,Gulu,1979-05-15,prefer not to say,2026-06-01
KMB-C02040,  Fictional Member 02040  ,0700052040,member.kmb2040@example.invalid,kampala,1980-05-15,M,2025/10/01
KMB-C02041,Fictional Member 02041,256700052041,member.kmb2041@example.invalid,Jinja,1981-05-15,F,2026-06-01
KMB-C02042,Fictional Member 02042,00256700052042,member.kmb2042@example.invalid,Mbarara,1982-05-15,prefer not to say,2026-06-01
KMB-C02043,Fictional Member 02043,+256700052043,member.kmb2043@example.invalid,gulu,1983-05-15,M,2026/06/01
KMB-C02044,  Fictional Member 02044  ,,,Kampala,1984-05-15,F,01/06/2026
KMB-C02045,Fictional Member 02045,256700052045,member.kmb2045@example.invalid,Jinja,1985-05-15,prefer not to say,2025-10-01
KMB-C02046,Fictional Member 02046,00256700052046,member.kmb2046@example.invalid,mbarara,1986-05-15,M,2026/06/01
KMB-C02047,Fictional Member 02047,+256700052047,member.kmb2047@example.invalid,Gulu,1987-05-15,F,2026-06-01
KMB-C02048,  Fictional Member 02048  ,bad-phone,member.kmb2048@example.invalid,Kampala,1988-05-15,prefer not to say,2026-06-01
KMB-C02049,Fictional Member 02049,256700052049,member.kmb2049@example.invalid,jinja,1989-05-15,M,2026/06/01
KMB-C02050,Fictional Member 02050,00256700052050,member.kmb2050@example.invalid,Invalid District,1990-05-15,F,2025-10-01
KMB-C02051,Fictional Member 02051,+256700052051,member.kmb2051@example.invalid,Gulu,1991-05-15,prefer not to say,01/06/2026
KMB-C02052,  Fictional Member 02052  ,0700052052,member.kmb2052@example.invalid,kampala,1992-05-15,M,2026/06/01
KMB-C02053,Fictional Member 02053,256700052053,member.kmb2053@example.invalid,Jinja,1993-05-15,F,2026-06-01
KMB-C02054,Fictional Member 02054,00256700052054,member.kmb2054@example.invalid,Mbarara,1994-05-15,prefer not to say,2026-06-01
KMB-C02055,Fictional Member 02055,+256700052055,member.kmb2055@example.invalid,gulu,1995-05-15,M,2025/10/01
KMB-C02056,  Fictional Member 02056  ,0700052056,member.kmb2056@example.invalid,Kampala,1996-05-15,F,2026-06-01
KMB-C02057,Fictional Member 02057,256700052057,member.kmb2057@example.invalid,Jinja,1997-05-15,prefer not to say,2026-06-01
KMB-C02058,Fictional Member 02058,,,mbarara,1998-05-15,M,01/06/2026
KMB-C02059,,+256700052059,member.kmb2059@example.invalid,Gulu,1999-05-15,F,2026-06-01
KMB-C02060,  Fictional Member 02060  ,0700052060,member.kmb2060@example.invalid,Kampala,2000-05-15,prefer not to say,2025-10-01
KMB-C02061,Fictional Member 02061,256700052061,member.kmb2061@example.invalid,jinja,2001-05-15,M,2026/06/01
KMB-C02062,Fictional Member 02062,00256700052062,member.kmb2062@example.invalid,Mbarara,2002-05-15,F,2026-06-01
KMB-C02063,Fictional Member 02063,+256700052063,member.kmb2063@example.invalid,Gulu,2003-05-15,prefer not to say,2026-06-01
KMB-C02064,  Fictional Member 02064  ,bad-phone,member.kmb2064@example.invalid,kampala,2004-05-15,M,2026/06/01
KMB-C02065,Fictional Member 02065,256700052065,member.kmb2065@example.invalid,Jinja,1970-05-15,F,01/10/2025
KMB-C02066,Fictional Member 02066,00256700052066,member.kmb2066@example.invalid,Mbarara,1971-05-15,prefer not to say,2026-06-01
KMB-C02067,Fictional Member 02067,+256700052067,member.kmb2067@example.invalid,gulu,1972-05-15,M,2026/06/01
KMB-C02068,  Fictional Member 02068  ,0700052068,member.kmb2068@example.invalid,Kampala,1973-05-15,F,2026-06-01
KMB-C02069,Fictional Member 02069,256700052069,member.kmb2069@example.invalid,Jinja,1974-05-15,prefer not to say,2026-06-01
KMB-C02070,Fictional Member 02070,00256700052070,member.kmb2070@example.invalid,mbarara,1975-05-15,M,2025/10/01
KMB-C02071,Fictional Member 02071,+256700052071,member.kmb2071@example.invalid,Gulu,1976-05-15,F,2026-06-01
KMB-C02072,  Fictional Member 02072  ,,,Kampala,1977-05-15,prefer not to say,01/06/2026
KMB-C02073,Fictional Member 02073,256700052073,member.kmb2073@example.invalid,jinja,1978-05-15,M,2026/06/01
KMB-C02074,Fictional Member 02074,00256700052074,member.kmb2074@example.invalid,Mbarara,1979-05-15,F,2026-06-01
KMB-C02075,Fictional Member 02075,+256700052075,member.kmb2075@example.invalid,Invalid District,1980-05-15,prefer not to say,2025-10-01
KMB-C02076,  Fictional Member 02076  ,0700052076,member.kmb2076@example.invalid,kampala,1981-05-15,M,2026/06/01
KMB-C02077,Fictional Member 02077,256700052077,member.kmb2077@example.invalid,Jinja,1982-05-15,F,2026-06-01
KMB-C02078,Fictional Member 02078,00256700052078,member.kmb2078@example.invalid,Mbarara,1983-05-15,prefer not to say,2026-06-01
KMB-C02079,Fictional Member 02079,+256700052079,bad-email,gulu,1984-05-15,M,01/06/2026
KMB-C02080,  Fictional Member 02080  ,bad-phone,member.kmb2080@example.invalid,Kampala,1985-05-15,F,2025-10-01
KMB-C02081,Fictional Member 02081,256700052081,member.kmb2081@example.invalid,Jinja,1986-05-15,prefer not to say,2026-06-01
KMB-C02082,Fictional Member 02082,00256700052082,member.kmb2082@example.invalid,mbarara,1987-05-15,M,2026/06/01
KMB-C02083,Fictional Member 02083,+256700052083,member.kmb2083@example.invalid,Gulu,1988-05-15,F,2026-06-01
KMB-C02084,  Fictional Member 02084  ,0700052084,member.kmb2084@example.invalid,Kampala,1989-05-15,prefer not to say,2026-06-01
KMB-C02085,Fictional Member 02085,256700052085,member.kmb2085@example.invalid,jinja,1990-05-15,M,2025/10/01
KMB-C02086,Fictional Member 02086,,,Mbarara,1991-05-15,F,01/06/2026
KMB-C02087,Fictional Member 02087,+256700052087,member.kmb2087@example.invalid,Gulu,1992-05-15,prefer not to say,2026-06-01
KMB-C02088,,0700052088,member.kmb2088@example.invalid,kampala,1993-05-15,M,2026/06/01
KMB-C02089,Fictional Member 02089,256700052089,member.kmb2089@example.invalid,Jinja,1994-05-15,F,2026-06-01
KMB-C02090,Fictional Member 02090,00256700052090,member.kmb2090@example.invalid,Mbarara,1995-05-15,prefer not to say,2025-10-01
KMB-C02091,Fictional Member 02091,+256700052091,member.kmb2091@example.invalid,gulu,1996-05-15,M,2026/06/01
KMB-C02092,  Fictional Member 02092  ,0700052092,member.kmb2092@example.invalid,Kampala,1997-05-15,F,2026-06-01
KMB-C02093,Fictional Member 02093,256700052093,member.kmb2093@example.invalid,Jinja,1998-05-15,prefer not to say,01/06/2026
KMB-C02094,Fictional Member 02094,00256700052094,member.kmb2094@example.invalid,mbarara,1999-05-15,M,2026/06/01
KMB-C02095,Fictional Member 02095,+256700052095,member.kmb2095@example.invalid,Gulu,2000-05-15,F,2025-10-01
KMB-C02096,  Fictional Member 02096  ,bad-phone,member.kmb2096@example.invalid,Kampala,2001-05-15,prefer not to say,2026-06-01
KMB-C02097,Fictional Member 02097,256700052097,member.kmb2097@example.invalid,jinja,2002-05-15,M,2026/06/01
KMB-C02098,Fictional Member 02098,00256700052098,member.kmb2098@example.invalid,Mbarara,2003-05-15,F,2026-06-01
KMB-C02099,Fictional Member 02099,+256700052099,member.kmb2099@example.invalid,Gulu,2004-05-15,prefer not to say,2026-06-01
KMB-C02100,  Fictional Member 02100  ,,,Invalid District,1970-05-15,M,01/10/2025
KMB-C02101,Fictional Member 02101,256700052101,member.kmb2101@example.invalid,Jinja,1971-05-15,F,2026-06-01
KMB-C02102,Fictional Member 02102,00256700052102,member.kmb2102@example.invalid,Mbarara,1972-05-15,prefer not to say,2026-06-01
KMB-C02103,Fictional Member 02103,+256700052103,member.kmb2103@example.invalid,gulu,1973-05-15,M,2026/06/01
KMB-C02104,  Fictional Member 02104  ,0700052104,member.kmb2104@example.invalid,Kampala,1974-05-15,F,2026-06-01
KMB-C02105,Fictional Member 02105,256700052105,member.kmb2105@example.invalid,Jinja,1975-05-15,prefer not to say,2025-10-01
KMB-C02106,Fictional Member 02106,00256700052106,member.kmb2106@example.invalid,mbarara,1976-05-15,M,2026/06/01
KMB-C02107,Fictional Member 02107,+256700052107,member.kmb2107@example.invalid,Gulu,1977-05-15,F,01/06/2026
KMB-C02108,  Fictional Member 02108  ,0700052108,member.kmb2108@example.invalid,Kampala,1978-05-15,prefer not to say,2026-06-01
KMB-C02109,Fictional Member 02109,256700052109,member.kmb2109@example.invalid,jinja,1979-05-15,M,2026/06/01
KMB-C02110,Fictional Member 02110,00256700052110,member.kmb2110@example.invalid,Mbarara,1980-05-15,F,2025-10-01
KMB-C02111,Fictional Member 02111,+256700052111,member.kmb2111@example.invalid,Gulu,1981-05-15,prefer not to say,2026-06-01
KMB-C02112,  Fictional Member 02112  ,bad-phone,member.kmb2112@example.invalid,kampala,1982-05-15,M,2026/06/01
KMB-C02113,Fictional Member 02113,256700052113,member.kmb2113@example.invalid,Jinja,1983-05-15,F,2026-06-01
KMB-C02114,Fictional Member 02114,,,Mbarara,1984-05-15,prefer not to say,01/06/2026
KMB-C02115,Fictional Member 02115,+256700052115,member.kmb2115@example.invalid,gulu,1985-05-15,M,2025/10/01
KMB-C02116,  Fictional Member 02116  ,0700052116,member.kmb2116@example.invalid,Kampala,1986-05-15,F,2026-06-01
KMB-C02117,,256700052117,member.kmb2117@example.invalid,Jinja,1987-05-15,prefer not to say,2026-06-01
KMB-C02118,Fictional Member 02118,00256700052118,member.kmb2118@example.invalid,mbarara,1988-05-15,M,2026/06/01
KMB-C02119,Fictional Member 02119,+256700052119,member.kmb2119@example.invalid,Gulu,1989-05-15,F,2026-06-01
KMB-C02120,  Fictional Member 02120  ,0700052120,member.kmb2120@example.invalid,Kampala,1990-05-15,prefer not to say,2025-10-01
KMB-C02121,Fictional Member 02121,256700052121,bad-email,jinja,1991-05-15,M,01/06/2026
KMB-C02122,Fictional Member 02122,00256700052122,member.kmb2122@example.invalid,Mbarara,1992-05-15,F,2026-06-01
KMB-C02123,Fictional Member 02123,+256700052123,member.kmb2123@example.invalid,Gulu,1993-05-15,prefer not to say,2026-06-01
KMB-C02124,  Fictional Member 02124  ,0700052124,member.kmb2124@example.invalid,kampala,1994-05-15,M,2026/06/01
KMB-C02125,Fictional Member 02125,256700052125,member.kmb2125@example.invalid,Invalid District,1995-05-15,F,2025-10-01
KMB-C02126,Fictional Member 02126,00256700052126,member.kmb2126@example.invalid,Mbarara,1996-05-15,prefer not to say,2026-06-01
KMB-C02127,Fictional Member 02127,+256700052127,member.kmb2127@example.invalid,gulu,1997-05-15,M,2026/06/01
KMB-C02128,  Fictional Member 02128  ,,,Kampala,1998-05-15,F,01/06/2026
KMB-C02129,Fictional Member 02129,256700052129,member.kmb2129@example.invalid,Jinja,1999-05-15,prefer not to say,2026-06-01
KMB-C02130,Fictional Member 02130,00256700052130,member.kmb2130@example.invalid,mbarara,2000-05-15,M,2025/10/01
KMB-C02131,Fictional Member 02131,+256700052131,member.kmb2131@example.invalid,Gulu,2001-05-15,F,2026-06-01
KMB-C02132,  Fictional Member 02132  ,0700052132,member.kmb2132@example.invalid,Kampala,2002-05-15,prefer not to say,2026-06-01
KMB-C02133,Fictional Member 02133,256700052133,member.kmb2133@example.invalid,jinja,2003-05-15,M,2026/06/01
KMB-C02134,Fictional Member 02134,00256700052134,member.kmb2134@example.invalid,Mbarara,2004-05-15,F,2026-06-01
KMB-C02135,Fictional Member 02135,+256700052135,member.kmb2135@example.invalid,Gulu,1970-05-15,prefer not to say,01/10/2025
KMB-C02136,  Fictional Member 02136  ,0700052136,member.kmb2136@example.invalid,kampala,1971-05-15,M,2026/06/01
KMB-C02137,Fictional Member 02137,256700052137,member.kmb2137@example.invalid,Jinja,1972-05-15,F,2026-06-01
KMB-C02138,Fictional Member 02138,00256700052138,member.kmb2138@example.invalid,Mbarara,1973-05-15,prefer not to say,2026-06-01
KMB-C02139,Fictional Member 02139,+256700052139,member.kmb2139@example.invalid,gulu,1974-05-15,M,2026/06/01
KMB-C02140,  Fictional Member 02140  ,0700052140,member.kmb2140@example.invalid,Kampala,1975-05-15,F,2025-10-01
KMB-C02141,Fictional Member 02141,256700052141,member.kmb2141@example.invalid,Jinja,1976-05-15,prefer not to say,2026-06-01
KMB-C02142,Fictional Member 02142,,,mbarara,1977-05-15,M,01/06/2026
KMB-C02143,Fictional Member 02143,+256700052143,member.kmb2143@example.invalid,Gulu,1978-05-15,F,2026-06-01
KMB-C02144,  Fictional Member 02144  ,bad-phone,member.kmb2144@example.invalid,Kampala,1979-05-15,prefer not to say,2026-06-01
KMB-C02145,Fictional Member 02145,256700052145,member.kmb2145@example.invalid,jinja,1980-05-15,M,2025/10/01
KMB-C02146,,00256700052146,member.kmb2146@example.invalid,Mbarara,1981-05-15,F,2026-06-01
KMB-C02147,Fictional Member 02147,+256700052147,member.kmb2147@example.invalid,Gulu,1982-05-15,prefer not to say,2026-06-01
KMB-C02148,  Fictional Member 02148  ,0700052148,member.kmb2148@example.invalid,kampala,1983-05-15,M,2026/06/01
KMB-C02149,Fictional Member 02149,256700052149,member.kmb2149@example.invalid,Jinja,1984-05-15,F,01/06/2026
KMB-C02150,Fictional Member 02150,00256700052150,member.kmb2150@example.invalid,Invalid District,1985-05-15,prefer not to say,2025-10-01
KMB-C02151,Fictional Member 02151,+256700052151,member.kmb2151@example.invalid,gulu,1986-05-15,M,2026/06/01
KMB-C02152,  Fictional Member 02152  ,0700052152,member.kmb2152@example.invalid,Kampala,1987-05-15,F,2026-06-01
KMB-C02153,Fictional Member 02153,256700052153,member.kmb2153@example.invalid,Jinja,1988-05-15,prefer not to say,2026-06-01
KMB-C02154,Fictional Member 02154,00256700052154,member.kmb2154@example.invalid,mbarara,1989-05-15,M,2026/06/01
KMB-C02155,Fictional Member 02155,+256700052155,member.kmb2155@example.invalid,Gulu,1990-05-15,F,2025-10-01
KMB-C02156,  Fictional Member 02156  ,,,Kampala,1991-05-15,prefer not to say,01/06/2026
KMB-C02157,Fictional Member 02157,256700052157,member.kmb2157@example.invalid,jinja,1992-05-15,M,2026/06/01
KMB-C02158,Fictional Member 02158,00256700052158,member.kmb2158@example.invalid,Mbarara,1993-05-15,F,2026-06-01
KMB-C02159,Fictional Member 02159,+256700052159,member.kmb2159@example.invalid,Gulu,1994-05-15,prefer not to say,2026-06-01
KMB-C02160,  Fictional Member 02160  ,bad-phone,member.kmb2160@example.invalid,kampala,1995-05-15,M,2025/10/01
KMB-C02161,Fictional Member 02161,256700052161,member.kmb2161@example.invalid,Jinja,1996-05-15,F,2026-06-01
KMB-C02162,Fictional Member 02162,00256700052162,member.kmb2162@example.invalid,Mbarara,1997-05-15,prefer not to say,2026-06-01
KMB-C02163,Fictional Member 02163,+256700052163,bad-email,gulu,1998-05-15,M,01/06/2026
KMB-C02164,  Fictional Member 02164  ,0700052164,member.kmb2164@example.invalid,Kampala,1999-05-15,F,2026-06-01
KMB-C02165,Fictional Member 02165,256700052165,member.kmb2165@example.invalid,Jinja,2000-05-15,prefer not to say,2025-10-01
KMB-C02166,Fictional Member 02166,00256700052166,member.kmb2166@example.invalid,mbarara,2001-05-15,M,2026/06/01
KMB-C02167,Fictional Member 02167,+256700052167,member.kmb2167@example.invalid,Gulu,2002-05-15,F,2026-06-01
KMB-C02168,  Fictional Member 02168  ,0700052168,member.kmb2168@example.invalid,Kampala,2003-05-15,prefer not to say,2026-06-01
KMB-C02169,Fictional Member 02169,256700052169,member.kmb2169@example.invalid,jinja,2004-05-15,M,2026/06/01
KMB-C02170,Fictional Member 02170,,,Mbarara,1970-05-15,F,01/10/2025
KMB-C02171,Fictional Member 02171,+256700052171,member.kmb2171@example.invalid,Gulu,1971-05-15,prefer not to say,2026-06-01
KMB-C02172,  Fictional Member 02172  ,0700052172,member.kmb2172@example.invalid,kampala,1972-05-15,M,2026/06/01
KMB-C02173,Fictional Member 02173,256700052173,member.kmb2173@example.invalid,Jinja,1973-05-15,F,2026-06-01
KMB-C02174,Fictional Member 02174,00256700052174,member.kmb2174@example.invalid,Mbarara,1974-05-15,prefer not to say,2026-06-01
KMB-C02175,,+256700052175,member.kmb2175@example.invalid,Invalid District,1975-05-15,M,2025/10/01
KMB-C02176,  Fictional Member 02176  ,bad-phone,member.kmb2176@example.invalid,Kampala,1976-05-15,F,2026-06-01
KMB-C02177,Fictional Member 02177,256700052177,member.kmb2177@example.invalid,Jinja,1977-05-15,prefer not to say,01/06/2026
KMB-C02178,Fictional Member 02178,00256700052178,member.kmb2178@example.invalid,mbarara,1978-05-15,M,2026/06/01
KMB-C02179,Fictional Member 02179,+256700052179,member.kmb2179@example.invalid,Gulu,1979-05-15,F,2026-06-01
KMB-C02180,  Fictional Member 02180  ,0700052180,member.kmb2180@example.invalid,Kampala,1980-05-15,prefer not to say,2025-10-01
KMB-C02181,Fictional Member 02181,256700052181,member.kmb2181@example.invalid,jinja,1981-05-15,M,2026/06/01
KMB-C02182,Fictional Member 02182,00256700052182,member.kmb2182@example.invalid,Mbarara,1982-05-15,F,2026-06-01
KMB-C02183,Fictional Member 02183,+256700052183,member.kmb2183@example.invalid,Gulu,1983-05-15,prefer not to say,2026-06-01
KMB-C02184,  Fictional Member 02184  ,,,kampala,1984-05-15,M,01/06/2026
KMB-C02185,Fictional Member 02185,256700052185,member.kmb2185@example.invalid,Jinja,1985-05-15,F,2025-10-01
KMB-C02186,Fictional Member 02186,00256700052186,member.kmb2186@example.invalid,Mbarara,1986-05-15,prefer not to say,2026-06-01
KMB-C02187,Fictional Member 02187,+256700052187,member.kmb2187@example.invalid,gulu,1987-05-15,M,2026/06/01
KMB-C02188,  Fictional Member 02188  ,0700052188,member.kmb2188@example.invalid,Kampala,1988-05-15,F,2026-06-01
KMB-C02189,Fictional Member 02189,256700052189,member.kmb2189@example.invalid,Jinja,1989-05-15,prefer not to say,2026-06-01
KMB-C02190,Fictional Member 02190,00256700052190,member.kmb2190@example.invalid,mbarara,1990-05-15,M,2025/10/01
KMB-C02191,Fictional Member 02191,+256700052191,member.kmb2191@example.invalid,Gulu,1991-05-15,F,01/06/2026
KMB-C02192,  Fictional Member 02192  ,bad-phone,member.kmb2192@example.invalid,Kampala,1992-05-15,prefer not to say,2026-06-01
KMB-C02193,Fictional Member 02193,256700052193,member.kmb2193@example.invalid,jinja,1993-05-15,M,2026/06/01
KMB-C02194,Fictional Member 02194,00256700052194,member.kmb2194@example.invalid,Mbarara,1994-05-15,F,2026-06-01
KMB-C02195,Fictional Member 02195,+256700052195,member.kmb2195@example.invalid,Gulu,1995-05-15,prefer not to say,2025-10-01
KMB-C02196,  Fictional Member 02196  ,0700052196,member.kmb2196@example.invalid,kampala,1996-05-15,M,2026/06/01
KMB-C02197,Fictional Member 02197,256700052197,member.kmb2197@example.invalid,Jinja,1997-05-15,F,2026-06-01
KMB-C02198,Fictional Member 02198,,,Mbarara,1998-05-15,prefer not to say,01/06/2026
KMB-C02199,Fictional Member 02199,+256700052199,member.kmb2199@example.invalid,gulu,1999-05-15,M,2026/06/01
KMB-C02200,  Fictional Member 02200  ,0700052200,member.kmb2200@example.invalid,Invalid District,2000-05-15,F,2025-10-01
KMB-C02201,Fictional Member 02201,256700052201,member.kmb2201@example.invalid,Jinja,2001-05-15,prefer not to say,2026-06-01
KMB-C02202,Fictional Member 02202,00256700052202,member.kmb2202@example.invalid,mbarara,2002-05-15,M,2026/06/01
KMB-C02203,Fictional Member 02203,+256700052203,member.kmb2203@example.invalid,Gulu,2003-05-15,F,2026-06-01
KMB-C02204,,0700052204,member.kmb2204@example.invalid,Kampala,2004-05-15,prefer not to say,2026-06-01
KMB-C02205,Fictional Member 02205,256700052205,bad-email,jinja,1970-05-15,M,01/10/2025
KMB-C02206,Fictional Member 02206,00256700052206,member.kmb2206@example.invalid,Mbarara,1971-05-15,F,2026-06-01
KMB-C02207,Fictional Member 02207,+256700052207,member.kmb2207@example.invalid,Gulu,1972-05-15,prefer not to say,2026-06-01
KMB-C02208,  Fictional Member 02208  ,bad-phone,member.kmb2208@example.invalid,kampala,1973-05-15,M,2026/06/01
KMB-C02209,Fictional Member 02209,256700052209,member.kmb2209@example.invalid,Jinja,1974-05-15,F,2026-06-01
KMB-C02210,Fictional Member 02210,00256700052210,member.kmb2210@example.invalid,Mbarara,1975-05-15,prefer not to say,2025-10-01
KMB-C02211,Fictional Member 02211,+256700052211,member.kmb2211@example.invalid,gulu,1976-05-15,M,2026/06/01
KMB-C02212,  Fictional Member 02212  ,,,Kampala,1977-05-15,F,01/06/2026
KMB-C02213,Fictional Member 02213,256700052213,member.kmb2213@example.invalid,Jinja,1978-05-15,prefer not to say,2026-06-01
KMB-C02214,Fictional Member 02214,00256700052214,member.kmb2214@example.invalid,mbarara,1979-05-15,M,2026/06/01
KMB-C02215,Fictional Member 02215,+256700052215,member.kmb2215@example.invalid,Gulu,1980-05-15,F,2025-10-01
KMB-C02216,  Fictional Member 02216  ,0700052216,member.kmb2216@example.invalid,Kampala,1981-05-15,prefer not to say,2026-06-01
KMB-C02217,Fictional Member 02217,256700052217,member.kmb2217@example.invalid,jinja,1982-05-15,M,2026/06/01
KMB-C02218,Fictional Member 02218,00256700052218,member.kmb2218@example.invalid,Mbarara,1983-05-15,F,2026-06-01
KMB-C02219,Fictional Member 02219,+256700052219,member.kmb2219@example.invalid,Gulu,1984-05-15,prefer not to say,01/06/2026
KMB-C02220,  Fictional Member 02220  ,0700052220,member.kmb2220@example.invalid,kampala,1985-05-15,M,2025/10/01
KMB-C02221,Fictional Member 02221,256700052221,member.kmb2221@example.invalid,Jinja,1986-05-15,F,2026-06-01
KMB-C02222,Fictional Member 02222,00256700052222,member.kmb2222@example.invalid,Mbarara,1987-05-15,prefer not to say,2026-06-01
KMB-C02223,Fictional Member 02223,+256700052223,member.kmb2223@example.invalid,gulu,1988-05-15,M,2026/06/01
KMB-C02224,  Fictional Member 02224  ,bad-phone,member.kmb2224@example.invalid,Kampala,1989-05-15,F,2026-06-01
KMB-C02225,Fictional Member 02225,256700052225,member.kmb2225@example.invalid,Invalid District,1990-05-15,prefer not to say,2025-10-01
KMB-C02226,Fictional Member 02226,,,mbarara,1991-05-15,M,01/06/2026
KMB-C02227,Fictional Member 02227,+256700052227,member.kmb2227@example.invalid,Gulu,1992-05-15,F,2026-06-01
KMB-C02228,  Fictional Member 02228  ,0700052228,member.kmb2228@example.invalid,Kampala,1993-05-15,prefer not to say,2026-06-01
KMB-C02229,Fictional Member 02229,256700052229,member.kmb2229@example.invalid,jinja,1994-05-15,M,2026/06/01
KMB-C02230,Fictional Member 02230,00256700052230,member.kmb2230@example.invalid,Mbarara,1995-05-15,F,2025-10-01
KMB-C02231,Fictional Member 02231,+256700052231,member.kmb2231@example.invalid,Gulu,1996-05-15,prefer not to say,2026-06-01
KMB-C02232,  Fictional Member 02232  ,0700052232,member.kmb2232@example.invalid,kampala,1997-05-15,M,2026/06/01
KMB-C02233,,256700052233,member.kmb2233@example.invalid,Jinja,1998-05-15,F,01/06/2026
KMB-C02234,Fictional Member 02234,00256700052234,member.kmb2234@example.invalid,Mbarara,1999-05-15,prefer not to say,2026-06-01
KMB-C02235,Fictional Member 02235,+256700052235,member.kmb2235@example.invalid,gulu,2000-05-15,M,2025/10/01
KMB-C02236,  Fictional Member 02236  ,0700052236,member.kmb2236@example.invalid,Kampala,2001-05-15,F,2026-06-01
KMB-C02237,Fictional Member 02237,256700052237,member.kmb2237@example.invalid,Jinja,2002-05-15,prefer not to say,2026-06-01
KMB-C02238,Fictional Member 02238,00256700052238,member.kmb2238@example.invalid,mbarara,2003-05-15,M,2026/06/01
KMB-C02239,Fictional Member 02239,+256700052239,member.kmb2239@example.invalid,Gulu,2004-05-15,F,2026-06-01
KMB-C02240,  Fictional Member 02240  ,,,Kampala,1970-05-15,prefer not to say,01/10/2025
KMB-C02241,Fictional Member 02241,256700052241,member.kmb2241@example.invalid,jinja,1971-05-15,M,2026/06/01
KMB-C02242,Fictional Member 02242,00256700052242,member.kmb2242@example.invalid,Mbarara,1972-05-15,F,2026-06-01
KMB-C02243,Fictional Member 02243,+256700052243,member.kmb2243@example.invalid,Gulu,1973-05-15,prefer not to say,2026-06-01
KMB-C02244,  Fictional Member 02244  ,0700052244,member.kmb2244@example.invalid,kampala,1974-05-15,M,2026/06/01
KMB-C02245,Fictional Member 02245,256700052245,member.kmb2245@example.invalid,Jinja,1975-05-15,F,2025-10-01
KMB-C02246,Fictional Member 02246,00256700052246,member.kmb2246@example.invalid,Mbarara,1976-05-15,prefer not to say,2026-06-01
KMB-C02247,Fictional Member 02247,+256700052247,bad-email,gulu,1977-05-15,M,01/06/2026
KMB-C02248,  Fictional Member 02248  ,0700052248,member.kmb2248@example.invalid,Kampala,1978-05-15,F,2026-06-01
KMB-C02249,Fictional Member 02249,256700052249,member.kmb2249@example.invalid,Jinja,1979-05-15,prefer not to say,2026-06-01
KMB-C02250,Fictional Member 02250,00256700052250,member.kmb2250@example.invalid,Invalid District,1980-05-15,M,2025/10/01
KMB-C02251,Fictional Member 02251,+256700052251,member.kmb2251@example.invalid,Gulu,1981-05-15,F,2026-06-01
KMB-C02252,  Fictional Member 02252  ,0700052252,member.kmb2252@example.invalid,Kampala,1982-05-15,prefer not to say,2026-06-01
KMB-C02253,Fictional Member 02253,256700052253,member.kmb2253@example.invalid,jinja,1983-05-15,M,2026/06/01
KMB-C02254,Fictional Member 02254,,,Mbarara,1984-05-15,F,01/06/2026
KMB-C02255,Fictional Member 02255,+256700052255,member.kmb2255@example.invalid,Gulu,1985-05-15,prefer not to say,2025-10-01
KMB-C02256,  Fictional Member 02256  ,bad-phone,member.kmb2256@example.invalid,kampala,1986-05-15,M,2026/06/01
KMB-C02257,Fictional Member 02257,256700052257,member.kmb2257@example.invalid,Jinja,1987-05-15,F,2026-06-01
KMB-C02258,Fictional Member 02258,00256700052258,member.kmb2258@example.invalid,Mbarara,1988-05-15,prefer not to say,2026-06-01
KMB-C02259,Fictional Member 02259,+256700052259,member.kmb2259@example.invalid,gulu,1989-05-15,M,2026/06/01
KMB-C02260,  Fictional Member 02260  ,0700052260,member.kmb2260@example.invalid,Kampala,1990-05-15,F,2025-10-01
KMB-C02261,Fictional Member 02261,256700052261,member.kmb2261@example.invalid,Jinja,1991-05-15,prefer not to say,01/06/2026
KMB-C02262,,00256700052262,member.kmb2262@example.invalid,mbarara,1992-05-15,M,2026/06/01
KMB-C02263,Fictional Member 02263,+256700052263,member.kmb2263@example.invalid,Gulu,1993-05-15,F,2026-06-01
KMB-C02264,  Fictional Member 02264  ,0700052264,member.kmb2264@example.invalid,Kampala,1994-05-15,prefer not to say,2026-06-01
KMB-C02265,Fictional Member 02265,256700052265,member.kmb2265@example.invalid,jinja,1995-05-15,M,2025/10/01
KMB-C02266,Fictional Member 02266,00256700052266,member.kmb2266@example.invalid,Mbarara,1996-05-15,F,2026-06-01
KMB-C02267,Fictional Member 02267,+256700052267,member.kmb2267@example.invalid,Gulu,1997-05-15,prefer not to say,2026-06-01
KMB-C02268,  Fictional Member 02268  ,,,kampala,1998-05-15,M,01/06/2026
KMB-C02269,Fictional Member 02269,256700052269,member.kmb2269@example.invalid,Jinja,1999-05-15,F,2026-06-01
KMB-C02270,Fictional Member 02270,00256700052270,member.kmb2270@example.invalid,Mbarara,2000-05-15,prefer not to say,2025-10-01
KMB-C02271,Fictional Member 02271,+256700052271,member.kmb2271@example.invalid,gulu,2001-05-15,M,2026/06/01
KMB-C02272,  Fictional Member 02272  ,bad-phone,member.kmb2272@example.invalid,Kampala,2002-05-15,F,2026-06-01
KMB-C02273,Fictional Member 02273,256700052273,member.kmb2273@example.invalid,Jinja,2003-05-15,prefer not to say,2026-06-01
KMB-C02274,Fictional Member 02274,00256700052274,member.kmb2274@example.invalid,mbarara,2004-05-15,M,2026/06/01
KMB-C02275,Fictional Member 02275,+256700052275,member.kmb2275@example.invalid,Invalid District,1970-05-15,F,01/10/2025
KMB-C02276,  Fictional Member 02276  ,0700052276,member.kmb2276@example.invalid,Kampala,1971-05-15,prefer not to say,2026-06-01
KMB-C02277,Fictional Member 02277,256700052277,member.kmb2277@example.invalid,jinja,1972-05-15,M,2026/06/01
KMB-C02278,Fictional Member 02278,00256700052278,member.kmb2278@example.invalid,Mbarara,1973-05-15,F,2026-06-01
KMB-C02279,Fictional Member 02279,+256700052279,member.kmb2279@example.invalid,Gulu,1974-05-15,prefer not to say,2026-06-01
KMB-C02280,  Fictional Member 02280  ,0700052280,member.kmb2280@example.invalid,kampala,1975-05-15,M,2025/10/01
KMB-C02281,Fictional Member 02281,256700052281,member.kmb2281@example.invalid,Jinja,1976-05-15,F,2026-06-01
KMB-C02282,Fictional Member 02282,,,Mbarara,1977-05-15,prefer not to say,01/06/2026
KMB-C02283,Fictional Member 02283,+256700052283,member.kmb2283@example.invalid,gulu,1978-05-15,M,2026/06/01
KMB-C02284,  Fictional Member 02284  ,0700052284,member.kmb2284@example.invalid,Kampala,1979-05-15,F,2026-06-01
KMB-C02285,Fictional Member 02285,256700052285,member.kmb2285@example.invalid,Jinja,1980-05-15,prefer not to say,2025-10-01
KMB-C02286,Fictional Member 02286,00256700052286,member.kmb2286@example.invalid,mbarara,1981-05-15,M,2026/06/01
KMB-C02287,Fictional Member 02287,+256700052287,member.kmb2287@example.invalid,Gulu,1982-05-15,F,2026-06-01
KMB-C02288,  Fictional Member 02288  ,bad-phone,member.kmb2288@example.invalid,Kampala,1983-05-15,prefer not to say,2026-06-01
KMB-C02289,Fictional Member 02289,256700052289,bad-email,jinja,1984-05-15,M,01/06/2026
KMB-C02290,Fictional Member 02290,00256700052290,member.kmb2290@example.invalid,Mbarara,1985-05-15,F,2025-10-01
KMB-C02291,,+256700052291,member.kmb2291@example.invalid,Gulu,1986-05-15,prefer not to say,2026-06-01
KMB-C02292,  Fictional Member 02292  ,0700052292,member.kmb2292@example.invalid,kampala,1987-05-15,M,2026/06/01
KMB-C02293,Fictional Member 02293,256700052293,member.kmb2293@example.invalid,Jinja,1988-05-15,F,2026-06-01
KMB-C02294,Fictional Member 02294,00256700052294,member.kmb2294@example.invalid,Mbarara,1989-05-15,prefer not to say,2026-06-01
KMB-C02295,Fictional Member 02295,+256700052295,member.kmb2295@example.invalid,gulu,1990-05-15,M,2025/10/01
KMB-C02296,  Fictional Member 02296  ,,,Kampala,1991-05-15,F,01/06/2026
KMB-C02297,Fictional Member 02297,256700052297,member.kmb2297@example.invalid,Jinja,1992-05-15,prefer not to say,2026-06-01
KMB-C02298,Fictional Member 02298,00256700052298,member.kmb2298@example.invalid,mbarara,1993-05-15,M,2026/06/01
KMB-C02299,Fictional Member 02299,+256700052299,member.kmb2299@example.invalid,Gulu,1994-05-15,F,2026-06-01
KMB-C02300,  Fictional Member 02300  ,0700052300,member.kmb2300@example.invalid,Invalid District,1995-05-15,prefer not to say,2025-10-01
KMB-C02301,Fictional Member 02301,256700052301,member.kmb2301@example.invalid,jinja,1996-05-15,M,2026/06/01
KMB-C02302,Fictional Member 02302,00256700052302,member.kmb2302@example.invalid,Mbarara,1997-05-15,F,2026-06-01
KMB-C02303,Fictional Member 02303,+256700052303,member.kmb2303@example.invalid,Gulu,1998-05-15,prefer not to say,01/06/2026
KMB-C02304,  Fictional Member 02304  ,bad-phone,member.kmb2304@example.invalid,kampala,1999-05-15,M,2026/06/01
KMB-C02305,Fictional Member 02305,256700052305,member.kmb2305@example.invalid,Jinja,2000-05-15,F,2025-10-01
KMB-C02306,Fictional Member 02306,00256700052306,member.kmb2306@example.invalid,Mbarara,2001-05-15,prefer not to say,2026-06-01
KMB-C02307,Fictional Member 02307,+256700052307,member.kmb2307@example.invalid,gulu,2002-05-15,M,2026/06/01
KMB-C02308,  Fictional Member 02308  ,0700052308,member.kmb2308@example.invalid,Kampala,2003-05-15,F,2026-06-01
KMB-C02309,Fictional Member 02309,256700052309,member.kmb2309@example.invalid,Jinja,2004-05-15,prefer not to say,2026-06-01
KMB-C02310,Fictional Member 02310,,,mbarara,1970-05-15,M,01/10/2025
KMB-C02311,Fictional Member 02311,+256700052311,member.kmb2311@example.invalid,Gulu,1971-05-15,F,2026-06-01
KMB-C02312,  Fictional Member 02312  ,0700052312,member.kmb2312@example.invalid,Kampala,1972-05-15,prefer not to say,2026-06-01
KMB-C02313,Fictional Member 02313,256700052313,member.kmb2313@example.invalid,jinja,1973-05-15,M,2026/06/01
KMB-C02314,Fictional Member 02314,00256700052314,member.kmb2314@example.invalid,Mbarara,1974-05-15,F,2026-06-01
KMB-C02315,Fictional Member 02315,+256700052315,member.kmb2315@example.invalid,Gulu,1975-05-15,prefer not to say,2025-10-01
KMB-C02316,  Fictional Member 02316  ,0700052316,member.kmb2316@example.invalid,kampala,1976-05-15,M,2026/06/01
KMB-C02317,Fictional Member 02317,256700052317,member.kmb2317@example.invalid,Jinja,1977-05-15,F,01/06/2026
KMB-C02318,Fictional Member 02318,00256700052318,member.kmb2318@example.invalid,Mbarara,1978-05-15,prefer not to say,2026-06-01
KMB-C02319,Fictional Member 02319,+256700052319,member.kmb2319@example.invalid,gulu,1979-05-15,M,2026/06/01
KMB-C02320,,bad-phone,member.kmb2320@example.invalid,Kampala,1980-05-15,F,2025-10-01
KMB-C02321,Fictional Member 02321,256700052321,member.kmb2321@example.invalid,Jinja,1981-05-15,prefer not to say,2026-06-01
KMB-C02322,Fictional Member 02322,00256700052322,member.kmb2322@example.invalid,mbarara,1982-05-15,M,2026/06/01
KMB-C02323,Fictional Member 02323,+256700052323,member.kmb2323@example.invalid,Gulu,1983-05-15,F,2026-06-01
KMB-C02324,  Fictional Member 02324  ,,,Kampala,1984-05-15,prefer not to say,01/06/2026
KMB-C02325,Fictional Member 02325,256700052325,member.kmb2325@example.invalid,Invalid District,1985-05-15,M,2025/10/01
KMB-C02326,Fictional Member 02326,00256700052326,member.kmb2326@example.invalid,Mbarara,1986-05-15,F,2026-06-01
KMB-C02327,Fictional Member 02327,+256700052327,member.kmb2327@example.invalid,Gulu,1987-05-15,prefer not to say,2026-06-01
KMB-C02328,  Fictional Member 02328  ,0700052328,member.kmb2328@example.invalid,kampala,1988-05-15,M,2026/06/01
KMB-C02329,Fictional Member 02329,256700052329,member.kmb2329@example.invalid,Jinja,1989-05-15,F,2026-06-01
KMB-C02330,Fictional Member 02330,00256700052330,member.kmb2330@example.invalid,Mbarara,1990-05-15,prefer not to say,2025-10-01
KMB-C02331,Fictional Member 02331,+256700052331,bad-email,gulu,1991-05-15,M,01/06/2026
KMB-C02332,  Fictional Member 02332  ,0700052332,member.kmb2332@example.invalid,Kampala,1992-05-15,F,2026-06-01
KMB-C02333,Fictional Member 02333,256700052333,member.kmb2333@example.invalid,Jinja,1993-05-15,prefer not to say,2026-06-01
KMB-C02334,Fictional Member 02334,00256700052334,member.kmb2334@example.invalid,mbarara,1994-05-15,M,2026/06/01
KMB-C02335,Fictional Member 02335,+256700052335,member.kmb2335@example.invalid,Gulu,1995-05-15,F,2025-10-01
KMB-C02336,  Fictional Member 02336  ,bad-phone,member.kmb2336@example.invalid,Kampala,1996-05-15,prefer not to say,2026-06-01
KMB-C02337,Fictional Member 02337,256700052337,member.kmb2337@example.invalid,jinja,1997-05-15,M,2026/06/01
KMB-C02338,Fictional Member 02338,,,Mbarara,1998-05-15,F,01/06/2026
KMB-C02339,Fictional Member 02339,+256700052339,member.kmb2339@example.invalid,Gulu,1999-05-15,prefer not to say,2026-06-01
KMB-C02340,  Fictional Member 02340  ,0700052340,member.kmb2340@example.invalid,kampala,2000-05-15,M,2025/10/01
KMB-C02341,Fictional Member 02341,256700052341,member.kmb2341@example.invalid,Jinja,2001-05-15,F,2026-06-01
KMB-C02342,Fictional Member 02342,00256700052342,member.kmb2342@example.invalid,Mbarara,2002-05-15,prefer not to say,2026-06-01
KMB-C02343,Fictional Member 02343,+256700052343,member.kmb2343@example.invalid,gulu,2003-05-15,M,2026/06/01
KMB-C02344,  Fictional Member 02344  ,0700052344,member.kmb2344@example.invalid,Kampala,2004-05-15,F,2026-06-01
KMB-C02345,Fictional Member 02345,256700052345,member.kmb2345@example.invalid,Jinja,1970-05-15,prefer not to say,01/10/2025
KMB-C02346,Fictional Member 02346,00256700052346,member.kmb2346@example.invalid,mbarara,1971-05-15,M,2026/06/01
KMB-C02347,Fictional Member 02347,+256700052347,member.kmb2347@example.invalid,Gulu,1972-05-15,F,2026-06-01
KMB-C02348,  Fictional Member 02348  ,0700052348,member.kmb2348@example.invalid,Kampala,1973-05-15,prefer not to say,2026-06-01
KMB-C02349,,256700052349,member.kmb2349@example.invalid,jinja,1974-05-15,M,2026/06/01
KMB-C02350,Fictional Member 02350,00256700052350,member.kmb2350@example.invalid,Invalid District,1975-05-15,F,2025-10-01
KMB-C02351,Fictional Member 02351,+256700052351,member.kmb2351@example.invalid,Gulu,1976-05-15,prefer not to say,2026-06-01
KMB-C02352,  Fictional Member 02352  ,,,kampala,1977-05-15,M,01/06/2026
KMB-C02353,Fictional Member 02353,256700052353,member.kmb2353@example.invalid,Jinja,1978-05-15,F,2026-06-01
KMB-C02354,Fictional Member 02354,00256700052354,member.kmb2354@example.invalid,Mbarara,1979-05-15,prefer not to say,2026-06-01
KMB-C02355,Fictional Member 02355,+256700052355,member.kmb2355@example.invalid,gulu,1980-05-15,M,2025/10/01
KMB-C02356,  Fictional Member 02356  ,0700052356,member.kmb2356@example.invalid,Kampala,1981-05-15,F,2026-06-01
KMB-C02357,Fictional Member 02357,256700052357,member.kmb2357@example.invalid,Jinja,1982-05-15,prefer not to say,2026-06-01
KMB-C02358,Fictional Member 02358,00256700052358,member.kmb2358@example.invalid,mbarara,1983-05-15,M,2026/06/01
KMB-C02359,Fictional Member 02359,+256700052359,member.kmb2359@example.invalid,Gulu,1984-05-15,F,01/06/2026
KMB-C02360,  Fictional Member 02360  ,0700052360,member.kmb2360@example.invalid,Kampala,1985-05-15,prefer not to say,2025-10-01
KMB-C02361,Fictional Member 02361,256700052361,member.kmb2361@example.invalid,jinja,1986-05-15,M,2026/06/01
KMB-C02362,Fictional Member 02362,00256700052362,member.kmb2362@example.invalid,Mbarara,1987-05-15,F,2026-06-01
KMB-C02363,Fictional Member 02363,+256700052363,member.kmb2363@example.invalid,Gulu,1988-05-15,prefer not to say,2026-06-01
KMB-C02364,  Fictional Member 02364  ,0700052364,member.kmb2364@example.invalid,kampala,1989-05-15,M,2026/06/01
KMB-C02365,Fictional Member 02365,256700052365,member.kmb2365@example.invalid,Jinja,1990-05-15,F,2025-10-01
KMB-C02366,Fictional Member 02366,,,Mbarara,1991-05-15,prefer not to say,01/06/2026
KMB-C02367,Fictional Member 02367,+256700052367,member.kmb2367@example.invalid,gulu,1992-05-15,M,2026/06/01
KMB-C02368,  Fictional Member 02368  ,bad-phone,member.kmb2368@example.invalid,Kampala,1993-05-15,F,2026-06-01
KMB-C02369,Fictional Member 02369,256700052369,member.kmb2369@example.invalid,Jinja,1994-05-15,prefer not to say,2026-06-01
KMB-C02370,Fictional Member 02370,00256700052370,member.kmb2370@example.invalid,mbarara,1995-05-15,M,2025/10/01
KMB-C02371,Fictional Member 02371,+256700052371,member.kmb2371@example.invalid,Gulu,1996-05-15,F,2026-06-01
KMB-C02372,  Fictional Member 02372  ,0700052372,member.kmb2372@example.invalid,Kampala,1997-05-15,prefer not to say,2026-06-01
KMB-C02373,Fictional Member 02373,256700052373,bad-email,jinja,1998-05-15,M,01/06/2026
KMB-C02374,Fictional Member 02374,00256700052374,member.kmb2374@example.invalid,Mbarara,1999-05-15,F,2026-06-01
KMB-C02375,Fictional Member 02375,+256700052375,member.kmb2375@example.invalid,Invalid District,2000-05-15,prefer not to say,2025-10-01
KMB-C02376,  Fictional Member 02376  ,0700052376,member.kmb2376@example.invalid,kampala,2001-05-15,M,2026/06/01
KMB-C02377,Fictional Member 02377,256700052377,member.kmb2377@example.invalid,Jinja,2002-05-15,F,2026-06-01
KMB-C02378,,00256700052378,member.kmb2378@example.invalid,Mbarara,2003-05-15,prefer not to say,2026-06-01
KMB-C02379,Fictional Member 02379,+256700052379,member.kmb2379@example.invalid,gulu,2004-05-15,M,2026/06/01
KMB-C02380,  Fictional Member 02380  ,,,Kampala,1970-05-15,F,01/10/2025
KMB-C02381,Fictional Member 02381,256700052381,member.kmb2381@example.invalid,Jinja,1971-05-15,prefer not to say,2026-06-01
KMB-C02382,Fictional Member 02382,00256700052382,member.kmb2382@example.invalid,mbarara,1972-05-15,M,2026/06/01
KMB-C02383,Fictional Member 02383,+256700052383,member.kmb2383@example.invalid,Gulu,1973-05-15,F,2026-06-01
KMB-C02384,  Fictional Member 02384  ,bad-phone,member.kmb2384@example.invalid,Kampala,1974-05-15,prefer not to say,2026-06-01
KMB-C02385,Fictional Member 02385,256700052385,member.kmb2385@example.invalid,jinja,1975-05-15,M,2025/10/01
KMB-C02386,Fictional Member 02386,00256700052386,member.kmb2386@example.invalid,Mbarara,1976-05-15,F,2026-06-01
KMB-C02387,Fictional Member 02387,+256700052387,member.kmb2387@example.invalid,Gulu,1977-05-15,prefer not to say,01/06/2026
KMB-C02388,  Fictional Member 02388  ,0700052388,member.kmb2388@example.invalid,kampala,1978-05-15,M,2026/06/01
KMB-C02389,Fictional Member 02389,256700052389,member.kmb2389@example.invalid,Jinja,1979-05-15,F,2026-06-01
KMB-C02390,Fictional Member 02390,00256700052390,member.kmb2390@example.invalid,Mbarara,1980-05-15,prefer not to say,2025-10-01
KMB-C02391,Fictional Member 02391,+256700052391,member.kmb2391@example.invalid,gulu,1981-05-15,M,2026/06/01
KMB-C02392,  Fictional Member 02392  ,0700052392,member.kmb2392@example.invalid,Kampala,1982-05-15,F,2026-06-01
KMB-C02393,Fictional Member 02393,256700052393,member.kmb2393@example.invalid,Jinja,1983-05-15,prefer not to say,2026-06-01
KMB-C02394,Fictional Member 02394,,,mbarara,1984-05-15,M,01/06/2026
KMB-C02395,Fictional Member 02395,+256700052395,member.kmb2395@example.invalid,Gulu,1985-05-15,F,2025-10-01
KMB-C02396,  Fictional Member 02396  ,0700052396,member.kmb2396@example.invalid,Kampala,1986-05-15,prefer not to say,2026-06-01
KMB-C02397,Fictional Member 02397,256700052397,member.kmb2397@example.invalid,jinja,1987-05-15,M,2026/06/01
KMB-C02398,Fictional Member 02398,00256700052398,member.kmb2398@example.invalid,Mbarara,1988-05-15,F,2026-06-01
KMB-C02399,Fictional Member 02399,+256700052399,member.kmb2399@example.invalid,Gulu,1989-05-15,prefer not to say,2026-06-01
KMB-C02400,  Fictional Member 02400  ,bad-phone,member.kmb2400@example.invalid,Invalid District,1990-05-15,M,2025/10/01
KMB-C02401,Fictional Member 02401,256700052401,member.kmb2401@example.invalid,Jinja,1991-05-15,F,01/06/2026
KMB-C02402,Fictional Member 02402,00256700052402,member.kmb2402@example.invalid,Mbarara,1992-05-15,prefer not to say,2026-06-01
KMB-C02403,Fictional Member 02403,+256700052403,member.kmb2403@example.invalid,gulu,1993-05-15,M,2026/06/01
KMB-C02404,  Fictional Member 02404  ,0700052404,member.kmb2404@example.invalid,Kampala,1994-05-15,F,2026-06-01
KMB-C02405,Fictional Member 02405,256700052405,member.kmb2405@example.invalid,Jinja,1995-05-15,prefer not to say,2025-10-01
KMB-C02406,Fictional Member 02406,00256700052406,member.kmb2406@example.invalid,mbarara,1996-05-15,M,2026/06/01
KMB-C02407,,+256700052407,member.kmb2407@example.invalid,Gulu,1997-05-15,F,2026-06-01
KMB-C02408,  Fictional Member 02408  ,,,Kampala,1998-05-15,prefer not to say,01/06/2026
KMB-C02409,Fictional Member 02409,256700052409,member.kmb2409@example.invalid,jinja,1999-05-15,M,2026/06/01
KMB-C02410,Fictional Member 02410,00256700052410,member.kmb2410@example.invalid,Mbarara,2000-05-15,F,2025-10-01
KMB-C02411,Fictional Member 02411,+256700052411,member.kmb2411@example.invalid,Gulu,2001-05-15,prefer not to say,2026-06-01
KMB-C02412,  Fictional Member 02412  ,0700052412,member.kmb2412@example.invalid,kampala,2002-05-15,M,2026/06/01
KMB-C02413,Fictional Member 02413,256700052413,member.kmb2413@example.invalid,Jinja,2003-05-15,F,2026-06-01
KMB-C02414,Fictional Member 02414,00256700052414,member.kmb2414@example.invalid,Mbarara,2004-05-15,prefer not to say,2026-06-01
KMB-C02415,Fictional Member 02415,+256700052415,bad-email,gulu,1970-05-15,M,01/10/2025
KMB-C02416,  Fictional Member 02416  ,bad-phone,member.kmb2416@example.invalid,Kampala,1971-05-15,F,2026-06-01
KMB-C02417,Fictional Member 02417,256700052417,member.kmb2417@example.invalid,Jinja,1972-05-15,prefer not to say,2026-06-01
KMB-C02418,Fictional Member 02418,00256700052418,member.kmb2418@example.invalid,mbarara,1973-05-15,M,2026/06/01
KMB-C02419,Fictional Member 02419,+256700052419,member.kmb2419@example.invalid,Gulu,1974-05-15,F,2026-06-01
KMB-C02420,  Fictional Member 02420  ,0700052420,member.kmb2420@example.invalid,Kampala,1975-05-15,prefer not to say,2025-10-01
KMB-C02421,Fictional Member 02421,256700052421,member.kmb2421@example.invalid,jinja,1976-05-15,M,2026/06/01
KMB-C02422,Fictional Member 02422,,,Mbarara,1977-05-15,F,01/06/2026
KMB-C02423,Fictional Member 02423,+256700052423,member.kmb2423@example.invalid,Gulu,1978-05-15,prefer not to say,2026-06-01
KMB-C02424,  Fictional Member 02424  ,0700052424,member.kmb2424@example.invalid,kampala,1979-05-15,M,2026/06/01
KMB-C02425,Fictional Member 02425,256700052425,member.kmb2425@example.invalid,Invalid District,1980-05-15,F,2025-10-01
KMB-C02426,Fictional Member 02426,00256700052426,member.kmb2426@example.invalid,Mbarara,1981-05-15,prefer not to say,2026-06-01
KMB-C02427,Fictional Member 02427,+256700052427,member.kmb2427@example.invalid,gulu,1982-05-15,M,2026/06/01
KMB-C02428,  Fictional Member 02428  ,0700052428,member.kmb2428@example.invalid,Kampala,1983-05-15,F,2026-06-01
KMB-C02429,Fictional Member 02429,256700052429,member.kmb2429@example.invalid,Jinja,1984-05-15,prefer not to say,01/06/2026
KMB-C02430,Fictional Member 02430,00256700052430,member.kmb2430@example.invalid,mbarara,1985-05-15,M,2025/10/01
KMB-C02431,Fictional Member 02431,+256700052431,member.kmb2431@example.invalid,Gulu,1986-05-15,F,2026-06-01
KMB-C02432,  Fictional Member 02432  ,bad-phone,member.kmb2432@example.invalid,Kampala,1987-05-15,prefer not to say,2026-06-01
KMB-C02433,Fictional Member 02433,256700052433,member.kmb2433@example.invalid,jinja,1988-05-15,M,2026/06/01
KMB-C02434,Fictional Member 02434,00256700052434,member.kmb2434@example.invalid,Mbarara,1989-05-15,F,2026-06-01
KMB-C02435,Fictional Member 02435,+256700052435,member.kmb2435@example.invalid,Gulu,1990-05-15,prefer not to say,2025-10-01
KMB-C02436,,,,kampala,1991-05-15,M,01/06/2026
KMB-C02437,Fictional Member 02437,256700052437,member.kmb2437@example.invalid,Jinja,1992-05-15,F,2026-06-01
KMB-C02438,Fictional Member 02438,00256700052438,member.kmb2438@example.invalid,Mbarara,1993-05-15,prefer not to say,2026-06-01
KMB-C02439,Fictional Member 02439,+256700052439,member.kmb2439@example.invalid,gulu,1994-05-15,M,2026/06/01
KMB-C02440,  Fictional Member 02440  ,0700052440,member.kmb2440@example.invalid,Kampala,1995-05-15,F,2025-10-01
KMB-C02441,Fictional Member 02441,256700052441,member.kmb2441@example.invalid,Jinja,1996-05-15,prefer not to say,2026-06-01
KMB-C02442,Fictional Member 02442,00256700052442,member.kmb2442@example.invalid,mbarara,1997-05-15,M,2026/06/01
KMB-C02443,Fictional Member 02443,+256700052443,member.kmb2443@example.invalid,Gulu,1998-05-15,F,01/06/2026
KMB-C02444,  Fictional Member 02444  ,0700052444,member.kmb2444@example.invalid,Kampala,1999-05-15,prefer not to say,2026-06-01
KMB-C02445,Fictional Member 02445,256700052445,member.kmb2445@example.invalid,jinja,2000-05-15,M,2025/10/01
KMB-C02446,Fictional Member 02446,00256700052446,member.kmb2446@example.invalid,Mbarara,2001-05-15,F,2026-06-01
KMB-C02447,Fictional Member 02447,+256700052447,member.kmb2447@example.invalid,Gulu,2002-05-15,prefer not to say,2026-06-01
KMB-C02448,  Fictional Member 02448  ,bad-phone,member.kmb2448@example.invalid,kampala,2003-05-15,M,2026/06/01
KMB-C02449,Fictional Member 02449,256700052449,member.kmb2449@example.invalid,Jinja,2004-05-15,F,2026-06-01
KMB-C02450,Fictional Member 02450,,,Invalid District,1970-05-15,prefer not to say,01/10/2025
KMB-C02451,Fictional Member 02451,+256700052451,member.kmb2451@example.invalid,gulu,1971-05-15,M,2026/06/01
KMB-C02452,  Fictional Member 02452  ,0700052452,member.kmb2452@example.invalid,Kampala,1972-05-15,F,2026-06-01
KMB-C02453,Fictional Member 02453,256700052453,member.kmb2453@example.invalid,Jinja,1973-05-15,prefer not to say,2026-06-01
KMB-C02454,Fictional Member 02454,00256700052454,member.kmb2454@example.invalid,mbarara,1974-05-15,M,2026/06/01
KMB-C02455,Fictional Member 02455,+256700052455,member.kmb2455@example.invalid,Gulu,1975-05-15,F,2025-10-01
KMB-C02456,  Fictional Member 02456  ,0700052456,member.kmb2456@example.invalid,Kampala,1976-05-15,prefer not to say,2026-06-01
KMB-C02457,Fictional Member 02457,256700052457,bad-email,jinja,1977-05-15,M,01/06/2026
KMB-C02458,Fictional Member 02458,00256700052458,member.kmb2458@example.invalid,Mbarara,1978-05-15,F,2026-06-01
KMB-C02459,Fictional Member 02459,+256700052459,member.kmb2459@example.invalid,Gulu,1979-05-15,prefer not to say,2026-06-01
KMB-C02460,  Fictional Member 02460  ,0700052460,member.kmb2460@example.invalid,kampala,1980-05-15,M,2025/10/01
KMB-C02461,Fictional Member 02461,256700052461,member.kmb2461@example.invalid,Jinja,1981-05-15,F,2026-06-01
KMB-C02462,Fictional Member 02462,00256700052462,member.kmb2462@example.invalid,Mbarara,1982-05-15,prefer not to say,2026-06-01
KMB-C02463,Fictional Member 02463,+256700052463,member.kmb2463@example.invalid,gulu,1983-05-15,M,2026/06/01
KMB-C02464,  Fictional Member 02464  ,,,Kampala,1984-05-15,F,01/06/2026
KMB-C02465,,256700052465,member.kmb2465@example.invalid,Jinja,1985-05-15,prefer not to say,2025-10-01
KMB-C02466,Fictional Member 02466,00256700052466,member.kmb2466@example.invalid,mbarara,1986-05-15,M,2026/06/01
KMB-C02467,Fictional Member 02467,+256700052467,member.kmb2467@example.invalid,Gulu,1987-05-15,F,2026-06-01
KMB-C02468,  Fictional Member 02468  ,0700052468,member.kmb2468@example.invalid,Kampala,1988-05-15,prefer not to say,2026-06-01
KMB-C02469,Fictional Member 02469,256700052469,member.kmb2469@example.invalid,jinja,1989-05-15,M,2026/06/01
KMB-C02470,Fictional Member 02470,00256700052470,member.kmb2470@example.invalid,Mbarara,1990-05-15,F,2025-10-01
KMB-C02471,Fictional Member 02471,+256700052471,member.kmb2471@example.invalid,Gulu,1991-05-15,prefer not to say,01/06/2026
KMB-C02472,  Fictional Member 02472  ,0700052472,member.kmb2472@example.invalid,kampala,1992-05-15,M,2026/06/01
KMB-C02473,Fictional Member 02473,256700052473,member.kmb2473@example.invalid,Jinja,1993-05-15,F,2026-06-01
KMB-C02474,Fictional Member 02474,00256700052474,member.kmb2474@example.invalid,Mbarara,1994-05-15,prefer not to say,2026-06-01
KMB-C02475,Fictional Member 02475,+256700052475,member.kmb2475@example.invalid,Invalid District,1995-05-15,M,2025/10/01
KMB-C02476,  Fictional Member 02476  ,0700052476,member.kmb2476@example.invalid,Kampala,1996-05-15,F,2026-06-01
KMB-C02477,Fictional Member 02477,256700052477,member.kmb2477@example.invalid,Jinja,1997-05-15,prefer not to say,2026-06-01
KMB-C02478,Fictional Member 02478,,,mbarara,1998-05-15,M,01/06/2026
KMB-C02479,Fictional Member 02479,+256700052479,member.kmb2479@example.invalid,Gulu,1999-05-15,F,2026-06-01
KMB-C02480,  Fictional Member 02480  ,bad-phone,member.kmb2480@example.invalid,Kampala,2000-05-15,prefer not to say,2025-10-01
KMB-C02481,Fictional Member 02481,256700052481,member.kmb2481@example.invalid,jinja,2001-05-15,M,2026/06/01
KMB-C02482,Fictional Member 02482,00256700052482,member.kmb2482@example.invalid,Mbarara,2002-05-15,F,2026-06-01
KMB-C02483,Fictional Member 02483,+256700052483,member.kmb2483@example.invalid,Gulu,2003-05-15,prefer not to say,2026-06-01
KMB-C02484,  Fictional Member 02484  ,0700052484,member.kmb2484@example.invalid,kampala,2004-05-15,M,2026/06/01
KMB-C02485,Fictional Member 02485,256700052485,member.kmb2485@example.invalid,Jinja,1970-05-15,F,01/10/2025
KMB-C02486,Fictional Member 02486,00256700052486,member.kmb2486@example.invalid,Mbarara,1971-05-15,prefer not to say,2026-06-01
KMB-C02487,Fictional Member 02487,+256700052487,member.kmb2487@example.invalid,gulu,1972-05-15,M,2026/06/01
KMB-C02488,  Fictional Member 02488  ,0700052488,member.kmb2488@example.invalid,Kampala,1973-05-15,F,2026-06-01
KMB-C02489,Fictional Member 02489,256700052489,member.kmb2489@example.invalid,Jinja,1974-05-15,prefer not to say,2026-06-01
KMB-C02490,Fictional Member 02490,00256700052490,member.kmb2490@example.invalid,mbarara,1975-05-15,M,2025/10/01
KMB-C02491,Fictional Member 02491,+256700052491,member.kmb2491@example.invalid,Gulu,1976-05-15,F,2026-06-01
KMB-C02492,  Fictional Member 02492  ,,,Kampala,1977-05-15,prefer not to say,01/06/2026
KMB-C02493,Fictional Member 02493,256700052493,member.kmb2493@example.invalid,jinja,1978-05-15,M,2026/06/01
KMB-C02494,,00256700052494,member.kmb2494@example.invalid,Mbarara,1979-05-15,F,2026-06-01
KMB-C02495,Fictional Member 02495,+256700052495,member.kmb2495@example.invalid,Gulu,1980-05-15,prefer not to say,2025-10-01
KMB-C02496,  Fictional Member 02496  ,bad-phone,member.kmb2496@example.invalid,kampala,1981-05-15,M,2026/06/01
KMB-C02497,Fictional Member 02497,256700052497,member.kmb2497@example.invalid,Jinja,1982-05-15,F,2026-06-01
KMB-C02498,Fictional Member 02498,00256700052498,member.kmb2498@example.invalid,Mbarara,1983-05-15,prefer not to say,2026-06-01
KMB-C02499,Fictional Member 02499,+256700052499,bad-email,gulu,1984-05-15,M,01/06/2026
KMB-C02500,  Fictional Member 02500  ,0700052500,member.kmb2500@example.invalid,Invalid District,1985-05-15,F,2025-10-01
KMB-C02501,Fictional Member 02501,256700052501,member.kmb2501@example.invalid,Jinja,1986-05-15,prefer not to say,2026-06-01
KMB-C02502,Fictional Member 02502,00256700052502,member.kmb2502@example.invalid,mbarara,1987-05-15,M,2026/06/01
KMB-C02503,Fictional Member 02503,+256700052503,member.kmb2503@example.invalid,Gulu,1988-05-15,F,2026-06-01
KMB-C02504,  Fictional Member 02504  ,0700052504,member.kmb2504@example.invalid,Kampala,1989-05-15,prefer not to say,2026-06-01
KMB-C02505,Fictional Member 02505,256700052505,member.kmb2505@example.invalid,jinja,1990-05-15,M,2025/10/01
KMB-C02506,Fictional Member 02506,,,Mbarara,1991-05-15,F,01/06/2026
KMB-C02507,Fictional Member 02507,+256700052507,member.kmb2507@example.invalid,Gulu,1992-05-15,prefer not to say,2026-06-01
KMB-C02508,  Fictional Member 02508  ,0700052508,member.kmb2508@example.invalid,kampala,1993-05-15,M,2026/06/01
KMB-C02509,Fictional Member 02509,256700052509,member.kmb2509@example.invalid,Jinja,1994-05-15,F,2026-06-01
KMB-C02510,Fictional Member 02510,00256700052510,member.kmb2510@example.invalid,Mbarara,1995-05-15,prefer not to say,2025-10-01
KMB-C02511,Fictional Member 02511,+256700052511,member.kmb2511@example.invalid,gulu,1996-05-15,M,2026/06/01
KMB-C02512,  Fictional Member 02512  ,bad-phone,member.kmb2512@example.invalid,Kampala,1997-05-15,F,2026-06-01
KMB-C02513,Fictional Member 02513,256700052513,member.kmb2513@example.invalid,Jinja,1998-05-15,prefer not to say,01/06/2026
KMB-C02514,Fictional Member 02514,00256700052514,member.kmb2514@example.invalid,mbarara,1999-05-15,M,2026/06/01
KMB-C02515,Fictional Member 02515,+256700052515,member.kmb2515@example.invalid,Gulu,2000-05-15,F,2025-10-01
KMB-C02516,  Fictional Member 02516  ,0700052516,member.kmb2516@example.invalid,Kampala,2001-05-15,prefer not to say,2026-06-01
KMB-C02517,Fictional Member 02517,256700052517,member.kmb2517@example.invalid,jinja,2002-05-15,M,2026/06/01
KMB-C02518,Fictional Member 02518,00256700052518,member.kmb2518@example.invalid,Mbarara,2003-05-15,F,2026-06-01
KMB-C02519,Fictional Member 02519,+256700052519,member.kmb2519@example.invalid,Gulu,2004-05-15,prefer not to say,2026-06-01
KMB-C02520,  Fictional Member 02520  ,,,kampala,1970-05-15,M,01/10/2025
KMB-C02521,Fictional Member 02521,256700052521,member.kmb2521@example.invalid,Jinja,1971-05-15,F,2026-06-01
KMB-C02522,Fictional Member 02522,00256700052522,member.kmb2522@example.invalid,Mbarara,1972-05-15,prefer not to say,2026-06-01
KMB-C02523,,+256700052523,member.kmb2523@example.invalid,gulu,1973-05-15,M,2026/06/01
KMB-C02524,  Fictional Member 02524  ,0700052524,member.kmb2524@example.invalid,Kampala,1974-05-15,F,2026-06-01
KMB-C02525,Fictional Member 02525,256700052525,member.kmb2525@example.invalid,Invalid District,1975-05-15,prefer not to say,2025-10-01
KMB-C02526,Fictional Member 02526,00256700052526,member.kmb2526@example.invalid,mbarara,1976-05-15,M,2026/06/01
KMB-C02527,Fictional Member 02527,+256700052527,member.kmb2527@example.invalid,Gulu,1977-05-15,F,01/06/2026
KMB-C02528,  Fictional Member 02528  ,bad-phone,member.kmb2528@example.invalid,Kampala,1978-05-15,prefer not to say,2026-06-01
KMB-C02529,Fictional Member 02529,256700052529,member.kmb2529@example.invalid,jinja,1979-05-15,M,2026/06/01
KMB-C02530,Fictional Member 02530,00256700052530,member.kmb2530@example.invalid,Mbarara,1980-05-15,F,2025-10-01
KMB-C02531,Fictional Member 02531,+256700052531,member.kmb2531@example.invalid,Gulu,1981-05-15,prefer not to say,2026-06-01
KMB-C02532,  Fictional Member 02532  ,0700052532,member.kmb2532@example.invalid,kampala,1982-05-15,M,2026/06/01
KMB-C02533,Fictional Member 02533,256700052533,member.kmb2533@example.invalid,Jinja,1983-05-15,F,2026-06-01
KMB-C02534,Fictional Member 02534,,,Mbarara,1984-05-15,prefer not to say,01/06/2026
KMB-C02535,Fictional Member 02535,+256700052535,member.kmb2535@example.invalid,gulu,1985-05-15,M,2025/10/01
KMB-C02536,  Fictional Member 02536  ,0700052536,member.kmb2536@example.invalid,Kampala,1986-05-15,F,2026-06-01
KMB-C02537,Fictional Member 02537,256700052537,member.kmb2537@example.invalid,Jinja,1987-05-15,prefer not to say,2026-06-01
KMB-C02538,Fictional Member 02538,00256700052538,member.kmb2538@example.invalid,mbarara,1988-05-15,M,2026/06/01
KMB-C02539,Fictional Member 02539,+256700052539,member.kmb2539@example.invalid,Gulu,1989-05-15,F,2026-06-01
KMB-C02540,  Fictional Member 02540  ,0700052540,member.kmb2540@example.invalid,Kampala,1990-05-15,prefer not to say,2025-10-01
KMB-C02541,Fictional Member 02541,256700052541,bad-email,jinja,1991-05-15,M,01/06/2026
KMB-C02542,Fictional Member 02542,00256700052542,member.kmb2542@example.invalid,Mbarara,1992-05-15,F,2026-06-01
KMB-C02543,Fictional Member 02543,+256700052543,member.kmb2543@example.invalid,Gulu,1993-05-15,prefer not to say,2026-06-01
KMB-C02544,  Fictional Member 02544  ,bad-phone,member.kmb2544@example.invalid,kampala,1994-05-15,M,2026/06/01
KMB-C02545,Fictional Member 02545,256700052545,member.kmb2545@example.invalid,Jinja,1995-05-15,F,2025-10-01
KMB-C02546,Fictional Member 02546,00256700052546,member.kmb2546@example.invalid,Mbarara,1996-05-15,prefer not to say,2026-06-01
KMB-C02547,Fictional Member 02547,+256700052547,member.kmb2547@example.invalid,gulu,1997-05-15,M,2026/06/01
KMB-C02548,  Fictional Member 02548  ,,,Kampala,1998-05-15,F,01/06/2026
KMB-C02549,Fictional Member 02549,256700052549,member.kmb2549@example.invalid,Jinja,1999-05-15,prefer not to say,2026-06-01
KMB-C02550,Fictional Member 02550,00256700052550,member.kmb2550@example.invalid,Invalid District,2000-05-15,M,2025/10/01
KMB-C02551,Fictional Member 02551,+256700052551,member.kmb2551@example.invalid,Gulu,2001-05-15,F,2026-06-01
KMB-C02552,,0700052552,member.kmb2552@example.invalid,Kampala,2002-05-15,prefer not to say,2026-06-01
KMB-C02553,Fictional Member 02553,256700052553,member.kmb2553@example.invalid,jinja,2003-05-15,M,2026/06/01
KMB-C02554,Fictional Member 02554,00256700052554,member.kmb2554@example.invalid,Mbarara,2004-05-15,F,2026-06-01
KMB-C02555,Fictional Member 02555,+256700052555,member.kmb2555@example.invalid,Gulu,1970-05-15,prefer not to say,01/10/2025
KMB-C02556,  Fictional Member 02556  ,0700052556,member.kmb2556@example.invalid,kampala,1971-05-15,M,2026/06/01
KMB-C02557,Fictional Member 02557,256700052557,member.kmb2557@example.invalid,Jinja,1972-05-15,F,2026-06-01
KMB-C02558,Fictional Member 02558,00256700052558,member.kmb2558@example.invalid,Mbarara,1973-05-15,prefer not to say,2026-06-01
KMB-C02559,Fictional Member 02559,+256700052559,member.kmb2559@example.invalid,gulu,1974-05-15,M,2026/06/01
KMB-C02560,  Fictional Member 02560  ,bad-phone,member.kmb2560@example.invalid,Kampala,1975-05-15,F,2025-10-01
KMB-C02561,Fictional Member 02561,256700052561,member.kmb2561@example.invalid,Jinja,1976-05-15,prefer not to say,2026-06-01
KMB-C02562,Fictional Member 02562,,,mbarara,1977-05-15,M,01/06/2026
KMB-C02563,Fictional Member 02563,+256700052563,member.kmb2563@example.invalid,Gulu,1978-05-15,F,2026-06-01
KMB-C02564,  Fictional Member 02564  ,0700052564,member.kmb2564@example.invalid,Kampala,1979-05-15,prefer not to say,2026-06-01
KMB-C02565,Fictional Member 02565,256700052565,member.kmb2565@example.invalid,jinja,1980-05-15,M,2025/10/01
KMB-C02566,Fictional Member 02566,00256700052566,member.kmb2566@example.invalid,Mbarara,1981-05-15,F,2026-06-01
KMB-C02567,Fictional Member 02567,+256700052567,member.kmb2567@example.invalid,Gulu,1982-05-15,prefer not to say,2026-06-01
KMB-C02568,  Fictional Member 02568  ,0700052568,member.kmb2568@example.invalid,kampala,1983-05-15,M,2026/06/01
KMB-C02569,Fictional Member 02569,256700052569,member.kmb2569@example.invalid,Jinja,1984-05-15,F,01/06/2026
KMB-C02570,Fictional Member 02570,00256700052570,member.kmb2570@example.invalid,Mbarara,1985-05-15,prefer not to say,2025-10-01
KMB-C02571,Fictional Member 02571,+256700052571,member.kmb2571@example.invalid,gulu,1986-05-15,M,2026/06/01
KMB-C02572,  Fictional Member 02572  ,0700052572,member.kmb2572@example.invalid,Kampala,1987-05-15,F,2026-06-01
KMB-C02573,Fictional Member 02573,256700052573,member.kmb2573@example.invalid,Jinja,1988-05-15,prefer not to say,2026-06-01
KMB-C02574,Fictional Member 02574,00256700052574,member.kmb2574@example.invalid,mbarara,1989-05-15,M,2026/06/01
KMB-C02575,Fictional Member 02575,+256700052575,member.kmb2575@example.invalid,Invalid District,1990-05-15,F,2025-10-01
KMB-C02576,  Fictional Member 02576  ,,,Kampala,1991-05-15,prefer not to say,01/06/2026
KMB-C02577,Fictional Member 02577,256700052577,member.kmb2577@example.invalid,jinja,1992-05-15,M,2026/06/01
KMB-C02578,Fictional Member 02578,00256700052578,member.kmb2578@example.invalid,Mbarara,1993-05-15,F,2026-06-01
KMB-C02579,Fictional Member 02579,+256700052579,member.kmb2579@example.invalid,Gulu,1994-05-15,prefer not to say,2026-06-01
KMB-C02580,  Fictional Member 02580  ,0700052580,member.kmb2580@example.invalid,kampala,1995-05-15,M,2025/10/01
KMB-C02581,,256700052581,member.kmb2581@example.invalid,Jinja,1996-05-15,F,2026-06-01
KMB-C02582,Fictional Member 02582,00256700052582,member.kmb2582@example.invalid,Mbarara,1997-05-15,prefer not to say,2026-06-01
KMB-C02583,Fictional Member 02583,+256700052583,bad-email,gulu,1998-05-15,M,01/06/2026
KMB-C02584,  Fictional Member 02584  ,0700052584,member.kmb2584@example.invalid,Kampala,1999-05-15,F,2026-06-01
KMB-C02585,Fictional Member 02585,256700052585,member.kmb2585@example.invalid,Jinja,2000-05-15,prefer not to say,2025-10-01
KMB-C02586,Fictional Member 02586,00256700052586,member.kmb2586@example.invalid,mbarara,2001-05-15,M,2026/06/01
KMB-C02587,Fictional Member 02587,+256700052587,member.kmb2587@example.invalid,Gulu,2002-05-15,F,2026-06-01
KMB-C02588,  Fictional Member 02588  ,0700052588,member.kmb2588@example.invalid,Kampala,2003-05-15,prefer not to say,2026-06-01
KMB-C02589,Fictional Member 02589,256700052589,member.kmb2589@example.invalid,jinja,2004-05-15,M,2026/06/01
KMB-C02590,Fictional Member 02590,,,Mbarara,1970-05-15,F,01/10/2025
KMB-C02591,Fictional Member 02591,+256700052591,member.kmb2591@example.invalid,Gulu,1971-05-15,prefer not to say,2026-06-01
KMB-C02592,  Fictional Member 02592  ,bad-phone,member.kmb2592@example.invalid,kampala,1972-05-15,M,2026/06/01
KMB-C02593,Fictional Member 02593,256700052593,member.kmb2593@example.invalid,Jinja,1973-05-15,F,2026-06-01
KMB-C02594,Fictional Member 02594,00256700052594,member.kmb2594@example.invalid,Mbarara,1974-05-15,prefer not to say,2026-06-01
KMB-C02595,Fictional Member 02595,+256700052595,member.kmb2595@example.invalid,gulu,1975-05-15,M,2025/10/01
KMB-C02596,  Fictional Member 02596  ,0700052596,member.kmb2596@example.invalid,Kampala,1976-05-15,F,2026-06-01
KMB-C02597,Fictional Member 02597,256700052597,member.kmb2597@example.invalid,Jinja,1977-05-15,prefer not to say,01/06/2026
KMB-C02598,Fictional Member 02598,00256700052598,member.kmb2598@example.invalid,mbarara,1978-05-15,M,2026/06/01
KMB-C02599,Fictional Member 02599,+256700052599,member.kmb2599@example.invalid,Gulu,1979-05-15,F,2026-06-01
KMB-C02600,  Fictional Member 02600  ,0700052600,member.kmb2600@example.invalid,Invalid District,1980-05-15,prefer not to say,2025-10-01
KMB-C02601,Fictional Member 02601,256700052601,member.kmb2601@example.invalid,jinja,1981-05-15,M,2026/06/01
KMB-C02602,Fictional Member 02602,00256700052602,member.kmb2602@example.invalid,Mbarara,1982-05-15,F,2026-06-01
KMB-C02603,Fictional Member 02603,+256700052603,member.kmb2603@example.invalid,Gulu,1983-05-15,prefer not to say,2026-06-01
KMB-C02604,  Fictional Member 02604  ,,,kampala,1984-05-15,M,01/06/2026
KMB-C02605,Fictional Member 02605,256700052605,member.kmb2605@example.invalid,Jinja,1985-05-15,F,2025-10-01
KMB-C02606,Fictional Member 02606,00256700052606,member.kmb2606@example.invalid,Mbarara,1986-05-15,prefer not to say,2026-06-01
KMB-C02607,Fictional Member 02607,+256700052607,member.kmb2607@example.invalid,gulu,1987-05-15,M,2026/06/01
KMB-C02608,  Fictional Member 02608  ,bad-phone,member.kmb2608@example.invalid,Kampala,1988-05-15,F,2026-06-01
KMB-C02609,Fictional Member 02609,256700052609,member.kmb2609@example.invalid,Jinja,1989-05-15,prefer not to say,2026-06-01
KMB-C02610,,00256700052610,member.kmb2610@example.invalid,mbarara,1990-05-15,M,2025/10/01
KMB-C02611,Fictional Member 02611,+256700052611,member.kmb2611@example.invalid,Gulu,1991-05-15,F,01/06/2026
KMB-C02612,  Fictional Member 02612  ,0700052612,member.kmb2612@example.invalid,Kampala,1992-05-15,prefer not to say,2026-06-01
KMB-C02613,Fictional Member 02613,256700052613,member.kmb2613@example.invalid,jinja,1993-05-15,M,2026/06/01
KMB-C02614,Fictional Member 02614,00256700052614,member.kmb2614@example.invalid,Mbarara,1994-05-15,F,2026-06-01
KMB-C02615,Fictional Member 02615,+256700052615,member.kmb2615@example.invalid,Gulu,1995-05-15,prefer not to say,2025-10-01
KMB-C02616,  Fictional Member 02616  ,0700052616,member.kmb2616@example.invalid,kampala,1996-05-15,M,2026/06/01
KMB-C02617,Fictional Member 02617,256700052617,member.kmb2617@example.invalid,Jinja,1997-05-15,F,2026-06-01
KMB-C02618,Fictional Member 02618,,,Mbarara,1998-05-15,prefer not to say,01/06/2026
KMB-C02619,Fictional Member 02619,+256700052619,member.kmb2619@example.invalid,gulu,1999-05-15,M,2026/06/01
KMB-C02620,  Fictional Member 02620  ,0700052620,member.kmb2620@example.invalid,Kampala,2000-05-15,F,2025-10-01
KMB-C02621,Fictional Member 02621,256700052621,member.kmb2621@example.invalid,Jinja,2001-05-15,prefer not to say,2026-06-01
KMB-C02622,Fictional Member 02622,00256700052622,member.kmb2622@example.invalid,mbarara,2002-05-15,M,2026/06/01
KMB-C02623,Fictional Member 02623,+256700052623,member.kmb2623@example.invalid,Gulu,2003-05-15,F,2026-06-01
KMB-C02624,  Fictional Member 02624  ,bad-phone,member.kmb2624@example.invalid,Kampala,2004-05-15,prefer not to say,2026-06-01
KMB-C02625,Fictional Member 02625,256700052625,bad-email,Invalid District,1970-05-15,M,01/10/2025
KMB-C02626,Fictional Member 02626,00256700052626,member.kmb2626@example.invalid,Mbarara,1971-05-15,F,2026-06-01
KMB-C02627,Fictional Member 02627,+256700052627,member.kmb2627@example.invalid,Gulu,1972-05-15,prefer not to say,2026-06-01
KMB-C02628,  Fictional Member 02628  ,0700052628,member.kmb2628@example.invalid,kampala,1973-05-15,M,2026/06/01
KMB-C02629,Fictional Member 02629,256700052629,member.kmb2629@example.invalid,Jinja,1974-05-15,F,2026-06-01
KMB-C02630,Fictional Member 02630,00256700052630,member.kmb2630@example.invalid,Mbarara,1975-05-15,prefer not to say,2025-10-01
KMB-C02631,Fictional Member 02631,+256700052631,member.kmb2631@example.invalid,gulu,1976-05-15,M,2026/06/01
KMB-C02632,  Fictional Member 02632  ,,,Kampala,1977-05-15,F,01/06/2026
KMB-C02633,Fictional Member 02633,256700052633,member.kmb2633@example.invalid,Jinja,1978-05-15,prefer not to say,2026-06-01
KMB-C02634,Fictional Member 02634,00256700052634,member.kmb2634@example.invalid,mbarara,1979-05-15,M,2026/06/01
KMB-C02635,Fictional Member 02635,+256700052635,member.kmb2635@example.invalid,Gulu,1980-05-15,F,2025-10-01
KMB-C02636,  Fictional Member 02636  ,0700052636,member.kmb2636@example.invalid,Kampala,1981-05-15,prefer not to say,2026-06-01
KMB-C02637,Fictional Member 02637,256700052637,member.kmb2637@example.invalid,jinja,1982-05-15,M,2026/06/01
KMB-C02638,Fictional Member 02638,00256700052638,member.kmb2638@example.invalid,Mbarara,1983-05-15,F,2026-06-01
KMB-C02639,,+256700052639,member.kmb2639@example.invalid,Gulu,1984-05-15,prefer not to say,01/06/2026
KMB-C02640,  Fictional Member 02640  ,bad-phone,member.kmb2640@example.invalid,kampala,1985-05-15,M,2025/10/01
KMB-C02641,Fictional Member 02641,256700052641,member.kmb2641@example.invalid,Jinja,1986-05-15,F,2026-06-01
KMB-C02642,Fictional Member 02642,00256700052642,member.kmb2642@example.invalid,Mbarara,1987-05-15,prefer not to say,2026-06-01
KMB-C02643,Fictional Member 02643,+256700052643,member.kmb2643@example.invalid,gulu,1988-05-15,M,2026/06/01
KMB-C02644,  Fictional Member 02644  ,0700052644,member.kmb2644@example.invalid,Kampala,1989-05-15,F,2026-06-01
KMB-C02645,Fictional Member 02645,256700052645,member.kmb2645@example.invalid,Jinja,1990-05-15,prefer not to say,2025-10-01
KMB-C02646,Fictional Member 02646,,,mbarara,1991-05-15,M,01/06/2026
KMB-C02647,Fictional Member 02647,+256700052647,member.kmb2647@example.invalid,Gulu,1992-05-15,F,2026-06-01
KMB-C02648,  Fictional Member 02648  ,0700052648,member.kmb2648@example.invalid,Kampala,1993-05-15,prefer not to say,2026-06-01
KMB-C02649,Fictional Member 02649,256700052649,member.kmb2649@example.invalid,jinja,1994-05-15,M,2026/06/01
KMB-C02650,Fictional Member 02650,00256700052650,member.kmb2650@example.invalid,Invalid District,1995-05-15,F,2025-10-01
KMB-C02651,Fictional Member 02651,+256700052651,member.kmb2651@example.invalid,Gulu,1996-05-15,prefer not to say,2026-06-01
KMB-C02652,  Fictional Member 02652  ,0700052652,member.kmb2652@example.invalid,kampala,1997-05-15,M,2026/06/01
KMB-C02653,Fictional Member 02653,256700052653,member.kmb2653@example.invalid,Jinja,1998-05-15,F,01/06/2026
KMB-C02654,Fictional Member 02654,00256700052654,member.kmb2654@example.invalid,Mbarara,1999-05-15,prefer not to say,2026-06-01
KMB-C02655,Fictional Member 02655,+256700052655,member.kmb2655@example.invalid,gulu,2000-05-15,M,2025/10/01
KMB-C02656,  Fictional Member 02656  ,bad-phone,member.kmb2656@example.invalid,Kampala,2001-05-15,F,2026-06-01
KMB-C02657,Fictional Member 02657,256700052657,member.kmb2657@example.invalid,Jinja,2002-05-15,prefer not to say,2026-06-01
KMB-C02658,Fictional Member 02658,00256700052658,member.kmb2658@example.invalid,mbarara,2003-05-15,M,2026/06/01
KMB-C02659,Fictional Member 02659,+256700052659,member.kmb2659@example.invalid,Gulu,2004-05-15,F,2026-06-01
KMB-C02660,  Fictional Member 02660  ,,,Kampala,1970-05-15,prefer not to say,01/10/2025
KMB-C02661,Fictional Member 02661,256700052661,member.kmb2661@example.invalid,jinja,1971-05-15,M,2026/06/01
KMB-C02662,Fictional Member 02662,00256700052662,member.kmb2662@example.invalid,Mbarara,1972-05-15,F,2026-06-01
KMB-C02663,Fictional Member 02663,+256700052663,member.kmb2663@example.invalid,Gulu,1973-05-15,prefer not to say,2026-06-01
KMB-C02664,  Fictional Member 02664  ,0700052664,member.kmb2664@example.invalid,kampala,1974-05-15,M,2026/06/01
KMB-C02665,Fictional Member 02665,256700052665,member.kmb2665@example.invalid,Jinja,1975-05-15,F,2025-10-01
KMB-C02666,Fictional Member 02666,00256700052666,member.kmb2666@example.invalid,Mbarara,1976-05-15,prefer not to say,2026-06-01
KMB-C02667,Fictional Member 02667,+256700052667,bad-email,gulu,1977-05-15,M,01/06/2026
KMB-C02668,,0700052668,member.kmb2668@example.invalid,Kampala,1978-05-15,F,2026-06-01
KMB-C02669,Fictional Member 02669,256700052669,member.kmb2669@example.invalid,Jinja,1979-05-15,prefer not to say,2026-06-01
KMB-C02670,Fictional Member 02670,00256700052670,member.kmb2670@example.invalid,mbarara,1980-05-15,M,2025/10/01
KMB-C02671,Fictional Member 02671,+256700052671,member.kmb2671@example.invalid,Gulu,1981-05-15,F,2026-06-01
KMB-C02672,  Fictional Member 02672  ,bad-phone,member.kmb2672@example.invalid,Kampala,1982-05-15,prefer not to say,2026-06-01
KMB-C02673,Fictional Member 02673,256700052673,member.kmb2673@example.invalid,jinja,1983-05-15,M,2026/06/01
KMB-C02674,Fictional Member 02674,,,Mbarara,1984-05-15,F,01/06/2026
KMB-C02675,Fictional Member 02675,+256700052675,member.kmb2675@example.invalid,Invalid District,1985-05-15,prefer not to say,2025-10-01
KMB-C02676,  Fictional Member 02676  ,0700052676,member.kmb2676@example.invalid,kampala,1986-05-15,M,2026/06/01
KMB-C02677,Fictional Member 02677,256700052677,member.kmb2677@example.invalid,Jinja,1987-05-15,F,2026-06-01
KMB-C02678,Fictional Member 02678,00256700052678,member.kmb2678@example.invalid,Mbarara,1988-05-15,prefer not to say,2026-06-01
KMB-C02679,Fictional Member 02679,+256700052679,member.kmb2679@example.invalid,gulu,1989-05-15,M,2026/06/01
KMB-C02680,  Fictional Member 02680  ,0700052680,member.kmb2680@example.invalid,Kampala,1990-05-15,F,2025-10-01
KMB-C02681,Fictional Member 02681,256700052681,member.kmb2681@example.invalid,Jinja,1991-05-15,prefer not to say,01/06/2026
KMB-C02682,Fictional Member 02682,00256700052682,member.kmb2682@example.invalid,mbarara,1992-05-15,M,2026/06/01
KMB-C02683,Fictional Member 02683,+256700052683,member.kmb2683@example.invalid,Gulu,1993-05-15,F,2026-06-01
KMB-C02684,  Fictional Member 02684  ,0700052684,member.kmb2684@example.invalid,Kampala,1994-05-15,prefer not to say,2026-06-01
KMB-C02685,Fictional Member 02685,256700052685,member.kmb2685@example.invalid,jinja,1995-05-15,M,2025/10/01
KMB-C02686,Fictional Member 02686,00256700052686,member.kmb2686@example.invalid,Mbarara,1996-05-15,F,2026-06-01
KMB-C02687,Fictional Member 02687,+256700052687,member.kmb2687@example.invalid,Gulu,1997-05-15,prefer not to say,2026-06-01
KMB-C02688,  Fictional Member 02688  ,,,kampala,1998-05-15,M,01/06/2026
KMB-C02689,Fictional Member 02689,256700052689,member.kmb2689@example.invalid,Jinja,1999-05-15,F,2026-06-01
KMB-C02690,Fictional Member 02690,00256700052690,member.kmb2690@example.invalid,Mbarara,2000-05-15,prefer not to say,2025-10-01
KMB-C02691,Fictional Member 02691,+256700052691,member.kmb2691@example.invalid,gulu,2001-05-15,M,2026/06/01
KMB-C02692,  Fictional Member 02692  ,0700052692,member.kmb2692@example.invalid,Kampala,2002-05-15,F,2026-06-01
KMB-C02693,Fictional Member 02693,256700052693,member.kmb2693@example.invalid,Jinja,2003-05-15,prefer not to say,2026-06-01
KMB-C02694,Fictional Member 02694,00256700052694,member.kmb2694@example.invalid,mbarara,2004-05-15,M,2026/06/01
KMB-C02695,Fictional Member 02695,+256700052695,member.kmb2695@example.invalid,Gulu,1970-05-15,F,01/10/2025
KMB-C02696,  Fictional Member 02696  ,0700052696,member.kmb2696@example.invalid,Kampala,1971-05-15,prefer not to say,2026-06-01
KMB-C02697,,256700052697,member.kmb2697@example.invalid,jinja,1972-05-15,M,2026/06/01
KMB-C02698,Fictional Member 02698,00256700052698,member.kmb2698@example.invalid,Mbarara,1973-05-15,F,2026-06-01
KMB-C02699,Fictional Member 02699,+256700052699,member.kmb2699@example.invalid,Gulu,1974-05-15,prefer not to say,2026-06-01
KMB-C02700,  Fictional Member 02700  ,0700052700,member.kmb2700@example.invalid,Invalid District,1975-05-15,M,2025/10/01
KMB-C02701,Fictional Member 02701,256700052701,member.kmb2701@example.invalid,Jinja,1976-05-15,F,2026-06-01
KMB-C02702,Fictional Member 02702,,,Mbarara,1977-05-15,prefer not to say,01/06/2026
KMB-C02703,Fictional Member 02703,+256700052703,member.kmb2703@example.invalid,gulu,1978-05-15,M,2026/06/01
KMB-C02704,  Fictional Member 02704  ,bad-phone,member.kmb2704@example.invalid,Kampala,1979-05-15,F,2026-06-01
KMB-C02705,Fictional Member 02705,256700052705,member.kmb2705@example.invalid,Jinja,1980-05-15,prefer not to say,2025-10-01
KMB-C02706,Fictional Member 02706,00256700052706,member.kmb2706@example.invalid,mbarara,1981-05-15,M,2026/06/01
KMB-C02707,Fictional Member 02707,+256700052707,member.kmb2707@example.invalid,Gulu,1982-05-15,F,2026-06-01
KMB-C02708,  Fictional Member 02708  ,0700052708,member.kmb2708@example.invalid,Kampala,1983-05-15,prefer not to say,2026-06-01
KMB-C02709,Fictional Member 02709,256700052709,bad-email,jinja,1984-05-15,M,01/06/2026
KMB-C02710,Fictional Member 02710,00256700052710,member.kmb2710@example.invalid,Mbarara,1985-05-15,F,2025-10-01
KMB-C02711,Fictional Member 02711,+256700052711,member.kmb2711@example.invalid,Gulu,1986-05-15,prefer not to say,2026-06-01
KMB-C02712,  Fictional Member 02712  ,0700052712,member.kmb2712@example.invalid,kampala,1987-05-15,M,2026/06/01
KMB-C02713,Fictional Member 02713,256700052713,member.kmb2713@example.invalid,Jinja,1988-05-15,F,2026-06-01
KMB-C02714,Fictional Member 02714,00256700052714,member.kmb2714@example.invalid,Mbarara,1989-05-15,prefer not to say,2026-06-01
KMB-C02715,Fictional Member 02715,+256700052715,member.kmb2715@example.invalid,gulu,1990-05-15,M,2025/10/01
KMB-C02716,  Fictional Member 02716  ,,,Kampala,1991-05-15,F,01/06/2026
KMB-C02717,Fictional Member 02717,256700052717,member.kmb2717@example.invalid,Jinja,1992-05-15,prefer not to say,2026-06-01
KMB-C02718,Fictional Member 02718,00256700052718,member.kmb2718@example.invalid,mbarara,1993-05-15,M,2026/06/01
KMB-C02719,Fictional Member 02719,+256700052719,member.kmb2719@example.invalid,Gulu,1994-05-15,F,2026-06-01
KMB-C02720,  Fictional Member 02720  ,bad-phone,member.kmb2720@example.invalid,Kampala,1995-05-15,prefer not to say,2025-10-01
KMB-C02721,Fictional Member 02721,256700052721,member.kmb2721@example.invalid,jinja,1996-05-15,M,2026/06/01
KMB-C02722,Fictional Member 02722,00256700052722,member.kmb2722@example.invalid,Mbarara,1997-05-15,F,2026-06-01
KMB-C02723,Fictional Member 02723,+256700052723,member.kmb2723@example.invalid,Gulu,1998-05-15,prefer not to say,01/06/2026
KMB-C02724,  Fictional Member 02724  ,0700052724,member.kmb2724@example.invalid,kampala,1999-05-15,M,2026/06/01
KMB-C02725,Fictional Member 02725,256700052725,member.kmb2725@example.invalid,Invalid District,2000-05-15,F,2025-10-01
KMB-C02726,,00256700052726,member.kmb2726@example.invalid,Mbarara,2001-05-15,prefer not to say,2026-06-01
KMB-C02727,Fictional Member 02727,+256700052727,member.kmb2727@example.invalid,gulu,2002-05-15,M,2026/06/01
KMB-C02728,  Fictional Member 02728  ,0700052728,member.kmb2728@example.invalid,Kampala,2003-05-15,F,2026-06-01
KMB-C02729,Fictional Member 02729,256700052729,member.kmb2729@example.invalid,Jinja,2004-05-15,prefer not to say,2026-06-01
KMB-C02730,Fictional Member 02730,,,mbarara,1970-05-15,M,01/10/2025
KMB-C02731,Fictional Member 02731,+256700052731,member.kmb2731@example.invalid,Gulu,1971-05-15,F,2026-06-01
KMB-C02732,  Fictional Member 02732  ,0700052732,member.kmb2732@example.invalid,Kampala,1972-05-15,prefer not to say,2026-06-01
KMB-C02733,Fictional Member 02733,256700052733,member.kmb2733@example.invalid,jinja,1973-05-15,M,2026/06/01
KMB-C02734,Fictional Member 02734,00256700052734,member.kmb2734@example.invalid,Mbarara,1974-05-15,F,2026-06-01
KMB-C02735,Fictional Member 02735,+256700052735,member.kmb2735@example.invalid,Gulu,1975-05-15,prefer not to say,2025-10-01
KMB-C02736,  Fictional Member 02736  ,bad-phone,member.kmb2736@example.invalid,kampala,1976-05-15,M,2026/06/01
KMB-C02737,Fictional Member 02737,256700052737,member.kmb2737@example.invalid,Jinja,1977-05-15,F,01/06/2026
KMB-C02738,Fictional Member 02738,00256700052738,member.kmb2738@example.invalid,Mbarara,1978-05-15,prefer not to say,2026-06-01
KMB-C02739,Fictional Member 02739,+256700052739,member.kmb2739@example.invalid,gulu,1979-05-15,M,2026/06/01
KMB-C02740,  Fictional Member 02740  ,0700052740,member.kmb2740@example.invalid,Kampala,1980-05-15,F,2025-10-01
KMB-C02741,Fictional Member 02741,256700052741,member.kmb2741@example.invalid,Jinja,1981-05-15,prefer not to say,2026-06-01
KMB-C02742,Fictional Member 02742,00256700052742,member.kmb2742@example.invalid,mbarara,1982-05-15,M,2026/06/01
KMB-C02743,Fictional Member 02743,+256700052743,member.kmb2743@example.invalid,Gulu,1983-05-15,F,2026-06-01
KMB-C02744,  Fictional Member 02744  ,,,Kampala,1984-05-15,prefer not to say,01/06/2026
KMB-C02745,Fictional Member 02745,256700052745,member.kmb2745@example.invalid,jinja,1985-05-15,M,2025/10/01
KMB-C02746,Fictional Member 02746,00256700052746,member.kmb2746@example.invalid,Mbarara,1986-05-15,F,2026-06-01
KMB-C02747,Fictional Member 02747,+256700052747,member.kmb2747@example.invalid,Gulu,1987-05-15,prefer not to say,2026-06-01
KMB-C02748,  Fictional Member 02748  ,0700052748,member.kmb2748@example.invalid,kampala,1988-05-15,M,2026/06/01
KMB-C02749,Fictional Member 02749,256700052749,member.kmb2749@example.invalid,Jinja,1989-05-15,F,2026-06-01
KMB-C02750,Fictional Member 02750,00256700052750,member.kmb2750@example.invalid,Invalid District,1990-05-15,prefer not to say,2025-10-01
KMB-C02751,Fictional Member 02751,+256700052751,bad-email,gulu,1991-05-15,M,01/06/2026
KMB-C02752,  Fictional Member 02752  ,bad-phone,member.kmb2752@example.invalid,Kampala,1992-05-15,F,2026-06-01
KMB-C02753,Fictional Member 02753,256700052753,member.kmb2753@example.invalid,Jinja,1993-05-15,prefer not to say,2026-06-01
KMB-C02754,Fictional Member 02754,00256700052754,member.kmb2754@example.invalid,mbarara,1994-05-15,M,2026/06/01
KMB-C02755,,+256700052755,member.kmb2755@example.invalid,Gulu,1995-05-15,F,2025-10-01
KMB-C02756,  Fictional Member 02756  ,0700052756,member.kmb2756@example.invalid,Kampala,1996-05-15,prefer not to say,2026-06-01
KMB-C02757,Fictional Member 02757,256700052757,member.kmb2757@example.invalid,jinja,1997-05-15,M,2026/06/01
KMB-C02758,Fictional Member 02758,,,Mbarara,1998-05-15,F,01/06/2026
KMB-C02759,Fictional Member 02759,+256700052759,member.kmb2759@example.invalid,Gulu,1999-05-15,prefer not to say,2026-06-01
KMB-C02760,  Fictional Member 02760  ,0700052760,member.kmb2760@example.invalid,kampala,2000-05-15,M,2025/10/01
KMB-C02761,Fictional Member 02761,256700052761,member.kmb2761@example.invalid,Jinja,2001-05-15,F,2026-06-01
KMB-C02762,Fictional Member 02762,00256700052762,member.kmb2762@example.invalid,Mbarara,2002-05-15,prefer not to say,2026-06-01
KMB-C02763,Fictional Member 02763,+256700052763,member.kmb2763@example.invalid,gulu,2003-05-15,M,2026/06/01
KMB-C02764,  Fictional Member 02764  ,0700052764,member.kmb2764@example.invalid,Kampala,2004-05-15,F,2026-06-01
KMB-C02765,Fictional Member 02765,256700052765,member.kmb2765@example.invalid,Jinja,1970-05-15,prefer not to say,01/10/2025
KMB-C02766,Fictional Member 02766,00256700052766,member.kmb2766@example.invalid,mbarara,1971-05-15,M,2026/06/01
KMB-C02767,Fictional Member 02767,+256700052767,member.kmb2767@example.invalid,Gulu,1972-05-15,F,2026-06-01
KMB-C02768,  Fictional Member 02768  ,bad-phone,member.kmb2768@example.invalid,Kampala,1973-05-15,prefer not to say,2026-06-01
KMB-C02769,Fictional Member 02769,256700052769,member.kmb2769@example.invalid,jinja,1974-05-15,M,2026/06/01
KMB-C02770,Fictional Member 02770,00256700052770,member.kmb2770@example.invalid,Mbarara,1975-05-15,F,2025-10-01
KMB-C02771,Fictional Member 02771,+256700052771,member.kmb2771@example.invalid,Gulu,1976-05-15,prefer not to say,2026-06-01
KMB-C02772,  Fictional Member 02772  ,,,kampala,1977-05-15,M,01/06/2026
KMB-C02773,Fictional Member 02773,256700052773,member.kmb2773@example.invalid,Jinja,1978-05-15,F,2026-06-01
KMB-C02774,Fictional Member 02774,00256700052774,member.kmb2774@example.invalid,Mbarara,1979-05-15,prefer not to say,2026-06-01
KMB-C02775,Fictional Member 02775,+256700052775,member.kmb2775@example.invalid,Invalid District,1980-05-15,M,2025/10/01
KMB-C02776,  Fictional Member 02776  ,0700052776,member.kmb2776@example.invalid,Kampala,1981-05-15,F,2026-06-01
KMB-C02777,Fictional Member 02777,256700052777,member.kmb2777@example.invalid,Jinja,1982-05-15,prefer not to say,2026-06-01
KMB-C02778,Fictional Member 02778,00256700052778,member.kmb2778@example.invalid,mbarara,1983-05-15,M,2026/06/01
KMB-C02779,Fictional Member 02779,+256700052779,member.kmb2779@example.invalid,Gulu,1984-05-15,F,01/06/2026
KMB-C02780,  Fictional Member 02780  ,0700052780,member.kmb2780@example.invalid,Kampala,1985-05-15,prefer not to say,2025-10-01
KMB-C02781,Fictional Member 02781,256700052781,member.kmb2781@example.invalid,jinja,1986-05-15,M,2026/06/01
KMB-C02782,Fictional Member 02782,00256700052782,member.kmb2782@example.invalid,Mbarara,1987-05-15,F,2026-06-01
KMB-C02783,Fictional Member 02783,+256700052783,member.kmb2783@example.invalid,Gulu,1988-05-15,prefer not to say,2026-06-01
KMB-C02784,,bad-phone,member.kmb2784@example.invalid,kampala,1989-05-15,M,2026/06/01
KMB-C02785,Fictional Member 02785,256700052785,member.kmb2785@example.invalid,Jinja,1990-05-15,F,2025-10-01
KMB-C02786,Fictional Member 02786,,,Mbarara,1991-05-15,prefer not to say,01/06/2026
KMB-C02787,Fictional Member 02787,+256700052787,member.kmb2787@example.invalid,gulu,1992-05-15,M,2026/06/01
KMB-C02788,  Fictional Member 02788  ,0700052788,member.kmb2788@example.invalid,Kampala,1993-05-15,F,2026-06-01
KMB-C02789,Fictional Member 02789,256700052789,member.kmb2789@example.invalid,Jinja,1994-05-15,prefer not to say,2026-06-01
KMB-C02790,Fictional Member 02790,00256700052790,member.kmb2790@example.invalid,mbarara,1995-05-15,M,2025/10/01
KMB-C02791,Fictional Member 02791,+256700052791,member.kmb2791@example.invalid,Gulu,1996-05-15,F,2026-06-01
KMB-C02792,  Fictional Member 02792  ,0700052792,member.kmb2792@example.invalid,Kampala,1997-05-15,prefer not to say,2026-06-01
KMB-C02793,Fictional Member 02793,256700052793,bad-email,jinja,1998-05-15,M,01/06/2026
KMB-C02794,Fictional Member 02794,00256700052794,member.kmb2794@example.invalid,Mbarara,1999-05-15,F,2026-06-01
KMB-C02795,Fictional Member 02795,+256700052795,member.kmb2795@example.invalid,Gulu,2000-05-15,prefer not to say,2025-10-01
KMB-C02796,  Fictional Member 02796  ,0700052796,member.kmb2796@example.invalid,kampala,2001-05-15,M,2026/06/01
KMB-C02797,Fictional Member 02797,256700052797,member.kmb2797@example.invalid,Jinja,2002-05-15,F,2026-06-01
KMB-C02798,Fictional Member 02798,00256700052798,member.kmb2798@example.invalid,Mbarara,2003-05-15,prefer not to say,2026-06-01
KMB-C02799,Fictional Member 02799,+256700052799,member.kmb2799@example.invalid,gulu,2004-05-15,M,2026/06/01
KMB-C02800,  Fictional Member 02800  ,,,Invalid District,1970-05-15,F,01/10/2025
KMB-C02801,Fictional Member 02801,256700052801,member.kmb2801@example.invalid,Jinja,1971-05-15,prefer not to say,2026-06-01
KMB-C02802,Fictional Member 02802,00256700052802,member.kmb2802@example.invalid,mbarara,1972-05-15,M,2026/06/01
KMB-C02803,Fictional Member 02803,+256700052803,member.kmb2803@example.invalid,Gulu,1973-05-15,F,2026-06-01
KMB-C02804,  Fictional Member 02804  ,0700052804,member.kmb2804@example.invalid,Kampala,1974-05-15,prefer not to say,2026-06-01
KMB-C02805,Fictional Member 02805,256700052805,member.kmb2805@example.invalid,jinja,1975-05-15,M,2025/10/01
KMB-C02806,Fictional Member 02806,00256700052806,member.kmb2806@example.invalid,Mbarara,1976-05-15,F,2026-06-01
KMB-C02807,Fictional Member 02807,+256700052807,member.kmb2807@example.invalid,Gulu,1977-05-15,prefer not to say,01/06/2026
KMB-C02808,  Fictional Member 02808  ,0700052808,member.kmb2808@example.invalid,kampala,1978-05-15,M,2026/06/01
KMB-C02809,Fictional Member 02809,256700052809,member.kmb2809@example.invalid,Jinja,1979-05-15,F,2026-06-01
KMB-C02810,Fictional Member 02810,00256700052810,member.kmb2810@example.invalid,Mbarara,1980-05-15,prefer not to say,2025-10-01
KMB-C02811,Fictional Member 02811,+256700052811,member.kmb2811@example.invalid,gulu,1981-05-15,M,2026/06/01
KMB-C02812,  Fictional Member 02812  ,0700052812,member.kmb2812@example.invalid,Kampala,1982-05-15,F,2026-06-01
KMB-C02813,,256700052813,member.kmb2813@example.invalid,Jinja,1983-05-15,prefer not to say,2026-06-01
KMB-C02814,Fictional Member 02814,,,mbarara,1984-05-15,M,01/06/2026
KMB-C02815,Fictional Member 02815,+256700052815,member.kmb2815@example.invalid,Gulu,1985-05-15,F,2025-10-01
KMB-C02816,  Fictional Member 02816  ,bad-phone,member.kmb2816@example.invalid,Kampala,1986-05-15,prefer not to say,2026-06-01
KMB-C02817,Fictional Member 02817,256700052817,member.kmb2817@example.invalid,jinja,1987-05-15,M,2026/06/01
KMB-C02818,Fictional Member 02818,00256700052818,member.kmb2818@example.invalid,Mbarara,1988-05-15,F,2026-06-01
KMB-C02819,Fictional Member 02819,+256700052819,member.kmb2819@example.invalid,Gulu,1989-05-15,prefer not to say,2026-06-01
KMB-C02820,  Fictional Member 02820  ,0700052820,member.kmb2820@example.invalid,kampala,1990-05-15,M,2025/10/01
KMB-C02821,Fictional Member 02821,256700052821,member.kmb2821@example.invalid,Jinja,1991-05-15,F,01/06/2026
KMB-C02822,Fictional Member 02822,00256700052822,member.kmb2822@example.invalid,Mbarara,1992-05-15,prefer not to say,2026-06-01
KMB-C02823,Fictional Member 02823,+256700052823,member.kmb2823@example.invalid,gulu,1993-05-15,M,2026/06/01
KMB-C02824,  Fictional Member 02824  ,0700052824,member.kmb2824@example.invalid,Kampala,1994-05-15,F,2026-06-01
KMB-C02825,Fictional Member 02825,256700052825,member.kmb2825@example.invalid,Invalid District,1995-05-15,prefer not to say,2025-10-01
KMB-C02826,Fictional Member 02826,00256700052826,member.kmb2826@example.invalid,mbarara,1996-05-15,M,2026/06/01
KMB-C02827,Fictional Member 02827,+256700052827,member.kmb2827@example.invalid,Gulu,1997-05-15,F,2026-06-01
KMB-C02828,  Fictional Member 02828  ,,,Kampala,1998-05-15,prefer not to say,01/06/2026
KMB-C02829,Fictional Member 02829,256700052829,member.kmb2829@example.invalid,jinja,1999-05-15,M,2026/06/01
KMB-C02830,Fictional Member 02830,00256700052830,member.kmb2830@example.invalid,Mbarara,2000-05-15,F,2025-10-01
KMB-C02831,Fictional Member 02831,+256700052831,member.kmb2831@example.invalid,Gulu,2001-05-15,prefer not to say,2026-06-01
KMB-C02832,  Fictional Member 02832  ,bad-phone,member.kmb2832@example.invalid,kampala,2002-05-15,M,2026/06/01
KMB-C02833,Fictional Member 02833,256700052833,member.kmb2833@example.invalid,Jinja,2003-05-15,F,2026-06-01
KMB-C02834,Fictional Member 02834,00256700052834,member.kmb2834@example.invalid,Mbarara,2004-05-15,prefer not to say,2026-06-01
KMB-C02835,Fictional Member 02835,+256700052835,bad-email,gulu,1970-05-15,M,01/10/2025
KMB-C02836,  Fictional Member 02836  ,0700052836,member.kmb2836@example.invalid,Kampala,1971-05-15,F,2026-06-01
KMB-C02837,Fictional Member 02837,256700052837,member.kmb2837@example.invalid,Jinja,1972-05-15,prefer not to say,2026-06-01
KMB-C02838,Fictional Member 02838,00256700052838,member.kmb2838@example.invalid,mbarara,1973-05-15,M,2026/06/01
KMB-C02839,Fictional Member 02839,+256700052839,member.kmb2839@example.invalid,Gulu,1974-05-15,F,2026-06-01
KMB-C02840,  Fictional Member 02840  ,0700052840,member.kmb2840@example.invalid,Kampala,1975-05-15,prefer not to say,2025-10-01
KMB-C02841,Fictional Member 02841,256700052841,member.kmb2841@example.invalid,jinja,1976-05-15,M,2026/06/01
KMB-C02842,,,,Mbarara,1977-05-15,F,01/06/2026
KMB-C02843,Fictional Member 02843,+256700052843,member.kmb2843@example.invalid,Gulu,1978-05-15,prefer not to say,2026-06-01
KMB-C02844,  Fictional Member 02844  ,0700052844,member.kmb2844@example.invalid,kampala,1979-05-15,M,2026/06/01
KMB-C02845,Fictional Member 02845,256700052845,member.kmb2845@example.invalid,Jinja,1980-05-15,F,2025-10-01
KMB-C02846,Fictional Member 02846,00256700052846,member.kmb2846@example.invalid,Mbarara,1981-05-15,prefer not to say,2026-06-01
KMB-C02847,Fictional Member 02847,+256700052847,member.kmb2847@example.invalid,gulu,1982-05-15,M,2026/06/01
KMB-C02848,  Fictional Member 02848  ,bad-phone,member.kmb2848@example.invalid,Kampala,1983-05-15,F,2026-06-01
KMB-C02849,Fictional Member 02849,256700052849,member.kmb2849@example.invalid,Jinja,1984-05-15,prefer not to say,01/06/2026
KMB-C02850,Fictional Member 02850,00256700052850,member.kmb2850@example.invalid,Invalid District,1985-05-15,M,2025/10/01
KMB-C02851,Fictional Member 02851,+256700052851,member.kmb2851@example.invalid,Gulu,1986-05-15,F,2026-06-01
KMB-C02852,  Fictional Member 02852  ,0700052852,member.kmb2852@example.invalid,Kampala,1987-05-15,prefer not to say,2026-06-01
KMB-C02853,Fictional Member 02853,256700052853,member.kmb2853@example.invalid,jinja,1988-05-15,M,2026/06/01
KMB-C02854,Fictional Member 02854,00256700052854,member.kmb2854@example.invalid,Mbarara,1989-05-15,F,2026-06-01
KMB-C02855,Fictional Member 02855,+256700052855,member.kmb2855@example.invalid,Gulu,1990-05-15,prefer not to say,2025-10-01
KMB-C02856,  Fictional Member 02856  ,,,kampala,1991-05-15,M,01/06/2026
KMB-C02857,Fictional Member 02857,256700052857,member.kmb2857@example.invalid,Jinja,1992-05-15,F,2026-06-01
KMB-C02858,Fictional Member 02858,00256700052858,member.kmb2858@example.invalid,Mbarara,1993-05-15,prefer not to say,2026-06-01
KMB-C02859,Fictional Member 02859,+256700052859,member.kmb2859@example.invalid,gulu,1994-05-15,M,2026/06/01
KMB-C02860,  Fictional Member 02860  ,0700052860,member.kmb2860@example.invalid,Kampala,1995-05-15,F,2025-10-01
KMB-C02861,Fictional Member 02861,256700052861,member.kmb2861@example.invalid,Jinja,1996-05-15,prefer not to say,2026-06-01
KMB-C02862,Fictional Member 02862,00256700052862,member.kmb2862@example.invalid,mbarara,1997-05-15,M,2026/06/01
KMB-C02863,Fictional Member 02863,+256700052863,member.kmb2863@example.invalid,Gulu,1998-05-15,F,01/06/2026
KMB-C02864,  Fictional Member 02864  ,bad-phone,member.kmb2864@example.invalid,Kampala,1999-05-15,prefer not to say,2026-06-01
KMB-C02865,Fictional Member 02865,256700052865,member.kmb2865@example.invalid,jinja,2000-05-15,M,2025/10/01
KMB-C02866,Fictional Member 02866,00256700052866,member.kmb2866@example.invalid,Mbarara,2001-05-15,F,2026-06-01
KMB-C02867,Fictional Member 02867,+256700052867,member.kmb2867@example.invalid,Gulu,2002-05-15,prefer not to say,2026-06-01
KMB-C02868,  Fictional Member 02868  ,0700052868,member.kmb2868@example.invalid,kampala,2003-05-15,M,2026/06/01
KMB-C02869,Fictional Member 02869,256700052869,member.kmb2869@example.invalid,Jinja,2004-05-15,F,2026-06-01
KMB-C02870,Fictional Member 02870,,,Mbarara,1970-05-15,prefer not to say,01/10/2025
KMB-C02871,,+256700052871,member.kmb2871@example.invalid,gulu,1971-05-15,M,2026/06/01
KMB-C02872,  Fictional Member 02872  ,0700052872,member.kmb2872@example.invalid,Kampala,1972-05-15,F,2026-06-01
KMB-C02873,Fictional Member 02873,256700052873,member.kmb2873@example.invalid,Jinja,1973-05-15,prefer not to say,2026-06-01
KMB-C02874,Fictional Member 02874,00256700052874,member.kmb2874@example.invalid,mbarara,1974-05-15,M,2026/06/01
KMB-C02875,Fictional Member 02875,+256700052875,member.kmb2875@example.invalid,Invalid District,1975-05-15,F,2025-10-01
KMB-C02876,  Fictional Member 02876  ,0700052876,member.kmb2876@example.invalid,Kampala,1976-05-15,prefer not to say,2026-06-01
KMB-C02877,Fictional Member 02877,256700052877,bad-email,jinja,1977-05-15,M,01/06/2026
KMB-C02878,Fictional Member 02878,00256700052878,member.kmb2878@example.invalid,Mbarara,1978-05-15,F,2026-06-01
KMB-C02879,Fictional Member 02879,+256700052879,member.kmb2879@example.invalid,Gulu,1979-05-15,prefer not to say,2026-06-01
KMB-C02880,  Fictional Member 02880  ,bad-phone,member.kmb2880@example.invalid,kampala,1980-05-15,M,2025/10/01
KMB-C02881,Fictional Member 02881,256700052881,member.kmb2881@example.invalid,Jinja,1981-05-15,F,2026-06-01
KMB-C02882,Fictional Member 02882,00256700052882,member.kmb2882@example.invalid,Mbarara,1982-05-15,prefer not to say,2026-06-01
KMB-C02883,Fictional Member 02883,+256700052883,member.kmb2883@example.invalid,gulu,1983-05-15,M,2026/06/01
KMB-C02884,  Fictional Member 02884  ,,,Kampala,1984-05-15,F,01/06/2026
KMB-C02885,Fictional Member 02885,256700052885,member.kmb2885@example.invalid,Jinja,1985-05-15,prefer not to say,2025-10-01
KMB-C02886,Fictional Member 02886,00256700052886,member.kmb2886@example.invalid,mbarara,1986-05-15,M,2026/06/01
KMB-C02887,Fictional Member 02887,+256700052887,member.kmb2887@example.invalid,Gulu,1987-05-15,F,2026-06-01
KMB-C02888,  Fictional Member 02888  ,0700052888,member.kmb2888@example.invalid,Kampala,1988-05-15,prefer not to say,2026-06-01
KMB-C02889,Fictional Member 02889,256700052889,member.kmb2889@example.invalid,jinja,1989-05-15,M,2026/06/01
KMB-C02890,Fictional Member 02890,00256700052890,member.kmb2890@example.invalid,Mbarara,1990-05-15,F,2025-10-01
KMB-C02891,Fictional Member 02891,+256700052891,member.kmb2891@example.invalid,Gulu,1991-05-15,prefer not to say,01/06/2026
KMB-C02892,  Fictional Member 02892  ,0700052892,member.kmb2892@example.invalid,kampala,1992-05-15,M,2026/06/01
KMB-C02893,Fictional Member 02893,256700052893,member.kmb2893@example.invalid,Jinja,1993-05-15,F,2026-06-01
KMB-C02894,Fictional Member 02894,00256700052894,member.kmb2894@example.invalid,Mbarara,1994-05-15,prefer not to say,2026-06-01
KMB-C02895,Fictional Member 02895,+256700052895,member.kmb2895@example.invalid,gulu,1995-05-15,M,2025/10/01
KMB-C02896,  Fictional Member 02896  ,bad-phone,member.kmb2896@example.invalid,Kampala,1996-05-15,F,2026-06-01
KMB-C02897,Fictional Member 02897,256700052897,member.kmb2897@example.invalid,Jinja,1997-05-15,prefer not to say,2026-06-01
KMB-C02898,Fictional Member 02898,,,mbarara,1998-05-15,M,01/06/2026
KMB-C02899,Fictional Member 02899,+256700052899,member.kmb2899@example.invalid,Gulu,1999-05-15,F,2026-06-01
KMB-C02900,,0700052900,member.kmb2900@example.invalid,Invalid District,2000-05-15,prefer not to say,2025-10-01
KMB-C02901,Fictional Member 02901,256700052901,member.kmb2901@example.invalid,jinja,2001-05-15,M,2026/06/01
KMB-C02902,Fictional Member 02902,00256700052902,member.kmb2902@example.invalid,Mbarara,2002-05-15,F,2026-06-01
KMB-C02903,Fictional Member 02903,+256700052903,member.kmb2903@example.invalid,Gulu,2003-05-15,prefer not to say,2026-06-01
KMB-C02904,  Fictional Member 02904  ,0700052904,member.kmb2904@example.invalid,kampala,2004-05-15,M,2026/06/01
KMB-C02905,Fictional Member 02905,256700052905,member.kmb2905@example.invalid,Jinja,1970-05-15,F,01/10/2025
KMB-C02906,Fictional Member 02906,00256700052906,member.kmb2906@example.invalid,Mbarara,1971-05-15,prefer not to say,2026-06-01
KMB-C02907,Fictional Member 02907,+256700052907,member.kmb2907@example.invalid,gulu,1972-05-15,M,2026/06/01
KMB-C02908,  Fictional Member 02908  ,0700052908,member.kmb2908@example.invalid,Kampala,1973-05-15,F,2026-06-01
KMB-C02909,Fictional Member 02909,256700052909,member.kmb2909@example.invalid,Jinja,1974-05-15,prefer not to say,2026-06-01
KMB-C02910,Fictional Member 02910,00256700052910,member.kmb2910@example.invalid,mbarara,1975-05-15,M,2025/10/01
KMB-C02911,Fictional Member 02911,+256700052911,member.kmb2911@example.invalid,Gulu,1976-05-15,F,2026-06-01
KMB-C02912,  Fictional Member 02912  ,,,Kampala,1977-05-15,prefer not to say,01/06/2026
KMB-C02913,Fictional Member 02913,256700052913,member.kmb2913@example.invalid,jinja,1978-05-15,M,2026/06/01
KMB-C02914,Fictional Member 02914,00256700052914,member.kmb2914@example.invalid,Mbarara,1979-05-15,F,2026-06-01
KMB-C02915,Fictional Member 02915,+256700052915,member.kmb2915@example.invalid,Gulu,1980-05-15,prefer not to say,2025-10-01
KMB-C02916,  Fictional Member 02916  ,0700052916,member.kmb2916@example.invalid,kampala,1981-05-15,M,2026/06/01
KMB-C02917,Fictional Member 02917,256700052917,member.kmb2917@example.invalid,Jinja,1982-05-15,F,2026-06-01
KMB-C02918,Fictional Member 02918,00256700052918,member.kmb2918@example.invalid,Mbarara,1983-05-15,prefer not to say,2026-06-01
KMB-C02919,Fictional Member 02919,+256700052919,bad-email,gulu,1984-05-15,M,01/06/2026
KMB-C02920,  Fictional Member 02920  ,0700052920,member.kmb2920@example.invalid,Kampala,1985-05-15,F,2025-10-01
KMB-C02921,Fictional Member 02921,256700052921,member.kmb2921@example.invalid,Jinja,1986-05-15,prefer not to say,2026-06-01
KMB-C02922,Fictional Member 02922,00256700052922,member.kmb2922@example.invalid,mbarara,1987-05-15,M,2026/06/01
KMB-C02923,Fictional Member 02923,+256700052923,member.kmb2923@example.invalid,Gulu,1988-05-15,F,2026-06-01
KMB-C02924,  Fictional Member 02924  ,0700052924,member.kmb2924@example.invalid,Kampala,1989-05-15,prefer not to say,2026-06-01
KMB-C02925,Fictional Member 02925,256700052925,member.kmb2925@example.invalid,Invalid District,1990-05-15,M,2025/10/01
KMB-C02926,Fictional Member 02926,,,Mbarara,1991-05-15,F,01/06/2026
KMB-C02927,Fictional Member 02927,+256700052927,member.kmb2927@example.invalid,Gulu,1992-05-15,prefer not to say,2026-06-01
KMB-C02928,  Fictional Member 02928  ,bad-phone,member.kmb2928@example.invalid,kampala,1993-05-15,M,2026/06/01
KMB-C02929,,256700052929,member.kmb2929@example.invalid,Jinja,1994-05-15,F,2026-06-01
KMB-C02930,Fictional Member 02930,00256700052930,member.kmb2930@example.invalid,Mbarara,1995-05-15,prefer not to say,2025-10-01
KMB-C02931,Fictional Member 02931,+256700052931,member.kmb2931@example.invalid,gulu,1996-05-15,M,2026/06/01
KMB-C02932,  Fictional Member 02932  ,0700052932,member.kmb2932@example.invalid,Kampala,1997-05-15,F,2026-06-01
KMB-C02933,Fictional Member 02933,256700052933,member.kmb2933@example.invalid,Jinja,1998-05-15,prefer not to say,01/06/2026
KMB-C02934,Fictional Member 02934,00256700052934,member.kmb2934@example.invalid,mbarara,1999-05-15,M,2026/06/01
KMB-C02935,Fictional Member 02935,+256700052935,member.kmb2935@example.invalid,Gulu,2000-05-15,F,2025-10-01
KMB-C02936,  Fictional Member 02936  ,0700052936,member.kmb2936@example.invalid,Kampala,2001-05-15,prefer not to say,2026-06-01
KMB-C02937,Fictional Member 02937,256700052937,member.kmb2937@example.invalid,jinja,2002-05-15,M,2026/06/01
KMB-C02938,Fictional Member 02938,00256700052938,member.kmb2938@example.invalid,Mbarara,2003-05-15,F,2026-06-01
KMB-C02939,Fictional Member 02939,+256700052939,member.kmb2939@example.invalid,Gulu,2004-05-15,prefer not to say,2026-06-01
KMB-C02940,  Fictional Member 02940  ,,,kampala,1970-05-15,M,01/10/2025
KMB-C02941,Fictional Member 02941,256700052941,member.kmb2941@example.invalid,Jinja,1971-05-15,F,2026-06-01
KMB-C02942,Fictional Member 02942,00256700052942,member.kmb2942@example.invalid,Mbarara,1972-05-15,prefer not to say,2026-06-01
KMB-C02943,Fictional Member 02943,+256700052943,member.kmb2943@example.invalid,gulu,1973-05-15,M,2026/06/01
KMB-C02944,  Fictional Member 02944  ,bad-phone,member.kmb2944@example.invalid,Kampala,1974-05-15,F,2026-06-01
KMB-C02945,Fictional Member 02945,256700052945,member.kmb2945@example.invalid,Jinja,1975-05-15,prefer not to say,2025-10-01
KMB-C02946,Fictional Member 02946,00256700052946,member.kmb2946@example.invalid,mbarara,1976-05-15,M,2026/06/01
KMB-C02947,Fictional Member 02947,+256700052947,member.kmb2947@example.invalid,Gulu,1977-05-15,F,01/06/2026
KMB-C02948,  Fictional Member 02948  ,0700052948,member.kmb2948@example.invalid,Kampala,1978-05-15,prefer not to say,2026-06-01
KMB-C02949,Fictional Member 02949,256700052949,member.kmb2949@example.invalid,jinja,1979-05-15,M,2026/06/01
KMB-C02950,Fictional Member 02950,00256700052950,member.kmb2950@example.invalid,Invalid District,1980-05-15,F,2025-10-01
KMB-C02951,Fictional Member 02951,+256700052951,member.kmb2951@example.invalid,Gulu,1981-05-15,prefer not to say,2026-06-01
KMB-C02952,  Fictional Member 02952  ,0700052952,member.kmb2952@example.invalid,kampala,1982-05-15,M,2026/06/01
KMB-C02953,Fictional Member 02953,256700052953,member.kmb2953@example.invalid,Jinja,1983-05-15,F,2026-06-01
KMB-C02954,Fictional Member 02954,,,Mbarara,1984-05-15,prefer not to say,01/06/2026
KMB-C02955,Fictional Member 02955,+256700052955,member.kmb2955@example.invalid,gulu,1985-05-15,M,2025/10/01
KMB-C02956,  Fictional Member 02956  ,0700052956,member.kmb2956@example.invalid,Kampala,1986-05-15,F,2026-06-01
KMB-C02957,Fictional Member 02957,256700052957,member.kmb2957@example.invalid,Jinja,1987-05-15,prefer not to say,2026-06-01
KMB-C02958,,00256700052958,member.kmb2958@example.invalid,mbarara,1988-05-15,M,2026/06/01
KMB-C02959,Fictional Member 02959,+256700052959,member.kmb2959@example.invalid,Gulu,1989-05-15,F,2026-06-01
KMB-C02960,  Fictional Member 02960  ,bad-phone,member.kmb2960@example.invalid,Kampala,1990-05-15,prefer not to say,2025-10-01
KMB-C02961,Fictional Member 02961,256700052961,bad-email,jinja,1991-05-15,M,01/06/2026
KMB-C02962,Fictional Member 02962,00256700052962,member.kmb2962@example.invalid,Mbarara,1992-05-15,F,2026-06-01
KMB-C02963,Fictional Member 02963,+256700052963,member.kmb2963@example.invalid,Gulu,1993-05-15,prefer not to say,2026-06-01
KMB-C02964,  Fictional Member 02964  ,0700052964,member.kmb2964@example.invalid,kampala,1994-05-15,M,2026/06/01
KMB-C02965,Fictional Member 02965,256700052965,member.kmb2965@example.invalid,Jinja,1995-05-15,F,2025-10-01
KMB-C02966,Fictional Member 02966,00256700052966,member.kmb2966@example.invalid,Mbarara,1996-05-15,prefer not to say,2026-06-01
KMB-C02967,Fictional Member 02967,+256700052967,member.kmb2967@example.invalid,gulu,1997-05-15,M,2026/06/01
KMB-C02968,  Fictional Member 02968  ,,,Kampala,1998-05-15,F,01/06/2026
KMB-C02969,Fictional Member 02969,256700052969,member.kmb2969@example.invalid,Jinja,1999-05-15,prefer not to say,2026-06-01
KMB-C02970,Fictional Member 02970,00256700052970,member.kmb2970@example.invalid,mbarara,2000-05-15,M,2025/10/01
KMB-C02971,Fictional Member 02971,+256700052971,member.kmb2971@example.invalid,Gulu,2001-05-15,F,2026-06-01
KMB-C02972,  Fictional Member 02972  ,0700052972,member.kmb2972@example.invalid,Kampala,2002-05-15,prefer not to say,2026-06-01
KMB-C02973,Fictional Member 02973,256700052973,member.kmb2973@example.invalid,jinja,2003-05-15,M,2026/06/01
KMB-C02974,Fictional Member 02974,00256700052974,member.kmb2974@example.invalid,Mbarara,2004-05-15,F,2026-06-01
KMB-C02975,Fictional Member 02975,+256700052975,member.kmb2975@example.invalid,Invalid District,1970-05-15,prefer not to say,01/10/2025
KMB-C02976,  Fictional Member 02976  ,bad-phone,member.kmb2976@example.invalid,kampala,1971-05-15,M,2026/06/01
KMB-C02977,Fictional Member 02977,256700052977,member.kmb2977@example.invalid,Jinja,1972-05-15,F,2026-06-01
KMB-C02978,Fictional Member 02978,00256700052978,member.kmb2978@example.invalid,Mbarara,1973-05-15,prefer not to say,2026-06-01
KMB-C02979,Fictional Member 02979,+256700052979,member.kmb2979@example.invalid,gulu,1974-05-15,M,2026/06/01
KMB-C02980,  Fictional Member 02980  ,0700052980,member.kmb2980@example.invalid,Kampala,1975-05-15,F,2025-10-01
KMB-C02981,Fictional Member 02981,256700052981,member.kmb2981@example.invalid,Jinja,1976-05-15,prefer not to say,2026-06-01
KMB-C02982,Fictional Member 02982,,,mbarara,1977-05-15,M,01/06/2026
KMB-C02983,Fictional Member 02983,+256700052983,member.kmb2983@example.invalid,Gulu,1978-05-15,F,2026-06-01
KMB-C02984,  Fictional Member 02984  ,0700052984,member.kmb2984@example.invalid,Kampala,1979-05-15,prefer not to say,2026-06-01
KMB-C02985,Fictional Member 02985,256700052985,member.kmb2985@example.invalid,jinja,1980-05-15,M,2025/10/01
KMB-C02986,Fictional Member 02986,00256700052986,member.kmb2986@example.invalid,Mbarara,1981-05-15,F,2026-06-01
KMB-C02987,,+256700052987,member.kmb2987@example.invalid,Gulu,1982-05-15,prefer not to say,2026-06-01
KMB-C02988,  Fictional Member 02988  ,0700052988,member.kmb2988@example.invalid,kampala,1983-05-15,M,2026/06/01
KMB-C02989,Fictional Member 02989,256700052989,member.kmb2989@example.invalid,Jinja,1984-05-15,F,01/06/2026
KMB-C02990,Fictional Member 02990,00256700052990,member.kmb2990@example.invalid,Mbarara,1985-05-15,prefer not to say,2025-10-01
KMB-C02991,Fictional Member 02991,+256700052991,member.kmb2991@example.invalid,gulu,1986-05-15,M,2026/06/01
KMB-C02992,  Fictional Member 02992  ,bad-phone,member.kmb2992@example.invalid,Kampala,1987-05-15,F,2026-06-01
KMB-C02993,Fictional Member 02993,256700052993,member.kmb2993@example.invalid,Jinja,1988-05-15,prefer not to say,2026-06-01
KMB-C02994,Fictional Member 02994,00256700052994,member.kmb2994@example.invalid,mbarara,1989-05-15,M,2026/06/01
KMB-C02995,Fictional Member 02995,+256700052995,member.kmb2995@example.invalid,Gulu,1990-05-15,F,2025-10-01
KMB-C02996,  Fictional Member 02996  ,,,Kampala,1991-05-15,prefer not to say,01/06/2026
KMB-C02997,Fictional Member 02997,256700052997,member.kmb2997@example.invalid,jinja,1992-05-15,M,2026/06/01
KMB-C02998,Fictional Member 02998,00256700052998,member.kmb2998@example.invalid,Mbarara,1993-05-15,F,2026-06-01
KMB-C02999,Fictional Member 02999,+256700052999,member.kmb2999@example.invalid,Gulu,1994-05-15,prefer not to say,2026-06-01
KMB-C03000,  Fictional Member 03000  ,0700053000,member.kmb3000@example.invalid,Invalid District,1995-05-15,M,2025/10/01
KMB-C03001,Fictional Member 03001,256700053001,member.kmb3001@example.invalid,Jinja,1996-05-15,F,2026-06-01
KMB-C03002,Fictional Member 03002,00256700053002,member.kmb3002@example.invalid,Mbarara,1997-05-15,prefer not to say,2026-06-01
KMB-C03003,Fictional Member 03003,+256700053003,bad-email,gulu,1998-05-15,M,01/06/2026
KMB-C03004,  Fictional Member 03004  ,0700053004,member.kmb3004@example.invalid,Kampala,1999-05-15,F,2026-06-01
KMB-C03005,Fictional Member 03005,256700053005,member.kmb3005@example.invalid,Jinja,2000-05-15,prefer not to say,2025-10-01
KMB-C03006,Fictional Member 03006,00256700053006,member.kmb3006@example.invalid,mbarara,2001-05-15,M,2026/06/01
KMB-C03007,Fictional Member 03007,+256700053007,member.kmb3007@example.invalid,Gulu,2002-05-15,F,2026-06-01
KMB-C03008,  Fictional Member 03008  ,bad-phone,member.kmb3008@example.invalid,Kampala,2003-05-15,prefer not to say,2026-06-01
KMB-C03009,Fictional Member 03009,256700053009,member.kmb3009@example.invalid,jinja,2004-05-15,M,2026/06/01
KMB-C03010,Fictional Member 03010,,,Mbarara,1970-05-15,F,01/10/2025
KMB-C03011,Fictional Member 03011,+256700053011,member.kmb3011@example.invalid,Gulu,1971-05-15,prefer not to say,2026-06-01
KMB-C03012,  Fictional Member 03012  ,0700053012,member.kmb3012@example.invalid,kampala,1972-05-15,M,2026/06/01
KMB-C03013,Fictional Member 03013,256700053013,member.kmb3013@example.invalid,Jinja,1973-05-15,F,2026-06-01
KMB-C03014,Fictional Member 03014,00256700053014,member.kmb3014@example.invalid,Mbarara,1974-05-15,prefer not to say,2026-06-01
KMB-C03015,Fictional Member 03015,+256700053015,member.kmb3015@example.invalid,gulu,1975-05-15,M,2025/10/01
KMB-C03016,,0700053016,member.kmb3016@example.invalid,Kampala,1976-05-15,F,2026-06-01
KMB-C03017,Fictional Member 03017,256700053017,member.kmb3017@example.invalid,Jinja,1977-05-15,prefer not to say,01/06/2026
KMB-C03018,Fictional Member 03018,00256700053018,member.kmb3018@example.invalid,mbarara,1978-05-15,M,2026/06/01
KMB-C03019,Fictional Member 03019,+256700053019,member.kmb3019@example.invalid,Gulu,1979-05-15,F,2026-06-01
KMB-C03020,  Fictional Member 03020  ,0700053020,member.kmb3020@example.invalid,Kampala,1980-05-15,prefer not to say,2025-10-01
KMB-C03021,Fictional Member 03021,256700053021,member.kmb3021@example.invalid,jinja,1981-05-15,M,2026/06/01
KMB-C03022,Fictional Member 03022,00256700053022,member.kmb3022@example.invalid,Mbarara,1982-05-15,F,2026-06-01
KMB-C03023,Fictional Member 03023,+256700053023,member.kmb3023@example.invalid,Gulu,1983-05-15,prefer not to say,2026-06-01
KMB-C03024,  Fictional Member 03024  ,,,kampala,1984-05-15,M,01/06/2026
KMB-C03025,Fictional Member 03025,256700053025,member.kmb3025@example.invalid,Invalid District,1985-05-15,F,2025-10-01
KMB-C03026,Fictional Member 03026,00256700053026,member.kmb3026@example.invalid,Mbarara,1986-05-15,prefer not to say,2026-06-01
KMB-C03027,Fictional Member 03027,+256700053027,member.kmb3027@example.invalid,gulu,1987-05-15,M,2026/06/01
KMB-C03028,  Fictional Member 03028  ,0700053028,member.kmb3028@example.invalid,Kampala,1988-05-15,F,2026-06-01
KMB-C03029,Fictional Member 03029,256700053029,member.kmb3029@example.invalid,Jinja,1989-05-15,prefer not to say,2026-06-01
KMB-C03030,Fictional Member 03030,00256700053030,member.kmb3030@example.invalid,mbarara,1990-05-15,M,2025/10/01
KMB-C03031,Fictional Member 03031,+256700053031,member.kmb3031@example.invalid,Gulu,1991-05-15,F,01/06/2026
KMB-C03032,  Fictional Member 03032  ,0700053032,member.kmb3032@example.invalid,Kampala,1992-05-15,prefer not to say,2026-06-01
KMB-C03033,Fictional Member 03033,256700053033,member.kmb3033@example.invalid,jinja,1993-05-15,M,2026/06/01
KMB-C03034,Fictional Member 03034,00256700053034,member.kmb3034@example.invalid,Mbarara,1994-05-15,F,2026-06-01
KMB-C03035,Fictional Member 03035,+256700053035,member.kmb3035@example.invalid,Gulu,1995-05-15,prefer not to say,2025-10-01
KMB-C03036,  Fictional Member 03036  ,0700053036,member.kmb3036@example.invalid,kampala,1996-05-15,M,2026/06/01
KMB-C03037,Fictional Member 03037,256700053037,member.kmb3037@example.invalid,Jinja,1997-05-15,F,2026-06-01
KMB-C03038,Fictional Member 03038,,,Mbarara,1998-05-15,prefer not to say,01/06/2026
KMB-C03039,Fictional Member 03039,+256700053039,member.kmb3039@example.invalid,gulu,1999-05-15,M,2026/06/01
KMB-C03040,  Fictional Member 03040  ,bad-phone,member.kmb3040@example.invalid,Kampala,2000-05-15,F,2025-10-01
KMB-C03041,Fictional Member 03041,256700053041,member.kmb3041@example.invalid,Jinja,2001-05-15,prefer not to say,2026-06-01
KMB-C03042,Fictional Member 03042,00256700053042,member.kmb3042@example.invalid,mbarara,2002-05-15,M,2026/06/01
KMB-C03043,Fictional Member 03043,+256700053043,member.kmb3043@example.invalid,Gulu,2003-05-15,F,2026-06-01
KMB-C03044,  Fictional Member 03044  ,0700053044,member.kmb3044@example.invalid,Kampala,2004-05-15,prefer not to say,2026-06-01
KMB-C03045,,256700053045,bad-email,jinja,1970-05-15,M,01/10/2025
KMB-C03046,Fictional Member 03046,00256700053046,member.kmb3046@example.invalid,Mbarara,1971-05-15,F,2026-06-01
KMB-C03047,Fictional Member 03047,+256700053047,member.kmb3047@example.invalid,Gulu,1972-05-15,prefer not to say,2026-06-01
KMB-C03048,  Fictional Member 03048  ,0700053048,member.kmb3048@example.invalid,kampala,1973-05-15,M,2026/06/01
KMB-C03049,Fictional Member 03049,256700053049,member.kmb3049@example.invalid,Jinja,1974-05-15,F,2026-06-01
KMB-C03050,Fictional Member 03050,00256700053050,member.kmb3050@example.invalid,Invalid District,1975-05-15,prefer not to say,2025-10-01
KMB-C03051,Fictional Member 03051,+256700053051,member.kmb3051@example.invalid,gulu,1976-05-15,M,2026/06/01
KMB-C03052,  Fictional Member 03052  ,,,Kampala,1977-05-15,F,01/06/2026
KMB-C03053,Fictional Member 03053,256700053053,member.kmb3053@example.invalid,Jinja,1978-05-15,prefer not to say,2026-06-01
KMB-C03054,Fictional Member 03054,00256700053054,member.kmb3054@example.invalid,mbarara,1979-05-15,M,2026/06/01
KMB-C03055,Fictional Member 03055,+256700053055,member.kmb3055@example.invalid,Gulu,1980-05-15,F,2025-10-01
KMB-C03056,  Fictional Member 03056  ,bad-phone,member.kmb3056@example.invalid,Kampala,1981-05-15,prefer not to say,2026-06-01
KMB-C03057,Fictional Member 03057,256700053057,member.kmb3057@example.invalid,jinja,1982-05-15,M,2026/06/01
KMB-C03058,Fictional Member 03058,00256700053058,member.kmb3058@example.invalid,Mbarara,1983-05-15,F,2026-06-01
KMB-C03059,Fictional Member 03059,+256700053059,member.kmb3059@example.invalid,Gulu,1984-05-15,prefer not to say,01/06/2026
KMB-C03060,  Fictional Member 03060  ,0700053060,member.kmb3060@example.invalid,kampala,1985-05-15,M,2025/10/01
KMB-C03061,Fictional Member 03061,256700053061,member.kmb3061@example.invalid,Jinja,1986-05-15,F,2026-06-01
KMB-C03062,Fictional Member 03062,00256700053062,member.kmb3062@example.invalid,Mbarara,1987-05-15,prefer not to say,2026-06-01
KMB-C03063,Fictional Member 03063,+256700053063,member.kmb3063@example.invalid,gulu,1988-05-15,M,2026/06/01
KMB-C03064,  Fictional Member 03064  ,0700053064,member.kmb3064@example.invalid,Kampala,1989-05-15,F,2026-06-01
KMB-C03065,Fictional Member 03065,256700053065,member.kmb3065@example.invalid,Jinja,1990-05-15,prefer not to say,2025-10-01
KMB-C03066,Fictional Member 03066,,,mbarara,1991-05-15,M,01/06/2026
KMB-C03067,Fictional Member 03067,+256700053067,member.kmb3067@example.invalid,Gulu,1992-05-15,F,2026-06-01
KMB-C03068,  Fictional Member 03068  ,0700053068,member.kmb3068@example.invalid,Kampala,1993-05-15,prefer not to say,2026-06-01
KMB-C03069,Fictional Member 03069,256700053069,member.kmb3069@example.invalid,jinja,1994-05-15,M,2026/06/01
KMB-C03070,Fictional Member 03070,00256700053070,member.kmb3070@example.invalid,Mbarara,1995-05-15,F,2025-10-01
KMB-C03071,Fictional Member 03071,+256700053071,member.kmb3071@example.invalid,Gulu,1996-05-15,prefer not to say,2026-06-01
KMB-C03072,  Fictional Member 03072  ,bad-phone,member.kmb3072@example.invalid,kampala,1997-05-15,M,2026/06/01
KMB-C03073,Fictional Member 03073,256700053073,member.kmb3073@example.invalid,Jinja,1998-05-15,F,01/06/2026
KMB-C03074,,00256700053074,member.kmb3074@example.invalid,Mbarara,1999-05-15,prefer not to say,2026-06-01
KMB-C03075,Fictional Member 03075,+256700053075,member.kmb3075@example.invalid,Invalid District,2000-05-15,M,2025/10/01
KMB-C03076,  Fictional Member 03076  ,0700053076,member.kmb3076@example.invalid,Kampala,2001-05-15,F,2026-06-01
KMB-C03077,Fictional Member 03077,256700053077,member.kmb3077@example.invalid,Jinja,2002-05-15,prefer not to say,2026-06-01
KMB-C03078,Fictional Member 03078,00256700053078,member.kmb3078@example.invalid,mbarara,2003-05-15,M,2026/06/01
KMB-C03079,Fictional Member 03079,+256700053079,member.kmb3079@example.invalid,Gulu,2004-05-15,F,2026-06-01
KMB-C03080,  Fictional Member 03080  ,,,Kampala,1970-05-15,prefer not to say,01/10/2025
KMB-C03081,Fictional Member 03081,256700053081,member.kmb3081@example.invalid,jinja,1971-05-15,M,2026/06/01
KMB-C03082,Fictional Member 03082,00256700053082,member.kmb3082@example.invalid,Mbarara,1972-05-15,F,2026-06-01
KMB-C03083,Fictional Member 03083,+256700053083,member.kmb3083@example.invalid,Gulu,1973-05-15,prefer not to say,2026-06-01
KMB-C03084,  Fictional Member 03084  ,0700053084,member.kmb3084@example.invalid,kampala,1974-05-15,M,2026/06/01
KMB-C03085,Fictional Member 03085,256700053085,member.kmb3085@example.invalid,Jinja,1975-05-15,F,2025-10-01
KMB-C03086,Fictional Member 03086,00256700053086,member.kmb3086@example.invalid,Mbarara,1976-05-15,prefer not to say,2026-06-01
KMB-C03087,Fictional Member 03087,+256700053087,bad-email,gulu,1977-05-15,M,01/06/2026
KMB-C03088,  Fictional Member 03088  ,bad-phone,member.kmb3088@example.invalid,Kampala,1978-05-15,F,2026-06-01
KMB-C03089,Fictional Member 03089,256700053089,member.kmb3089@example.invalid,Jinja,1979-05-15,prefer not to say,2026-06-01
KMB-C03090,Fictional Member 03090,00256700053090,member.kmb3090@example.invalid,mbarara,1980-05-15,M,2025/10/01
KMB-C03091,Fictional Member 03091,+256700053091,member.kmb3091@example.invalid,Gulu,1981-05-15,F,2026-06-01
KMB-C03092,  Fictional Member 03092  ,0700053092,member.kmb3092@example.invalid,Kampala,1982-05-15,prefer not to say,2026-06-01
KMB-C03093,Fictional Member 03093,256700053093,member.kmb3093@example.invalid,jinja,1983-05-15,M,2026/06/01
KMB-C03094,Fictional Member 03094,,,Mbarara,1984-05-15,F,01/06/2026
KMB-C03095,Fictional Member 03095,+256700053095,member.kmb3095@example.invalid,Gulu,1985-05-15,prefer not to say,2025-10-01
KMB-C03096,  Fictional Member 03096  ,0700053096,member.kmb3096@example.invalid,kampala,1986-05-15,M,2026/06/01
KMB-C03097,Fictional Member 03097,256700053097,member.kmb3097@example.invalid,Jinja,1987-05-15,F,2026-06-01
KMB-C03098,Fictional Member 03098,00256700053098,member.kmb3098@example.invalid,Mbarara,1988-05-15,prefer not to say,2026-06-01
KMB-C03099,Fictional Member 03099,+256700053099,member.kmb3099@example.invalid,gulu,1989-05-15,M,2026/06/01
KMB-C03100,  Fictional Member 03100  ,0700053100,member.kmb3100@example.invalid,Invalid District,1990-05-15,F,2025-10-01
KMB-C03101,Fictional Member 03101,256700053101,member.kmb3101@example.invalid,Jinja,1991-05-15,prefer not to say,01/06/2026
KMB-C03102,Fictional Member 03102,00256700053102,member.kmb3102@example.invalid,mbarara,1992-05-15,M,2026/06/01
KMB-C03103,,+256700053103,member.kmb3103@example.invalid,Gulu,1993-05-15,F,2026-06-01
KMB-C03104,  Fictional Member 03104  ,bad-phone,member.kmb3104@example.invalid,Kampala,1994-05-15,prefer not to say,2026-06-01
KMB-C03105,Fictional Member 03105,256700053105,member.kmb3105@example.invalid,jinja,1995-05-15,M,2025/10/01
KMB-C03106,Fictional Member 03106,00256700053106,member.kmb3106@example.invalid,Mbarara,1996-05-15,F,2026-06-01
KMB-C03107,Fictional Member 03107,+256700053107,member.kmb3107@example.invalid,Gulu,1997-05-15,prefer not to say,2026-06-01
KMB-C03108,  Fictional Member 03108  ,,,kampala,1998-05-15,M,01/06/2026
KMB-C03109,Fictional Member 03109,256700053109,member.kmb3109@example.invalid,Jinja,1999-05-15,F,2026-06-01
KMB-C03110,Fictional Member 03110,00256700053110,member.kmb3110@example.invalid,Mbarara,2000-05-15,prefer not to say,2025-10-01
KMB-C03111,Fictional Member 03111,+256700053111,member.kmb3111@example.invalid,gulu,2001-05-15,M,2026/06/01
KMB-C03112,  Fictional Member 03112  ,0700053112,member.kmb3112@example.invalid,Kampala,2002-05-15,F,2026-06-01
KMB-C03113,Fictional Member 03113,256700053113,member.kmb3113@example.invalid,Jinja,2003-05-15,prefer not to say,2026-06-01
KMB-C03114,Fictional Member 03114,00256700053114,member.kmb3114@example.invalid,mbarara,2004-05-15,M,2026/06/01
KMB-C03115,Fictional Member 03115,+256700053115,member.kmb3115@example.invalid,Gulu,1970-05-15,F,01/10/2025
KMB-C03116,  Fictional Member 03116  ,0700053116,member.kmb3116@example.invalid,Kampala,1971-05-15,prefer not to say,2026-06-01
KMB-C03117,Fictional Member 03117,256700053117,member.kmb3117@example.invalid,jinja,1972-05-15,M,2026/06/01
KMB-C03118,Fictional Member 03118,00256700053118,member.kmb3118@example.invalid,Mbarara,1973-05-15,F,2026-06-01
KMB-C03119,Fictional Member 03119,+256700053119,member.kmb3119@example.invalid,Gulu,1974-05-15,prefer not to say,2026-06-01
KMB-C03120,  Fictional Member 03120  ,bad-phone,member.kmb3120@example.invalid,kampala,1975-05-15,M,2025/10/01
KMB-C03121,Fictional Member 03121,256700053121,member.kmb3121@example.invalid,Jinja,1976-05-15,F,2026-06-01
KMB-C03122,Fictional Member 03122,,,Mbarara,1977-05-15,prefer not to say,01/06/2026
KMB-C03123,Fictional Member 03123,+256700053123,member.kmb3123@example.invalid,gulu,1978-05-15,M,2026/06/01
KMB-C03124,  Fictional Member 03124  ,0700053124,member.kmb3124@example.invalid,Kampala,1979-05-15,F,2026-06-01
KMB-C03125,Fictional Member 03125,256700053125,member.kmb3125@example.invalid,Invalid District,1980-05-15,prefer not to say,2025-10-01
KMB-C03126,Fictional Member 03126,00256700053126,member.kmb3126@example.invalid,mbarara,1981-05-15,M,2026/06/01
KMB-C03127,Fictional Member 03127,+256700053127,member.kmb3127@example.invalid,Gulu,1982-05-15,F,2026-06-01
KMB-C03128,  Fictional Member 03128  ,0700053128,member.kmb3128@example.invalid,Kampala,1983-05-15,prefer not to say,2026-06-01
KMB-C03129,Fictional Member 03129,256700053129,bad-email,jinja,1984-05-15,M,01/06/2026
KMB-C03130,Fictional Member 03130,00256700053130,member.kmb3130@example.invalid,Mbarara,1985-05-15,F,2025-10-01
KMB-C03131,Fictional Member 03131,+256700053131,member.kmb3131@example.invalid,Gulu,1986-05-15,prefer not to say,2026-06-01
KMB-C03132,,0700053132,member.kmb3132@example.invalid,kampala,1987-05-15,M,2026/06/01
KMB-C03133,Fictional Member 03133,256700053133,member.kmb3133@example.invalid,Jinja,1988-05-15,F,2026-06-01
KMB-C03134,Fictional Member 03134,00256700053134,member.kmb3134@example.invalid,Mbarara,1989-05-15,prefer not to say,2026-06-01
KMB-C03135,Fictional Member 03135,+256700053135,member.kmb3135@example.invalid,gulu,1990-05-15,M,2025/10/01
KMB-C03136,  Fictional Member 03136  ,,,Kampala,1991-05-15,F,01/06/2026
KMB-C03137,Fictional Member 03137,256700053137,member.kmb3137@example.invalid,Jinja,1992-05-15,prefer not to say,2026-06-01
KMB-C03138,Fictional Member 03138,00256700053138,member.kmb3138@example.invalid,mbarara,1993-05-15,M,2026/06/01
KMB-C03139,Fictional Member 03139,+256700053139,member.kmb3139@example.invalid,Gulu,1994-05-15,F,2026-06-01
KMB-C03140,  Fictional Member 03140  ,0700053140,member.kmb3140@example.invalid,Kampala,1995-05-15,prefer not to say,2025-10-01
KMB-C03141,Fictional Member 03141,256700053141,member.kmb3141@example.invalid,jinja,1996-05-15,M,2026/06/01
KMB-C03142,Fictional Member 03142,00256700053142,member.kmb3142@example.invalid,Mbarara,1997-05-15,F,2026-06-01
KMB-C03143,Fictional Member 03143,+256700053143,member.kmb3143@example.invalid,Gulu,1998-05-15,prefer not to say,01/06/2026
KMB-C03144,  Fictional Member 03144  ,0700053144,member.kmb3144@example.invalid,kampala,1999-05-15,M,2026/06/01
KMB-C03145,Fictional Member 03145,256700053145,member.kmb3145@example.invalid,Jinja,2000-05-15,F,2025-10-01
KMB-C03146,Fictional Member 03146,00256700053146,member.kmb3146@example.invalid,Mbarara,2001-05-15,prefer not to say,2026-06-01
KMB-C03147,Fictional Member 03147,+256700053147,member.kmb3147@example.invalid,gulu,2002-05-15,M,2026/06/01
KMB-C03148,  Fictional Member 03148  ,0700053148,member.kmb3148@example.invalid,Kampala,2003-05-15,F,2026-06-01
KMB-C03149,Fictional Member 03149,256700053149,member.kmb3149@example.invalid,Jinja,2004-05-15,prefer not to say,2026-06-01
KMB-C03150,Fictional Member 03150,,,Invalid District,1970-05-15,M,01/10/2025
KMB-C03151,Fictional Member 03151,+256700053151,member.kmb3151@example.invalid,Gulu,1971-05-15,F,2026-06-01
KMB-C03152,  Fictional Member 03152  ,bad-phone,member.kmb3152@example.invalid,Kampala,1972-05-15,prefer not to say,2026-06-01
KMB-C03153,Fictional Member 03153,256700053153,member.kmb3153@example.invalid,jinja,1973-05-15,M,2026/06/01
KMB-C03154,Fictional Member 03154,00256700053154,member.kmb3154@example.invalid,Mbarara,1974-05-15,F,2026-06-01
KMB-C03155,Fictional Member 03155,+256700053155,member.kmb3155@example.invalid,Gulu,1975-05-15,prefer not to say,2025-10-01
KMB-C03156,  Fictional Member 03156  ,0700053156,member.kmb3156@example.invalid,kampala,1976-05-15,M,2026/06/01
KMB-C03157,Fictional Member 03157,256700053157,member.kmb3157@example.invalid,Jinja,1977-05-15,F,01/06/2026
KMB-C03158,Fictional Member 03158,00256700053158,member.kmb3158@example.invalid,Mbarara,1978-05-15,prefer not to say,2026-06-01
KMB-C03159,Fictional Member 03159,+256700053159,member.kmb3159@example.invalid,gulu,1979-05-15,M,2026/06/01
KMB-C03160,  Fictional Member 03160  ,0700053160,member.kmb3160@example.invalid,Kampala,1980-05-15,F,2025-10-01
KMB-C03161,,256700053161,member.kmb3161@example.invalid,Jinja,1981-05-15,prefer not to say,2026-06-01
KMB-C03162,Fictional Member 03162,00256700053162,member.kmb3162@example.invalid,mbarara,1982-05-15,M,2026/06/01
KMB-C03163,Fictional Member 03163,+256700053163,member.kmb3163@example.invalid,Gulu,1983-05-15,F,2026-06-01
KMB-C03164,  Fictional Member 03164  ,,,Kampala,1984-05-15,prefer not to say,01/06/2026
KMB-C03165,Fictional Member 03165,256700053165,member.kmb3165@example.invalid,jinja,1985-05-15,M,2025/10/01
KMB-C03166,Fictional Member 03166,00256700053166,member.kmb3166@example.invalid,Mbarara,1986-05-15,F,2026-06-01
KMB-C03167,Fictional Member 03167,+256700053167,member.kmb3167@example.invalid,Gulu,1987-05-15,prefer not to say,2026-06-01
KMB-C03168,  Fictional Member 03168  ,bad-phone,member.kmb3168@example.invalid,kampala,1988-05-15,M,2026/06/01
KMB-C03169,Fictional Member 03169,256700053169,member.kmb3169@example.invalid,Jinja,1989-05-15,F,2026-06-01
KMB-C03170,Fictional Member 03170,00256700053170,member.kmb3170@example.invalid,Mbarara,1990-05-15,prefer not to say,2025-10-01
KMB-C03171,Fictional Member 03171,+256700053171,bad-email,gulu,1991-05-15,M,01/06/2026
KMB-C03172,  Fictional Member 03172  ,0700053172,member.kmb3172@example.invalid,Kampala,1992-05-15,F,2026-06-01
KMB-C03173,Fictional Member 03173,256700053173,member.kmb3173@example.invalid,Jinja,1993-05-15,prefer not to say,2026-06-01
KMB-C03174,Fictional Member 03174,00256700053174,member.kmb3174@example.invalid,mbarara,1994-05-15,M,2026/06/01
KMB-C03175,Fictional Member 03175,+256700053175,member.kmb3175@example.invalid,Invalid District,1995-05-15,F,2025-10-01
KMB-C03176,  Fictional Member 03176  ,0700053176,member.kmb3176@example.invalid,Kampala,1996-05-15,prefer not to say,2026-06-01
KMB-C03177,Fictional Member 03177,256700053177,member.kmb3177@example.invalid,jinja,1997-05-15,M,2026/06/01
KMB-C03178,Fictional Member 03178,,,Mbarara,1998-05-15,F,01/06/2026
KMB-C03179,Fictional Member 03179,+256700053179,member.kmb3179@example.invalid,Gulu,1999-05-15,prefer not to say,2026-06-01
KMB-C03180,  Fictional Member 03180  ,0700053180,member.kmb3180@example.invalid,kampala,2000-05-15,M,2025/10/01
KMB-C03181,Fictional Member 03181,256700053181,member.kmb3181@example.invalid,Jinja,2001-05-15,F,2026-06-01
KMB-C03182,Fictional Member 03182,00256700053182,member.kmb3182@example.invalid,Mbarara,2002-05-15,prefer not to say,2026-06-01
KMB-C03183,Fictional Member 03183,+256700053183,member.kmb3183@example.invalid,gulu,2003-05-15,M,2026/06/01
KMB-C03184,  Fictional Member 03184  ,bad-phone,member.kmb3184@example.invalid,Kampala,2004-05-15,F,2026-06-01
KMB-C03185,Fictional Member 03185,256700053185,member.kmb3185@example.invalid,Jinja,1970-05-15,prefer not to say,01/10/2025
KMB-C03186,Fictional Member 03186,00256700053186,member.kmb3186@example.invalid,mbarara,1971-05-15,M,2026/06/01
KMB-C03187,Fictional Member 03187,+256700053187,member.kmb3187@example.invalid,Gulu,1972-05-15,F,2026-06-01
KMB-C03188,  Fictional Member 03188  ,0700053188,member.kmb3188@example.invalid,Kampala,1973-05-15,prefer not to say,2026-06-01
KMB-C03189,Fictional Member 03189,256700053189,member.kmb3189@example.invalid,jinja,1974-05-15,M,2026/06/01
KMB-C03190,,00256700053190,member.kmb3190@example.invalid,Mbarara,1975-05-15,F,2025-10-01
KMB-C03191,Fictional Member 03191,+256700053191,member.kmb3191@example.invalid,Gulu,1976-05-15,prefer not to say,2026-06-01
KMB-C03192,  Fictional Member 03192  ,,,kampala,1977-05-15,M,01/06/2026
KMB-C03193,Fictional Member 03193,256700053193,member.kmb3193@example.invalid,Jinja,1978-05-15,F,2026-06-01
KMB-C03194,Fictional Member 03194,00256700053194,member.kmb3194@example.invalid,Mbarara,1979-05-15,prefer not to say,2026-06-01
KMB-C03195,Fictional Member 03195,+256700053195,member.kmb3195@example.invalid,gulu,1980-05-15,M,2025/10/01
KMB-C03196,  Fictional Member 03196  ,0700053196,member.kmb3196@example.invalid,Kampala,1981-05-15,F,2026-06-01
KMB-C03197,Fictional Member 03197,256700053197,member.kmb3197@example.invalid,Jinja,1982-05-15,prefer not to say,2026-06-01
KMB-C03198,Fictional Member 03198,00256700053198,member.kmb3198@example.invalid,mbarara,1983-05-15,M,2026/06/01
KMB-C03199,Fictional Member 03199,+256700053199,member.kmb3199@example.invalid,Gulu,1984-05-15,F,01/06/2026
KMB-C03200,  Fictional Member 03200  ,bad-phone,member.kmb3200@example.invalid,Invalid District,1985-05-15,prefer not to say,2025-10-01
KMB-C03201,Fictional Member 03201,256700053201,member.kmb3201@example.invalid,jinja,1986-05-15,M,2026/06/01
KMB-C03202,Fictional Member 03202,00256700053202,member.kmb3202@example.invalid,Mbarara,1987-05-15,F,2026-06-01
KMB-C03203,Fictional Member 03203,+256700053203,member.kmb3203@example.invalid,Gulu,1988-05-15,prefer not to say,2026-06-01
KMB-C03204,  Fictional Member 03204  ,0700053204,member.kmb3204@example.invalid,kampala,1989-05-15,M,2026/06/01
KMB-C03205,Fictional Member 03205,256700053205,member.kmb3205@example.invalid,Jinja,1990-05-15,F,2025-10-01
KMB-C03206,Fictional Member 03206,,,Mbarara,1991-05-15,prefer not to say,01/06/2026
KMB-C03207,Fictional Member 03207,+256700053207,member.kmb3207@example.invalid,gulu,1992-05-15,M,2026/06/01
KMB-C03208,  Fictional Member 03208  ,0700053208,member.kmb3208@example.invalid,Kampala,1993-05-15,F,2026-06-01
KMB-C03209,Fictional Member 03209,256700053209,member.kmb3209@example.invalid,Jinja,1994-05-15,prefer not to say,2026-06-01
KMB-C03210,Fictional Member 03210,00256700053210,member.kmb3210@example.invalid,mbarara,1995-05-15,M,2025/10/01
KMB-C03211,Fictional Member 03211,+256700053211,member.kmb3211@example.invalid,Gulu,1996-05-15,F,2026-06-01
KMB-C03212,  Fictional Member 03212  ,0700053212,member.kmb3212@example.invalid,Kampala,1997-05-15,prefer not to say,2026-06-01
KMB-C03213,Fictional Member 03213,256700053213,bad-email,jinja,1998-05-15,M,01/06/2026
KMB-C03214,Fictional Member 03214,00256700053214,member.kmb3214@example.invalid,Mbarara,1999-05-15,F,2026-06-01
KMB-C03215,Fictional Member 03215,+256700053215,member.kmb3215@example.invalid,Gulu,2000-05-15,prefer not to say,2025-10-01
KMB-C03216,  Fictional Member 03216  ,bad-phone,member.kmb3216@example.invalid,kampala,2001-05-15,M,2026/06/01
KMB-C03217,Fictional Member 03217,256700053217,member.kmb3217@example.invalid,Jinja,2002-05-15,F,2026-06-01
KMB-C03218,Fictional Member 03218,00256700053218,member.kmb3218@example.invalid,Mbarara,2003-05-15,prefer not to say,2026-06-01
KMB-C03219,,+256700053219,member.kmb3219@example.invalid,gulu,2004-05-15,M,2026/06/01
KMB-C03220,  Fictional Member 03220  ,,,Kampala,1970-05-15,F,01/10/2025
KMB-C03221,Fictional Member 03221,256700053221,member.kmb3221@example.invalid,Jinja,1971-05-15,prefer not to say,2026-06-01
KMB-C03222,Fictional Member 03222,00256700053222,member.kmb3222@example.invalid,mbarara,1972-05-15,M,2026/06/01
KMB-C03223,Fictional Member 03223,+256700053223,member.kmb3223@example.invalid,Gulu,1973-05-15,F,2026-06-01
KMB-C03224,  Fictional Member 03224  ,0700053224,member.kmb3224@example.invalid,Kampala,1974-05-15,prefer not to say,2026-06-01
KMB-C03225,Fictional Member 03225,256700053225,member.kmb3225@example.invalid,Invalid District,1975-05-15,M,2025/10/01
KMB-C03226,Fictional Member 03226,00256700053226,member.kmb3226@example.invalid,Mbarara,1976-05-15,F,2026-06-01
KMB-C03227,Fictional Member 03227,+256700053227,member.kmb3227@example.invalid,Gulu,1977-05-15,prefer not to say,01/06/2026
KMB-C03228,  Fictional Member 03228  ,0700053228,member.kmb3228@example.invalid,kampala,1978-05-15,M,2026/06/01
KMB-C03229,Fictional Member 03229,256700053229,member.kmb3229@example.invalid,Jinja,1979-05-15,F,2026-06-01
KMB-C03230,Fictional Member 03230,00256700053230,member.kmb3230@example.invalid,Mbarara,1980-05-15,prefer not to say,2025-10-01
KMB-C03231,Fictional Member 03231,+256700053231,member.kmb3231@example.invalid,gulu,1981-05-15,M,2026/06/01
KMB-C03232,  Fictional Member 03232  ,bad-phone,member.kmb3232@example.invalid,Kampala,1982-05-15,F,2026-06-01
KMB-C03233,Fictional Member 03233,256700053233,member.kmb3233@example.invalid,Jinja,1983-05-15,prefer not to say,2026-06-01
KMB-C03234,Fictional Member 03234,,,mbarara,1984-05-15,M,01/06/2026
KMB-C03235,Fictional Member 03235,+256700053235,member.kmb3235@example.invalid,Gulu,1985-05-15,F,2025-10-01
KMB-C03236,  Fictional Member 03236  ,0700053236,member.kmb3236@example.invalid,Kampala,1986-05-15,prefer not to say,2026-06-01
KMB-C03237,Fictional Member 03237,256700053237,member.kmb3237@example.invalid,jinja,1987-05-15,M,2026/06/01
KMB-C03238,Fictional Member 03238,00256700053238,member.kmb3238@example.invalid,Mbarara,1988-05-15,F,2026-06-01
KMB-C03239,Fictional Member 03239,+256700053239,member.kmb3239@example.invalid,Gulu,1989-05-15,prefer not to say,2026-06-01
KMB-C03240,  Fictional Member 03240  ,0700053240,member.kmb3240@example.invalid,kampala,1990-05-15,M,2025/10/01
KMB-C03241,Fictional Member 03241,256700053241,member.kmb3241@example.invalid,Jinja,1991-05-15,F,01/06/2026
KMB-C03242,Fictional Member 03242,00256700053242,member.kmb3242@example.invalid,Mbarara,1992-05-15,prefer not to say,2026-06-01
KMB-C03243,Fictional Member 03243,+256700053243,member.kmb3243@example.invalid,gulu,1993-05-15,M,2026/06/01
KMB-C03244,  Fictional Member 03244  ,0700053244,member.kmb3244@example.invalid,Kampala,1994-05-15,F,2026-06-01
KMB-C03245,Fictional Member 03245,256700053245,member.kmb3245@example.invalid,Jinja,1995-05-15,prefer not to say,2025-10-01
KMB-C03246,Fictional Member 03246,00256700053246,member.kmb3246@example.invalid,mbarara,1996-05-15,M,2026/06/01
KMB-C03247,Fictional Member 03247,+256700053247,member.kmb3247@example.invalid,Gulu,1997-05-15,F,2026-06-01
KMB-C03248,,,,Kampala,1998-05-15,prefer not to say,01/06/2026
KMB-C03249,Fictional Member 03249,256700053249,member.kmb3249@example.invalid,jinja,1999-05-15,M,2026/06/01
KMB-C03250,Fictional Member 03250,00256700053250,member.kmb3250@example.invalid,Invalid District,2000-05-15,F,2025-10-01
KMB-C03251,Fictional Member 03251,+256700053251,member.kmb3251@example.invalid,Gulu,2001-05-15,prefer not to say,2026-06-01
KMB-C03252,  Fictional Member 03252  ,0700053252,member.kmb3252@example.invalid,kampala,2002-05-15,M,2026/06/01
KMB-C03253,Fictional Member 03253,256700053253,member.kmb3253@example.invalid,Jinja,2003-05-15,F,2026-06-01
KMB-C03254,Fictional Member 03254,00256700053254,member.kmb3254@example.invalid,Mbarara,2004-05-15,prefer not to say,2026-06-01
KMB-C03255,Fictional Member 03255,+256700053255,bad-email,gulu,1970-05-15,M,01/10/2025
KMB-C03256,  Fictional Member 03256  ,0700053256,member.kmb3256@example.invalid,Kampala,1971-05-15,F,2026-06-01
KMB-C03257,Fictional Member 03257,256700053257,member.kmb3257@example.invalid,Jinja,1972-05-15,prefer not to say,2026-06-01
KMB-C03258,Fictional Member 03258,00256700053258,member.kmb3258@example.invalid,mbarara,1973-05-15,M,2026/06/01
KMB-C03259,Fictional Member 03259,+256700053259,member.kmb3259@example.invalid,Gulu,1974-05-15,F,2026-06-01
KMB-C03260,  Fictional Member 03260  ,0700053260,member.kmb3260@example.invalid,Kampala,1975-05-15,prefer not to say,2025-10-01
KMB-C03261,Fictional Member 03261,256700053261,member.kmb3261@example.invalid,jinja,1976-05-15,M,2026/06/01
KMB-C03262,Fictional Member 03262,,,Mbarara,1977-05-15,F,01/06/2026
KMB-C03263,Fictional Member 03263,+256700053263,member.kmb3263@example.invalid,Gulu,1978-05-15,prefer not to say,2026-06-01
KMB-C03264,  Fictional Member 03264  ,bad-phone,member.kmb3264@example.invalid,kampala,1979-05-15,M,2026/06/01
KMB-C03265,Fictional Member 03265,256700053265,member.kmb3265@example.invalid,Jinja,1980-05-15,F,2025-10-01
KMB-C03266,Fictional Member 03266,00256700053266,member.kmb3266@example.invalid,Mbarara,1981-05-15,prefer not to say,2026-06-01
KMB-C03267,Fictional Member 03267,+256700053267,member.kmb3267@example.invalid,gulu,1982-05-15,M,2026/06/01
KMB-C03268,  Fictional Member 03268  ,0700053268,member.kmb3268@example.invalid,Kampala,1983-05-15,F,2026-06-01
KMB-C03269,Fictional Member 03269,256700053269,member.kmb3269@example.invalid,Jinja,1984-05-15,prefer not to say,01/06/2026
KMB-C03270,Fictional Member 03270,00256700053270,member.kmb3270@example.invalid,mbarara,1985-05-15,M,2025/10/01
KMB-C03271,Fictional Member 03271,+256700053271,member.kmb3271@example.invalid,Gulu,1986-05-15,F,2026-06-01
KMB-C03272,  Fictional Member 03272  ,0700053272,member.kmb3272@example.invalid,Kampala,1987-05-15,prefer not to say,2026-06-01
KMB-C03273,Fictional Member 03273,256700053273,member.kmb3273@example.invalid,jinja,1988-05-15,M,2026/06/01
KMB-C03274,Fictional Member 03274,00256700053274,member.kmb3274@example.invalid,Mbarara,1989-05-15,F,2026-06-01
KMB-C03275,Fictional Member 03275,+256700053275,member.kmb3275@example.invalid,Invalid District,1990-05-15,prefer not to say,2025-10-01
KMB-C03276,  Fictional Member 03276  ,,,kampala,1991-05-15,M,01/06/2026
KMB-C03277,,256700053277,member.kmb3277@example.invalid,Jinja,1992-05-15,F,2026-06-01
KMB-C03278,Fictional Member 03278,00256700053278,member.kmb3278@example.invalid,Mbarara,1993-05-15,prefer not to say,2026-06-01
KMB-C03279,Fictional Member 03279,+256700053279,member.kmb3279@example.invalid,gulu,1994-05-15,M,2026/06/01
KMB-C03280,  Fictional Member 03280  ,bad-phone,member.kmb3280@example.invalid,Kampala,1995-05-15,F,2025-10-01
KMB-C03281,Fictional Member 03281,256700053281,member.kmb3281@example.invalid,Jinja,1996-05-15,prefer not to say,2026-06-01
KMB-C03282,Fictional Member 03282,00256700053282,member.kmb3282@example.invalid,mbarara,1997-05-15,M,2026/06/01
KMB-C03283,Fictional Member 03283,+256700053283,member.kmb3283@example.invalid,Gulu,1998-05-15,F,01/06/2026
KMB-C03284,  Fictional Member 03284  ,0700053284,member.kmb3284@example.invalid,Kampala,1999-05-15,prefer not to say,2026-06-01
KMB-C03285,Fictional Member 03285,256700053285,member.kmb3285@example.invalid,jinja,2000-05-15,M,2025/10/01
KMB-C03286,Fictional Member 03286,00256700053286,member.kmb3286@example.invalid,Mbarara,2001-05-15,F,2026-06-01
KMB-C03287,Fictional Member 03287,+256700053287,member.kmb3287@example.invalid,Gulu,2002-05-15,prefer not to say,2026-06-01
KMB-C03288,  Fictional Member 03288  ,0700053288,member.kmb3288@example.invalid,kampala,2003-05-15,M,2026/06/01
KMB-C03289,Fictional Member 03289,256700053289,member.kmb3289@example.invalid,Jinja,2004-05-15,F,2026-06-01
KMB-C03290,Fictional Member 03290,,,Mbarara,1970-05-15,prefer not to say,01/10/2025
KMB-C03291,Fictional Member 03291,+256700053291,member.kmb3291@example.invalid,gulu,1971-05-15,M,2026/06/01
KMB-C03292,  Fictional Member 03292  ,0700053292,member.kmb3292@example.invalid,Kampala,1972-05-15,F,2026-06-01
KMB-C03293,Fictional Member 03293,256700053293,member.kmb3293@example.invalid,Jinja,1973-05-15,prefer not to say,2026-06-01
KMB-C03294,Fictional Member 03294,00256700053294,member.kmb3294@example.invalid,mbarara,1974-05-15,M,2026/06/01
KMB-C03295,Fictional Member 03295,+256700053295,member.kmb3295@example.invalid,Gulu,1975-05-15,F,2025-10-01
KMB-C03296,  Fictional Member 03296  ,bad-phone,member.kmb3296@example.invalid,Kampala,1976-05-15,prefer not to say,2026-06-01
KMB-C03297,Fictional Member 03297,256700053297,bad-email,jinja,1977-05-15,M,01/06/2026
KMB-C03298,Fictional Member 03298,00256700053298,member.kmb3298@example.invalid,Mbarara,1978-05-15,F,2026-06-01
KMB-C03299,Fictional Member 03299,+256700053299,member.kmb3299@example.invalid,Gulu,1979-05-15,prefer not to say,2026-06-01
KMB-C03300,  Fictional Member 03300  ,0700053300,member.kmb3300@example.invalid,Invalid District,1980-05-15,M,2025/10/01
KMB-C03301,Fictional Member 03301,256700053301,member.kmb3301@example.invalid,Jinja,1981-05-15,F,2026-06-01
KMB-C03302,Fictional Member 03302,00256700053302,member.kmb3302@example.invalid,Mbarara,1982-05-15,prefer not to say,2026-06-01
KMB-C03303,Fictional Member 03303,+256700053303,member.kmb3303@example.invalid,gulu,1983-05-15,M,2026/06/01
KMB-C03304,  Fictional Member 03304  ,,,Kampala,1984-05-15,F,01/06/2026
KMB-C03305,Fictional Member 03305,256700053305,member.kmb3305@example.invalid,Jinja,1985-05-15,prefer not to say,2025-10-01
KMB-C03306,,00256700053306,member.kmb3306@example.invalid,mbarara,1986-05-15,M,2026/06/01
KMB-C03307,Fictional Member 03307,+256700053307,member.kmb3307@example.invalid,Gulu,1987-05-15,F,2026-06-01
KMB-C03308,  Fictional Member 03308  ,0700053308,member.kmb3308@example.invalid,Kampala,1988-05-15,prefer not to say,2026-06-01
KMB-C03309,Fictional Member 03309,256700053309,member.kmb3309@example.invalid,jinja,1989-05-15,M,2026/06/01
KMB-C03310,Fictional Member 03310,00256700053310,member.kmb3310@example.invalid,Mbarara,1990-05-15,F,2025-10-01
KMB-C03311,Fictional Member 03311,+256700053311,member.kmb3311@example.invalid,Gulu,1991-05-15,prefer not to say,01/06/2026
KMB-C03312,  Fictional Member 03312  ,bad-phone,member.kmb3312@example.invalid,kampala,1992-05-15,M,2026/06/01
KMB-C03313,Fictional Member 03313,256700053313,member.kmb3313@example.invalid,Jinja,1993-05-15,F,2026-06-01
KMB-C03314,Fictional Member 03314,00256700053314,member.kmb3314@example.invalid,Mbarara,1994-05-15,prefer not to say,2026-06-01
KMB-C03315,Fictional Member 03315,+256700053315,member.kmb3315@example.invalid,gulu,1995-05-15,M,2025/10/01
KMB-C03316,  Fictional Member 03316  ,0700053316,member.kmb3316@example.invalid,Kampala,1996-05-15,F,2026-06-01
KMB-C03317,Fictional Member 03317,256700053317,member.kmb3317@example.invalid,Jinja,1997-05-15,prefer not to say,2026-06-01
KMB-C03318,Fictional Member 03318,,,mbarara,1998-05-15,M,01/06/2026
KMB-C03319,Fictional Member 03319,+256700053319,member.kmb3319@example.invalid,Gulu,1999-05-15,F,2026-06-01
KMB-C03320,  Fictional Member 03320  ,0700053320,member.kmb3320@example.invalid,Kampala,2000-05-15,prefer not to say,2025-10-01
KMB-C03321,Fictional Member 03321,256700053321,member.kmb3321@example.invalid,jinja,2001-05-15,M,2026/06/01
KMB-C03322,Fictional Member 03322,00256700053322,member.kmb3322@example.invalid,Mbarara,2002-05-15,F,2026-06-01
KMB-C03323,Fictional Member 03323,+256700053323,member.kmb3323@example.invalid,Gulu,2003-05-15,prefer not to say,2026-06-01
KMB-C03324,  Fictional Member 03324  ,0700053324,member.kmb3324@example.invalid,kampala,2004-05-15,M,2026/06/01
KMB-C03325,Fictional Member 03325,256700053325,member.kmb3325@example.invalid,Invalid District,1970-05-15,F,01/10/2025
KMB-C03326,Fictional Member 03326,00256700053326,member.kmb3326@example.invalid,Mbarara,1971-05-15,prefer not to say,2026-06-01
KMB-C03327,Fictional Member 03327,+256700053327,member.kmb3327@example.invalid,gulu,1972-05-15,M,2026/06/01
KMB-C03328,  Fictional Member 03328  ,bad-phone,member.kmb3328@example.invalid,Kampala,1973-05-15,F,2026-06-01
KMB-C03329,Fictional Member 03329,256700053329,member.kmb3329@example.invalid,Jinja,1974-05-15,prefer not to say,2026-06-01
KMB-C03330,Fictional Member 03330,00256700053330,member.kmb3330@example.invalid,mbarara,1975-05-15,M,2025/10/01
KMB-C03331,Fictional Member 03331,+256700053331,member.kmb3331@example.invalid,Gulu,1976-05-15,F,2026-06-01
KMB-C03332,  Fictional Member 03332  ,,,Kampala,1977-05-15,prefer not to say,01/06/2026
KMB-C03333,Fictional Member 03333,256700053333,member.kmb3333@example.invalid,jinja,1978-05-15,M,2026/06/01
KMB-C03334,Fictional Member 03334,00256700053334,member.kmb3334@example.invalid,Mbarara,1979-05-15,F,2026-06-01
KMB-C03335,,+256700053335,member.kmb3335@example.invalid,Gulu,1980-05-15,prefer not to say,2025-10-01
KMB-C03336,  Fictional Member 03336  ,0700053336,member.kmb3336@example.invalid,kampala,1981-05-15,M,2026/06/01
KMB-C03337,Fictional Member 03337,256700053337,member.kmb3337@example.invalid,Jinja,1982-05-15,F,2026-06-01
KMB-C03338,Fictional Member 03338,00256700053338,member.kmb3338@example.invalid,Mbarara,1983-05-15,prefer not to say,2026-06-01
KMB-C03339,Fictional Member 03339,+256700053339,bad-email,gulu,1984-05-15,M,01/06/2026
KMB-C03340,  Fictional Member 03340  ,0700053340,member.kmb3340@example.invalid,Kampala,1985-05-15,F,2025-10-01
KMB-C03341,Fictional Member 03341,256700053341,member.kmb3341@example.invalid,Jinja,1986-05-15,prefer not to say,2026-06-01
KMB-C03342,Fictional Member 03342,00256700053342,member.kmb3342@example.invalid,mbarara,1987-05-15,M,2026/06/01
KMB-C03343,Fictional Member 03343,+256700053343,member.kmb3343@example.invalid,Gulu,1988-05-15,F,2026-06-01
KMB-C03344,  Fictional Member 03344  ,bad-phone,member.kmb3344@example.invalid,Kampala,1989-05-15,prefer not to say,2026-06-01
KMB-C03345,Fictional Member 03345,256700053345,member.kmb3345@example.invalid,jinja,1990-05-15,M,2025/10/01
KMB-C03346,Fictional Member 03346,,,Mbarara,1991-05-15,F,01/06/2026
KMB-C03347,Fictional Member 03347,+256700053347,member.kmb3347@example.invalid,Gulu,1992-05-15,prefer not to say,2026-06-01
KMB-C03348,  Fictional Member 03348  ,0700053348,member.kmb3348@example.invalid,kampala,1993-05-15,M,2026/06/01
KMB-C03349,Fictional Member 03349,256700053349,member.kmb3349@example.invalid,Jinja,1994-05-15,F,2026-06-01
KMB-C03350,Fictional Member 03350,00256700053350,member.kmb3350@example.invalid,Invalid District,1995-05-15,prefer not to say,2025-10-01
KMB-C03351,Fictional Member 03351,+256700053351,member.kmb3351@example.invalid,gulu,1996-05-15,M,2026/06/01
KMB-C03352,  Fictional Member 03352  ,0700053352,member.kmb3352@example.invalid,Kampala,1997-05-15,F,2026-06-01
KMB-C03353,Fictional Member 03353,256700053353,member.kmb3353@example.invalid,Jinja,1998-05-15,prefer not to say,01/06/2026
KMB-C03354,Fictional Member 03354,00256700053354,member.kmb3354@example.invalid,mbarara,1999-05-15,M,2026/06/01
KMB-C03355,Fictional Member 03355,+256700053355,member.kmb3355@example.invalid,Gulu,2000-05-15,F,2025-10-01
KMB-C03356,  Fictional Member 03356  ,0700053356,member.kmb3356@example.invalid,Kampala,2001-05-15,prefer not to say,2026-06-01
KMB-C03357,Fictional Member 03357,256700053357,member.kmb3357@example.invalid,jinja,2002-05-15,M,2026/06/01
KMB-C03358,Fictional Member 03358,00256700053358,member.kmb3358@example.invalid,Mbarara,2003-05-15,F,2026-06-01
KMB-C03359,Fictional Member 03359,+256700053359,member.kmb3359@example.invalid,Gulu,2004-05-15,prefer not to say,2026-06-01
KMB-C03360,  Fictional Member 03360  ,,,kampala,1970-05-15,M,01/10/2025
KMB-C03361,Fictional Member 03361,256700053361,member.kmb3361@example.invalid,Jinja,1971-05-15,F,2026-06-01
KMB-C03362,Fictional Member 03362,00256700053362,member.kmb3362@example.invalid,Mbarara,1972-05-15,prefer not to say,2026-06-01
KMB-C03363,Fictional Member 03363,+256700053363,member.kmb3363@example.invalid,gulu,1973-05-15,M,2026/06/01
KMB-C03364,,0700053364,member.kmb3364@example.invalid,Kampala,1974-05-15,F,2026-06-01
KMB-C03365,Fictional Member 03365,256700053365,member.kmb3365@example.invalid,Jinja,1975-05-15,prefer not to say,2025-10-01
KMB-C03366,Fictional Member 03366,00256700053366,member.kmb3366@example.invalid,mbarara,1976-05-15,M,2026/06/01
KMB-C03367,Fictional Member 03367,+256700053367,member.kmb3367@example.invalid,Gulu,1977-05-15,F,01/06/2026
KMB-C03368,  Fictional Member 03368  ,0700053368,member.kmb3368@example.invalid,Kampala,1978-05-15,prefer not to say,2026-06-01
KMB-C03369,Fictional Member 03369,256700053369,member.kmb3369@example.invalid,jinja,1979-05-15,M,2026/06/01
KMB-C03370,Fictional Member 03370,00256700053370,member.kmb3370@example.invalid,Mbarara,1980-05-15,F,2025-10-01
KMB-C03371,Fictional Member 03371,+256700053371,member.kmb3371@example.invalid,Gulu,1981-05-15,prefer not to say,2026-06-01
KMB-C03372,  Fictional Member 03372  ,0700053372,member.kmb3372@example.invalid,kampala,1982-05-15,M,2026/06/01
KMB-C03373,Fictional Member 03373,256700053373,member.kmb3373@example.invalid,Jinja,1983-05-15,F,2026-06-01
KMB-C03374,Fictional Member 03374,,,Mbarara,1984-05-15,prefer not to say,01/06/2026
KMB-C03375,Fictional Member 03375,+256700053375,member.kmb3375@example.invalid,Invalid District,1985-05-15,M,2025/10/01
KMB-C03376,  Fictional Member 03376  ,bad-phone,member.kmb3376@example.invalid,Kampala,1986-05-15,F,2026-06-01
KMB-C03377,Fictional Member 03377,256700053377,member.kmb3377@example.invalid,Jinja,1987-05-15,prefer not to say,2026-06-01
KMB-C03378,Fictional Member 03378,00256700053378,member.kmb3378@example.invalid,mbarara,1988-05-15,M,2026/06/01
KMB-C03379,Fictional Member 03379,+256700053379,member.kmb3379@example.invalid,Gulu,1989-05-15,F,2026-06-01
KMB-C03380,  Fictional Member 03380  ,0700053380,member.kmb3380@example.invalid,Kampala,1990-05-15,prefer not to say,2025-10-01
KMB-C03381,Fictional Member 03381,256700053381,bad-email,jinja,1991-05-15,M,01/06/2026
KMB-C03382,Fictional Member 03382,00256700053382,member.kmb3382@example.invalid,Mbarara,1992-05-15,F,2026-06-01
KMB-C03383,Fictional Member 03383,+256700053383,member.kmb3383@example.invalid,Gulu,1993-05-15,prefer not to say,2026-06-01
KMB-C03384,  Fictional Member 03384  ,0700053384,member.kmb3384@example.invalid,kampala,1994-05-15,M,2026/06/01
KMB-C03385,Fictional Member 03385,256700053385,member.kmb3385@example.invalid,Jinja,1995-05-15,F,2025-10-01
KMB-C03386,Fictional Member 03386,00256700053386,member.kmb3386@example.invalid,Mbarara,1996-05-15,prefer not to say,2026-06-01
KMB-C03387,Fictional Member 03387,+256700053387,member.kmb3387@example.invalid,gulu,1997-05-15,M,2026/06/01
KMB-C03388,  Fictional Member 03388  ,,,Kampala,1998-05-15,F,01/06/2026
KMB-C03389,Fictional Member 03389,256700053389,member.kmb3389@example.invalid,Jinja,1999-05-15,prefer not to say,2026-06-01
KMB-C03390,Fictional Member 03390,00256700053390,member.kmb3390@example.invalid,mbarara,2000-05-15,M,2025/10/01
KMB-C03391,Fictional Member 03391,+256700053391,member.kmb3391@example.invalid,Gulu,2001-05-15,F,2026-06-01
KMB-C03392,  Fictional Member 03392  ,bad-phone,member.kmb3392@example.invalid,Kampala,2002-05-15,prefer not to say,2026-06-01
KMB-C03393,,256700053393,member.kmb3393@example.invalid,jinja,2003-05-15,M,2026/06/01
KMB-C03394,Fictional Member 03394,00256700053394,member.kmb3394@example.invalid,Mbarara,2004-05-15,F,2026-06-01
KMB-C03395,Fictional Member 03395,+256700053395,member.kmb3395@example.invalid,Gulu,1970-05-15,prefer not to say,01/10/2025
KMB-C03396,  Fictional Member 03396  ,0700053396,member.kmb3396@example.invalid,kampala,1971-05-15,M,2026/06/01
KMB-C03397,Fictional Member 03397,256700053397,member.kmb3397@example.invalid,Jinja,1972-05-15,F,2026-06-01
KMB-C03398,Fictional Member 03398,00256700053398,member.kmb3398@example.invalid,Mbarara,1973-05-15,prefer not to say,2026-06-01
KMB-C03399,Fictional Member 03399,+256700053399,member.kmb3399@example.invalid,gulu,1974-05-15,M,2026/06/01
KMB-C03400,  Fictional Member 03400  ,0700053400,member.kmb3400@example.invalid,Invalid District,1975-05-15,F,2025-10-01
KMB-C03401,Fictional Member 03401,256700053401,member.kmb3401@example.invalid,Jinja,1976-05-15,prefer not to say,2026-06-01
KMB-C03402,Fictional Member 03402,,,mbarara,1977-05-15,M,01/06/2026
KMB-C03403,Fictional Member 03403,+256700053403,member.kmb3403@example.invalid,Gulu,1978-05-15,F,2026-06-01
KMB-C03404,  Fictional Member 03404  ,0700053404,member.kmb3404@example.invalid,Kampala,1979-05-15,prefer not to say,2026-06-01
KMB-C03405,Fictional Member 03405,256700053405,member.kmb3405@example.invalid,jinja,1980-05-15,M,2025/10/01
KMB-C03406,Fictional Member 03406,00256700053406,member.kmb3406@example.invalid,Mbarara,1981-05-15,F,2026-06-01
KMB-C03407,Fictional Member 03407,+256700053407,member.kmb3407@example.invalid,Gulu,1982-05-15,prefer not to say,2026-06-01
KMB-C03408,  Fictional Member 03408  ,bad-phone,member.kmb3408@example.invalid,kampala,1983-05-15,M,2026/06/01
KMB-C03409,Fictional Member 03409,256700053409,member.kmb3409@example.invalid,Jinja,1984-05-15,F,01/06/2026
KMB-C03410,Fictional Member 03410,00256700053410,member.kmb3410@example.invalid,Mbarara,1985-05-15,prefer not to say,2025-10-01
KMB-C03411,Fictional Member 03411,+256700053411,member.kmb3411@example.invalid,gulu,1986-05-15,M,2026/06/01
KMB-C03412,  Fictional Member 03412  ,0700053412,member.kmb3412@example.invalid,Kampala,1987-05-15,F,2026-06-01
KMB-C03413,Fictional Member 03413,256700053413,member.kmb3413@example.invalid,Jinja,1988-05-15,prefer not to say,2026-06-01
KMB-C03414,Fictional Member 03414,00256700053414,member.kmb3414@example.invalid,mbarara,1989-05-15,M,2026/06/01
KMB-C03415,Fictional Member 03415,+256700053415,member.kmb3415@example.invalid,Gulu,1990-05-15,F,2025-10-01
KMB-C03416,  Fictional Member 03416  ,,,Kampala,1991-05-15,prefer not to say,01/06/2026
KMB-C03417,Fictional Member 03417,256700053417,member.kmb3417@example.invalid,jinja,1992-05-15,M,2026/06/01
KMB-C03418,Fictional Member 03418,00256700053418,member.kmb3418@example.invalid,Mbarara,1993-05-15,F,2026-06-01
KMB-C03419,Fictional Member 03419,+256700053419,member.kmb3419@example.invalid,Gulu,1994-05-15,prefer not to say,2026-06-01
KMB-C03420,  Fictional Member 03420  ,0700053420,member.kmb3420@example.invalid,kampala,1995-05-15,M,2025/10/01
KMB-C03421,Fictional Member 03421,256700053421,member.kmb3421@example.invalid,Jinja,1996-05-15,F,2026-06-01
KMB-C03422,,00256700053422,member.kmb3422@example.invalid,Mbarara,1997-05-15,prefer not to say,2026-06-01
KMB-C03423,Fictional Member 03423,+256700053423,bad-email,gulu,1998-05-15,M,01/06/2026
KMB-C03424,  Fictional Member 03424  ,bad-phone,member.kmb3424@example.invalid,Kampala,1999-05-15,F,2026-06-01
KMB-C03425,Fictional Member 03425,256700053425,member.kmb3425@example.invalid,Invalid District,2000-05-15,prefer not to say,2025-10-01
KMB-C03426,Fictional Member 03426,00256700053426,member.kmb3426@example.invalid,mbarara,2001-05-15,M,2026/06/01
KMB-C03427,Fictional Member 03427,+256700053427,member.kmb3427@example.invalid,Gulu,2002-05-15,F,2026-06-01
KMB-C03428,  Fictional Member 03428  ,0700053428,member.kmb3428@example.invalid,Kampala,2003-05-15,prefer not to say,2026-06-01
KMB-C03429,Fictional Member 03429,256700053429,member.kmb3429@example.invalid,jinja,2004-05-15,M,2026/06/01
KMB-C03430,Fictional Member 03430,,,Mbarara,1970-05-15,F,01/10/2025
KMB-C03431,Fictional Member 03431,+256700053431,member.kmb3431@example.invalid,Gulu,1971-05-15,prefer not to say,2026-06-01
KMB-C03432,  Fictional Member 03432  ,0700053432,member.kmb3432@example.invalid,kampala,1972-05-15,M,2026/06/01
KMB-C03433,Fictional Member 03433,256700053433,member.kmb3433@example.invalid,Jinja,1973-05-15,F,2026-06-01
KMB-C03434,Fictional Member 03434,00256700053434,member.kmb3434@example.invalid,Mbarara,1974-05-15,prefer not to say,2026-06-01
KMB-C03435,Fictional Member 03435,+256700053435,member.kmb3435@example.invalid,gulu,1975-05-15,M,2025/10/01
KMB-C03436,  Fictional Member 03436  ,0700053436,member.kmb3436@example.invalid,Kampala,1976-05-15,F,2026-06-01
KMB-C03437,Fictional Member 03437,256700053437,member.kmb3437@example.invalid,Jinja,1977-05-15,prefer not to say,01/06/2026
KMB-C03438,Fictional Member 03438,00256700053438,member.kmb3438@example.invalid,mbarara,1978-05-15,M,2026/06/01
KMB-C03439,Fictional Member 03439,+256700053439,member.kmb3439@example.invalid,Gulu,1979-05-15,F,2026-06-01
KMB-C03440,  Fictional Member 03440  ,bad-phone,member.kmb3440@example.invalid,Kampala,1980-05-15,prefer not to say,2025-10-01
KMB-C03441,Fictional Member 03441,256700053441,member.kmb3441@example.invalid,jinja,1981-05-15,M,2026/06/01
KMB-C03442,Fictional Member 03442,00256700053442,member.kmb3442@example.invalid,Mbarara,1982-05-15,F,2026-06-01
KMB-C03443,Fictional Member 03443,+256700053443,member.kmb3443@example.invalid,Gulu,1983-05-15,prefer not to say,2026-06-01
KMB-C03444,  Fictional Member 03444  ,,,kampala,1984-05-15,M,01/06/2026
KMB-C03445,Fictional Member 03445,256700053445,member.kmb3445@example.invalid,Jinja,1985-05-15,F,2025-10-01
KMB-C03446,Fictional Member 03446,00256700053446,member.kmb3446@example.invalid,Mbarara,1986-05-15,prefer not to say,2026-06-01
KMB-C03447,Fictional Member 03447,+256700053447,member.kmb3447@example.invalid,gulu,1987-05-15,M,2026/06/01
KMB-C03448,  Fictional Member 03448  ,0700053448,member.kmb3448@example.invalid,Kampala,1988-05-15,F,2026-06-01
KMB-C03449,Fictional Member 03449,256700053449,member.kmb3449@example.invalid,Jinja,1989-05-15,prefer not to say,2026-06-01
KMB-C03450,Fictional Member 03450,00256700053450,member.kmb3450@example.invalid,Invalid District,1990-05-15,M,2025/10/01
KMB-C03451,,+256700053451,member.kmb3451@example.invalid,Gulu,1991-05-15,F,01/06/2026
KMB-C03452,  Fictional Member 03452  ,0700053452,member.kmb3452@example.invalid,Kampala,1992-05-15,prefer not to say,2026-06-01
KMB-C03453,Fictional Member 03453,256700053453,member.kmb3453@example.invalid,jinja,1993-05-15,M,2026/06/01
KMB-C03454,Fictional Member 03454,00256700053454,member.kmb3454@example.invalid,Mbarara,1994-05-15,F,2026-06-01
KMB-C03455,Fictional Member 03455,+256700053455,member.kmb3455@example.invalid,Gulu,1995-05-15,prefer not to say,2025-10-01
KMB-C03456,  Fictional Member 03456  ,bad-phone,member.kmb3456@example.invalid,kampala,1996-05-15,M,2026/06/01
KMB-C03457,Fictional Member 03457,256700053457,member.kmb3457@example.invalid,Jinja,1997-05-15,F,2026-06-01
KMB-C03458,Fictional Member 03458,,,Mbarara,1998-05-15,prefer not to say,01/06/2026
KMB-C03459,Fictional Member 03459,+256700053459,member.kmb3459@example.invalid,gulu,1999-05-15,M,2026/06/01
KMB-C03460,  Fictional Member 03460  ,0700053460,member.kmb3460@example.invalid,Kampala,2000-05-15,F,2025-10-01
KMB-C03461,Fictional Member 03461,256700053461,member.kmb3461@example.invalid,Jinja,2001-05-15,prefer not to say,2026-06-01
KMB-C03462,Fictional Member 03462,00256700053462,member.kmb3462@example.invalid,mbarara,2002-05-15,M,2026/06/01
KMB-C03463,Fictional Member 03463,+256700053463,member.kmb3463@example.invalid,Gulu,2003-05-15,F,2026-06-01
KMB-C03464,  Fictional Member 03464  ,0700053464,member.kmb3464@example.invalid,Kampala,2004-05-15,prefer not to say,2026-06-01
KMB-C03465,Fictional Member 03465,256700053465,bad-email,jinja,1970-05-15,M,01/10/2025
KMB-C03466,Fictional Member 03466,00256700053466,member.kmb3466@example.invalid,Mbarara,1971-05-15,F,2026-06-01
KMB-C03467,Fictional Member 03467,+256700053467,member.kmb3467@example.invalid,Gulu,1972-05-15,prefer not to say,2026-06-01
KMB-C03468,  Fictional Member 03468  ,0700053468,member.kmb3468@example.invalid,kampala,1973-05-15,M,2026/06/01
KMB-C03469,Fictional Member 03469,256700053469,member.kmb3469@example.invalid,Jinja,1974-05-15,F,2026-06-01
KMB-C03470,Fictional Member 03470,00256700053470,member.kmb3470@example.invalid,Mbarara,1975-05-15,prefer not to say,2025-10-01
KMB-C03471,Fictional Member 03471,+256700053471,member.kmb3471@example.invalid,gulu,1976-05-15,M,2026/06/01
KMB-C03472,  Fictional Member 03472  ,,,Kampala,1977-05-15,F,01/06/2026
KMB-C03473,Fictional Member 03473,256700053473,member.kmb3473@example.invalid,Jinja,1978-05-15,prefer not to say,2026-06-01
KMB-C03474,Fictional Member 03474,00256700053474,member.kmb3474@example.invalid,mbarara,1979-05-15,M,2026/06/01
KMB-C03475,Fictional Member 03475,+256700053475,member.kmb3475@example.invalid,Invalid District,1980-05-15,F,2025-10-01
KMB-C03476,  Fictional Member 03476  ,0700053476,member.kmb3476@example.invalid,Kampala,1981-05-15,prefer not to say,2026-06-01
KMB-C03477,Fictional Member 03477,256700053477,member.kmb3477@example.invalid,jinja,1982-05-15,M,2026/06/01
KMB-C03478,Fictional Member 03478,00256700053478,member.kmb3478@example.invalid,Mbarara,1983-05-15,F,2026-06-01
KMB-C03479,Fictional Member 03479,+256700053479,member.kmb3479@example.invalid,Gulu,1984-05-15,prefer not to say,01/06/2026
KMB-C03480,,0700053480,member.kmb3480@example.invalid,kampala,1985-05-15,M,2025/10/01
KMB-C03481,Fictional Member 03481,256700053481,member.kmb3481@example.invalid,Jinja,1986-05-15,F,2026-06-01
KMB-C03482,Fictional Member 03482,00256700053482,member.kmb3482@example.invalid,Mbarara,1987-05-15,prefer not to say,2026-06-01
KMB-C03483,Fictional Member 03483,+256700053483,member.kmb3483@example.invalid,gulu,1988-05-15,M,2026/06/01
KMB-C03484,  Fictional Member 03484  ,0700053484,member.kmb3484@example.invalid,Kampala,1989-05-15,F,2026-06-01
KMB-C03485,Fictional Member 03485,256700053485,member.kmb3485@example.invalid,Jinja,1990-05-15,prefer not to say,2025-10-01
KMB-C03486,Fictional Member 03486,,,mbarara,1991-05-15,M,01/06/2026
KMB-C03487,Fictional Member 03487,+256700053487,member.kmb3487@example.invalid,Gulu,1992-05-15,F,2026-06-01
KMB-C03488,  Fictional Member 03488  ,bad-phone,member.kmb3488@example.invalid,Kampala,1993-05-15,prefer not to say,2026-06-01
KMB-C03489,Fictional Member 03489,256700053489,member.kmb3489@example.invalid,jinja,1994-05-15,M,2026/06/01
KMB-C03490,Fictional Member 03490,00256700053490,member.kmb3490@example.invalid,Mbarara,1995-05-15,F,2025-10-01
KMB-C03491,Fictional Member 03491,+256700053491,member.kmb3491@example.invalid,Gulu,1996-05-15,prefer not to say,2026-06-01
KMB-C03492,  Fictional Member 03492  ,0700053492,member.kmb3492@example.invalid,kampala,1997-05-15,M,2026/06/01
KMB-C03493,Fictional Member 03493,256700053493,member.kmb3493@example.invalid,Jinja,1998-05-15,F,01/06/2026
KMB-C03494,Fictional Member 03494,00256700053494,member.kmb3494@example.invalid,Mbarara,1999-05-15,prefer not to say,2026-06-01
KMB-C03495,Fictional Member 03495,+256700053495,member.kmb3495@example.invalid,gulu,2000-05-15,M,2025/10/01
KMB-C03496,  Fictional Member 03496  ,0700053496,member.kmb3496@example.invalid,Kampala,2001-05-15,F,2026-06-01
KMB-C03497,Fictional Member 03497,256700053497,member.kmb3497@example.invalid,Jinja,2002-05-15,prefer not to say,2026-06-01
KMB-C03498,Fictional Member 03498,00256700053498,member.kmb3498@example.invalid,mbarara,2003-05-15,M,2026/06/01
KMB-C03499,Fictional Member 03499,+256700053499,member.kmb3499@example.invalid,Gulu,2004-05-15,F,2026-06-01
KMB-C03500,  Fictional Member 03500  ,,,Invalid District,1970-05-15,prefer not to say,01/10/2025
KMB-C03501,Fictional Member 03501,256700053501,member.kmb3501@example.invalid,jinja,1971-05-15,M,2026/06/01
KMB-C03502,Fictional Member 03502,00256700053502,member.kmb3502@example.invalid,Mbarara,1972-05-15,F,2026-06-01
KMB-C03503,Fictional Member 03503,+256700053503,member.kmb3503@example.invalid,Gulu,1973-05-15,prefer not to say,2026-06-01
KMB-C03504,  Fictional Member 03504  ,bad-phone,member.kmb3504@example.invalid,kampala,1974-05-15,M,2026/06/01
KMB-C03505,Fictional Member 03505,256700053505,member.kmb3505@example.invalid,Jinja,1975-05-15,F,2025-10-01
KMB-C03506,Fictional Member 03506,00256700053506,member.kmb3506@example.invalid,Mbarara,1976-05-15,prefer not to say,2026-06-01
KMB-C03507,Fictional Member 03507,+256700053507,bad-email,gulu,1977-05-15,M,01/06/2026
KMB-C03508,  Fictional Member 03508  ,0700053508,member.kmb3508@example.invalid,Kampala,1978-05-15,F,2026-06-01
KMB-C03509,,256700053509,member.kmb3509@example.invalid,Jinja,1979-05-15,prefer not to say,2026-06-01
KMB-C03510,Fictional Member 03510,00256700053510,member.kmb3510@example.invalid,mbarara,1980-05-15,M,2025/10/01
KMB-C03511,Fictional Member 03511,+256700053511,member.kmb3511@example.invalid,Gulu,1981-05-15,F,2026-06-01
KMB-C03512,  Fictional Member 03512  ,0700053512,member.kmb3512@example.invalid,Kampala,1982-05-15,prefer not to say,2026-06-01
KMB-C03513,Fictional Member 03513,256700053513,member.kmb3513@example.invalid,jinja,1983-05-15,M,2026/06/01
KMB-C03514,Fictional Member 03514,,,Mbarara,1984-05-15,F,01/06/2026
KMB-C03515,Fictional Member 03515,+256700053515,member.kmb3515@example.invalid,Gulu,1985-05-15,prefer not to say,2025-10-01
KMB-C03516,  Fictional Member 03516  ,0700053516,member.kmb3516@example.invalid,kampala,1986-05-15,M,2026/06/01
KMB-C03517,Fictional Member 03517,256700053517,member.kmb3517@example.invalid,Jinja,1987-05-15,F,2026-06-01
KMB-C03518,Fictional Member 03518,00256700053518,member.kmb3518@example.invalid,Mbarara,1988-05-15,prefer not to say,2026-06-01
KMB-C03519,Fictional Member 03519,+256700053519,member.kmb3519@example.invalid,gulu,1989-05-15,M,2026/06/01
KMB-C03520,  Fictional Member 03520  ,bad-phone,member.kmb3520@example.invalid,Kampala,1990-05-15,F,2025-10-01
KMB-C03521,Fictional Member 03521,256700053521,member.kmb3521@example.invalid,Jinja,1991-05-15,prefer not to say,01/06/2026
KMB-C03522,Fictional Member 03522,00256700053522,member.kmb3522@example.invalid,mbarara,1992-05-15,M,2026/06/01
KMB-C03523,Fictional Member 03523,+256700053523,member.kmb3523@example.invalid,Gulu,1993-05-15,F,2026-06-01
KMB-C03524,  Fictional Member 03524  ,0700053524,member.kmb3524@example.invalid,Kampala,1994-05-15,prefer not to say,2026-06-01
KMB-C03525,Fictional Member 03525,256700053525,member.kmb3525@example.invalid,Invalid District,1995-05-15,M,2025/10/01
KMB-C03526,Fictional Member 03526,00256700053526,member.kmb3526@example.invalid,Mbarara,1996-05-15,F,2026-06-01
KMB-C03527,Fictional Member 03527,+256700053527,member.kmb3527@example.invalid,Gulu,1997-05-15,prefer not to say,2026-06-01
KMB-C03528,  Fictional Member 03528  ,,,kampala,1998-05-15,M,01/06/2026
KMB-C03529,Fictional Member 03529,256700053529,member.kmb3529@example.invalid,Jinja,1999-05-15,F,2026-06-01
KMB-C03530,Fictional Member 03530,00256700053530,member.kmb3530@example.invalid,Mbarara,2000-05-15,prefer not to say,2025-10-01
KMB-C03531,Fictional Member 03531,+256700053531,member.kmb3531@example.invalid,gulu,2001-05-15,M,2026/06/01
KMB-C03532,  Fictional Member 03532  ,0700053532,member.kmb3532@example.invalid,Kampala,2002-05-15,F,2026-06-01
KMB-C03533,Fictional Member 03533,256700053533,member.kmb3533@example.invalid,Jinja,2003-05-15,prefer not to say,2026-06-01
KMB-C03534,Fictional Member 03534,00256700053534,member.kmb3534@example.invalid,mbarara,2004-05-15,M,2026/06/01
KMB-C03535,Fictional Member 03535,+256700053535,member.kmb3535@example.invalid,Gulu,1970-05-15,F,01/10/2025
KMB-C03536,  Fictional Member 03536  ,bad-phone,member.kmb3536@example.invalid,Kampala,1971-05-15,prefer not to say,2026-06-01
KMB-C03537,Fictional Member 03537,256700053537,member.kmb3537@example.invalid,jinja,1972-05-15,M,2026/06/01
KMB-C03538,,00256700053538,member.kmb3538@example.invalid,Mbarara,1973-05-15,F,2026-06-01
KMB-C03539,Fictional Member 03539,+256700053539,member.kmb3539@example.invalid,Gulu,1974-05-15,prefer not to say,2026-06-01
KMB-C03540,  Fictional Member 03540  ,0700053540,member.kmb3540@example.invalid,kampala,1975-05-15,M,2025/10/01
KMB-C03541,Fictional Member 03541,256700053541,member.kmb3541@example.invalid,Jinja,1976-05-15,F,2026-06-01
KMB-C03542,Fictional Member 03542,,,Mbarara,1977-05-15,prefer not to say,01/06/2026
KMB-C03543,Fictional Member 03543,+256700053543,member.kmb3543@example.invalid,gulu,1978-05-15,M,2026/06/01
KMB-C03544,  Fictional Member 03544  ,0700053544,member.kmb3544@example.invalid,Kampala,1979-05-15,F,2026-06-01
KMB-C03545,Fictional Member 03545,256700053545,member.kmb3545@example.invalid,Jinja,1980-05-15,prefer not to say,2025-10-01
KMB-C03546,Fictional Member 03546,00256700053546,member.kmb3546@example.invalid,mbarara,1981-05-15,M,2026/06/01
KMB-C03547,Fictional Member 03547,+256700053547,member.kmb3547@example.invalid,Gulu,1982-05-15,F,2026-06-01
KMB-C03548,  Fictional Member 03548  ,0700053548,member.kmb3548@example.invalid,Kampala,1983-05-15,prefer not to say,2026-06-01
KMB-C03549,Fictional Member 03549,256700053549,bad-email,jinja,1984-05-15,M,01/06/2026
KMB-C03550,Fictional Member 03550,00256700053550,member.kmb3550@example.invalid,Invalid District,1985-05-15,F,2025-10-01
KMB-C03551,Fictional Member 03551,+256700053551,member.kmb3551@example.invalid,Gulu,1986-05-15,prefer not to say,2026-06-01
KMB-C03552,  Fictional Member 03552  ,bad-phone,member.kmb3552@example.invalid,kampala,1987-05-15,M,2026/06/01
KMB-C03553,Fictional Member 03553,256700053553,member.kmb3553@example.invalid,Jinja,1988-05-15,F,2026-06-01
KMB-C03554,Fictional Member 03554,00256700053554,member.kmb3554@example.invalid,Mbarara,1989-05-15,prefer not to say,2026-06-01
KMB-C03555,Fictional Member 03555,+256700053555,member.kmb3555@example.invalid,gulu,1990-05-15,M,2025/10/01
KMB-C03556,  Fictional Member 03556  ,,,Kampala,1991-05-15,F,01/06/2026
KMB-C03557,Fictional Member 03557,256700053557,member.kmb3557@example.invalid,Jinja,1992-05-15,prefer not to say,2026-06-01
KMB-C03558,Fictional Member 03558,00256700053558,member.kmb3558@example.invalid,mbarara,1993-05-15,M,2026/06/01
KMB-C03559,Fictional Member 03559,+256700053559,member.kmb3559@example.invalid,Gulu,1994-05-15,F,2026-06-01
KMB-C03560,  Fictional Member 03560  ,0700053560,member.kmb3560@example.invalid,Kampala,1995-05-15,prefer not to say,2025-10-01
KMB-C03561,Fictional Member 03561,256700053561,member.kmb3561@example.invalid,jinja,1996-05-15,M,2026/06/01
KMB-C03562,Fictional Member 03562,00256700053562,member.kmb3562@example.invalid,Mbarara,1997-05-15,F,2026-06-01
KMB-C03563,Fictional Member 03563,+256700053563,member.kmb3563@example.invalid,Gulu,1998-05-15,prefer not to say,01/06/2026
KMB-C03564,  Fictional Member 03564  ,0700053564,member.kmb3564@example.invalid,kampala,1999-05-15,M,2026/06/01
KMB-C03565,Fictional Member 03565,256700053565,member.kmb3565@example.invalid,Jinja,2000-05-15,F,2025-10-01
KMB-C03566,Fictional Member 03566,00256700053566,member.kmb3566@example.invalid,Mbarara,2001-05-15,prefer not to say,2026-06-01
KMB-C03567,,+256700053567,member.kmb3567@example.invalid,gulu,2002-05-15,M,2026/06/01
KMB-C03568,  Fictional Member 03568  ,bad-phone,member.kmb3568@example.invalid,Kampala,2003-05-15,F,2026-06-01
KMB-C03569,Fictional Member 03569,256700053569,member.kmb3569@example.invalid,Jinja,2004-05-15,prefer not to say,2026-06-01
KMB-C03570,Fictional Member 03570,,,mbarara,1970-05-15,M,01/10/2025
KMB-C03571,Fictional Member 03571,+256700053571,member.kmb3571@example.invalid,Gulu,1971-05-15,F,2026-06-01
KMB-C03572,  Fictional Member 03572  ,0700053572,member.kmb3572@example.invalid,Kampala,1972-05-15,prefer not to say,2026-06-01
KMB-C03573,Fictional Member 03573,256700053573,member.kmb3573@example.invalid,jinja,1973-05-15,M,2026/06/01
KMB-C03574,Fictional Member 03574,00256700053574,member.kmb3574@example.invalid,Mbarara,1974-05-15,F,2026-06-01
KMB-C03575,Fictional Member 03575,+256700053575,member.kmb3575@example.invalid,Invalid District,1975-05-15,prefer not to say,2025-10-01
KMB-C03576,  Fictional Member 03576  ,0700053576,member.kmb3576@example.invalid,kampala,1976-05-15,M,2026/06/01
KMB-C03577,Fictional Member 03577,256700053577,member.kmb3577@example.invalid,Jinja,1977-05-15,F,01/06/2026
KMB-C03578,Fictional Member 03578,00256700053578,member.kmb3578@example.invalid,Mbarara,1978-05-15,prefer not to say,2026-06-01
KMB-C03579,Fictional Member 03579,+256700053579,member.kmb3579@example.invalid,gulu,1979-05-15,M,2026/06/01
KMB-C03580,  Fictional Member 03580  ,0700053580,member.kmb3580@example.invalid,Kampala,1980-05-15,F,2025-10-01
KMB-C03581,Fictional Member 03581,256700053581,member.kmb3581@example.invalid,Jinja,1981-05-15,prefer not to say,2026-06-01
KMB-C03582,Fictional Member 03582,00256700053582,member.kmb3582@example.invalid,mbarara,1982-05-15,M,2026/06/01
KMB-C03583,Fictional Member 03583,+256700053583,member.kmb3583@example.invalid,Gulu,1983-05-15,F,2026-06-01
KMB-C03584,  Fictional Member 03584  ,,,Kampala,1984-05-15,prefer not to say,01/06/2026
KMB-C03585,Fictional Member 03585,256700053585,member.kmb3585@example.invalid,jinja,1985-05-15,M,2025/10/01
KMB-C03586,Fictional Member 03586,00256700053586,member.kmb3586@example.invalid,Mbarara,1986-05-15,F,2026-06-01
KMB-C03587,Fictional Member 03587,+256700053587,member.kmb3587@example.invalid,Gulu,1987-05-15,prefer not to say,2026-06-01
KMB-C03588,  Fictional Member 03588  ,0700053588,member.kmb3588@example.invalid,kampala,1988-05-15,M,2026/06/01
KMB-C03589,Fictional Member 03589,256700053589,member.kmb3589@example.invalid,Jinja,1989-05-15,F,2026-06-01
KMB-C03590,Fictional Member 03590,00256700053590,member.kmb3590@example.invalid,Mbarara,1990-05-15,prefer not to say,2025-10-01
KMB-C03591,Fictional Member 03591,+256700053591,bad-email,gulu,1991-05-15,M,01/06/2026
KMB-C03592,  Fictional Member 03592  ,0700053592,member.kmb3592@example.invalid,Kampala,1992-05-15,F,2026-06-01
KMB-C03593,Fictional Member 03593,256700053593,member.kmb3593@example.invalid,Jinja,1993-05-15,prefer not to say,2026-06-01
KMB-C03594,Fictional Member 03594,00256700053594,member.kmb3594@example.invalid,mbarara,1994-05-15,M,2026/06/01
KMB-C03595,Fictional Member 03595,+256700053595,member.kmb3595@example.invalid,Gulu,1995-05-15,F,2025-10-01
KMB-C03596,,0700053596,member.kmb3596@example.invalid,Kampala,1996-05-15,prefer not to say,2026-06-01
KMB-C03597,Fictional Member 03597,256700053597,member.kmb3597@example.invalid,jinja,1997-05-15,M,2026/06/01
KMB-C03598,Fictional Member 03598,,,Mbarara,1998-05-15,F,01/06/2026
KMB-C03599,Fictional Member 03599,+256700053599,member.kmb3599@example.invalid,Gulu,1999-05-15,prefer not to say,2026-06-01
KMB-C03600,  Fictional Member 03600  ,bad-phone,member.kmb3600@example.invalid,Invalid District,2000-05-15,M,2025/10/01
KMB-C03601,Fictional Member 03601,256700053601,member.kmb3601@example.invalid,Jinja,2001-05-15,F,2026-06-01
KMB-C03602,Fictional Member 03602,00256700053602,member.kmb3602@example.invalid,Mbarara,2002-05-15,prefer not to say,2026-06-01
KMB-C03603,Fictional Member 03603,+256700053603,member.kmb3603@example.invalid,gulu,2003-05-15,M,2026/06/01
KMB-C03604,  Fictional Member 03604  ,0700053604,member.kmb3604@example.invalid,Kampala,2004-05-15,F,2026-06-01
KMB-C03605,Fictional Member 03605,256700053605,member.kmb3605@example.invalid,Jinja,1970-05-15,prefer not to say,01/10/2025
KMB-C03606,Fictional Member 03606,00256700053606,member.kmb3606@example.invalid,mbarara,1971-05-15,M,2026/06/01
KMB-C03607,Fictional Member 03607,+256700053607,member.kmb3607@example.invalid,Gulu,1972-05-15,F,2026-06-01
KMB-C03608,  Fictional Member 03608  ,0700053608,member.kmb3608@example.invalid,Kampala,1973-05-15,prefer not to say,2026-06-01
KMB-C03609,Fictional Member 03609,256700053609,member.kmb3609@example.invalid,jinja,1974-05-15,M,2026/06/01
KMB-C03610,Fictional Member 03610,00256700053610,member.kmb3610@example.invalid,Mbarara,1975-05-15,F,2025-10-01
KMB-C03611,Fictional Member 03611,+256700053611,member.kmb3611@example.invalid,Gulu,1976-05-15,prefer not to say,2026-06-01
KMB-C03612,  Fictional Member 03612  ,,,kampala,1977-05-15,M,01/06/2026
KMB-C03613,Fictional Member 03613,256700053613,member.kmb3613@example.invalid,Jinja,1978-05-15,F,2026-06-01
KMB-C03614,Fictional Member 03614,00256700053614,member.kmb3614@example.invalid,Mbarara,1979-05-15,prefer not to say,2026-06-01
KMB-C03615,Fictional Member 03615,+256700053615,member.kmb3615@example.invalid,gulu,1980-05-15,M,2025/10/01
KMB-C03616,  Fictional Member 03616  ,bad-phone,member.kmb3616@example.invalid,Kampala,1981-05-15,F,2026-06-01
KMB-C03617,Fictional Member 03617,256700053617,member.kmb3617@example.invalid,Jinja,1982-05-15,prefer not to say,2026-06-01
KMB-C03618,Fictional Member 03618,00256700053618,member.kmb3618@example.invalid,mbarara,1983-05-15,M,2026/06/01
KMB-C03619,Fictional Member 03619,+256700053619,member.kmb3619@example.invalid,Gulu,1984-05-15,F,01/06/2026
KMB-C03620,  Fictional Member 03620  ,0700053620,member.kmb3620@example.invalid,Kampala,1985-05-15,prefer not to say,2025-10-01
KMB-C03621,Fictional Member 03621,256700053621,member.kmb3621@example.invalid,jinja,1986-05-15,M,2026/06/01
KMB-C03622,Fictional Member 03622,00256700053622,member.kmb3622@example.invalid,Mbarara,1987-05-15,F,2026-06-01
KMB-C03623,Fictional Member 03623,+256700053623,member.kmb3623@example.invalid,Gulu,1988-05-15,prefer not to say,2026-06-01
KMB-C03624,  Fictional Member 03624  ,0700053624,member.kmb3624@example.invalid,kampala,1989-05-15,M,2026/06/01
KMB-C03625,,256700053625,member.kmb3625@example.invalid,Invalid District,1990-05-15,F,2025-10-01
KMB-C03626,Fictional Member 03626,,,Mbarara,1991-05-15,prefer not to say,01/06/2026
KMB-C03627,Fictional Member 03627,+256700053627,member.kmb3627@example.invalid,gulu,1992-05-15,M,2026/06/01
KMB-C03628,  Fictional Member 03628  ,0700053628,member.kmb3628@example.invalid,Kampala,1993-05-15,F,2026-06-01
KMB-C03629,Fictional Member 03629,256700053629,member.kmb3629@example.invalid,Jinja,1994-05-15,prefer not to say,2026-06-01
KMB-C03630,Fictional Member 03630,00256700053630,member.kmb3630@example.invalid,mbarara,1995-05-15,M,2025/10/01
KMB-C03631,Fictional Member 03631,+256700053631,member.kmb3631@example.invalid,Gulu,1996-05-15,F,2026-06-01
KMB-C03632,  Fictional Member 03632  ,bad-phone,member.kmb3632@example.invalid,Kampala,1997-05-15,prefer not to say,2026-06-01
KMB-C03633,Fictional Member 03633,256700053633,bad-email,jinja,1998-05-15,M,01/06/2026
KMB-C03634,Fictional Member 03634,00256700053634,member.kmb3634@example.invalid,Mbarara,1999-05-15,F,2026-06-01
KMB-C03635,Fictional Member 03635,+256700053635,member.kmb3635@example.invalid,Gulu,2000-05-15,prefer not to say,2025-10-01
KMB-C03636,  Fictional Member 03636  ,0700053636,member.kmb3636@example.invalid,kampala,2001-05-15,M,2026/06/01
KMB-C03637,Fictional Member 03637,256700053637,member.kmb3637@example.invalid,Jinja,2002-05-15,F,2026-06-01
KMB-C03638,Fictional Member 03638,00256700053638,member.kmb3638@example.invalid,Mbarara,2003-05-15,prefer not to say,2026-06-01
KMB-C03639,Fictional Member 03639,+256700053639,member.kmb3639@example.invalid,gulu,2004-05-15,M,2026/06/01
KMB-C03640,  Fictional Member 03640  ,,,Kampala,1970-05-15,F,01/10/2025
KMB-C03641,Fictional Member 03641,256700053641,member.kmb3641@example.invalid,Jinja,1971-05-15,prefer not to say,2026-06-01
KMB-C03642,Fictional Member 03642,00256700053642,member.kmb3642@example.invalid,mbarara,1972-05-15,M,2026/06/01
KMB-C03643,Fictional Member 03643,+256700053643,member.kmb3643@example.invalid,Gulu,1973-05-15,F,2026-06-01
KMB-C03644,  Fictional Member 03644  ,0700053644,member.kmb3644@example.invalid,Kampala,1974-05-15,prefer not to say,2026-06-01
KMB-C03645,Fictional Member 03645,256700053645,member.kmb3645@example.invalid,jinja,1975-05-15,M,2025/10/01
KMB-C03646,Fictional Member 03646,00256700053646,member.kmb3646@example.invalid,Mbarara,1976-05-15,F,2026-06-01
KMB-C03647,Fictional Member 03647,+256700053647,member.kmb3647@example.invalid,Gulu,1977-05-15,prefer not to say,01/06/2026
KMB-C03648,  Fictional Member 03648  ,bad-phone,member.kmb3648@example.invalid,kampala,1978-05-15,M,2026/06/01
KMB-C03649,Fictional Member 03649,256700053649,member.kmb3649@example.invalid,Jinja,1979-05-15,F,2026-06-01
KMB-C03650,Fictional Member 03650,00256700053650,member.kmb3650@example.invalid,Invalid District,1980-05-15,prefer not to say,2025-10-01
KMB-C03651,Fictional Member 03651,+256700053651,member.kmb3651@example.invalid,gulu,1981-05-15,M,2026/06/01
KMB-C03652,  Fictional Member 03652  ,0700053652,member.kmb3652@example.invalid,Kampala,1982-05-15,F,2026-06-01
KMB-C03653,Fictional Member 03653,256700053653,member.kmb3653@example.invalid,Jinja,1983-05-15,prefer not to say,2026-06-01
KMB-C03654,,,,mbarara,1984-05-15,M,01/06/2026
KMB-C03655,Fictional Member 03655,+256700053655,member.kmb3655@example.invalid,Gulu,1985-05-15,F,2025-10-01
KMB-C03656,  Fictional Member 03656  ,0700053656,member.kmb3656@example.invalid,Kampala,1986-05-15,prefer not to say,2026-06-01
KMB-C03657,Fictional Member 03657,256700053657,member.kmb3657@example.invalid,jinja,1987-05-15,M,2026/06/01
KMB-C03658,Fictional Member 03658,00256700053658,member.kmb3658@example.invalid,Mbarara,1988-05-15,F,2026-06-01
KMB-C03659,Fictional Member 03659,+256700053659,member.kmb3659@example.invalid,Gulu,1989-05-15,prefer not to say,2026-06-01
KMB-C03660,  Fictional Member 03660  ,0700053660,member.kmb3660@example.invalid,kampala,1990-05-15,M,2025/10/01
KMB-C03661,Fictional Member 03661,256700053661,member.kmb3661@example.invalid,Jinja,1991-05-15,F,01/06/2026
KMB-C03662,Fictional Member 03662,00256700053662,member.kmb3662@example.invalid,Mbarara,1992-05-15,prefer not to say,2026-06-01
KMB-C03663,Fictional Member 03663,+256700053663,member.kmb3663@example.invalid,gulu,1993-05-15,M,2026/06/01
KMB-C03664,  Fictional Member 03664  ,bad-phone,member.kmb3664@example.invalid,Kampala,1994-05-15,F,2026-06-01
KMB-C03665,Fictional Member 03665,256700053665,member.kmb3665@example.invalid,Jinja,1995-05-15,prefer not to say,2025-10-01
KMB-C03666,Fictional Member 03666,00256700053666,member.kmb3666@example.invalid,mbarara,1996-05-15,M,2026/06/01
KMB-C03667,Fictional Member 03667,+256700053667,member.kmb3667@example.invalid,Gulu,1997-05-15,F,2026-06-01
KMB-C03668,  Fictional Member 03668  ,,,Kampala,1998-05-15,prefer not to say,01/06/2026
KMB-C03669,Fictional Member 03669,256700053669,member.kmb3669@example.invalid,jinja,1999-05-15,M,2026/06/01
KMB-C03670,Fictional Member 03670,00256700053670,member.kmb3670@example.invalid,Mbarara,2000-05-15,F,2025-10-01
KMB-C03671,Fictional Member 03671,+256700053671,member.kmb3671@example.invalid,Gulu,2001-05-15,prefer not to say,2026-06-01
KMB-C03672,  Fictional Member 03672  ,0700053672,member.kmb3672@example.invalid,kampala,2002-05-15,M,2026/06/01
KMB-C03673,Fictional Member 03673,256700053673,member.kmb3673@example.invalid,Jinja,2003-05-15,F,2026-06-01
KMB-C03674,Fictional Member 03674,00256700053674,member.kmb3674@example.invalid,Mbarara,2004-05-15,prefer not to say,2026-06-01
KMB-C03675,Fictional Member 03675,+256700053675,bad-email,Invalid District,1970-05-15,M,01/10/2025
KMB-C03676,  Fictional Member 03676  ,0700053676,member.kmb3676@example.invalid,Kampala,1971-05-15,F,2026-06-01
KMB-C03677,Fictional Member 03677,256700053677,member.kmb3677@example.invalid,Jinja,1972-05-15,prefer not to say,2026-06-01
KMB-C03678,Fictional Member 03678,00256700053678,member.kmb3678@example.invalid,mbarara,1973-05-15,M,2026/06/01
KMB-C03679,Fictional Member 03679,+256700053679,member.kmb3679@example.invalid,Gulu,1974-05-15,F,2026-06-01
KMB-C03680,  Fictional Member 03680  ,bad-phone,member.kmb3680@example.invalid,Kampala,1975-05-15,prefer not to say,2025-10-01
KMB-C03681,Fictional Member 03681,256700053681,member.kmb3681@example.invalid,jinja,1976-05-15,M,2026/06/01
KMB-C03682,Fictional Member 03682,,,Mbarara,1977-05-15,F,01/06/2026
KMB-C03683,,+256700053683,member.kmb3683@example.invalid,Gulu,1978-05-15,prefer not to say,2026-06-01
KMB-C03684,  Fictional Member 03684  ,0700053684,member.kmb3684@example.invalid,kampala,1979-05-15,M,2026/06/01
KMB-C03685,Fictional Member 03685,256700053685,member.kmb3685@example.invalid,Jinja,1980-05-15,F,2025-10-01
KMB-C03686,Fictional Member 03686,00256700053686,member.kmb3686@example.invalid,Mbarara,1981-05-15,prefer not to say,2026-06-01
KMB-C03687,Fictional Member 03687,+256700053687,member.kmb3687@example.invalid,gulu,1982-05-15,M,2026/06/01
KMB-C03688,  Fictional Member 03688  ,0700053688,member.kmb3688@example.invalid,Kampala,1983-05-15,F,2026-06-01
KMB-C03689,Fictional Member 03689,256700053689,member.kmb3689@example.invalid,Jinja,1984-05-15,prefer not to say,01/06/2026
KMB-C03690,Fictional Member 03690,00256700053690,member.kmb3690@example.invalid,mbarara,1985-05-15,M,2025/10/01
KMB-C03691,Fictional Member 03691,+256700053691,member.kmb3691@example.invalid,Gulu,1986-05-15,F,2026-06-01
KMB-C03692,  Fictional Member 03692  ,0700053692,member.kmb3692@example.invalid,Kampala,1987-05-15,prefer not to say,2026-06-01
KMB-C03693,Fictional Member 03693,256700053693,member.kmb3693@example.invalid,jinja,1988-05-15,M,2026/06/01
KMB-C03694,Fictional Member 03694,00256700053694,member.kmb3694@example.invalid,Mbarara,1989-05-15,F,2026-06-01
KMB-C03695,Fictional Member 03695,+256700053695,member.kmb3695@example.invalid,Gulu,1990-05-15,prefer not to say,2025-10-01
KMB-C03696,  Fictional Member 03696  ,,,kampala,1991-05-15,M,01/06/2026
KMB-C03697,Fictional Member 03697,256700053697,member.kmb3697@example.invalid,Jinja,1992-05-15,F,2026-06-01
KMB-C03698,Fictional Member 03698,00256700053698,member.kmb3698@example.invalid,Mbarara,1993-05-15,prefer not to say,2026-06-01
KMB-C03699,Fictional Member 03699,+256700053699,member.kmb3699@example.invalid,gulu,1994-05-15,M,2026/06/01
KMB-C03700,  Fictional Member 03700  ,0700053700,member.kmb3700@example.invalid,Invalid District,1995-05-15,F,2025-10-01
KMB-C03701,Fictional Member 03701,256700053701,member.kmb3701@example.invalid,Jinja,1996-05-15,prefer not to say,2026-06-01
KMB-C03702,Fictional Member 03702,00256700053702,member.kmb3702@example.invalid,mbarara,1997-05-15,M,2026/06/01
KMB-C03703,Fictional Member 03703,+256700053703,member.kmb3703@example.invalid,Gulu,1998-05-15,F,01/06/2026
KMB-C03704,  Fictional Member 03704  ,0700053704,member.kmb3704@example.invalid,Kampala,1999-05-15,prefer not to say,2026-06-01
KMB-C03705,Fictional Member 03705,256700053705,member.kmb3705@example.invalid,jinja,2000-05-15,M,2025/10/01
KMB-C03706,Fictional Member 03706,00256700053706,member.kmb3706@example.invalid,Mbarara,2001-05-15,F,2026-06-01
KMB-C03707,Fictional Member 03707,+256700053707,member.kmb3707@example.invalid,Gulu,2002-05-15,prefer not to say,2026-06-01
KMB-C03708,  Fictional Member 03708  ,0700053708,member.kmb3708@example.invalid,kampala,2003-05-15,M,2026/06/01
KMB-C03709,Fictional Member 03709,256700053709,member.kmb3709@example.invalid,Jinja,2004-05-15,F,2026-06-01
KMB-C03710,Fictional Member 03710,,,Mbarara,1970-05-15,prefer not to say,01/10/2025
KMB-C03711,Fictional Member 03711,+256700053711,member.kmb3711@example.invalid,gulu,1971-05-15,M,2026/06/01
KMB-C03712,,bad-phone,member.kmb3712@example.invalid,Kampala,1972-05-15,F,2026-06-01
KMB-C03713,Fictional Member 03713,256700053713,member.kmb3713@example.invalid,Jinja,1973-05-15,prefer not to say,2026-06-01
KMB-C03714,Fictional Member 03714,00256700053714,member.kmb3714@example.invalid,mbarara,1974-05-15,M,2026/06/01
KMB-C03715,Fictional Member 03715,+256700053715,member.kmb3715@example.invalid,Gulu,1975-05-15,F,2025-10-01
KMB-C03716,  Fictional Member 03716  ,0700053716,member.kmb3716@example.invalid,Kampala,1976-05-15,prefer not to say,2026-06-01
KMB-C03717,Fictional Member 03717,256700053717,bad-email,jinja,1977-05-15,M,01/06/2026
KMB-C03718,Fictional Member 03718,00256700053718,member.kmb3718@example.invalid,Mbarara,1978-05-15,F,2026-06-01
KMB-C03719,Fictional Member 03719,+256700053719,member.kmb3719@example.invalid,Gulu,1979-05-15,prefer not to say,2026-06-01
KMB-C03720,  Fictional Member 03720  ,0700053720,member.kmb3720@example.invalid,kampala,1980-05-15,M,2025/10/01
KMB-C03721,Fictional Member 03721,256700053721,member.kmb3721@example.invalid,Jinja,1981-05-15,F,2026-06-01
KMB-C03722,Fictional Member 03722,00256700053722,member.kmb3722@example.invalid,Mbarara,1982-05-15,prefer not to say,2026-06-01
KMB-C03723,Fictional Member 03723,+256700053723,member.kmb3723@example.invalid,gulu,1983-05-15,M,2026/06/01
KMB-C03724,  Fictional Member 03724  ,,,Kampala,1984-05-15,F,01/06/2026
KMB-C03725,Fictional Member 03725,256700053725,member.kmb3725@example.invalid,Invalid District,1985-05-15,prefer not to say,2025-10-01
KMB-C03726,Fictional Member 03726,00256700053726,member.kmb3726@example.invalid,mbarara,1986-05-15,M,2026/06/01
KMB-C03727,Fictional Member 03727,+256700053727,member.kmb3727@example.invalid,Gulu,1987-05-15,F,2026-06-01
KMB-C03728,  Fictional Member 03728  ,bad-phone,member.kmb3728@example.invalid,Kampala,1988-05-15,prefer not to say,2026-06-01
KMB-C03729,Fictional Member 03729,256700053729,member.kmb3729@example.invalid,jinja,1989-05-15,M,2026/06/01
KMB-C03730,Fictional Member 03730,00256700053730,member.kmb3730@example.invalid,Mbarara,1990-05-15,F,2025-10-01
KMB-C03731,Fictional Member 03731,+256700053731,member.kmb3731@example.invalid,Gulu,1991-05-15,prefer not to say,01/06/2026
KMB-C03732,  Fictional Member 03732  ,0700053732,member.kmb3732@example.invalid,kampala,1992-05-15,M,2026/06/01
KMB-C03733,Fictional Member 03733,256700053733,member.kmb3733@example.invalid,Jinja,1993-05-15,F,2026-06-01
KMB-C03734,Fictional Member 03734,00256700053734,member.kmb3734@example.invalid,Mbarara,1994-05-15,prefer not to say,2026-06-01
KMB-C03735,Fictional Member 03735,+256700053735,member.kmb3735@example.invalid,gulu,1995-05-15,M,2025/10/01
KMB-C03736,  Fictional Member 03736  ,0700053736,member.kmb3736@example.invalid,Kampala,1996-05-15,F,2026-06-01
KMB-C03737,Fictional Member 03737,256700053737,member.kmb3737@example.invalid,Jinja,1997-05-15,prefer not to say,2026-06-01
KMB-C03738,Fictional Member 03738,,,mbarara,1998-05-15,M,01/06/2026
KMB-C03739,Fictional Member 03739,+256700053739,member.kmb3739@example.invalid,Gulu,1999-05-15,F,2026-06-01
KMB-C03740,  Fictional Member 03740  ,0700053740,member.kmb3740@example.invalid,Kampala,2000-05-15,prefer not to say,2025-10-01
KMB-C03741,,256700053741,member.kmb3741@example.invalid,jinja,2001-05-15,M,2026/06/01
KMB-C03742,Fictional Member 03742,00256700053742,member.kmb3742@example.invalid,Mbarara,2002-05-15,F,2026-06-01
KMB-C03743,Fictional Member 03743,+256700053743,member.kmb3743@example.invalid,Gulu,2003-05-15,prefer not to say,2026-06-01
KMB-C03744,  Fictional Member 03744  ,bad-phone,member.kmb3744@example.invalid,kampala,2004-05-15,M,2026/06/01
KMB-C03745,Fictional Member 03745,256700053745,member.kmb3745@example.invalid,Jinja,1970-05-15,F,01/10/2025
KMB-C03746,Fictional Member 03746,00256700053746,member.kmb3746@example.invalid,Mbarara,1971-05-15,prefer not to say,2026-06-01
KMB-C03747,Fictional Member 03747,+256700053747,member.kmb3747@example.invalid,gulu,1972-05-15,M,2026/06/01
KMB-C03748,  Fictional Member 03748  ,0700053748,member.kmb3748@example.invalid,Kampala,1973-05-15,F,2026-06-01
KMB-C03749,Fictional Member 03749,256700053749,member.kmb3749@example.invalid,Jinja,1974-05-15,prefer not to say,2026-06-01
KMB-C03750,Fictional Member 03750,00256700053750,member.kmb3750@example.invalid,Invalid District,1975-05-15,M,2025/10/01
KMB-C03751,Fictional Member 03751,+256700053751,member.kmb3751@example.invalid,Gulu,1976-05-15,F,2026-06-01
KMB-C03752,  Fictional Member 03752  ,,,Kampala,1977-05-15,prefer not to say,01/06/2026
KMB-C03753,Fictional Member 03753,256700053753,member.kmb3753@example.invalid,jinja,1978-05-15,M,2026/06/01
KMB-C03754,Fictional Member 03754,00256700053754,member.kmb3754@example.invalid,Mbarara,1979-05-15,F,2026-06-01
KMB-C03755,Fictional Member 03755,+256700053755,member.kmb3755@example.invalid,Gulu,1980-05-15,prefer not to say,2025-10-01
KMB-C03756,  Fictional Member 03756  ,0700053756,member.kmb3756@example.invalid,kampala,1981-05-15,M,2026/06/01
KMB-C03757,Fictional Member 03757,256700053757,member.kmb3757@example.invalid,Jinja,1982-05-15,F,2026-06-01
KMB-C03758,Fictional Member 03758,00256700053758,member.kmb3758@example.invalid,Mbarara,1983-05-15,prefer not to say,2026-06-01
KMB-C03759,Fictional Member 03759,+256700053759,bad-email,gulu,1984-05-15,M,01/06/2026
KMB-C03760,  Fictional Member 03760  ,bad-phone,member.kmb3760@example.invalid,Kampala,1985-05-15,F,2025-10-01
KMB-C03761,Fictional Member 03761,256700053761,member.kmb3761@example.invalid,Jinja,1986-05-15,prefer not to say,2026-06-01
KMB-C03762,Fictional Member 03762,00256700053762,member.kmb3762@example.invalid,mbarara,1987-05-15,M,2026/06/01
KMB-C03763,Fictional Member 03763,+256700053763,member.kmb3763@example.invalid,Gulu,1988-05-15,F,2026-06-01
KMB-C03764,  Fictional Member 03764  ,0700053764,member.kmb3764@example.invalid,Kampala,1989-05-15,prefer not to say,2026-06-01
KMB-C03765,Fictional Member 03765,256700053765,member.kmb3765@example.invalid,jinja,1990-05-15,M,2025/10/01
KMB-C03766,Fictional Member 03766,,,Mbarara,1991-05-15,F,01/06/2026
KMB-C03767,Fictional Member 03767,+256700053767,member.kmb3767@example.invalid,Gulu,1992-05-15,prefer not to say,2026-06-01
KMB-C03768,  Fictional Member 03768  ,0700053768,member.kmb3768@example.invalid,kampala,1993-05-15,M,2026/06/01
KMB-C03769,Fictional Member 03769,256700053769,member.kmb3769@example.invalid,Jinja,1994-05-15,F,2026-06-01
KMB-C03770,,00256700053770,member.kmb3770@example.invalid,Mbarara,1995-05-15,prefer not to say,2025-10-01
KMB-C03771,Fictional Member 03771,+256700053771,member.kmb3771@example.invalid,gulu,1996-05-15,M,2026/06/01
KMB-C03772,  Fictional Member 03772  ,0700053772,member.kmb3772@example.invalid,Kampala,1997-05-15,F,2026-06-01
KMB-C03773,Fictional Member 03773,256700053773,member.kmb3773@example.invalid,Jinja,1998-05-15,prefer not to say,01/06/2026
KMB-C03774,Fictional Member 03774,00256700053774,member.kmb3774@example.invalid,mbarara,1999-05-15,M,2026/06/01
KMB-C03775,Fictional Member 03775,+256700053775,member.kmb3775@example.invalid,Invalid District,2000-05-15,F,2025-10-01
KMB-C03776,  Fictional Member 03776  ,bad-phone,member.kmb3776@example.invalid,Kampala,2001-05-15,prefer not to say,2026-06-01
KMB-C03777,Fictional Member 03777,256700053777,member.kmb3777@example.invalid,jinja,2002-05-15,M,2026/06/01
KMB-C03778,Fictional Member 03778,00256700053778,member.kmb3778@example.invalid,Mbarara,2003-05-15,F,2026-06-01
KMB-C03779,Fictional Member 03779,+256700053779,member.kmb3779@example.invalid,Gulu,2004-05-15,prefer not to say,2026-06-01
KMB-C03780,  Fictional Member 03780  ,,,kampala,1970-05-15,M,01/10/2025
KMB-C03781,Fictional Member 03781,256700053781,member.kmb3781@example.invalid,Jinja,1971-05-15,F,2026-06-01
KMB-C03782,Fictional Member 03782,00256700053782,member.kmb3782@example.invalid,Mbarara,1972-05-15,prefer not to say,2026-06-01
KMB-C03783,Fictional Member 03783,+256700053783,member.kmb3783@example.invalid,gulu,1973-05-15,M,2026/06/01
KMB-C03784,  Fictional Member 03784  ,0700053784,member.kmb3784@example.invalid,Kampala,1974-05-15,F,2026-06-01
KMB-C03785,Fictional Member 03785,256700053785,member.kmb3785@example.invalid,Jinja,1975-05-15,prefer not to say,2025-10-01
KMB-C03786,Fictional Member 03786,00256700053786,member.kmb3786@example.invalid,mbarara,1976-05-15,M,2026/06/01
KMB-C03787,Fictional Member 03787,+256700053787,member.kmb3787@example.invalid,Gulu,1977-05-15,F,01/06/2026
KMB-C03788,  Fictional Member 03788  ,0700053788,member.kmb3788@example.invalid,Kampala,1978-05-15,prefer not to say,2026-06-01
KMB-C03789,Fictional Member 03789,256700053789,member.kmb3789@example.invalid,jinja,1979-05-15,M,2026/06/01
KMB-C03790,Fictional Member 03790,00256700053790,member.kmb3790@example.invalid,Mbarara,1980-05-15,F,2025-10-01
KMB-C03791,Fictional Member 03791,+256700053791,member.kmb3791@example.invalid,Gulu,1981-05-15,prefer not to say,2026-06-01
KMB-C03792,  Fictional Member 03792  ,bad-phone,member.kmb3792@example.invalid,kampala,1982-05-15,M,2026/06/01
KMB-C03793,Fictional Member 03793,256700053793,member.kmb3793@example.invalid,Jinja,1983-05-15,F,2026-06-01
KMB-C03794,Fictional Member 03794,,,Mbarara,1984-05-15,prefer not to say,01/06/2026
KMB-C03795,Fictional Member 03795,+256700053795,member.kmb3795@example.invalid,gulu,1985-05-15,M,2025/10/01
KMB-C03796,  Fictional Member 03796  ,0700053796,member.kmb3796@example.invalid,Kampala,1986-05-15,F,2026-06-01
KMB-C03797,Fictional Member 03797,256700053797,member.kmb3797@example.invalid,Jinja,1987-05-15,prefer not to say,2026-06-01
KMB-C03798,Fictional Member 03798,00256700053798,member.kmb3798@example.invalid,mbarara,1988-05-15,M,2026/06/01
KMB-C03799,,+256700053799,member.kmb3799@example.invalid,Gulu,1989-05-15,F,2026-06-01
KMB-C03800,  Fictional Member 03800  ,0700053800,member.kmb3800@example.invalid,Invalid District,1990-05-15,prefer not to say,2025-10-01
KMB-C03801,Fictional Member 03801,256700053801,bad-email,jinja,1991-05-15,M,01/06/2026
KMB-C03802,Fictional Member 03802,00256700053802,member.kmb3802@example.invalid,Mbarara,1992-05-15,F,2026-06-01
KMB-C03803,Fictional Member 03803,+256700053803,member.kmb3803@example.invalid,Gulu,1993-05-15,prefer not to say,2026-06-01
KMB-C03804,  Fictional Member 03804  ,0700053804,member.kmb3804@example.invalid,kampala,1994-05-15,M,2026/06/01
KMB-C03805,Fictional Member 03805,256700053805,member.kmb3805@example.invalid,Jinja,1995-05-15,F,2025-10-01
KMB-C03806,Fictional Member 03806,00256700053806,member.kmb3806@example.invalid,Mbarara,1996-05-15,prefer not to say,2026-06-01
KMB-C03807,Fictional Member 03807,+256700053807,member.kmb3807@example.invalid,gulu,1997-05-15,M,2026/06/01
KMB-C03808,  Fictional Member 03808  ,,,Kampala,1998-05-15,F,01/06/2026
KMB-C03809,Fictional Member 03809,256700053809,member.kmb3809@example.invalid,Jinja,1999-05-15,prefer not to say,2026-06-01
KMB-C03810,Fictional Member 03810,00256700053810,member.kmb3810@example.invalid,mbarara,2000-05-15,M,2025/10/01
KMB-C03811,Fictional Member 03811,+256700053811,member.kmb3811@example.invalid,Gulu,2001-05-15,F,2026-06-01
KMB-C03812,  Fictional Member 03812  ,0700053812,member.kmb3812@example.invalid,Kampala,2002-05-15,prefer not to say,2026-06-01
KMB-C03813,Fictional Member 03813,256700053813,member.kmb3813@example.invalid,jinja,2003-05-15,M,2026/06/01
KMB-C03814,Fictional Member 03814,00256700053814,member.kmb3814@example.invalid,Mbarara,2004-05-15,F,2026-06-01
KMB-C03815,Fictional Member 03815,+256700053815,member.kmb3815@example.invalid,Gulu,1970-05-15,prefer not to say,01/10/2025
KMB-C03816,  Fictional Member 03816  ,0700053816,member.kmb3816@example.invalid,kampala,1971-05-15,M,2026/06/01
KMB-C03817,Fictional Member 03817,256700053817,member.kmb3817@example.invalid,Jinja,1972-05-15,F,2026-06-01
KMB-C03818,Fictional Member 03818,00256700053818,member.kmb3818@example.invalid,Mbarara,1973-05-15,prefer not to say,2026-06-01
KMB-C03819,Fictional Member 03819,+256700053819,member.kmb3819@example.invalid,gulu,1974-05-15,M,2026/06/01
KMB-C03820,  Fictional Member 03820  ,0700053820,member.kmb3820@example.invalid,Kampala,1975-05-15,F,2025-10-01
KMB-C03821,Fictional Member 03821,256700053821,member.kmb3821@example.invalid,Jinja,1976-05-15,prefer not to say,2026-06-01
KMB-C03822,Fictional Member 03822,,,mbarara,1977-05-15,M,01/06/2026
KMB-C03823,Fictional Member 03823,+256700053823,member.kmb3823@example.invalid,Gulu,1978-05-15,F,2026-06-01
KMB-C03824,  Fictional Member 03824  ,bad-phone,member.kmb3824@example.invalid,Kampala,1979-05-15,prefer not to say,2026-06-01
KMB-C03825,Fictional Member 03825,256700053825,member.kmb3825@example.invalid,Invalid District,1980-05-15,M,2025/10/01
KMB-C03826,Fictional Member 03826,00256700053826,member.kmb3826@example.invalid,Mbarara,1981-05-15,F,2026-06-01
KMB-C03827,Fictional Member 03827,+256700053827,member.kmb3827@example.invalid,Gulu,1982-05-15,prefer not to say,2026-06-01
KMB-C03828,,0700053828,member.kmb3828@example.invalid,kampala,1983-05-15,M,2026/06/01
KMB-C03829,Fictional Member 03829,256700053829,member.kmb3829@example.invalid,Jinja,1984-05-15,F,01/06/2026
KMB-C03830,Fictional Member 03830,00256700053830,member.kmb3830@example.invalid,Mbarara,1985-05-15,prefer not to say,2025-10-01
KMB-C03831,Fictional Member 03831,+256700053831,member.kmb3831@example.invalid,gulu,1986-05-15,M,2026/06/01
KMB-C03832,  Fictional Member 03832  ,0700053832,member.kmb3832@example.invalid,Kampala,1987-05-15,F,2026-06-01
KMB-C03833,Fictional Member 03833,256700053833,member.kmb3833@example.invalid,Jinja,1988-05-15,prefer not to say,2026-06-01
KMB-C03834,Fictional Member 03834,00256700053834,member.kmb3834@example.invalid,mbarara,1989-05-15,M,2026/06/01
KMB-C03835,Fictional Member 03835,+256700053835,member.kmb3835@example.invalid,Gulu,1990-05-15,F,2025-10-01
KMB-C03836,  Fictional Member 03836  ,,,Kampala,1991-05-15,prefer not to say,01/06/2026
KMB-C03837,Fictional Member 03837,256700053837,member.kmb3837@example.invalid,jinja,1992-05-15,M,2026/06/01
KMB-C03838,Fictional Member 03838,00256700053838,member.kmb3838@example.invalid,Mbarara,1993-05-15,F,2026-06-01
KMB-C03839,Fictional Member 03839,+256700053839,member.kmb3839@example.invalid,Gulu,1994-05-15,prefer not to say,2026-06-01
KMB-C03840,  Fictional Member 03840  ,bad-phone,member.kmb3840@example.invalid,kampala,1995-05-15,M,2025/10/01
KMB-C03841,Fictional Member 03841,256700053841,member.kmb3841@example.invalid,Jinja,1996-05-15,F,2026-06-01
KMB-C03842,Fictional Member 03842,00256700053842,member.kmb3842@example.invalid,Mbarara,1997-05-15,prefer not to say,2026-06-01
KMB-C03843,Fictional Member 03843,+256700053843,bad-email,gulu,1998-05-15,M,01/06/2026
KMB-C03844,  Fictional Member 03844  ,0700053844,member.kmb3844@example.invalid,Kampala,1999-05-15,F,2026-06-01
KMB-C03845,Fictional Member 03845,256700053845,member.kmb3845@example.invalid,Jinja,2000-05-15,prefer not to say,2025-10-01
KMB-C03846,Fictional Member 03846,00256700053846,member.kmb3846@example.invalid,mbarara,2001-05-15,M,2026/06/01
KMB-C03847,Fictional Member 03847,+256700053847,member.kmb3847@example.invalid,Gulu,2002-05-15,F,2026-06-01
KMB-C03848,  Fictional Member 03848  ,0700053848,member.kmb3848@example.invalid,Kampala,2003-05-15,prefer not to say,2026-06-01
KMB-C03849,Fictional Member 03849,256700053849,member.kmb3849@example.invalid,jinja,2004-05-15,M,2026/06/01
KMB-C03850,Fictional Member 03850,,,Invalid District,1970-05-15,F,01/10/2025
KMB-C03851,Fictional Member 03851,+256700053851,member.kmb3851@example.invalid,Gulu,1971-05-15,prefer not to say,2026-06-01
KMB-C03852,  Fictional Member 03852  ,0700053852,member.kmb3852@example.invalid,kampala,1972-05-15,M,2026/06/01
KMB-C03853,Fictional Member 03853,256700053853,member.kmb3853@example.invalid,Jinja,1973-05-15,F,2026-06-01
KMB-C03854,Fictional Member 03854,00256700053854,member.kmb3854@example.invalid,Mbarara,1974-05-15,prefer not to say,2026-06-01
KMB-C03855,Fictional Member 03855,+256700053855,member.kmb3855@example.invalid,gulu,1975-05-15,M,2025/10/01
KMB-C03856,  Fictional Member 03856  ,bad-phone,member.kmb3856@example.invalid,Kampala,1976-05-15,F,2026-06-01
KMB-C03857,,256700053857,member.kmb3857@example.invalid,Jinja,1977-05-15,prefer not to say,01/06/2026
KMB-C03858,Fictional Member 03858,00256700053858,member.kmb3858@example.invalid,mbarara,1978-05-15,M,2026/06/01
KMB-C03859,Fictional Member 03859,+256700053859,member.kmb3859@example.invalid,Gulu,1979-05-15,F,2026-06-01
KMB-C03860,  Fictional Member 03860  ,0700053860,member.kmb3860@example.invalid,Kampala,1980-05-15,prefer not to say,2025-10-01
KMB-C03861,Fictional Member 03861,256700053861,member.kmb3861@example.invalid,jinja,1981-05-15,M,2026/06/01
KMB-C03862,Fictional Member 03862,00256700053862,member.kmb3862@example.invalid,Mbarara,1982-05-15,F,2026-06-01
KMB-C03863,Fictional Member 03863,+256700053863,member.kmb3863@example.invalid,Gulu,1983-05-15,prefer not to say,2026-06-01
KMB-C03864,  Fictional Member 03864  ,,,kampala,1984-05-15,M,01/06/2026
KMB-C03865,Fictional Member 03865,256700053865,member.kmb3865@example.invalid,Jinja,1985-05-15,F,2025-10-01
KMB-C03866,Fictional Member 03866,00256700053866,member.kmb3866@example.invalid,Mbarara,1986-05-15,prefer not to say,2026-06-01
KMB-C03867,Fictional Member 03867,+256700053867,member.kmb3867@example.invalid,gulu,1987-05-15,M,2026/06/01
KMB-C03868,  Fictional Member 03868  ,0700053868,member.kmb3868@example.invalid,Kampala,1988-05-15,F,2026-06-01
KMB-C03869,Fictional Member 03869,256700053869,member.kmb3869@example.invalid,Jinja,1989-05-15,prefer not to say,2026-06-01
KMB-C03870,Fictional Member 03870,00256700053870,member.kmb3870@example.invalid,mbarara,1990-05-15,M,2025/10/01
KMB-C03871,Fictional Member 03871,+256700053871,member.kmb3871@example.invalid,Gulu,1991-05-15,F,01/06/2026
KMB-C03872,  Fictional Member 03872  ,bad-phone,member.kmb3872@example.invalid,Kampala,1992-05-15,prefer not to say,2026-06-01
KMB-C03873,Fictional Member 03873,256700053873,member.kmb3873@example.invalid,jinja,1993-05-15,M,2026/06/01
KMB-C03874,Fictional Member 03874,00256700053874,member.kmb3874@example.invalid,Mbarara,1994-05-15,F,2026-06-01
KMB-C03875,Fictional Member 03875,+256700053875,member.kmb3875@example.invalid,Invalid District,1995-05-15,prefer not to say,2025-10-01
KMB-C03876,  Fictional Member 03876  ,0700053876,member.kmb3876@example.invalid,kampala,1996-05-15,M,2026/06/01
KMB-C03877,Fictional Member 03877,256700053877,member.kmb3877@example.invalid,Jinja,1997-05-15,F,2026-06-01
KMB-C03878,Fictional Member 03878,,,Mbarara,1998-05-15,prefer not to say,01/06/2026
KMB-C03879,Fictional Member 03879,+256700053879,member.kmb3879@example.invalid,gulu,1999-05-15,M,2026/06/01
KMB-C03880,  Fictional Member 03880  ,0700053880,member.kmb3880@example.invalid,Kampala,2000-05-15,F,2025-10-01
KMB-C03881,Fictional Member 03881,256700053881,member.kmb3881@example.invalid,Jinja,2001-05-15,prefer not to say,2026-06-01
KMB-C03882,Fictional Member 03882,00256700053882,member.kmb3882@example.invalid,mbarara,2002-05-15,M,2026/06/01
KMB-C03883,Fictional Member 03883,+256700053883,member.kmb3883@example.invalid,Gulu,2003-05-15,F,2026-06-01
KMB-C03884,  Fictional Member 03884  ,0700053884,member.kmb3884@example.invalid,Kampala,2004-05-15,prefer not to say,2026-06-01
KMB-C03885,Fictional Member 03885,256700053885,bad-email,jinja,1970-05-15,M,01/10/2025
KMB-C03886,,00256700053886,member.kmb3886@example.invalid,Mbarara,1971-05-15,F,2026-06-01
KMB-C03887,Fictional Member 03887,+256700053887,member.kmb3887@example.invalid,Gulu,1972-05-15,prefer not to say,2026-06-01
KMB-C03888,  Fictional Member 03888  ,bad-phone,member.kmb3888@example.invalid,kampala,1973-05-15,M,2026/06/01
KMB-C03889,Fictional Member 03889,256700053889,member.kmb3889@example.invalid,Jinja,1974-05-15,F,2026-06-01
KMB-C03890,Fictional Member 03890,00256700053890,member.kmb3890@example.invalid,Mbarara,1975-05-15,prefer not to say,2025-10-01
KMB-C03891,Fictional Member 03891,+256700053891,member.kmb3891@example.invalid,gulu,1976-05-15,M,2026/06/01
KMB-C03892,  Fictional Member 03892  ,,,Kampala,1977-05-15,F,01/06/2026
KMB-C03893,Fictional Member 03893,256700053893,member.kmb3893@example.invalid,Jinja,1978-05-15,prefer not to say,2026-06-01
KMB-C03894,Fictional Member 03894,00256700053894,member.kmb3894@example.invalid,mbarara,1979-05-15,M,2026/06/01
KMB-C03895,Fictional Member 03895,+256700053895,member.kmb3895@example.invalid,Gulu,1980-05-15,F,2025-10-01
KMB-C03896,  Fictional Member 03896  ,0700053896,member.kmb3896@example.invalid,Kampala,1981-05-15,prefer not to say,2026-06-01
KMB-C03897,Fictional Member 03897,256700053897,member.kmb3897@example.invalid,jinja,1982-05-15,M,2026/06/01
KMB-C03898,Fictional Member 03898,00256700053898,member.kmb3898@example.invalid,Mbarara,1983-05-15,F,2026-06-01
KMB-C03899,Fictional Member 03899,+256700053899,member.kmb3899@example.invalid,Gulu,1984-05-15,prefer not to say,01/06/2026
KMB-C03900,  Fictional Member 03900  ,0700053900,member.kmb3900@example.invalid,Invalid District,1985-05-15,M,2025/10/01
KMB-C03901,Fictional Member 03901,256700053901,member.kmb3901@example.invalid,Jinja,1986-05-15,F,2026-06-01
KMB-C03902,Fictional Member 03902,00256700053902,member.kmb3902@example.invalid,Mbarara,1987-05-15,prefer not to say,2026-06-01
KMB-C03903,Fictional Member 03903,+256700053903,member.kmb3903@example.invalid,gulu,1988-05-15,M,2026/06/01
KMB-C03904,  Fictional Member 03904  ,bad-phone,member.kmb3904@example.invalid,Kampala,1989-05-15,F,2026-06-01
KMB-C03905,Fictional Member 03905,256700053905,member.kmb3905@example.invalid,Jinja,1990-05-15,prefer not to say,2025-10-01
KMB-C03906,Fictional Member 03906,,,mbarara,1991-05-15,M,01/06/2026
KMB-C03907,Fictional Member 03907,+256700053907,member.kmb3907@example.invalid,Gulu,1992-05-15,F,2026-06-01
KMB-C03908,  Fictional Member 03908  ,0700053908,member.kmb3908@example.invalid,Kampala,1993-05-15,prefer not to say,2026-06-01
KMB-C03909,Fictional Member 03909,256700053909,member.kmb3909@example.invalid,jinja,1994-05-15,M,2026/06/01
KMB-C03910,Fictional Member 03910,00256700053910,member.kmb3910@example.invalid,Mbarara,1995-05-15,F,2025-10-01
KMB-C03911,Fictional Member 03911,+256700053911,member.kmb3911@example.invalid,Gulu,1996-05-15,prefer not to say,2026-06-01
KMB-C03912,  Fictional Member 03912  ,0700053912,member.kmb3912@example.invalid,kampala,1997-05-15,M,2026/06/01
KMB-C03913,Fictional Member 03913,256700053913,member.kmb3913@example.invalid,Jinja,1998-05-15,F,01/06/2026
KMB-C03914,Fictional Member 03914,00256700053914,member.kmb3914@example.invalid,Mbarara,1999-05-15,prefer not to say,2026-06-01
KMB-C03915,,+256700053915,member.kmb3915@example.invalid,gulu,2000-05-15,M,2025/10/01
KMB-C03916,  Fictional Member 03916  ,0700053916,member.kmb3916@example.invalid,Kampala,2001-05-15,F,2026-06-01
KMB-C03917,Fictional Member 03917,256700053917,member.kmb3917@example.invalid,Jinja,2002-05-15,prefer not to say,2026-06-01
KMB-C03918,Fictional Member 03918,00256700053918,member.kmb3918@example.invalid,mbarara,2003-05-15,M,2026/06/01
KMB-C03919,Fictional Member 03919,+256700053919,member.kmb3919@example.invalid,Gulu,2004-05-15,F,2026-06-01
KMB-C03920,  Fictional Member 03920  ,,,Kampala,1970-05-15,prefer not to say,01/10/2025
KMB-C03921,Fictional Member 03921,256700053921,member.kmb3921@example.invalid,jinja,1971-05-15,M,2026/06/01
KMB-C03922,Fictional Member 03922,00256700053922,member.kmb3922@example.invalid,Mbarara,1972-05-15,F,2026-06-01
KMB-C03923,Fictional Member 03923,+256700053923,member.kmb3923@example.invalid,Gulu,1973-05-15,prefer not to say,2026-06-01
KMB-C03924,  Fictional Member 03924  ,0700053924,member.kmb3924@example.invalid,kampala,1974-05-15,M,2026/06/01
KMB-C03925,Fictional Member 03925,256700053925,member.kmb3925@example.invalid,Invalid District,1975-05-15,F,2025-10-01
KMB-C03926,Fictional Member 03926,00256700053926,member.kmb3926@example.invalid,Mbarara,1976-05-15,prefer not to say,2026-06-01
KMB-C03927,Fictional Member 03927,+256700053927,bad-email,gulu,1977-05-15,M,01/06/2026
KMB-C03928,  Fictional Member 03928  ,0700053928,member.kmb3928@example.invalid,Kampala,1978-05-15,F,2026-06-01
KMB-C03929,Fictional Member 03929,256700053929,member.kmb3929@example.invalid,Jinja,1979-05-15,prefer not to say,2026-06-01
KMB-C03930,Fictional Member 03930,00256700053930,member.kmb3930@example.invalid,mbarara,1980-05-15,M,2025/10/01
KMB-C03931,Fictional Member 03931,+256700053931,member.kmb3931@example.invalid,Gulu,1981-05-15,F,2026-06-01
KMB-C03932,  Fictional Member 03932  ,0700053932,member.kmb3932@example.invalid,Kampala,1982-05-15,prefer not to say,2026-06-01
KMB-C03933,Fictional Member 03933,256700053933,member.kmb3933@example.invalid,jinja,1983-05-15,M,2026/06/01
KMB-C03934,Fictional Member 03934,,,Mbarara,1984-05-15,F,01/06/2026
KMB-C03935,Fictional Member 03935,+256700053935,member.kmb3935@example.invalid,Gulu,1985-05-15,prefer not to say,2025-10-01
KMB-C03936,  Fictional Member 03936  ,bad-phone,member.kmb3936@example.invalid,kampala,1986-05-15,M,2026/06/01
KMB-C03937,Fictional Member 03937,256700053937,member.kmb3937@example.invalid,Jinja,1987-05-15,F,2026-06-01
KMB-C03938,Fictional Member 03938,00256700053938,member.kmb3938@example.invalid,Mbarara,1988-05-15,prefer not to say,2026-06-01
KMB-C03939,Fictional Member 03939,+256700053939,member.kmb3939@example.invalid,gulu,1989-05-15,M,2026/06/01
KMB-C03940,  Fictional Member 03940  ,0700053940,member.kmb3940@example.invalid,Kampala,1990-05-15,F,2025-10-01
KMB-C03941,Fictional Member 03941,256700053941,member.kmb3941@example.invalid,Jinja,1991-05-15,prefer not to say,01/06/2026
KMB-C03942,Fictional Member 03942,00256700053942,member.kmb3942@example.invalid,mbarara,1992-05-15,M,2026/06/01
KMB-C03943,Fictional Member 03943,+256700053943,member.kmb3943@example.invalid,Gulu,1993-05-15,F,2026-06-01
KMB-C03944,,0700053944,member.kmb3944@example.invalid,Kampala,1994-05-15,prefer not to say,2026-06-01
KMB-C03945,Fictional Member 03945,256700053945,member.kmb3945@example.invalid,jinja,1995-05-15,M,2025/10/01
KMB-C03946,Fictional Member 03946,00256700053946,member.kmb3946@example.invalid,Mbarara,1996-05-15,F,2026-06-01
KMB-C03947,Fictional Member 03947,+256700053947,member.kmb3947@example.invalid,Gulu,1997-05-15,prefer not to say,2026-06-01
KMB-C03948,  Fictional Member 03948  ,,,kampala,1998-05-15,M,01/06/2026
KMB-C03949,Fictional Member 03949,256700053949,member.kmb3949@example.invalid,Jinja,1999-05-15,F,2026-06-01
KMB-C03950,Fictional Member 03950,00256700053950,member.kmb3950@example.invalid,Invalid District,2000-05-15,prefer not to say,2025-10-01
KMB-C03951,Fictional Member 03951,+256700053951,member.kmb3951@example.invalid,gulu,2001-05-15,M,2026/06/01
KMB-C03952,  Fictional Member 03952  ,bad-phone,member.kmb3952@example.invalid,Kampala,2002-05-15,F,2026-06-01
KMB-C03953,Fictional Member 03953,256700053953,member.kmb3953@example.invalid,Jinja,2003-05-15,prefer not to say,2026-06-01
KMB-C03954,Fictional Member 03954,00256700053954,member.kmb3954@example.invalid,mbarara,2004-05-15,M,2026/06/01
KMB-C03955,Fictional Member 03955,+256700053955,member.kmb3955@example.invalid,Gulu,1970-05-15,F,01/10/2025
KMB-C03956,  Fictional Member 03956  ,0700053956,member.kmb3956@example.invalid,Kampala,1971-05-15,prefer not to say,2026-06-01
KMB-C03957,Fictional Member 03957,256700053957,member.kmb3957@example.invalid,jinja,1972-05-15,M,2026/06/01
KMB-C03958,Fictional Member 03958,00256700053958,member.kmb3958@example.invalid,Mbarara,1973-05-15,F,2026-06-01
KMB-C03959,Fictional Member 03959,+256700053959,member.kmb3959@example.invalid,Gulu,1974-05-15,prefer not to say,2026-06-01
KMB-C03960,  Fictional Member 03960  ,0700053960,member.kmb3960@example.invalid,kampala,1975-05-15,M,2025/10/01
KMB-C03961,Fictional Member 03961,256700053961,member.kmb3961@example.invalid,Jinja,1976-05-15,F,2026-06-01
KMB-C03962,Fictional Member 03962,,,Mbarara,1977-05-15,prefer not to say,01/06/2026
KMB-C03963,Fictional Member 03963,+256700053963,member.kmb3963@example.invalid,gulu,1978-05-15,M,2026/06/01
KMB-C03964,  Fictional Member 03964  ,0700053964,member.kmb3964@example.invalid,Kampala,1979-05-15,F,2026-06-01
KMB-C03965,Fictional Member 03965,256700053965,member.kmb3965@example.invalid,Jinja,1980-05-15,prefer not to say,2025-10-01
KMB-C03966,Fictional Member 03966,00256700053966,member.kmb3966@example.invalid,mbarara,1981-05-15,M,2026/06/01
KMB-C03967,Fictional Member 03967,+256700053967,member.kmb3967@example.invalid,Gulu,1982-05-15,F,2026-06-01
KMB-C03968,  Fictional Member 03968  ,bad-phone,member.kmb3968@example.invalid,Kampala,1983-05-15,prefer not to say,2026-06-01
KMB-C03969,Fictional Member 03969,256700053969,bad-email,jinja,1984-05-15,M,01/06/2026
KMB-C03970,Fictional Member 03970,00256700053970,member.kmb3970@example.invalid,Mbarara,1985-05-15,F,2025-10-01
KMB-C03971,Fictional Member 03971,+256700053971,member.kmb3971@example.invalid,Gulu,1986-05-15,prefer not to say,2026-06-01
KMB-C03972,  Fictional Member 03972  ,0700053972,member.kmb3972@example.invalid,kampala,1987-05-15,M,2026/06/01
KMB-C03973,,256700053973,member.kmb3973@example.invalid,Jinja,1988-05-15,F,2026-06-01
KMB-C03974,Fictional Member 03974,00256700053974,member.kmb3974@example.invalid,Mbarara,1989-05-15,prefer not to say,2026-06-01
KMB-C03975,Fictional Member 03975,+256700053975,member.kmb3975@example.invalid,Invalid District,1990-05-15,M,2025/10/01
KMB-C03976,  Fictional Member 03976  ,,,Kampala,1991-05-15,F,01/06/2026
KMB-C03977,Fictional Member 03977,256700053977,member.kmb3977@example.invalid,Jinja,1992-05-15,prefer not to say,2026-06-01
KMB-C03978,Fictional Member 03978,00256700053978,member.kmb3978@example.invalid,mbarara,1993-05-15,M,2026/06/01
KMB-C03979,Fictional Member 03979,+256700053979,member.kmb3979@example.invalid,Gulu,1994-05-15,F,2026-06-01
KMB-C03980,  Fictional Member 03980  ,0700053980,member.kmb3980@example.invalid,Kampala,1995-05-15,prefer not to say,2025-10-01
KMB-C03981,Fictional Member 03981,256700053981,member.kmb3981@example.invalid,jinja,1996-05-15,M,2026/06/01
KMB-C03982,Fictional Member 03982,00256700053982,member.kmb3982@example.invalid,Mbarara,1997-05-15,F,2026-06-01
KMB-C03983,Fictional Member 03983,+256700053983,member.kmb3983@example.invalid,Gulu,1998-05-15,prefer not to say,01/06/2026
KMB-C03984,  Fictional Member 03984  ,bad-phone,member.kmb3984@example.invalid,kampala,1999-05-15,M,2026/06/01
KMB-C03985,Fictional Member 03985,256700053985,member.kmb3985@example.invalid,Jinja,2000-05-15,F,2025-10-01
KMB-C03986,Fictional Member 03986,00256700053986,member.kmb3986@example.invalid,Mbarara,2001-05-15,prefer not to say,2026-06-01
KMB-C03987,Fictional Member 03987,+256700053987,member.kmb3987@example.invalid,gulu,2002-05-15,M,2026/06/01
KMB-C03988,  Fictional Member 03988  ,0700053988,member.kmb3988@example.invalid,Kampala,2003-05-15,F,2026-06-01
KMB-C03989,Fictional Member 03989,256700053989,member.kmb3989@example.invalid,Jinja,2004-05-15,prefer not to say,2026-06-01
KMB-C03990,Fictional Member 03990,,,mbarara,1970-05-15,M,01/10/2025
KMB-C03991,Fictional Member 03991,+256700053991,member.kmb3991@example.invalid,Gulu,1971-05-15,F,2026-06-01
KMB-C03992,  Fictional Member 03992  ,0700053992,member.kmb3992@example.invalid,Kampala,1972-05-15,prefer not to say,2026-06-01
KMB-C03993,Fictional Member 03993,256700053993,member.kmb3993@example.invalid,jinja,1973-05-15,M,2026/06/01
KMB-C03994,Fictional Member 03994,00256700053994,member.kmb3994@example.invalid,Mbarara,1974-05-15,F,2026-06-01
KMB-C03995,Fictional Member 03995,+256700053995,member.kmb3995@example.invalid,Gulu,1975-05-15,prefer not to say,2025-10-01
KMB-C03996,  Fictional Member 03996  ,0700053996,member.kmb3996@example.invalid,kampala,1976-05-15,M,2026/06/01
KMB-C03997,Fictional Member 03997,256700053997,member.kmb3997@example.invalid,Jinja,1977-05-15,F,01/06/2026
KMB-C03998,Fictional Member 03998,00256700053998,member.kmb3998@example.invalid,Mbarara,1978-05-15,prefer not to say,2026-06-01
KMB-C03999,Fictional Member 03999,+256700053999,member.kmb3999@example.invalid,gulu,1979-05-15,M,2026/06/01
KMB-C04000,  Fictional Member 04000  ,bad-phone,member.kmb4000@example.invalid,Invalid District,1980-05-15,F,2025-10-01
KMB-C04001,Fictional Member 04001,256700054001,member.kmb4001@example.invalid,Jinja,1981-05-15,prefer not to say,2026-06-01
KMB-C04002,,00256700054002,member.kmb4002@example.invalid,mbarara,1982-05-15,M,2026/06/01
KMB-C04003,Fictional Member 04003,+256700054003,member.kmb4003@example.invalid,Gulu,1983-05-15,F,2026-06-01
KMB-C04004,  Fictional Member 04004  ,,,Kampala,1984-05-15,prefer not to say,01/06/2026
KMB-C04005,Fictional Member 04005,256700054005,member.kmb4005@example.invalid,jinja,1985-05-15,M,2025/10/01
KMB-C04006,Fictional Member 04006,00256700054006,member.kmb4006@example.invalid,Mbarara,1986-05-15,F,2026-06-01
KMB-C04007,Fictional Member 04007,+256700054007,member.kmb4007@example.invalid,Gulu,1987-05-15,prefer not to say,2026-06-01
KMB-C04008,  Fictional Member 04008  ,0700054008,member.kmb4008@example.invalid,kampala,1988-05-15,M,2026/06/01
KMB-C04009,Fictional Member 04009,256700054009,member.kmb4009@example.invalid,Jinja,1989-05-15,F,2026-06-01
KMB-C04010,Fictional Member 04010,00256700054010,member.kmb4010@example.invalid,Mbarara,1990-05-15,prefer not to say,2025-10-01
KMB-C04011,Fictional Member 04011,+256700054011,bad-email,gulu,1991-05-15,M,01/06/2026
KMB-C04012,  Fictional Member 04012  ,0700054012,member.kmb4012@example.invalid,Kampala,1992-05-15,F,2026-06-01
KMB-C04013,Fictional Member 04013,256700054013,member.kmb4013@example.invalid,Jinja,1993-05-15,prefer not to say,2026-06-01
KMB-C04014,Fictional Member 04014,00256700054014,member.kmb4014@example.invalid,mbarara,1994-05-15,M,2026/06/01
KMB-C04015,Fictional Member 04015,+256700054015,member.kmb4015@example.invalid,Gulu,1995-05-15,F,2025-10-01
KMB-C04016,  Fictional Member 04016  ,bad-phone,member.kmb4016@example.invalid,Kampala,1996-05-15,prefer not to say,2026-06-01
KMB-C04017,Fictional Member 04017,256700054017,member.kmb4017@example.invalid,jinja,1997-05-15,M,2026/06/01
KMB-C04018,Fictional Member 04018,,,Mbarara,1998-05-15,F,01/06/2026
KMB-C04019,Fictional Member 04019,+256700054019,member.kmb4019@example.invalid,Gulu,1999-05-15,prefer not to say,2026-06-01
KMB-C04020,  Fictional Member 04020  ,0700054020,member.kmb4020@example.invalid,kampala,2000-05-15,M,2025/10/01
KMB-C04021,Fictional Member 04021,256700054021,member.kmb4021@example.invalid,Jinja,2001-05-15,F,2026-06-01
KMB-C04022,Fictional Member 04022,00256700054022,member.kmb4022@example.invalid,Mbarara,2002-05-15,prefer not to say,2026-06-01
KMB-C04023,Fictional Member 04023,+256700054023,member.kmb4023@example.invalid,gulu,2003-05-15,M,2026/06/01
KMB-C04024,  Fictional Member 04024  ,0700054024,member.kmb4024@example.invalid,Kampala,2004-05-15,F,2026-06-01
KMB-C04025,Fictional Member 04025,256700054025,member.kmb4025@example.invalid,Invalid District,1970-05-15,prefer not to say,01/10/2025
KMB-C04026,Fictional Member 04026,00256700054026,member.kmb4026@example.invalid,mbarara,1971-05-15,M,2026/06/01
KMB-C04027,Fictional Member 04027,+256700054027,member.kmb4027@example.invalid,Gulu,1972-05-15,F,2026-06-01
KMB-C04028,  Fictional Member 04028  ,0700054028,member.kmb4028@example.invalid,Kampala,1973-05-15,prefer not to say,2026-06-01
KMB-C04029,Fictional Member 04029,256700054029,member.kmb4029@example.invalid,jinja,1974-05-15,M,2026/06/01
KMB-C04030,Fictional Member 04030,00256700054030,member.kmb4030@example.invalid,Mbarara,1975-05-15,F,2025-10-01
KMB-C04031,,+256700054031,member.kmb4031@example.invalid,Gulu,1976-05-15,prefer not to say,2026-06-01
KMB-C04032,  Fictional Member 04032  ,,,kampala,1977-05-15,M,01/06/2026
KMB-C04033,Fictional Member 04033,256700054033,member.kmb4033@example.invalid,Jinja,1978-05-15,F,2026-06-01
KMB-C04034,Fictional Member 04034,00256700054034,member.kmb4034@example.invalid,Mbarara,1979-05-15,prefer not to say,2026-06-01
KMB-C04035,Fictional Member 04035,+256700054035,member.kmb4035@example.invalid,gulu,1980-05-15,M,2025/10/01
KMB-C04036,  Fictional Member 04036  ,0700054036,member.kmb4036@example.invalid,Kampala,1981-05-15,F,2026-06-01
KMB-C04037,Fictional Member 04037,256700054037,member.kmb4037@example.invalid,Jinja,1982-05-15,prefer not to say,2026-06-01
KMB-C04038,Fictional Member 04038,00256700054038,member.kmb4038@example.invalid,mbarara,1983-05-15,M,2026/06/01
KMB-C04039,Fictional Member 04039,+256700054039,member.kmb4039@example.invalid,Gulu,1984-05-15,F,01/06/2026
KMB-C04040,  Fictional Member 04040  ,0700054040,member.kmb4040@example.invalid,Kampala,1985-05-15,prefer not to say,2025-10-01
KMB-C04041,Fictional Member 04041,256700054041,member.kmb4041@example.invalid,jinja,1986-05-15,M,2026/06/01
KMB-C04042,Fictional Member 04042,00256700054042,member.kmb4042@example.invalid,Mbarara,1987-05-15,F,2026-06-01
KMB-C04043,Fictional Member 04043,+256700054043,member.kmb4043@example.invalid,Gulu,1988-05-15,prefer not to say,2026-06-01
KMB-C04044,  Fictional Member 04044  ,0700054044,member.kmb4044@example.invalid,kampala,1989-05-15,M,2026/06/01
KMB-C04045,Fictional Member 04045,256700054045,member.kmb4045@example.invalid,Jinja,1990-05-15,F,2025-10-01
KMB-C04046,Fictional Member 04046,,,Mbarara,1991-05-15,prefer not to say,01/06/2026
KMB-C04047,Fictional Member 04047,+256700054047,member.kmb4047@example.invalid,gulu,1992-05-15,M,2026/06/01
KMB-C04048,  Fictional Member 04048  ,bad-phone,member.kmb4048@example.invalid,Kampala,1993-05-15,F,2026-06-01
KMB-C04049,Fictional Member 04049,256700054049,member.kmb4049@example.invalid,Jinja,1994-05-15,prefer not to say,2026-06-01
KMB-C04050,Fictional Member 04050,00256700054050,member.kmb4050@example.invalid,Invalid District,1995-05-15,M,2025/10/01
KMB-C04051,Fictional Member 04051,+256700054051,member.kmb4051@example.invalid,Gulu,1996-05-15,F,2026-06-01
KMB-C04052,  Fictional Member 04052  ,0700054052,member.kmb4052@example.invalid,Kampala,1997-05-15,prefer not to say,2026-06-01
KMB-C04053,Fictional Member 04053,256700054053,bad-email,jinja,1998-05-15,M,01/06/2026
KMB-C04054,Fictional Member 04054,00256700054054,member.kmb4054@example.invalid,Mbarara,1999-05-15,F,2026-06-01
KMB-C04055,Fictional Member 04055,+256700054055,member.kmb4055@example.invalid,Gulu,2000-05-15,prefer not to say,2025-10-01
KMB-C04056,  Fictional Member 04056  ,0700054056,member.kmb4056@example.invalid,kampala,2001-05-15,M,2026/06/01
KMB-C04057,Fictional Member 04057,256700054057,member.kmb4057@example.invalid,Jinja,2002-05-15,F,2026-06-01
KMB-C04058,Fictional Member 04058,00256700054058,member.kmb4058@example.invalid,Mbarara,2003-05-15,prefer not to say,2026-06-01
KMB-C04059,Fictional Member 04059,+256700054059,member.kmb4059@example.invalid,gulu,2004-05-15,M,2026/06/01
KMB-C04060,,,,Kampala,1970-05-15,F,01/10/2025
KMB-C04061,Fictional Member 04061,256700054061,member.kmb4061@example.invalid,Jinja,1971-05-15,prefer not to say,2026-06-01
KMB-C04062,Fictional Member 04062,00256700054062,member.kmb4062@example.invalid,mbarara,1972-05-15,M,2026/06/01
KMB-C04063,Fictional Member 04063,+256700054063,member.kmb4063@example.invalid,Gulu,1973-05-15,F,2026-06-01
KMB-C04064,  Fictional Member 04064  ,bad-phone,member.kmb4064@example.invalid,Kampala,1974-05-15,prefer not to say,2026-06-01
KMB-C04065,Fictional Member 04065,256700054065,member.kmb4065@example.invalid,jinja,1975-05-15,M,2025/10/01
KMB-C04066,Fictional Member 04066,00256700054066,member.kmb4066@example.invalid,Mbarara,1976-05-15,F,2026-06-01
KMB-C04067,Fictional Member 04067,+256700054067,member.kmb4067@example.invalid,Gulu,1977-05-15,prefer not to say,01/06/2026
KMB-C04068,  Fictional Member 04068  ,0700054068,member.kmb4068@example.invalid,kampala,1978-05-15,M,2026/06/01
KMB-C04069,Fictional Member 04069,256700054069,member.kmb4069@example.invalid,Jinja,1979-05-15,F,2026-06-01
KMB-C04070,Fictional Member 04070,00256700054070,member.kmb4070@example.invalid,Mbarara,1980-05-15,prefer not to say,2025-10-01
KMB-C04071,Fictional Member 04071,+256700054071,member.kmb4071@example.invalid,gulu,1981-05-15,M,2026/06/01
KMB-C04072,  Fictional Member 04072  ,0700054072,member.kmb4072@example.invalid,Kampala,1982-05-15,F,2026-06-01
KMB-C04073,Fictional Member 04073,256700054073,member.kmb4073@example.invalid,Jinja,1983-05-15,prefer not to say,2026-06-01
KMB-C04074,Fictional Member 04074,,,mbarara,1984-05-15,M,01/06/2026
KMB-C04075,Fictional Member 04075,+256700054075,member.kmb4075@example.invalid,Invalid District,1985-05-15,F,2025-10-01
KMB-C04076,  Fictional Member 04076  ,0700054076,member.kmb4076@example.invalid,Kampala,1986-05-15,prefer not to say,2026-06-01
KMB-C04077,Fictional Member 04077,256700054077,member.kmb4077@example.invalid,jinja,1987-05-15,M,2026/06/01
KMB-C04078,Fictional Member 04078,00256700054078,member.kmb4078@example.invalid,Mbarara,1988-05-15,F,2026-06-01
KMB-C04079,Fictional Member 04079,+256700054079,member.kmb4079@example.invalid,Gulu,1989-05-15,prefer not to say,2026-06-01
KMB-C04080,  Fictional Member 04080  ,bad-phone,member.kmb4080@example.invalid,kampala,1990-05-15,M,2025/10/01
KMB-C04081,Fictional Member 04081,256700054081,member.kmb4081@example.invalid,Jinja,1991-05-15,F,01/06/2026
KMB-C04082,Fictional Member 04082,00256700054082,member.kmb4082@example.invalid,Mbarara,1992-05-15,prefer not to say,2026-06-01
KMB-C04083,Fictional Member 04083,+256700054083,member.kmb4083@example.invalid,gulu,1993-05-15,M,2026/06/01
KMB-C04084,  Fictional Member 04084  ,0700054084,member.kmb4084@example.invalid,Kampala,1994-05-15,F,2026-06-01
KMB-C04085,Fictional Member 04085,256700054085,member.kmb4085@example.invalid,Jinja,1995-05-15,prefer not to say,2025-10-01
KMB-C04086,Fictional Member 04086,00256700054086,member.kmb4086@example.invalid,mbarara,1996-05-15,M,2026/06/01
KMB-C04087,Fictional Member 04087,+256700054087,member.kmb4087@example.invalid,Gulu,1997-05-15,F,2026-06-01
KMB-C04088,  Fictional Member 04088  ,,,Kampala,1998-05-15,prefer not to say,01/06/2026
KMB-C04089,,256700054089,member.kmb4089@example.invalid,jinja,1999-05-15,M,2026/06/01
KMB-C04090,Fictional Member 04090,00256700054090,member.kmb4090@example.invalid,Mbarara,2000-05-15,F,2025-10-01
KMB-C04091,Fictional Member 04091,+256700054091,member.kmb4091@example.invalid,Gulu,2001-05-15,prefer not to say,2026-06-01
KMB-C04092,  Fictional Member 04092  ,0700054092,member.kmb4092@example.invalid,kampala,2002-05-15,M,2026/06/01
KMB-C04093,Fictional Member 04093,256700054093,member.kmb4093@example.invalid,Jinja,2003-05-15,F,2026-06-01
KMB-C04094,Fictional Member 04094,00256700054094,member.kmb4094@example.invalid,Mbarara,2004-05-15,prefer not to say,2026-06-01
KMB-C04095,Fictional Member 04095,+256700054095,bad-email,gulu,1970-05-15,M,01/10/2025
KMB-C04096,  Fictional Member 04096  ,bad-phone,member.kmb4096@example.invalid,Kampala,1971-05-15,F,2026-06-01
KMB-C04097,Fictional Member 04097,256700054097,member.kmb4097@example.invalid,Jinja,1972-05-15,prefer not to say,2026-06-01
KMB-C04098,Fictional Member 04098,00256700054098,member.kmb4098@example.invalid,mbarara,1973-05-15,M,2026/06/01
KMB-C04099,Fictional Member 04099,+256700054099,member.kmb4099@example.invalid,Gulu,1974-05-15,F,2026-06-01
KMB-C00000,,,,Invalid District,1970-05-15,M,01/10/2025
KMB-C00001,Fictional Member 00001,256700050001,member.kmb1@example.invalid,Jinja,1971-05-15,F,2026-06-01
KMB-C00002,Fictional Member 00002,00256700050002,member.kmb2@example.invalid,Mbarara,1972-05-15,prefer not to say,2026-06-01
KMB-C00003,Fictional Member 00003,+256700050003,member.kmb3@example.invalid,gulu,1973-05-15,M,2026/06/01
KMB-C00004,  Fictional Member 00004  ,0700050004,member.kmb4@example.invalid,Kampala,1974-05-15,F,2026-06-01
KMB-C00005,Fictional Member 00005,256700050005,member.kmb5@example.invalid,Jinja,1975-05-15,prefer not to say,2025-10-01
KMB-C00006,Fictional Member 00006,00256700050006,member.kmb6@example.invalid,mbarara,1976-05-15,M,2026/06/01
KMB-C00007,Fictional Member 00007,+256700050007,member.kmb7@example.invalid,Gulu,1977-05-15,F,01/06/2026
KMB-C00008,  Fictional Member 00008  ,0700050008,member.kmb8@example.invalid,Kampala,1978-05-15,prefer not to say,2026-06-01
KMB-C00009,Fictional Member 00009,256700050009,member.kmb9@example.invalid,jinja,1979-05-15,M,2026/06/01
KMB-C00010,Fictional Member 00010,00256700050010,member.kmb10@example.invalid,Mbarara,1980-05-15,F,2025-10-01
KMB-C00011,Fictional Member 00011,+256700050011,member.kmb11@example.invalid,Gulu,1981-05-15,prefer not to say,2026-06-01
KMB-C00012,  Fictional Member 00012  ,0700050012,member.kmb12@example.invalid,kampala,1982-05-15,M,2026/06/01
KMB-C00013,Fictional Member 00013,256700050013,member.kmb13@example.invalid,Jinja,1983-05-15,F,2026-06-01
KMB-C00014,Fictional Member 00014,,,Mbarara,1984-05-15,prefer not to say,01/06/2026
KMB-C00015,Fictional Member 00015,+256700050015,member.kmb15@example.invalid,gulu,1985-05-15,M,2025/10/01
KMB-C00016,  Fictional Member 00016  ,bad-phone,member.kmb16@example.invalid,Kampala,1986-05-15,F,2026-06-01
KMB-C00017,Fictional Member 00017,256700050017,member.kmb17@example.invalid,Jinja,1987-05-15,prefer not to say,2026-06-01
KMB-C00018,Fictional Member 00018,00256700050018,member.kmb18@example.invalid,mbarara,1988-05-15,M,2026/06/01
KMB-C00019,Fictional Member 00019,+256700050019,member.kmb19@example.invalid,Gulu,1989-05-15,F,2026-06-01
KMB-C00020,  Fictional Member 00020  ,0700050020,member.kmb20@example.invalid,Kampala,1990-05-15,prefer not to say,2025-10-01
KMB-C00021,Fictional Member 00021,256700050021,bad-email,jinja,1991-05-15,M,01/06/2026
KMB-C00022,Fictional Member 00022,00256700050022,member.kmb22@example.invalid,Mbarara,1992-05-15,F,2026-06-01
KMB-C00023,Fictional Member 00023,+256700050023,member.kmb23@example.invalid,Gulu,1993-05-15,prefer not to say,2026-06-01
KMB-C00024,  Fictional Member 00024  ,0700050024,member.kmb24@example.invalid,kampala,1994-05-15,M,2026/06/01
KMB-C00025,Fictional Member 00025,256700050025,member.kmb25@example.invalid,Invalid District,1995-05-15,F,2025-10-01
KMB-C00026,Fictional Member 00026,00256700050026,member.kmb26@example.invalid,Mbarara,1996-05-15,prefer not to say,2026-06-01
KMB-C00027,Fictional Member 00027,+256700050027,member.kmb27@example.invalid,gulu,1997-05-15,M,2026/06/01
KMB-C00028,  Fictional Member 00028  ,,,Kampala,1998-05-15,F,01/06/2026
KMB-C00029,,256700050029,member.kmb29@example.invalid,Jinja,1999-05-15,prefer not to say,2026-06-01
KMB-C00030,Fictional Member 00030,00256700050030,member.kmb30@example.invalid,mbarara,2000-05-15,M,2025/10/01
KMB-C00031,Fictional Member 00031,+256700050031,member.kmb31@example.invalid,Gulu,2001-05-15,F,2026-06-01
KMB-C00032,  Fictional Member 00032  ,bad-phone,member.kmb32@example.invalid,Kampala,2002-05-15,prefer not to say,2026-06-01
KMB-C00033,Fictional Member 00033,256700050033,member.kmb33@example.invalid,jinja,2003-05-15,M,2026/06/01
KMB-C00034,Fictional Member 00034,00256700050034,member.kmb34@example.invalid,Mbarara,2004-05-15,F,2026-06-01
KMB-C00035,Fictional Member 00035,+256700050035,member.kmb35@example.invalid,Gulu,1970-05-15,prefer not to say,01/10/2025
KMB-C00036,  Fictional Member 00036  ,0700050036,member.kmb36@example.invalid,kampala,1971-05-15,M,2026/06/01
KMB-C00037,Fictional Member 00037,256700050037,member.kmb37@example.invalid,Jinja,1972-05-15,F,2026-06-01
KMB-C00038,Fictional Member 00038,00256700050038,member.kmb38@example.invalid,Mbarara,1973-05-15,prefer not to say,2026-06-01
KMB-C00039,Fictional Member 00039,+256700050039,member.kmb39@example.invalid,gulu,1974-05-15,M,2026/06/01
KMB-C00040,  Fictional Member 00040  ,0700050040,member.kmb40@example.invalid,Kampala,1975-05-15,F,2025-10-01
KMB-C00041,Fictional Member 00041,256700050041,member.kmb41@example.invalid,Jinja,1976-05-15,prefer not to say,2026-06-01
KMB-C00042,Fictional Member 00042,,,mbarara,1977-05-15,M,01/06/2026
KMB-C00043,Fictional Member 00043,+256700050043,member.kmb43@example.invalid,Gulu,1978-05-15,F,2026-06-01
KMB-C00044,  Fictional Member 00044  ,0700050044,member.kmb44@example.invalid,Kampala,1979-05-15,prefer not to say,2026-06-01
KMB-C00045,Fictional Member 00045,256700050045,member.kmb45@example.invalid,jinja,1980-05-15,M,2025/10/01
KMB-C00046,Fictional Member 00046,00256700050046,member.kmb46@example.invalid,Mbarara,1981-05-15,F,2026-06-01
KMB-C00047,Fictional Member 00047,+256700050047,member.kmb47@example.invalid,Gulu,1982-05-15,prefer not to say,2026-06-01
KMB-C00048,  Fictional Member 00048  ,bad-phone,member.kmb48@example.invalid,kampala,1983-05-15,M,2026/06/01
KMB-C00049,Fictional Member 00049,256700050049,member.kmb49@example.invalid,Jinja,1984-05-15,F,01/06/2026
KMB-C00050,Fictional Member 00050,00256700050050,member.kmb50@example.invalid,Invalid District,1985-05-15,prefer not to say,2025-10-01
KMB-C00051,Fictional Member 00051,+256700050051,member.kmb51@example.invalid,gulu,1986-05-15,M,2026/06/01
KMB-C00052,  Fictional Member 00052  ,0700050052,member.kmb52@example.invalid,Kampala,1987-05-15,F,2026-06-01
KMB-C00053,Fictional Member 00053,256700050053,member.kmb53@example.invalid,Jinja,1988-05-15,prefer not to say,2026-06-01
KMB-C00054,Fictional Member 00054,00256700050054,member.kmb54@example.invalid,mbarara,1989-05-15,M,2026/06/01
KMB-C00055,Fictional Member 00055,+256700050055,member.kmb55@example.invalid,Gulu,1990-05-15,F,2025-10-01
KMB-C00056,  Fictional Member 00056  ,,,Kampala,1991-05-15,prefer not to say,01/06/2026
KMB-C00057,Fictional Member 00057,256700050057,member.kmb57@example.invalid,jinja,1992-05-15,M,2026/06/01
KMB-C00058,,00256700050058,member.kmb58@example.invalid,Mbarara,1993-05-15,F,2026-06-01
KMB-C00059,Fictional Member 00059,+256700050059,member.kmb59@example.invalid,Gulu,1994-05-15,prefer not to say,2026-06-01
KMB-C00060,  Fictional Member 00060  ,0700050060,member.kmb60@example.invalid,kampala,1995-05-15,M,2025/10/01
KMB-C00061,Fictional Member 00061,256700050061,member.kmb61@example.invalid,Jinja,1996-05-15,F,2026-06-01
KMB-C00062,Fictional Member 00062,00256700050062,member.kmb62@example.invalid,Mbarara,1997-05-15,prefer not to say,2026-06-01
KMB-C00063,Fictional Member 00063,+256700050063,bad-email,gulu,1998-05-15,M,01/06/2026
KMB-C00064,  Fictional Member 00064  ,bad-phone,member.kmb64@example.invalid,Kampala,1999-05-15,F,2026-06-01
KMB-C00065,Fictional Member 00065,256700050065,member.kmb65@example.invalid,Jinja,2000-05-15,prefer not to say,2025-10-01
KMB-C00066,Fictional Member 00066,00256700050066,member.kmb66@example.invalid,mbarara,2001-05-15,M,2026/06/01
KMB-C00067,Fictional Member 00067,+256700050067,member.kmb67@example.invalid,Gulu,2002-05-15,F,2026-06-01
KMB-C00068,  Fictional Member 00068  ,0700050068,member.kmb68@example.invalid,Kampala,2003-05-15,prefer not to say,2026-06-01
KMB-C00069,Fictional Member 00069,256700050069,member.kmb69@example.invalid,jinja,2004-05-15,M,2026/06/01
KMB-C00070,Fictional Member 00070,,,Mbarara,1970-05-15,F,01/10/2025
KMB-C00071,Fictional Member 00071,+256700050071,member.kmb71@example.invalid,Gulu,1971-05-15,prefer not to say,2026-06-01
KMB-C00072,  Fictional Member 00072  ,0700050072,member.kmb72@example.invalid,kampala,1972-05-15,M,2026/06/01
KMB-C00073,Fictional Member 00073,256700050073,member.kmb73@example.invalid,Jinja,1973-05-15,F,2026-06-01
KMB-C00074,Fictional Member 00074,00256700050074,member.kmb74@example.invalid,Mbarara,1974-05-15,prefer not to say,2026-06-01
KMB-C00075,Fictional Member 00075,+256700050075,member.kmb75@example.invalid,Invalid District,1975-05-15,M,2025/10/01
KMB-C00076,  Fictional Member 00076  ,0700050076,member.kmb76@example.invalid,Kampala,1976-05-15,F,2026-06-01
KMB-C00077,Fictional Member 00077,256700050077,member.kmb77@example.invalid,Jinja,1977-05-15,prefer not to say,01/06/2026
KMB-C00078,Fictional Member 00078,00256700050078,member.kmb78@example.invalid,mbarara,1978-05-15,M,2026/06/01
KMB-C00079,Fictional Member 00079,+256700050079,member.kmb79@example.invalid,Gulu,1979-05-15,F,2026-06-01
KMB-C00080,  Fictional Member 00080  ,bad-phone,member.kmb80@example.invalid,Kampala,1980-05-15,prefer not to say,2025-10-01
KMB-C00081,Fictional Member 00081,256700050081,member.kmb81@example.invalid,jinja,1981-05-15,M,2026/06/01
KMB-C00082,Fictional Member 00082,00256700050082,member.kmb82@example.invalid,Mbarara,1982-05-15,F,2026-06-01
KMB-C00083,Fictional Member 00083,+256700050083,member.kmb83@example.invalid,Gulu,1983-05-15,prefer not to say,2026-06-01
KMB-C00084,  Fictional Member 00084  ,,,kampala,1984-05-15,M,01/06/2026
KMB-C00085,Fictional Member 00085,256700050085,member.kmb85@example.invalid,Jinja,1985-05-15,F,2025-10-01
KMB-C00086,Fictional Member 00086,00256700050086,member.kmb86@example.invalid,Mbarara,1986-05-15,prefer not to say,2026-06-01
KMB-C00087,,+256700050087,member.kmb87@example.invalid,gulu,1987-05-15,M,2026/06/01
KMB-C00088,  Fictional Member 00088  ,0700050088,member.kmb88@example.invalid,Kampala,1988-05-15,F,2026-06-01
KMB-C00089,Fictional Member 00089,256700050089,member.kmb89@example.invalid,Jinja,1989-05-15,prefer not to say,2026-06-01
KMB-C00090,Fictional Member 00090,00256700050090,member.kmb90@example.invalid,mbarara,1990-05-15,M,2025/10/01
KMB-C00091,Fictional Member 00091,+256700050091,member.kmb91@example.invalid,Gulu,1991-05-15,F,01/06/2026
KMB-C00092,  Fictional Member 00092  ,0700050092,member.kmb92@example.invalid,Kampala,1992-05-15,prefer not to say,2026-06-01
KMB-C00093,Fictional Member 00093,256700050093,member.kmb93@example.invalid,jinja,1993-05-15,M,2026/06/01
KMB-C00094,Fictional Member 00094,00256700050094,member.kmb94@example.invalid,Mbarara,1994-05-15,F,2026-06-01
KMB-C00095,Fictional Member 00095,+256700050095,member.kmb95@example.invalid,Gulu,1995-05-15,prefer not to say,2025-10-01
KMB-C00096,  Fictional Member 00096  ,bad-phone,member.kmb96@example.invalid,kampala,1996-05-15,M,2026/06/01
KMB-C00097,Fictional Member 00097,256700050097,member.kmb97@example.invalid,Jinja,1997-05-15,F,2026-06-01
KMB-C00098,Fictional Member 00098,,,Mbarara,1998-05-15,prefer not to say,01/06/2026
KMB-C00099,Fictional Member 00099,+256700050099,member.kmb99@example.invalid,gulu,1999-05-15,M,2026/06/01
KMB-C00100,  Fictional Member 00100  ,0700050100,member.kmb100@example.invalid,Invalid District,2000-05-15,F,2025-10-01
KMB-C00101,Fictional Member 00101,256700050101,member.kmb101@example.invalid,Jinja,2001-05-15,prefer not to say,2026-06-01
KMB-C00102,Fictional Member 00102,00256700050102,member.kmb102@example.invalid,mbarara,2002-05-15,M,2026/06/01
KMB-C00103,Fictional Member 00103,+256700050103,member.kmb103@example.invalid,Gulu,2003-05-15,F,2026-06-01
KMB-C00104,  Fictional Member 00104  ,0700050104,member.kmb104@example.invalid,Kampala,2004-05-15,prefer not to say,2026-06-01
KMB-C00105,Fictional Member 00105,256700050105,bad-email,jinja,1970-05-15,M,01/10/2025
KMB-C00106,Fictional Member 00106,00256700050106,member.kmb106@example.invalid,Mbarara,1971-05-15,F,2026-06-01
KMB-C00107,Fictional Member 00107,+256700050107,member.kmb107@example.invalid,Gulu,1972-05-15,prefer not to say,2026-06-01
KMB-C00108,  Fictional Member 00108  ,0700050108,member.kmb108@example.invalid,kampala,1973-05-15,M,2026/06/01
KMB-C00109,Fictional Member 00109,256700050109,member.kmb109@example.invalid,Jinja,1974-05-15,F,2026-06-01
KMB-C00110,Fictional Member 00110,00256700050110,member.kmb110@example.invalid,Mbarara,1975-05-15,prefer not to say,2025-10-01
KMB-C00111,Fictional Member 00111,+256700050111,member.kmb111@example.invalid,gulu,1976-05-15,M,2026/06/01
KMB-C00112,  Fictional Member 00112  ,,,Kampala,1977-05-15,F,01/06/2026
KMB-C00113,Fictional Member 00113,256700050113,member.kmb113@example.invalid,Jinja,1978-05-15,prefer not to say,2026-06-01
KMB-C00114,Fictional Member 00114,00256700050114,member.kmb114@example.invalid,mbarara,1979-05-15,M,2026/06/01
KMB-C00115,Fictional Member 00115,+256700050115,member.kmb115@example.invalid,Gulu,1980-05-15,F,2025-10-01
KMB-C00116,,0700050116,member.kmb116@example.invalid,Kampala,1981-05-15,prefer not to say,2026-06-01
KMB-C00117,Fictional Member 00117,256700050117,member.kmb117@example.invalid,jinja,1982-05-15,M,2026/06/01
KMB-C00118,Fictional Member 00118,00256700050118,member.kmb118@example.invalid,Mbarara,1983-05-15,F,2026-06-01
KMB-C00119,Fictional Member 00119,+256700050119,member.kmb119@example.invalid,Gulu,1984-05-15,prefer not to say,01/06/2026
KMB-C00120,  Fictional Member 00120  ,0700050120,member.kmb120@example.invalid,kampala,1985-05-15,M,2025/10/01
KMB-C00121,Fictional Member 00121,256700050121,member.kmb121@example.invalid,Jinja,1986-05-15,F,2026-06-01
KMB-C00122,Fictional Member 00122,00256700050122,member.kmb122@example.invalid,Mbarara,1987-05-15,prefer not to say,2026-06-01
KMB-C00123,Fictional Member 00123,+256700050123,member.kmb123@example.invalid,gulu,1988-05-15,M,2026/06/01
KMB-C00124,  Fictional Member 00124  ,0700050124,member.kmb124@example.invalid,Kampala,1989-05-15,F,2026-06-01
KMB-C00125,Fictional Member 00125,256700050125,member.kmb125@example.invalid,Invalid District,1990-05-15,prefer not to say,2025-10-01
KMB-C00126,Fictional Member 00126,,,mbarara,1991-05-15,M,01/06/2026
KMB-C00127,Fictional Member 00127,+256700050127,member.kmb127@example.invalid,Gulu,1992-05-15,F,2026-06-01
KMB-C00128,  Fictional Member 00128  ,bad-phone,member.kmb128@example.invalid,Kampala,1993-05-15,prefer not to say,2026-06-01
KMB-C00129,Fictional Member 00129,256700050129,member.kmb129@example.invalid,jinja,1994-05-15,M,2026/06/01
KMB-C00130,Fictional Member 00130,00256700050130,member.kmb130@example.invalid,Mbarara,1995-05-15,F,2025-10-01
KMB-C00131,Fictional Member 00131,+256700050131,member.kmb131@example.invalid,Gulu,1996-05-15,prefer not to say,2026-06-01
KMB-C00132,  Fictional Member 00132  ,0700050132,member.kmb132@example.invalid,kampala,1997-05-15,M,2026/06/01
KMB-C00133,Fictional Member 00133,256700050133,member.kmb133@example.invalid,Jinja,1998-05-15,F,01/06/2026
KMB-C00134,Fictional Member 00134,00256700050134,member.kmb134@example.invalid,Mbarara,1999-05-15,prefer not to say,2026-06-01
KMB-C00135,Fictional Member 00135,+256700050135,member.kmb135@example.invalid,gulu,2000-05-15,M,2025/10/01
KMB-C00136,  Fictional Member 00136  ,0700050136,member.kmb136@example.invalid,Kampala,2001-05-15,F,2026-06-01
KMB-C00137,Fictional Member 00137,256700050137,member.kmb137@example.invalid,Jinja,2002-05-15,prefer not to say,2026-06-01
KMB-C00138,Fictional Member 00138,00256700050138,member.kmb138@example.invalid,mbarara,2003-05-15,M,2026/06/01
KMB-C00139,Fictional Member 00139,+256700050139,member.kmb139@example.invalid,Gulu,2004-05-15,F,2026-06-01
KMB-C00140,  Fictional Member 00140  ,,,Kampala,1970-05-15,prefer not to say,01/10/2025
KMB-C00141,Fictional Member 00141,256700050141,member.kmb141@example.invalid,jinja,1971-05-15,M,2026/06/01
KMB-C00142,Fictional Member 00142,00256700050142,member.kmb142@example.invalid,Mbarara,1972-05-15,F,2026-06-01
KMB-C00143,Fictional Member 00143,+256700050143,member.kmb143@example.invalid,Gulu,1973-05-15,prefer not to say,2026-06-01
KMB-C00144,  Fictional Member 00144  ,bad-phone,member.kmb144@example.invalid,kampala,1974-05-15,M,2026/06/01
KMB-C00145,,256700050145,member.kmb145@example.invalid,Jinja,1975-05-15,F,2025-10-01
KMB-C00146,Fictional Member 00146,00256700050146,member.kmb146@example.invalid,Mbarara,1976-05-15,prefer not to say,2026-06-01
KMB-C00147,Fictional Member 00147,+256700050147,bad-email,gulu,1977-05-15,M,01/06/2026
KMB-C00148,  Fictional Member 00148  ,0700050148,member.kmb148@example.invalid,Kampala,1978-05-15,F,2026-06-01
KMB-C00149,Fictional Member 00149,256700050149,member.kmb149@example.invalid,Jinja,1979-05-15,prefer not to say,2026-06-01
KMB-C00150,Fictional Member 00150,00256700050150,member.kmb150@example.invalid,Invalid District,1980-05-15,M,2025/10/01
KMB-C00151,Fictional Member 00151,+256700050151,member.kmb151@example.invalid,Gulu,1981-05-15,F,2026-06-01
KMB-C00152,  Fictional Member 00152  ,0700050152,member.kmb152@example.invalid,Kampala,1982-05-15,prefer not to say,2026-06-01
KMB-C00153,Fictional Member 00153,256700050153,member.kmb153@example.invalid,jinja,1983-05-15,M,2026/06/01
KMB-C00154,Fictional Member 00154,,,Mbarara,1984-05-15,F,01/06/2026
KMB-C00155,Fictional Member 00155,+256700050155,member.kmb155@example.invalid,Gulu,1985-05-15,prefer not to say,2025-10-01
KMB-C00156,  Fictional Member 00156  ,0700050156,member.kmb156@example.invalid,kampala,1986-05-15,M,2026/06/01
KMB-C00157,Fictional Member 00157,256700050157,member.kmb157@example.invalid,Jinja,1987-05-15,F,2026-06-01
KMB-C00158,Fictional Member 00158,00256700050158,member.kmb158@example.invalid,Mbarara,1988-05-15,prefer not to say,2026-06-01
KMB-C00159,Fictional Member 00159,+256700050159,member.kmb159@example.invalid,gulu,1989-05-15,M,2026/06/01
KMB-C00160,  Fictional Member 00160  ,bad-phone,member.kmb160@example.invalid,Kampala,1990-05-15,F,2025-10-01
KMB-C00161,Fictional Member 00161,256700050161,member.kmb161@example.invalid,Jinja,1991-05-15,prefer not to say,01/06/2026
KMB-C00162,Fictional Member 00162,00256700050162,member.kmb162@example.invalid,mbarara,1992-05-15,M,2026/06/01
KMB-C00163,Fictional Member 00163,+256700050163,member.kmb163@example.invalid,Gulu,1993-05-15,F,2026-06-01
KMB-C00164,  Fictional Member 00164  ,0700050164,member.kmb164@example.invalid,Kampala,1994-05-15,prefer not to say,2026-06-01
KMB-C00165,Fictional Member 00165,256700050165,member.kmb165@example.invalid,jinja,1995-05-15,M,2025/10/01
KMB-C00166,Fictional Member 00166,00256700050166,member.kmb166@example.invalid,Mbarara,1996-05-15,F,2026-06-01
KMB-C00167,Fictional Member 00167,+256700050167,member.kmb167@example.invalid,Gulu,1997-05-15,prefer not to say,2026-06-01
KMB-C00168,  Fictional Member 00168  ,,,kampala,1998-05-15,M,01/06/2026
KMB-C00169,Fictional Member 00169,256700050169,member.kmb169@example.invalid,Jinja,1999-05-15,F,2026-06-01
KMB-C00170,Fictional Member 00170,00256700050170,member.kmb170@example.invalid,Mbarara,2000-05-15,prefer not to say,2025-10-01
KMB-C00171,Fictional Member 00171,+256700050171,member.kmb171@example.invalid,gulu,2001-05-15,M,2026/06/01
KMB-C00172,  Fictional Member 00172  ,0700050172,member.kmb172@example.invalid,Kampala,2002-05-15,F,2026-06-01
KMB-C00173,Fictional Member 00173,256700050173,member.kmb173@example.invalid,Jinja,2003-05-15,prefer not to say,2026-06-01
KMB-C00174,,00256700050174,member.kmb174@example.invalid,mbarara,2004-05-15,M,2026/06/01
KMB-C00175,Fictional Member 00175,+256700050175,member.kmb175@example.invalid,Invalid District,1970-05-15,F,01/10/2025
KMB-C00176,  Fictional Member 00176  ,bad-phone,member.kmb176@example.invalid,Kampala,1971-05-15,prefer not to say,2026-06-01
KMB-C00177,Fictional Member 00177,256700050177,member.kmb177@example.invalid,jinja,1972-05-15,M,2026/06/01
KMB-C00178,Fictional Member 00178,00256700050178,member.kmb178@example.invalid,Mbarara,1973-05-15,F,2026-06-01
KMB-C00179,Fictional Member 00179,+256700050179,member.kmb179@example.invalid,Gulu,1974-05-15,prefer not to say,2026-06-01
KMB-C00180,  Fictional Member 00180  ,0700050180,member.kmb180@example.invalid,kampala,1975-05-15,M,2025/10/01
KMB-C00181,Fictional Member 00181,256700050181,member.kmb181@example.invalid,Jinja,1976-05-15,F,2026-06-01
KMB-C00182,Fictional Member 00182,,,Mbarara,1977-05-15,prefer not to say,01/06/2026
KMB-C00183,Fictional Member 00183,+256700050183,member.kmb183@example.invalid,gulu,1978-05-15,M,2026/06/01
KMB-C00184,  Fictional Member 00184  ,0700050184,member.kmb184@example.invalid,Kampala,1979-05-15,F,2026-06-01
KMB-C00185,Fictional Member 00185,256700050185,member.kmb185@example.invalid,Jinja,1980-05-15,prefer not to say,2025-10-01
KMB-C00186,Fictional Member 00186,00256700050186,member.kmb186@example.invalid,mbarara,1981-05-15,M,2026/06/01
KMB-C00187,Fictional Member 00187,+256700050187,member.kmb187@example.invalid,Gulu,1982-05-15,F,2026-06-01
KMB-C00188,  Fictional Member 00188  ,0700050188,member.kmb188@example.invalid,Kampala,1983-05-15,prefer not to say,2026-06-01
KMB-C00189,Fictional Member 00189,256700050189,bad-email,jinja,1984-05-15,M,01/06/2026
KMB-C00190,Fictional Member 00190,00256700050190,member.kmb190@example.invalid,Mbarara,1985-05-15,F,2025-10-01
KMB-C00191,Fictional Member 00191,+256700050191,member.kmb191@example.invalid,Gulu,1986-05-15,prefer not to say,2026-06-01
KMB-C00192,  Fictional Member 00192  ,bad-phone,member.kmb192@example.invalid,kampala,1987-05-15,M,2026/06/01
KMB-C00193,Fictional Member 00193,256700050193,member.kmb193@example.invalid,Jinja,1988-05-15,F,2026-06-01
KMB-C00194,Fictional Member 00194,00256700050194,member.kmb194@example.invalid,Mbarara,1989-05-15,prefer not to say,2026-06-01
KMB-C00195,Fictional Member 00195,+256700050195,member.kmb195@example.invalid,gulu,1990-05-15,M,2025/10/01
KMB-C00196,  Fictional Member 00196  ,,,Kampala,1991-05-15,F,01/06/2026
KMB-C00197,Fictional Member 00197,256700050197,member.kmb197@example.invalid,Jinja,1992-05-15,prefer not to say,2026-06-01
KMB-C00198,Fictional Member 00198,00256700050198,member.kmb198@example.invalid,mbarara,1993-05-15,M,2026/06/01
KMB-C00199,Fictional Member 00199,+256700050199,member.kmb199@example.invalid,Gulu,1994-05-15,F,2026-06-01
KMB-C00200,  Fictional Member 00200  ,0700050200,member.kmb200@example.invalid,Invalid District,1995-05-15,prefer not to say,2025-10-01
KMB-C00201,Fictional Member 00201,256700050201,member.kmb201@example.invalid,jinja,1996-05-15,M,2026/06/01
KMB-C00202,Fictional Member 00202,00256700050202,member.kmb202@example.invalid,Mbarara,1997-05-15,F,2026-06-01
KMB-C00203,,+256700050203,member.kmb203@example.invalid,Gulu,1998-05-15,prefer not to say,01/06/2026
KMB-C00204,  Fictional Member 00204  ,0700050204,member.kmb204@example.invalid,kampala,1999-05-15,M,2026/06/01
KMB-C00205,Fictional Member 00205,256700050205,member.kmb205@example.invalid,Jinja,2000-05-15,F,2025-10-01
KMB-C00206,Fictional Member 00206,00256700050206,member.kmb206@example.invalid,Mbarara,2001-05-15,prefer not to say,2026-06-01
KMB-C00207,Fictional Member 00207,+256700050207,member.kmb207@example.invalid,gulu,2002-05-15,M,2026/06/01
KMB-C00208,  Fictional Member 00208  ,bad-phone,member.kmb208@example.invalid,Kampala,2003-05-15,F,2026-06-01
KMB-C00209,Fictional Member 00209,256700050209,member.kmb209@example.invalid,Jinja,2004-05-15,prefer not to say,2026-06-01
KMB-C00210,Fictional Member 00210,,,mbarara,1970-05-15,M,01/10/2025
KMB-C00211,Fictional Member 00211,+256700050211,member.kmb211@example.invalid,Gulu,1971-05-15,F,2026-06-01
KMB-C00212,  Fictional Member 00212  ,0700050212,member.kmb212@example.invalid,Kampala,1972-05-15,prefer not to say,2026-06-01
KMB-C00213,Fictional Member 00213,256700050213,member.kmb213@example.invalid,jinja,1973-05-15,M,2026/06/01
KMB-C00214,Fictional Member 00214,00256700050214,member.kmb214@example.invalid,Mbarara,1974-05-15,F,2026-06-01
KMB-C00215,Fictional Member 00215,+256700050215,member.kmb215@example.invalid,Gulu,1975-05-15,prefer not to say,2025-10-01
KMB-C00216,  Fictional Member 00216  ,0700050216,member.kmb216@example.invalid,kampala,1976-05-15,M,2026/06/01
KMB-C00217,Fictional Member 00217,256700050217,member.kmb217@example.invalid,Jinja,1977-05-15,F,01/06/2026
KMB-C00218,Fictional Member 00218,00256700050218,member.kmb218@example.invalid,Mbarara,1978-05-15,prefer not to say,2026-06-01
KMB-C00219,Fictional Member 00219,+256700050219,member.kmb219@example.invalid,gulu,1979-05-15,M,2026/06/01
KMB-C00220,  Fictional Member 00220  ,0700050220,member.kmb220@example.invalid,Kampala,1980-05-15,F,2025-10-01
KMB-C00221,Fictional Member 00221,256700050221,member.kmb221@example.invalid,Jinja,1981-05-15,prefer not to say,2026-06-01
KMB-C00222,Fictional Member 00222,00256700050222,member.kmb222@example.invalid,mbarara,1982-05-15,M,2026/06/01
KMB-C00223,Fictional Member 00223,+256700050223,member.kmb223@example.invalid,Gulu,1983-05-15,F,2026-06-01
KMB-C00224,  Fictional Member 00224  ,,,Kampala,1984-05-15,prefer not to say,01/06/2026
KMB-C00225,Fictional Member 00225,256700050225,member.kmb225@example.invalid,Invalid District,1985-05-15,M,2025/10/01
KMB-C00226,Fictional Member 00226,00256700050226,member.kmb226@example.invalid,Mbarara,1986-05-15,F,2026-06-01
KMB-C00227,Fictional Member 00227,+256700050227,member.kmb227@example.invalid,Gulu,1987-05-15,prefer not to say,2026-06-01
KMB-C00228,  Fictional Member 00228  ,0700050228,member.kmb228@example.invalid,kampala,1988-05-15,M,2026/06/01
KMB-C00229,Fictional Member 00229,256700050229,member.kmb229@example.invalid,Jinja,1989-05-15,F,2026-06-01
KMB-C00230,Fictional Member 00230,00256700050230,member.kmb230@example.invalid,Mbarara,1990-05-15,prefer not to say,2025-10-01
KMB-C00231,Fictional Member 00231,+256700050231,bad-email,gulu,1991-05-15,M,01/06/2026
KMB-C00232,,0700050232,member.kmb232@example.invalid,Kampala,1992-05-15,F,2026-06-01
KMB-C00233,Fictional Member 00233,256700050233,member.kmb233@example.invalid,Jinja,1993-05-15,prefer not to say,2026-06-01
KMB-C00234,Fictional Member 00234,00256700050234,member.kmb234@example.invalid,mbarara,1994-05-15,M,2026/06/01
KMB-C00235,Fictional Member 00235,+256700050235,member.kmb235@example.invalid,Gulu,1995-05-15,F,2025-10-01
KMB-C00236,  Fictional Member 00236  ,0700050236,member.kmb236@example.invalid,Kampala,1996-05-15,prefer not to say,2026-06-01
KMB-C00237,Fictional Member 00237,256700050237,member.kmb237@example.invalid,jinja,1997-05-15,M,2026/06/01
KMB-C00238,Fictional Member 00238,,,Mbarara,1998-05-15,F,01/06/2026
KMB-C00239,Fictional Member 00239,+256700050239,member.kmb239@example.invalid,Gulu,1999-05-15,prefer not to say,2026-06-01
KMB-C00240,  Fictional Member 00240  ,bad-phone,member.kmb240@example.invalid,kampala,2000-05-15,M,2025/10/01
KMB-C00241,Fictional Member 00241,256700050241,member.kmb241@example.invalid,Jinja,2001-05-15,F,2026-06-01
KMB-C00242,Fictional Member 00242,00256700050242,member.kmb242@example.invalid,Mbarara,2002-05-15,prefer not to say,2026-06-01
KMB-C00243,Fictional Member 00243,+256700050243,member.kmb243@example.invalid,gulu,2003-05-15,M,2026/06/01
KMB-C00244,  Fictional Member 00244  ,0700050244,member.kmb244@example.invalid,Kampala,2004-05-15,F,2026-06-01
KMB-C00245,Fictional Member 00245,256700050245,member.kmb245@example.invalid,Jinja,1970-05-15,prefer not to say,01/10/2025
KMB-C00246,Fictional Member 00246,00256700050246,member.kmb246@example.invalid,mbarara,1971-05-15,M,2026/06/01
KMB-C00247,Fictional Member 00247,+256700050247,member.kmb247@example.invalid,Gulu,1972-05-15,F,2026-06-01
KMB-C00248,  Fictional Member 00248  ,0700050248,member.kmb248@example.invalid,Kampala,1973-05-15,prefer not to say,2026-06-01
KMB-C00249,Fictional Member 00249,256700050249,member.kmb249@example.invalid,jinja,1974-05-15,M,2026/06/01
KMB-C00250,Fictional Member 00250,00256700050250,member.kmb250@example.invalid,Invalid District,1975-05-15,F,2025-10-01
KMB-C00251,Fictional Member 00251,+256700050251,member.kmb251@example.invalid,Gulu,1976-05-15,prefer not to say,2026-06-01
KMB-C00252,  Fictional Member 00252  ,,,kampala,1977-05-15,M,01/06/2026
KMB-C00253,Fictional Member 00253,256700050253,member.kmb253@example.invalid,Jinja,1978-05-15,F,2026-06-01
KMB-C00254,Fictional Member 00254,00256700050254,member.kmb254@example.invalid,Mbarara,1979-05-15,prefer not to say,2026-06-01
KMB-C00255,Fictional Member 00255,+256700050255,member.kmb255@example.invalid,gulu,1980-05-15,M,2025/10/01
KMB-C00256,  Fictional Member 00256  ,bad-phone,member.kmb256@example.invalid,Kampala,1981-05-15,F,2026-06-01
KMB-C00257,Fictional Member 00257,256700050257,member.kmb257@example.invalid,Jinja,1982-05-15,prefer not to say,2026-06-01
KMB-C00258,Fictional Member 00258,00256700050258,member.kmb258@example.invalid,mbarara,1983-05-15,M,2026/06/01
KMB-C00259,Fictional Member 00259,+256700050259,member.kmb259@example.invalid,Gulu,1984-05-15,F,01/06/2026
KMB-C00260,  Fictional Member 00260  ,0700050260,member.kmb260@example.invalid,Kampala,1985-05-15,prefer not to say,2025-10-01
KMB-C00261,,256700050261,member.kmb261@example.invalid,jinja,1986-05-15,M,2026/06/01
KMB-C00262,Fictional Member 00262,00256700050262,member.kmb262@example.invalid,Mbarara,1987-05-15,F,2026-06-01
KMB-C00263,Fictional Member 00263,+256700050263,member.kmb263@example.invalid,Gulu,1988-05-15,prefer not to say,2026-06-01
KMB-C00264,  Fictional Member 00264  ,0700050264,member.kmb264@example.invalid,kampala,1989-05-15,M,2026/06/01
KMB-C00265,Fictional Member 00265,256700050265,member.kmb265@example.invalid,Jinja,1990-05-15,F,2025-10-01
KMB-C00266,Fictional Member 00266,,,Mbarara,1991-05-15,prefer not to say,01/06/2026
KMB-C00267,Fictional Member 00267,+256700050267,member.kmb267@example.invalid,gulu,1992-05-15,M,2026/06/01
KMB-C00268,  Fictional Member 00268  ,0700050268,member.kmb268@example.invalid,Kampala,1993-05-15,F,2026-06-01
KMB-C00269,Fictional Member 00269,256700050269,member.kmb269@example.invalid,Jinja,1994-05-15,prefer not to say,2026-06-01
KMB-C00270,Fictional Member 00270,00256700050270,member.kmb270@example.invalid,mbarara,1995-05-15,M,2025/10/01
KMB-C00271,Fictional Member 00271,+256700050271,member.kmb271@example.invalid,Gulu,1996-05-15,F,2026-06-01
KMB-C00272,  Fictional Member 00272  ,bad-phone,member.kmb272@example.invalid,Kampala,1997-05-15,prefer not to say,2026-06-01
KMB-C00273,Fictional Member 00273,256700050273,bad-email,jinja,1998-05-15,M,01/06/2026
KMB-C00274,Fictional Member 00274,00256700050274,member.kmb274@example.invalid,Mbarara,1999-05-15,F,2026-06-01
KMB-C00275,Fictional Member 00275,+256700050275,member.kmb275@example.invalid,Invalid District,2000-05-15,prefer not to say,2025-10-01
KMB-C00276,  Fictional Member 00276  ,0700050276,member.kmb276@example.invalid,kampala,2001-05-15,M,2026/06/01
KMB-C00277,Fictional Member 00277,256700050277,member.kmb277@example.invalid,Jinja,2002-05-15,F,2026-06-01
KMB-C00278,Fictional Member 00278,00256700050278,member.kmb278@example.invalid,Mbarara,2003-05-15,prefer not to say,2026-06-01
KMB-C00279,Fictional Member 00279,+256700050279,member.kmb279@example.invalid,gulu,2004-05-15,M,2026/06/01
KMB-C00280,  Fictional Member 00280  ,,,Kampala,1970-05-15,F,01/10/2025
KMB-C00281,Fictional Member 00281,256700050281,member.kmb281@example.invalid,Jinja,1971-05-15,prefer not to say,2026-06-01
KMB-C00282,Fictional Member 00282,00256700050282,member.kmb282@example.invalid,mbarara,1972-05-15,M,2026/06/01
KMB-C00283,Fictional Member 00283,+256700050283,member.kmb283@example.invalid,Gulu,1973-05-15,F,2026-06-01
KMB-C00284,  Fictional Member 00284  ,0700050284,member.kmb284@example.invalid,Kampala,1974-05-15,prefer not to say,2026-06-01
KMB-C00285,Fictional Member 00285,256700050285,member.kmb285@example.invalid,jinja,1975-05-15,M,2025/10/01
KMB-C00286,Fictional Member 00286,00256700050286,member.kmb286@example.invalid,Mbarara,1976-05-15,F,2026-06-01
KMB-C00287,Fictional Member 00287,+256700050287,member.kmb287@example.invalid,Gulu,1977-05-15,prefer not to say,01/06/2026
KMB-C00288,  Fictional Member 00288  ,bad-phone,member.kmb288@example.invalid,kampala,1978-05-15,M,2026/06/01
KMB-C00289,Fictional Member 00289,256700050289,member.kmb289@example.invalid,Jinja,1979-05-15,F,2026-06-01
KMB-C00290,,00256700050290,member.kmb290@example.invalid,Mbarara,1980-05-15,prefer not to say,2025-10-01
KMB-C00291,Fictional Member 00291,+256700050291,member.kmb291@example.invalid,gulu,1981-05-15,M,2026/06/01
KMB-C00292,  Fictional Member 00292  ,0700050292,member.kmb292@example.invalid,Kampala,1982-05-15,F,2026-06-01
KMB-C00293,Fictional Member 00293,256700050293,member.kmb293@example.invalid,Jinja,1983-05-15,prefer not to say,2026-06-01
KMB-C00294,Fictional Member 00294,,,mbarara,1984-05-15,M,01/06/2026
KMB-C00295,Fictional Member 00295,+256700050295,member.kmb295@example.invalid,Gulu,1985-05-15,F,2025-10-01
KMB-C00296,  Fictional Member 00296  ,0700050296,member.kmb296@example.invalid,Kampala,1986-05-15,prefer not to say,2026-06-01
KMB-C00297,Fictional Member 00297,256700050297,member.kmb297@example.invalid,jinja,1987-05-15,M,2026/06/01
KMB-C00298,Fictional Member 00298,00256700050298,member.kmb298@example.invalid,Mbarara,1988-05-15,F,2026-06-01
KMB-C00299,Fictional Member 00299,+256700050299,member.kmb299@example.invalid,Gulu,1989-05-15,prefer not to say,2026-06-01
KMB-C00300,  Fictional Member 00300  ,0700050300,member.kmb300@example.invalid,Invalid District,1990-05-15,M,2025/10/01
KMB-C00301,Fictional Member 00301,256700050301,member.kmb301@example.invalid,Jinja,1991-05-15,F,01/06/2026
KMB-C00302,Fictional Member 00302,00256700050302,member.kmb302@example.invalid,Mbarara,1992-05-15,prefer not to say,2026-06-01
KMB-C00303,Fictional Member 00303,+256700050303,member.kmb303@example.invalid,gulu,1993-05-15,M,2026/06/01
KMB-C00304,  Fictional Member 00304  ,bad-phone,member.kmb304@example.invalid,Kampala,1994-05-15,F,2026-06-01
KMB-C00305,Fictional Member 00305,256700050305,member.kmb305@example.invalid,Jinja,1995-05-15,prefer not to say,2025-10-01
KMB-C00306,Fictional Member 00306,00256700050306,member.kmb306@example.invalid,mbarara,1996-05-15,M,2026/06/01
KMB-C00307,Fictional Member 00307,+256700050307,member.kmb307@example.invalid,Gulu,1997-05-15,F,2026-06-01
KMB-C00308,  Fictional Member 00308  ,,,Kampala,1998-05-15,prefer not to say,01/06/2026
KMB-C00309,Fictional Member 00309,256700050309,member.kmb309@example.invalid,jinja,1999-05-15,M,2026/06/01
KMB-C00310,Fictional Member 00310,00256700050310,member.kmb310@example.invalid,Mbarara,2000-05-15,F,2025-10-01
KMB-C00311,Fictional Member 00311,+256700050311,member.kmb311@example.invalid,Gulu,2001-05-15,prefer not to say,2026-06-01
KMB-C00312,  Fictional Member 00312  ,0700050312,member.kmb312@example.invalid,kampala,2002-05-15,M,2026/06/01
KMB-C00313,Fictional Member 00313,256700050313,member.kmb313@example.invalid,Jinja,2003-05-15,F,2026-06-01
KMB-C00314,Fictional Member 00314,00256700050314,member.kmb314@example.invalid,Mbarara,2004-05-15,prefer not to say,2026-06-01
KMB-C00315,Fictional Member 00315,+256700050315,bad-email,gulu,1970-05-15,M,01/10/2025
KMB-C00316,  Fictional Member 00316  ,0700050316,member.kmb316@example.invalid,Kampala,1971-05-15,F,2026-06-01
KMB-C00317,Fictional Member 00317,256700050317,member.kmb317@example.invalid,Jinja,1972-05-15,prefer not to say,2026-06-01
KMB-C00318,Fictional Member 00318,00256700050318,member.kmb318@example.invalid,mbarara,1973-05-15,M,2026/06/01
KMB-C00319,,+256700050319,member.kmb319@example.invalid,Gulu,1974-05-15,F,2026-06-01
KMB-C00320,  Fictional Member 00320  ,bad-phone,member.kmb320@example.invalid,Kampala,1975-05-15,prefer not to say,2025-10-01
KMB-C00321,Fictional Member 00321,256700050321,member.kmb321@example.invalid,jinja,1976-05-15,M,2026/06/01
KMB-C00322,Fictional Member 00322,,,Mbarara,1977-05-15,F,01/06/2026
KMB-C00323,Fictional Member 00323,+256700050323,member.kmb323@example.invalid,Gulu,1978-05-15,prefer not to say,2026-06-01
KMB-C00324,  Fictional Member 00324  ,0700050324,member.kmb324@example.invalid,kampala,1979-05-15,M,2026/06/01
KMB-C00325,Fictional Member 00325,256700050325,member.kmb325@example.invalid,Invalid District,1980-05-15,F,2025-10-01
KMB-C00326,Fictional Member 00326,00256700050326,member.kmb326@example.invalid,Mbarara,1981-05-15,prefer not to say,2026-06-01
KMB-C00327,Fictional Member 00327,+256700050327,member.kmb327@example.invalid,gulu,1982-05-15,M,2026/06/01
KMB-C00328,  Fictional Member 00328  ,0700050328,member.kmb328@example.invalid,Kampala,1983-05-15,F,2026-06-01
KMB-C00329,Fictional Member 00329,256700050329,member.kmb329@example.invalid,Jinja,1984-05-15,prefer not to say,01/06/2026
KMB-C00330,Fictional Member 00330,00256700050330,member.kmb330@example.invalid,mbarara,1985-05-15,M,2025/10/01
KMB-C00331,Fictional Member 00331,+256700050331,member.kmb331@example.invalid,Gulu,1986-05-15,F,2026-06-01
KMB-C00332,  Fictional Member 00332  ,0700050332,member.kmb332@example.invalid,Kampala,1987-05-15,prefer not to say,2026-06-01
KMB-C00333,Fictional Member 00333,256700050333,member.kmb333@example.invalid,jinja,1988-05-15,M,2026/06/01
KMB-C00334,Fictional Member 00334,00256700050334,member.kmb334@example.invalid,Mbarara,1989-05-15,F,2026-06-01
KMB-C00335,Fictional Member 00335,+256700050335,member.kmb335@example.invalid,Gulu,1990-05-15,prefer not to say,2025-10-01
KMB-C00336,  Fictional Member 00336  ,,,kampala,1991-05-15,M,01/06/2026
KMB-C00337,Fictional Member 00337,256700050337,member.kmb337@example.invalid,Jinja,1992-05-15,F,2026-06-01
KMB-C00338,Fictional Member 00338,00256700050338,member.kmb338@example.invalid,Mbarara,1993-05-15,prefer not to say,2026-06-01
KMB-C00339,Fictional Member 00339,+256700050339,member.kmb339@example.invalid,gulu,1994-05-15,M,2026/06/01
KMB-C00340,  Fictional Member 00340  ,0700050340,member.kmb340@example.invalid,Kampala,1995-05-15,F,2025-10-01
KMB-C00341,Fictional Member 00341,256700050341,member.kmb341@example.invalid,Jinja,1996-05-15,prefer not to say,2026-06-01
KMB-C00342,Fictional Member 00342,00256700050342,member.kmb342@example.invalid,mbarara,1997-05-15,M,2026/06/01
KMB-C00343,Fictional Member 00343,+256700050343,member.kmb343@example.invalid,Gulu,1998-05-15,F,01/06/2026
KMB-C00344,  Fictional Member 00344  ,0700050344,member.kmb344@example.invalid,Kampala,1999-05-15,prefer not to say,2026-06-01
KMB-C00345,Fictional Member 00345,256700050345,member.kmb345@example.invalid,jinja,2000-05-15,M,2025/10/01
KMB-C00346,Fictional Member 00346,00256700050346,member.kmb346@example.invalid,Mbarara,2001-05-15,F,2026-06-01
KMB-C00347,Fictional Member 00347,+256700050347,member.kmb347@example.invalid,Gulu,2002-05-15,prefer not to say,2026-06-01
KMB-C00348,,0700050348,member.kmb348@example.invalid,kampala,2003-05-15,M,2026/06/01
KMB-C00349,Fictional Member 00349,256700050349,member.kmb349@example.invalid,Jinja,2004-05-15,F,2026-06-01
KMB-C00350,Fictional Member 00350,,,Invalid District,1970-05-15,prefer not to say,01/10/2025
KMB-C00351,Fictional Member 00351,+256700050351,member.kmb351@example.invalid,gulu,1971-05-15,M,2026/06/01
KMB-C00352,  Fictional Member 00352  ,bad-phone,member.kmb352@example.invalid,Kampala,1972-05-15,F,2026-06-01
KMB-C00353,Fictional Member 00353,256700050353,member.kmb353@example.invalid,Jinja,1973-05-15,prefer not to say,2026-06-01
KMB-C00354,Fictional Member 00354,00256700050354,member.kmb354@example.invalid,mbarara,1974-05-15,M,2026/06/01
KMB-C00355,Fictional Member 00355,+256700050355,member.kmb355@example.invalid,Gulu,1975-05-15,F,2025-10-01
KMB-C00356,  Fictional Member 00356  ,0700050356,member.kmb356@example.invalid,Kampala,1976-05-15,prefer not to say,2026-06-01
KMB-C00357,Fictional Member 00357,256700050357,bad-email,jinja,1977-05-15,M,01/06/2026
KMB-C00358,Fictional Member 00358,00256700050358,member.kmb358@example.invalid,Mbarara,1978-05-15,F,2026-06-01
KMB-C00359,Fictional Member 00359,+256700050359,member.kmb359@example.invalid,Gulu,1979-05-15,prefer not to say,2026-06-01
KMB-C00360,  Fictional Member 00360  ,0700050360,member.kmb360@example.invalid,kampala,1980-05-15,M,2025/10/01
KMB-C00361,Fictional Member 00361,256700050361,member.kmb361@example.invalid,Jinja,1981-05-15,F,2026-06-01
KMB-C00362,Fictional Member 00362,00256700050362,member.kmb362@example.invalid,Mbarara,1982-05-15,prefer not to say,2026-06-01
KMB-C00363,Fictional Member 00363,+256700050363,member.kmb363@example.invalid,gulu,1983-05-15,M,2026/06/01
KMB-C00364,  Fictional Member 00364  ,,,Kampala,1984-05-15,F,01/06/2026
KMB-C00365,Fictional Member 00365,256700050365,member.kmb365@example.invalid,Jinja,1985-05-15,prefer not to say,2025-10-01
KMB-C00366,Fictional Member 00366,00256700050366,member.kmb366@example.invalid,mbarara,1986-05-15,M,2026/06/01
KMB-C00367,Fictional Member 00367,+256700050367,member.kmb367@example.invalid,Gulu,1987-05-15,F,2026-06-01
KMB-C00368,  Fictional Member 00368  ,bad-phone,member.kmb368@example.invalid,Kampala,1988-05-15,prefer not to say,2026-06-01
KMB-C00369,Fictional Member 00369,256700050369,member.kmb369@example.invalid,jinja,1989-05-15,M,2026/06/01
KMB-C00370,Fictional Member 00370,00256700050370,member.kmb370@example.invalid,Mbarara,1990-05-15,F,2025-10-01
KMB-C00371,Fictional Member 00371,+256700050371,member.kmb371@example.invalid,Gulu,1991-05-15,prefer not to say,01/06/2026
KMB-C00372,  Fictional Member 00372  ,0700050372,member.kmb372@example.invalid,kampala,1992-05-15,M,2026/06/01
KMB-C00373,Fictional Member 00373,256700050373,member.kmb373@example.invalid,Jinja,1993-05-15,F,2026-06-01
KMB-C00374,Fictional Member 00374,00256700050374,member.kmb374@example.invalid,Mbarara,1994-05-15,prefer not to say,2026-06-01
KMB-C00375,Fictional Member 00375,+256700050375,member.kmb375@example.invalid,Invalid District,1995-05-15,M,2025/10/01
KMB-C00376,  Fictional Member 00376  ,0700050376,member.kmb376@example.invalid,Kampala,1996-05-15,F,2026-06-01
KMB-C00377,,256700050377,member.kmb377@example.invalid,Jinja,1997-05-15,prefer not to say,2026-06-01
KMB-C00378,Fictional Member 00378,,,mbarara,1998-05-15,M,01/06/2026
KMB-C00379,Fictional Member 00379,+256700050379,member.kmb379@example.invalid,Gulu,1999-05-15,F,2026-06-01
KMB-C00380,  Fictional Member 00380  ,0700050380,member.kmb380@example.invalid,Kampala,2000-05-15,prefer not to say,2025-10-01
KMB-C00381,Fictional Member 00381,256700050381,member.kmb381@example.invalid,jinja,2001-05-15,M,2026/06/01
KMB-C00382,Fictional Member 00382,00256700050382,member.kmb382@example.invalid,Mbarara,2002-05-15,F,2026-06-01
KMB-C00383,Fictional Member 00383,+256700050383,member.kmb383@example.invalid,Gulu,2003-05-15,prefer not to say,2026-06-01
KMB-C00384,  Fictional Member 00384  ,bad-phone,member.kmb384@example.invalid,kampala,2004-05-15,M,2026/06/01
KMB-C00385,Fictional Member 00385,256700050385,member.kmb385@example.invalid,Jinja,1970-05-15,F,01/10/2025
KMB-C00386,Fictional Member 00386,00256700050386,member.kmb386@example.invalid,Mbarara,1971-05-15,prefer not to say,2026-06-01
KMB-C00387,Fictional Member 00387,+256700050387,member.kmb387@example.invalid,gulu,1972-05-15,M,2026/06/01
KMB-C00388,  Fictional Member 00388  ,0700050388,member.kmb388@example.invalid,Kampala,1973-05-15,F,2026-06-01
KMB-C00389,Fictional Member 00389,256700050389,member.kmb389@example.invalid,Jinja,1974-05-15,prefer not to say,2026-06-01
KMB-C00390,Fictional Member 00390,00256700050390,member.kmb390@example.invalid,mbarara,1975-05-15,M,2025/10/01
KMB-C00391,Fictional Member 00391,+256700050391,member.kmb391@example.invalid,Gulu,1976-05-15,F,2026-06-01
KMB-C00392,  Fictional Member 00392  ,,,Kampala,1977-05-15,prefer not to say,01/06/2026
KMB-C00393,Fictional Member 00393,256700050393,member.kmb393@example.invalid,jinja,1978-05-15,M,2026/06/01
KMB-C00394,Fictional Member 00394,00256700050394,member.kmb394@example.invalid,Mbarara,1979-05-15,F,2026-06-01
KMB-C00395,Fictional Member 00395,+256700050395,member.kmb395@example.invalid,Gulu,1980-05-15,prefer not to say,2025-10-01
KMB-C00396,  Fictional Member 00396  ,0700050396,member.kmb396@example.invalid,kampala,1981-05-15,M,2026/06/01
KMB-C00397,Fictional Member 00397,256700050397,member.kmb397@example.invalid,Jinja,1982-05-15,F,2026-06-01
KMB-C00398,Fictional Member 00398,00256700050398,member.kmb398@example.invalid,Mbarara,1983-05-15,prefer not to say,2026-06-01
KMB-C00399,Fictional Member 00399,+256700050399,bad-email,gulu,1984-05-15,M,01/06/2026
KMB-C00400,  Fictional Member 00400  ,bad-phone,member.kmb400@example.invalid,Invalid District,1985-05-15,F,2025-10-01
KMB-C00401,Fictional Member 00401,256700050401,member.kmb401@example.invalid,Jinja,1986-05-15,prefer not to say,2026-06-01
KMB-C00402,Fictional Member 00402,00256700050402,member.kmb402@example.invalid,mbarara,1987-05-15,M,2026/06/01
KMB-C00403,Fictional Member 00403,+256700050403,member.kmb403@example.invalid,Gulu,1988-05-15,F,2026-06-01
KMB-C00404,  Fictional Member 00404  ,0700050404,member.kmb404@example.invalid,Kampala,1989-05-15,prefer not to say,2026-06-01
KMB-C00405,Fictional Member 00405,256700050405,member.kmb405@example.invalid,jinja,1990-05-15,M,2025/10/01
KMB-C00406,,,,Mbarara,1991-05-15,F,01/06/2026
KMB-C00407,Fictional Member 00407,+256700050407,member.kmb407@example.invalid,Gulu,1992-05-15,prefer not to say,2026-06-01
KMB-C00408,  Fictional Member 00408  ,0700050408,member.kmb408@example.invalid,kampala,1993-05-15,M,2026/06/01
KMB-C00409,Fictional Member 00409,256700050409,member.kmb409@example.invalid,Jinja,1994-05-15,F,2026-06-01
KMB-C00410,Fictional Member 00410,00256700050410,member.kmb410@example.invalid,Mbarara,1995-05-15,prefer not to say,2025-10-01
KMB-C00411,Fictional Member 00411,+256700050411,member.kmb411@example.invalid,gulu,1996-05-15,M,2026/06/01
KMB-C00412,  Fictional Member 00412  ,0700050412,member.kmb412@example.invalid,Kampala,1997-05-15,F,2026-06-01
KMB-C00413,Fictional Member 00413,256700050413,member.kmb413@example.invalid,Jinja,1998-05-15,prefer not to say,01/06/2026
KMB-C00414,Fictional Member 00414,00256700050414,member.kmb414@example.invalid,mbarara,1999-05-15,M,2026/06/01
KMB-C00415,Fictional Member 00415,+256700050415,member.kmb415@example.invalid,Gulu,2000-05-15,F,2025-10-01
KMB-C00416,  Fictional Member 00416  ,bad-phone,member.kmb416@example.invalid,Kampala,2001-05-15,prefer not to say,2026-06-01
KMB-C00417,Fictional Member 00417,256700050417,member.kmb417@example.invalid,jinja,2002-05-15,M,2026/06/01
KMB-C00418,Fictional Member 00418,00256700050418,member.kmb418@example.invalid,Mbarara,2003-05-15,F,2026-06-01
KMB-C00419,Fictional Member 00419,+256700050419,member.kmb419@example.invalid,Gulu,2004-05-15,prefer not to say,2026-06-01
KMB-C00420,  Fictional Member 00420  ,,,kampala,1970-05-15,M,01/10/2025
KMB-C00421,Fictional Member 00421,256700050421,member.kmb421@example.invalid,Jinja,1971-05-15,F,2026-06-01
KMB-C00422,Fictional Member 00422,00256700050422,member.kmb422@example.invalid,Mbarara,1972-05-15,prefer not to say,2026-06-01
KMB-C00423,Fictional Member 00423,+256700050423,member.kmb423@example.invalid,gulu,1973-05-15,M,2026/06/01
KMB-C00424,  Fictional Member 00424  ,0700050424,member.kmb424@example.invalid,Kampala,1974-05-15,F,2026-06-01
KMB-C00425,Fictional Member 00425,256700050425,member.kmb425@example.invalid,Invalid District,1975-05-15,prefer not to say,2025-10-01
KMB-C00426,Fictional Member 00426,00256700050426,member.kmb426@example.invalid,mbarara,1976-05-15,M,2026/06/01
KMB-C00427,Fictional Member 00427,+256700050427,member.kmb427@example.invalid,Gulu,1977-05-15,F,01/06/2026
KMB-C00428,  Fictional Member 00428  ,0700050428,member.kmb428@example.invalid,Kampala,1978-05-15,prefer not to say,2026-06-01
KMB-C00429,Fictional Member 00429,256700050429,member.kmb429@example.invalid,jinja,1979-05-15,M,2026/06/01
KMB-C00430,Fictional Member 00430,00256700050430,member.kmb430@example.invalid,Mbarara,1980-05-15,F,2025-10-01
KMB-C00431,Fictional Member 00431,+256700050431,member.kmb431@example.invalid,Gulu,1981-05-15,prefer not to say,2026-06-01
KMB-C00432,  Fictional Member 00432  ,bad-phone,member.kmb432@example.invalid,kampala,1982-05-15,M,2026/06/01
KMB-C00433,Fictional Member 00433,256700050433,member.kmb433@example.invalid,Jinja,1983-05-15,F,2026-06-01
KMB-C00434,Fictional Member 00434,,,Mbarara,1984-05-15,prefer not to say,01/06/2026
KMB-C00435,,+256700050435,member.kmb435@example.invalid,gulu,1985-05-15,M,2025/10/01
KMB-C00436,  Fictional Member 00436  ,0700050436,member.kmb436@example.invalid,Kampala,1986-05-15,F,2026-06-01
KMB-C00437,Fictional Member 00437,256700050437,member.kmb437@example.invalid,Jinja,1987-05-15,prefer not to say,2026-06-01
KMB-C00438,Fictional Member 00438,00256700050438,member.kmb438@example.invalid,mbarara,1988-05-15,M,2026/06/01
KMB-C00439,Fictional Member 00439,+256700050439,member.kmb439@example.invalid,Gulu,1989-05-15,F,2026-06-01
KMB-C00440,  Fictional Member 00440  ,0700050440,member.kmb440@example.invalid,Kampala,1990-05-15,prefer not to say,2025-10-01
KMB-C00441,Fictional Member 00441,256700050441,bad-email,jinja,1991-05-15,M,01/06/2026
KMB-C00442,Fictional Member 00442,00256700050442,member.kmb442@example.invalid,Mbarara,1992-05-15,F,2026-06-01
KMB-C00443,Fictional Member 00443,+256700050443,member.kmb443@example.invalid,Gulu,1993-05-15,prefer not to say,2026-06-01
KMB-C00444,  Fictional Member 00444  ,0700050444,member.kmb444@example.invalid,kampala,1994-05-15,M,2026/06/01
KMB-C00445,Fictional Member 00445,256700050445,member.kmb445@example.invalid,Jinja,1995-05-15,F,2025-10-01
KMB-C00446,Fictional Member 00446,00256700050446,member.kmb446@example.invalid,Mbarara,1996-05-15,prefer not to say,2026-06-01
KMB-C00447,Fictional Member 00447,+256700050447,member.kmb447@example.invalid,gulu,1997-05-15,M,2026/06/01
KMB-C00448,  Fictional Member 00448  ,,,Kampala,1998-05-15,F,01/06/2026
KMB-C00449,Fictional Member 00449,256700050449,member.kmb449@example.invalid,Jinja,1999-05-15,prefer not to say,2026-06-01
KMB-C00450,Fictional Member 00450,00256700050450,member.kmb450@example.invalid,Invalid District,2000-05-15,M,2025/10/01
KMB-C00451,Fictional Member 00451,+256700050451,member.kmb451@example.invalid,Gulu,2001-05-15,F,2026-06-01
KMB-C00452,  Fictional Member 00452  ,0700050452,member.kmb452@example.invalid,Kampala,2002-05-15,prefer not to say,2026-06-01
KMB-C00453,Fictional Member 00453,256700050453,member.kmb453@example.invalid,jinja,2003-05-15,M,2026/06/01
KMB-C00454,Fictional Member 00454,00256700050454,member.kmb454@example.invalid,Mbarara,2004-05-15,F,2026-06-01
KMB-C00455,Fictional Member 00455,+256700050455,member.kmb455@example.invalid,Gulu,1970-05-15,prefer not to say,01/10/2025
KMB-C00456,  Fictional Member 00456  ,0700050456,member.kmb456@example.invalid,kampala,1971-05-15,M,2026/06/01
KMB-C00457,Fictional Member 00457,256700050457,member.kmb457@example.invalid,Jinja,1972-05-15,F,2026-06-01
KMB-C00458,Fictional Member 00458,00256700050458,member.kmb458@example.invalid,Mbarara,1973-05-15,prefer not to say,2026-06-01
KMB-C00459,Fictional Member 00459,+256700050459,member.kmb459@example.invalid,gulu,1974-05-15,M,2026/06/01
KMB-C00460,  Fictional Member 00460  ,0700050460,member.kmb460@example.invalid,Kampala,1975-05-15,F,2025-10-01
KMB-C00461,Fictional Member 00461,256700050461,member.kmb461@example.invalid,Jinja,1976-05-15,prefer not to say,2026-06-01
KMB-C00462,Fictional Member 00462,,,mbarara,1977-05-15,M,01/06/2026
KMB-C00463,Fictional Member 00463,+256700050463,member.kmb463@example.invalid,Gulu,1978-05-15,F,2026-06-01
KMB-C00464,,bad-phone,member.kmb464@example.invalid,Kampala,1979-05-15,prefer not to say,2026-06-01
KMB-C00465,Fictional Member 00465,256700050465,member.kmb465@example.invalid,jinja,1980-05-15,M,2025/10/01
KMB-C00466,Fictional Member 00466,00256700050466,member.kmb466@example.invalid,Mbarara,1981-05-15,F,2026-06-01
KMB-C00467,Fictional Member 00467,+256700050467,member.kmb467@example.invalid,Gulu,1982-05-15,prefer not to say,2026-06-01
KMB-C00468,  Fictional Member 00468  ,0700050468,member.kmb468@example.invalid,kampala,1983-05-15,M,2026/06/01
KMB-C00469,Fictional Member 00469,256700050469,member.kmb469@example.invalid,Jinja,1984-05-15,F,01/06/2026
KMB-C00470,Fictional Member 00470,00256700050470,member.kmb470@example.invalid,Mbarara,1985-05-15,prefer not to say,2025-10-01
KMB-C00471,Fictional Member 00471,+256700050471,member.kmb471@example.invalid,gulu,1986-05-15,M,2026/06/01
KMB-C00472,  Fictional Member 00472  ,0700050472,member.kmb472@example.invalid,Kampala,1987-05-15,F,2026-06-01
KMB-C00473,Fictional Member 00473,256700050473,member.kmb473@example.invalid,Jinja,1988-05-15,prefer not to say,2026-06-01
KMB-C00474,Fictional Member 00474,00256700050474,member.kmb474@example.invalid,mbarara,1989-05-15,M,2026/06/01
KMB-C00475,Fictional Member 00475,+256700050475,member.kmb475@example.invalid,Invalid District,1990-05-15,F,2025-10-01
KMB-C00476,  Fictional Member 00476  ,,,Kampala,1991-05-15,prefer not to say,01/06/2026
KMB-C00477,Fictional Member 00477,256700050477,member.kmb477@example.invalid,jinja,1992-05-15,M,2026/06/01
KMB-C00478,Fictional Member 00478,00256700050478,member.kmb478@example.invalid,Mbarara,1993-05-15,F,2026-06-01
KMB-C00479,Fictional Member 00479,+256700050479,member.kmb479@example.invalid,Gulu,1994-05-15,prefer not to say,2026-06-01
KMB-C00480,  Fictional Member 00480  ,bad-phone,member.kmb480@example.invalid,kampala,1995-05-15,M,2025/10/01
KMB-C00481,Fictional Member 00481,256700050481,member.kmb481@example.invalid,Jinja,1996-05-15,F,2026-06-01
KMB-C00482,Fictional Member 00482,00256700050482,member.kmb482@example.invalid,Mbarara,1997-05-15,prefer not to say,2026-06-01
KMB-C00483,Fictional Member 00483,+256700050483,bad-email,gulu,1998-05-15,M,01/06/2026
KMB-C00484,  Fictional Member 00484  ,0700050484,member.kmb484@example.invalid,Kampala,1999-05-15,F,2026-06-01
KMB-C00485,Fictional Member 00485,256700050485,member.kmb485@example.invalid,Jinja,2000-05-15,prefer not to say,2025-10-01
KMB-C00486,Fictional Member 00486,00256700050486,member.kmb486@example.invalid,mbarara,2001-05-15,M,2026/06/01
KMB-C00487,Fictional Member 00487,+256700050487,member.kmb487@example.invalid,Gulu,2002-05-15,F,2026-06-01
KMB-C00488,  Fictional Member 00488  ,0700050488,member.kmb488@example.invalid,Kampala,2003-05-15,prefer not to say,2026-06-01
KMB-C00489,Fictional Member 00489,256700050489,member.kmb489@example.invalid,jinja,2004-05-15,M,2026/06/01
KMB-C00490,Fictional Member 00490,,,Mbarara,1970-05-15,F,01/10/2025
KMB-C00491,Fictional Member 00491,+256700050491,member.kmb491@example.invalid,Gulu,1971-05-15,prefer not to say,2026-06-01
KMB-C00492,  Fictional Member 00492  ,0700050492,member.kmb492@example.invalid,kampala,1972-05-15,M,2026/06/01
KMB-C00493,,256700050493,member.kmb493@example.invalid,Jinja,1973-05-15,F,2026-06-01
KMB-C00494,Fictional Member 00494,00256700050494,member.kmb494@example.invalid,Mbarara,1974-05-15,prefer not to say,2026-06-01
KMB-C00495,Fictional Member 00495,+256700050495,member.kmb495@example.invalid,gulu,1975-05-15,M,2025/10/01
KMB-C00496,  Fictional Member 00496  ,bad-phone,member.kmb496@example.invalid,Kampala,1976-05-15,F,2026-06-01
KMB-C00497,Fictional Member 00497,256700050497,member.kmb497@example.invalid,Jinja,1977-05-15,prefer not to say,01/06/2026
KMB-C00498,Fictional Member 00498,00256700050498,member.kmb498@example.invalid,mbarara,1978-05-15,M,2026/06/01
KMB-C00499,Fictional Member 00499,+256700050499,member.kmb499@example.invalid,Gulu,1979-05-15,F,2026-06-01
KMB-C00500,  Fictional Member 00500  ,0700050500,member.kmb500@example.invalid,Invalid District,1980-05-15,prefer not to say,2025-10-01
KMB-C00501,Fictional Member 00501,256700050501,member.kmb501@example.invalid,jinja,1981-05-15,M,2026/06/01
KMB-C00502,Fictional Member 00502,00256700050502,member.kmb502@example.invalid,Mbarara,1982-05-15,F,2026-06-01
KMB-C00503,Fictional Member 00503,+256700050503,member.kmb503@example.invalid,Gulu,1983-05-15,prefer not to say,2026-06-01
KMB-C00504,  Fictional Member 00504  ,,,kampala,1984-05-15,M,01/06/2026
KMB-C00505,Fictional Member 00505,256700050505,member.kmb505@example.invalid,Jinja,1985-05-15,F,2025-10-01
KMB-C00506,Fictional Member 00506,00256700050506,member.kmb506@example.invalid,Mbarara,1986-05-15,prefer not to say,2026-06-01
KMB-C00507,Fictional Member 00507,+256700050507,member.kmb507@example.invalid,gulu,1987-05-15,M,2026/06/01
KMB-C00508,  Fictional Member 00508  ,0700050508,member.kmb508@example.invalid,Kampala,1988-05-15,F,2026-06-01
KMB-C00509,Fictional Member 00509,256700050509,member.kmb509@example.invalid,Jinja,1989-05-15,prefer not to say,2026-06-01
KMB-C00510,Fictional Member 00510,00256700050510,member.kmb510@example.invalid,mbarara,1990-05-15,M,2025/10/01
KMB-C00511,Fictional Member 00511,+256700050511,member.kmb511@example.invalid,Gulu,1991-05-15,F,01/06/2026
KMB-C00512,  Fictional Member 00512  ,bad-phone,member.kmb512@example.invalid,Kampala,1992-05-15,prefer not to say,2026-06-01
KMB-C00513,Fictional Member 00513,256700050513,member.kmb513@example.invalid,jinja,1993-05-15,M,2026/06/01
KMB-C00514,Fictional Member 00514,00256700050514,member.kmb514@example.invalid,Mbarara,1994-05-15,F,2026-06-01
KMB-C00515,Fictional Member 00515,+256700050515,member.kmb515@example.invalid,Gulu,1995-05-15,prefer not to say,2025-10-01
KMB-C00516,  Fictional Member 00516  ,0700050516,member.kmb516@example.invalid,kampala,1996-05-15,M,2026/06/01
KMB-C00517,Fictional Member 00517,256700050517,member.kmb517@example.invalid,Jinja,1997-05-15,F,2026-06-01
KMB-C00518,Fictional Member 00518,,,Mbarara,1998-05-15,prefer not to say,01/06/2026
KMB-C00519,Fictional Member 00519,+256700050519,member.kmb519@example.invalid,gulu,1999-05-15,M,2026/06/01
KMB-C00520,  Fictional Member 00520  ,0700050520,member.kmb520@example.invalid,Kampala,2000-05-15,F,2025-10-01
KMB-C00521,Fictional Member 00521,256700050521,member.kmb521@example.invalid,Jinja,2001-05-15,prefer not to say,2026-06-01
KMB-C00522,,00256700050522,member.kmb522@example.invalid,mbarara,2002-05-15,M,2026/06/01
KMB-C00523,Fictional Member 00523,+256700050523,member.kmb523@example.invalid,Gulu,2003-05-15,F,2026-06-01
KMB-C00524,  Fictional Member 00524  ,0700050524,member.kmb524@example.invalid,Kampala,2004-05-15,prefer not to say,2026-06-01
KMB-C00525,Fictional Member 00525,256700050525,bad-email,Invalid District,1970-05-15,M,01/10/2025
KMB-C00526,Fictional Member 00526,00256700050526,member.kmb526@example.invalid,Mbarara,1971-05-15,F,2026-06-01
KMB-C00527,Fictional Member 00527,+256700050527,member.kmb527@example.invalid,Gulu,1972-05-15,prefer not to say,2026-06-01
KMB-C00528,  Fictional Member 00528  ,bad-phone,member.kmb528@example.invalid,kampala,1973-05-15,M,2026/06/01
KMB-C00529,Fictional Member 00529,256700050529,member.kmb529@example.invalid,Jinja,1974-05-15,F,2026-06-01
KMB-C00530,Fictional Member 00530,00256700050530,member.kmb530@example.invalid,Mbarara,1975-05-15,prefer not to say,2025-10-01
KMB-C00531,Fictional Member 00531,+256700050531,member.kmb531@example.invalid,gulu,1976-05-15,M,2026/06/01
KMB-C00532,  Fictional Member 00532  ,,,Kampala,1977-05-15,F,01/06/2026
KMB-C00533,Fictional Member 00533,256700050533,member.kmb533@example.invalid,Jinja,1978-05-15,prefer not to say,2026-06-01
KMB-C00534,Fictional Member 00534,00256700050534,member.kmb534@example.invalid,mbarara,1979-05-15,M,2026/06/01
KMB-C00535,Fictional Member 00535,+256700050535,member.kmb535@example.invalid,Gulu,1980-05-15,F,2025-10-01
KMB-C00536,  Fictional Member 00536  ,0700050536,member.kmb536@example.invalid,Kampala,1981-05-15,prefer not to say,2026-06-01
KMB-C00537,Fictional Member 00537,256700050537,member.kmb537@example.invalid,jinja,1982-05-15,M,2026/06/01
KMB-C00538,Fictional Member 00538,00256700050538,member.kmb538@example.invalid,Mbarara,1983-05-15,F,2026-06-01
KMB-C00539,Fictional Member 00539,+256700050539,member.kmb539@example.invalid,Gulu,1984-05-15,prefer not to say,01/06/2026
KMB-C00540,  Fictional Member 00540  ,0700050540,member.kmb540@example.invalid,kampala,1985-05-15,M,2025/10/01
KMB-C00541,Fictional Member 00541,256700050541,member.kmb541@example.invalid,Jinja,1986-05-15,F,2026-06-01
KMB-C00542,Fictional Member 00542,00256700050542,member.kmb542@example.invalid,Mbarara,1987-05-15,prefer not to say,2026-06-01
KMB-C00543,Fictional Member 00543,+256700050543,member.kmb543@example.invalid,gulu,1988-05-15,M,2026/06/01
KMB-C00544,  Fictional Member 00544  ,bad-phone,member.kmb544@example.invalid,Kampala,1989-05-15,F,2026-06-01
KMB-C00545,Fictional Member 00545,256700050545,member.kmb545@example.invalid,Jinja,1990-05-15,prefer not to say,2025-10-01
KMB-C00546,Fictional Member 00546,,,mbarara,1991-05-15,M,01/06/2026
KMB-C00547,Fictional Member 00547,+256700050547,member.kmb547@example.invalid,Gulu,1992-05-15,F,2026-06-01
KMB-C00548,  Fictional Member 00548  ,0700050548,member.kmb548@example.invalid,Kampala,1993-05-15,prefer not to say,2026-06-01
KMB-C00549,Fictional Member 00549,256700050549,member.kmb549@example.invalid,jinja,1994-05-15,M,2026/06/01
KMB-C00550,Fictional Member 00550,00256700050550,member.kmb550@example.invalid,Invalid District,1995-05-15,F,2025-10-01
KMB-C00551,,+256700050551,member.kmb551@example.invalid,Gulu,1996-05-15,prefer not to say,2026-06-01
KMB-C00552,  Fictional Member 00552  ,0700050552,member.kmb552@example.invalid,kampala,1997-05-15,M,2026/06/01
KMB-C00553,Fictional Member 00553,256700050553,member.kmb553@example.invalid,Jinja,1998-05-15,F,01/06/2026
KMB-C00554,Fictional Member 00554,00256700050554,member.kmb554@example.invalid,Mbarara,1999-05-15,prefer not to say,2026-06-01
KMB-C00555,Fictional Member 00555,+256700050555,member.kmb555@example.invalid,gulu,2000-05-15,M,2025/10/01
KMB-C00556,  Fictional Member 00556  ,0700050556,member.kmb556@example.invalid,Kampala,2001-05-15,F,2026-06-01
KMB-C00557,Fictional Member 00557,256700050557,member.kmb557@example.invalid,Jinja,2002-05-15,prefer not to say,2026-06-01
KMB-C00558,Fictional Member 00558,00256700050558,member.kmb558@example.invalid,mbarara,2003-05-15,M,2026/06/01
KMB-C00559,Fictional Member 00559,+256700050559,member.kmb559@example.invalid,Gulu,2004-05-15,F,2026-06-01
KMB-C00560,  Fictional Member 00560  ,,,Kampala,1970-05-15,prefer not to say,01/10/2025
KMB-C00561,Fictional Member 00561,256700050561,member.kmb561@example.invalid,jinja,1971-05-15,M,2026/06/01
KMB-C00562,Fictional Member 00562,00256700050562,member.kmb562@example.invalid,Mbarara,1972-05-15,F,2026-06-01
KMB-C00563,Fictional Member 00563,+256700050563,member.kmb563@example.invalid,Gulu,1973-05-15,prefer not to say,2026-06-01
KMB-C00564,  Fictional Member 00564  ,0700050564,member.kmb564@example.invalid,kampala,1974-05-15,M,2026/06/01
KMB-C00565,Fictional Member 00565,256700050565,member.kmb565@example.invalid,Jinja,1975-05-15,F,2025-10-01
KMB-C00566,Fictional Member 00566,00256700050566,member.kmb566@example.invalid,Mbarara,1976-05-15,prefer not to say,2026-06-01
KMB-C00567,Fictional Member 00567,+256700050567,bad-email,gulu,1977-05-15,M,01/06/2026
KMB-C00568,  Fictional Member 00568  ,0700050568,member.kmb568@example.invalid,Kampala,1978-05-15,F,2026-06-01
KMB-C00569,Fictional Member 00569,256700050569,member.kmb569@example.invalid,Jinja,1979-05-15,prefer not to say,2026-06-01
KMB-C00570,Fictional Member 00570,00256700050570,member.kmb570@example.invalid,mbarara,1980-05-15,M,2025/10/01
KMB-C00571,Fictional Member 00571,+256700050571,member.kmb571@example.invalid,Gulu,1981-05-15,F,2026-06-01
KMB-C00572,  Fictional Member 00572  ,0700050572,member.kmb572@example.invalid,Kampala,1982-05-15,prefer not to say,2026-06-01
KMB-C00573,Fictional Member 00573,256700050573,member.kmb573@example.invalid,jinja,1983-05-15,M,2026/06/01
KMB-C00574,Fictional Member 00574,,,Mbarara,1984-05-15,F,01/06/2026
KMB-C00575,Fictional Member 00575,+256700050575,member.kmb575@example.invalid,Invalid District,1985-05-15,prefer not to say,2025-10-01
KMB-C00576,  Fictional Member 00576  ,bad-phone,member.kmb576@example.invalid,kampala,1986-05-15,M,2026/06/01
KMB-C00577,Fictional Member 00577,256700050577,member.kmb577@example.invalid,Jinja,1987-05-15,F,2026-06-01
KMB-C00578,Fictional Member 00578,00256700050578,member.kmb578@example.invalid,Mbarara,1988-05-15,prefer not to say,2026-06-01
KMB-C00579,Fictional Member 00579,+256700050579,member.kmb579@example.invalid,gulu,1989-05-15,M,2026/06/01
KMB-C00580,,0700050580,member.kmb580@example.invalid,Kampala,1990-05-15,F,2025-10-01
KMB-C00581,Fictional Member 00581,256700050581,member.kmb581@example.invalid,Jinja,1991-05-15,prefer not to say,01/06/2026
KMB-C00582,Fictional Member 00582,00256700050582,member.kmb582@example.invalid,mbarara,1992-05-15,M,2026/06/01
KMB-C00583,Fictional Member 00583,+256700050583,member.kmb583@example.invalid,Gulu,1993-05-15,F,2026-06-01
KMB-C00584,  Fictional Member 00584  ,0700050584,member.kmb584@example.invalid,Kampala,1994-05-15,prefer not to say,2026-06-01
KMB-C00585,Fictional Member 00585,256700050585,member.kmb585@example.invalid,jinja,1995-05-15,M,2025/10/01
KMB-C00586,Fictional Member 00586,00256700050586,member.kmb586@example.invalid,Mbarara,1996-05-15,F,2026-06-01
KMB-C00587,Fictional Member 00587,+256700050587,member.kmb587@example.invalid,Gulu,1997-05-15,prefer not to say,2026-06-01
KMB-C00588,  Fictional Member 00588  ,,,kampala,1998-05-15,M,01/06/2026
KMB-C00589,Fictional Member 00589,256700050589,member.kmb589@example.invalid,Jinja,1999-05-15,F,2026-06-01
KMB-C00590,Fictional Member 00590,00256700050590,member.kmb590@example.invalid,Mbarara,2000-05-15,prefer not to say,2025-10-01
KMB-C00591,Fictional Member 00591,+256700050591,member.kmb591@example.invalid,gulu,2001-05-15,M,2026/06/01
KMB-C00592,  Fictional Member 00592  ,bad-phone,member.kmb592@example.invalid,Kampala,2002-05-15,F,2026-06-01
KMB-C00593,Fictional Member 00593,256700050593,member.kmb593@example.invalid,Jinja,2003-05-15,prefer not to say,2026-06-01
KMB-C00594,Fictional Member 00594,00256700050594,member.kmb594@example.invalid,mbarara,2004-05-15,M,2026/06/01
KMB-C00595,Fictional Member 00595,+256700050595,member.kmb595@example.invalid,Gulu,1970-05-15,F,01/10/2025
KMB-C00596,  Fictional Member 00596  ,0700050596,member.kmb596@example.invalid,Kampala,1971-05-15,prefer not to say,2026-06-01
KMB-C00597,Fictional Member 00597,256700050597,member.kmb597@example.invalid,jinja,1972-05-15,M,2026/06/01
KMB-C00598,Fictional Member 00598,00256700050598,member.kmb598@example.invalid,Mbarara,1973-05-15,F,2026-06-01
KMB-C00599,Fictional Member 00599,+256700050599,member.kmb599@example.invalid,Gulu,1974-05-15,prefer not to say,2026-06-01
KMB-C00600,  Fictional Member 00600  ,0700050600,member.kmb600@example.invalid,Invalid District,1975-05-15,M,2025/10/01
KMB-C00601,Fictional Member 00601,256700050601,member.kmb601@example.invalid,Jinja,1976-05-15,F,2026-06-01
KMB-C00602,Fictional Member 00602,,,Mbarara,1977-05-15,prefer not to say,01/06/2026
KMB-C00603,Fictional Member 00603,+256700050603,member.kmb603@example.invalid,gulu,1978-05-15,M,2026/06/01
KMB-C00604,  Fictional Member 00604  ,0700050604,member.kmb604@example.invalid,Kampala,1979-05-15,F,2026-06-01
KMB-C00605,Fictional Member 00605,256700050605,member.kmb605@example.invalid,Jinja,1980-05-15,prefer not to say,2025-10-01
KMB-C00606,Fictional Member 00606,00256700050606,member.kmb606@example.invalid,mbarara,1981-05-15,M,2026/06/01
KMB-C00607,Fictional Member 00607,+256700050607,member.kmb607@example.invalid,Gulu,1982-05-15,F,2026-06-01
KMB-C00608,  Fictional Member 00608  ,bad-phone,member.kmb608@example.invalid,Kampala,1983-05-15,prefer not to say,2026-06-01
KMB-C00609,,256700050609,bad-email,jinja,1984-05-15,M,01/06/2026
KMB-C00610,Fictional Member 00610,00256700050610,member.kmb610@example.invalid,Mbarara,1985-05-15,F,2025-10-01
KMB-C00611,Fictional Member 00611,+256700050611,member.kmb611@example.invalid,Gulu,1986-05-15,prefer not to say,2026-06-01
KMB-C00612,  Fictional Member 00612  ,0700050612,member.kmb612@example.invalid,kampala,1987-05-15,M,2026/06/01
KMB-C00613,Fictional Member 00613,256700050613,member.kmb613@example.invalid,Jinja,1988-05-15,F,2026-06-01
KMB-C00614,Fictional Member 00614,00256700050614,member.kmb614@example.invalid,Mbarara,1989-05-15,prefer not to say,2026-06-01
KMB-C00615,Fictional Member 00615,+256700050615,member.kmb615@example.invalid,gulu,1990-05-15,M,2025/10/01
KMB-C00616,  Fictional Member 00616  ,,,Kampala,1991-05-15,F,01/06/2026
KMB-C00617,Fictional Member 00617,256700050617,member.kmb617@example.invalid,Jinja,1992-05-15,prefer not to say,2026-06-01
KMB-C00618,Fictional Member 00618,00256700050618,member.kmb618@example.invalid,mbarara,1993-05-15,M,2026/06/01
KMB-C00619,Fictional Member 00619,+256700050619,member.kmb619@example.invalid,Gulu,1994-05-15,F,2026-06-01
KMB-C00620,  Fictional Member 00620  ,0700050620,member.kmb620@example.invalid,Kampala,1995-05-15,prefer not to say,2025-10-01
KMB-C00621,Fictional Member 00621,256700050621,member.kmb621@example.invalid,jinja,1996-05-15,M,2026/06/01
KMB-C00622,Fictional Member 00622,00256700050622,member.kmb622@example.invalid,Mbarara,1997-05-15,F,2026-06-01
KMB-C00623,Fictional Member 00623,+256700050623,member.kmb623@example.invalid,Gulu,1998-05-15,prefer not to say,01/06/2026
KMB-C00624,  Fictional Member 00624  ,bad-phone,member.kmb624@example.invalid,kampala,1999-05-15,M,2026/06/01
KMB-C00625,Fictional Member 00625,256700050625,member.kmb625@example.invalid,Invalid District,2000-05-15,F,2025-10-01
KMB-C00626,Fictional Member 00626,00256700050626,member.kmb626@example.invalid,Mbarara,2001-05-15,prefer not to say,2026-06-01
KMB-C00627,Fictional Member 00627,+256700050627,member.kmb627@example.invalid,gulu,2002-05-15,M,2026/06/01
KMB-C00628,  Fictional Member 00628  ,0700050628,member.kmb628@example.invalid,Kampala,2003-05-15,F,2026-06-01
KMB-C00629,Fictional Member 00629,256700050629,member.kmb629@example.invalid,Jinja,2004-05-15,prefer not to say,2026-06-01
KMB-C00630,Fictional Member 00630,,,mbarara,1970-05-15,M,01/10/2025
KMB-C00631,Fictional Member 00631,+256700050631,member.kmb631@example.invalid,Gulu,1971-05-15,F,2026-06-01
KMB-C00632,  Fictional Member 00632  ,0700050632,member.kmb632@example.invalid,Kampala,1972-05-15,prefer not to say,2026-06-01
KMB-C00633,Fictional Member 00633,256700050633,member.kmb633@example.invalid,jinja,1973-05-15,M,2026/06/01
KMB-C00634,Fictional Member 00634,00256700050634,member.kmb634@example.invalid,Mbarara,1974-05-15,F,2026-06-01
KMB-C00635,Fictional Member 00635,+256700050635,member.kmb635@example.invalid,Gulu,1975-05-15,prefer not to say,2025-10-01
KMB-C00636,  Fictional Member 00636  ,0700050636,member.kmb636@example.invalid,kampala,1976-05-15,M,2026/06/01
KMB-C00637,Fictional Member 00637,256700050637,member.kmb637@example.invalid,Jinja,1977-05-15,F,01/06/2026
KMB-C00638,,00256700050638,member.kmb638@example.invalid,Mbarara,1978-05-15,prefer not to say,2026-06-01
KMB-C00639,Fictional Member 00639,+256700050639,member.kmb639@example.invalid,gulu,1979-05-15,M,2026/06/01
KMB-C00640,  Fictional Member 00640  ,bad-phone,member.kmb640@example.invalid,Kampala,1980-05-15,F,2025-10-01
KMB-C00641,Fictional Member 00641,256700050641,member.kmb641@example.invalid,Jinja,1981-05-15,prefer not to say,2026-06-01
KMB-C00642,Fictional Member 00642,00256700050642,member.kmb642@example.invalid,mbarara,1982-05-15,M,2026/06/01
KMB-C00643,Fictional Member 00643,+256700050643,member.kmb643@example.invalid,Gulu,1983-05-15,F,2026-06-01
KMB-C00644,  Fictional Member 00644  ,,,Kampala,1984-05-15,prefer not to say,01/06/2026
KMB-C00645,Fictional Member 00645,256700050645,member.kmb645@example.invalid,jinja,1985-05-15,M,2025/10/01
KMB-C00646,Fictional Member 00646,00256700050646,member.kmb646@example.invalid,Mbarara,1986-05-15,F,2026-06-01
KMB-C00647,Fictional Member 00647,+256700050647,member.kmb647@example.invalid,Gulu,1987-05-15,prefer not to say,2026-06-01
KMB-C00648,  Fictional Member 00648  ,0700050648,member.kmb648@example.invalid,kampala,1988-05-15,M,2026/06/01
KMB-C00649,Fictional Member 00649,256700050649,member.kmb649@example.invalid,Jinja,1989-05-15,F,2026-06-01
KMB-C00650,Fictional Member 00650,00256700050650,member.kmb650@example.invalid,Invalid District,1990-05-15,prefer not to say,2025-10-01
KMB-C00651,Fictional Member 00651,+256700050651,bad-email,gulu,1991-05-15,M,01/06/2026
KMB-C00652,  Fictional Member 00652  ,0700050652,member.kmb652@example.invalid,Kampala,1992-05-15,F,2026-06-01
KMB-C00653,Fictional Member 00653,256700050653,member.kmb653@example.invalid,Jinja,1993-05-15,prefer not to say,2026-06-01
KMB-C00654,Fictional Member 00654,00256700050654,member.kmb654@example.invalid,mbarara,1994-05-15,M,2026/06/01
KMB-C00655,Fictional Member 00655,+256700050655,member.kmb655@example.invalid,Gulu,1995-05-15,F,2025-10-01
KMB-C00656,  Fictional Member 00656  ,bad-phone,member.kmb656@example.invalid,Kampala,1996-05-15,prefer not to say,2026-06-01
KMB-C00657,Fictional Member 00657,256700050657,member.kmb657@example.invalid,jinja,1997-05-15,M,2026/06/01
KMB-C00658,Fictional Member 00658,,,Mbarara,1998-05-15,F,01/06/2026
KMB-C00659,Fictional Member 00659,+256700050659,member.kmb659@example.invalid,Gulu,1999-05-15,prefer not to say,2026-06-01
KMB-C00660,  Fictional Member 00660  ,0700050660,member.kmb660@example.invalid,kampala,2000-05-15,M,2025/10/01
KMB-C00661,Fictional Member 00661,256700050661,member.kmb661@example.invalid,Jinja,2001-05-15,F,2026-06-01
KMB-C00662,Fictional Member 00662,00256700050662,member.kmb662@example.invalid,Mbarara,2002-05-15,prefer not to say,2026-06-01
KMB-C00663,Fictional Member 00663,+256700050663,member.kmb663@example.invalid,gulu,2003-05-15,M,2026/06/01
KMB-C00664,  Fictional Member 00664  ,0700050664,member.kmb664@example.invalid,Kampala,2004-05-15,F,2026-06-01
KMB-C00665,Fictional Member 00665,256700050665,member.kmb665@example.invalid,Jinja,1970-05-15,prefer not to say,01/10/2025
KMB-C00666,Fictional Member 00666,00256700050666,member.kmb666@example.invalid,mbarara,1971-05-15,M,2026/06/01
KMB-C00667,,+256700050667,member.kmb667@example.invalid,Gulu,1972-05-15,F,2026-06-01
KMB-C00668,  Fictional Member 00668  ,0700050668,member.kmb668@example.invalid,Kampala,1973-05-15,prefer not to say,2026-06-01
KMB-C00669,Fictional Member 00669,256700050669,member.kmb669@example.invalid,jinja,1974-05-15,M,2026/06/01
KMB-C00670,Fictional Member 00670,00256700050670,member.kmb670@example.invalid,Mbarara,1975-05-15,F,2025-10-01
KMB-C00671,Fictional Member 00671,+256700050671,member.kmb671@example.invalid,Gulu,1976-05-15,prefer not to say,2026-06-01
KMB-C00672,  Fictional Member 00672  ,,,kampala,1977-05-15,M,01/06/2026
KMB-C00673,Fictional Member 00673,256700050673,member.kmb673@example.invalid,Jinja,1978-05-15,F,2026-06-01
KMB-C00674,Fictional Member 00674,00256700050674,member.kmb674@example.invalid,Mbarara,1979-05-15,prefer not to say,2026-06-01
KMB-C00675,Fictional Member 00675,+256700050675,member.kmb675@example.invalid,Invalid District,1980-05-15,M,2025/10/01
KMB-C00676,  Fictional Member 00676  ,0700050676,member.kmb676@example.invalid,Kampala,1981-05-15,F,2026-06-01
KMB-C00677,Fictional Member 00677,256700050677,member.kmb677@example.invalid,Jinja,1982-05-15,prefer not to say,2026-06-01
KMB-C00678,Fictional Member 00678,00256700050678,member.kmb678@example.invalid,mbarara,1983-05-15,M,2026/06/01
KMB-C00679,Fictional Member 00679,+256700050679,member.kmb679@example.invalid,Gulu,1984-05-15,F,01/06/2026
KMB-C00680,  Fictional Member 00680  ,0700050680,member.kmb680@example.invalid,Kampala,1985-05-15,prefer not to say,2025-10-01
KMB-C00681,Fictional Member 00681,256700050681,member.kmb681@example.invalid,jinja,1986-05-15,M,2026/06/01
KMB-C00682,Fictional Member 00682,00256700050682,member.kmb682@example.invalid,Mbarara,1987-05-15,F,2026-06-01
KMB-C00683,Fictional Member 00683,+256700050683,member.kmb683@example.invalid,Gulu,1988-05-15,prefer not to say,2026-06-01
KMB-C00684,  Fictional Member 00684  ,0700050684,member.kmb684@example.invalid,kampala,1989-05-15,M,2026/06/01
KMB-C00685,Fictional Member 00685,256700050685,member.kmb685@example.invalid,Jinja,1990-05-15,F,2025-10-01
KMB-C00686,Fictional Member 00686,,,Mbarara,1991-05-15,prefer not to say,01/06/2026
KMB-C00687,Fictional Member 00687,+256700050687,member.kmb687@example.invalid,gulu,1992-05-15,M,2026/06/01
KMB-C00688,  Fictional Member 00688  ,bad-phone,member.kmb688@example.invalid,Kampala,1993-05-15,F,2026-06-01
KMB-C00689,Fictional Member 00689,256700050689,member.kmb689@example.invalid,Jinja,1994-05-15,prefer not to say,2026-06-01
KMB-C00690,Fictional Member 00690,00256700050690,member.kmb690@example.invalid,mbarara,1995-05-15,M,2025/10/01
KMB-C00691,Fictional Member 00691,+256700050691,member.kmb691@example.invalid,Gulu,1996-05-15,F,2026-06-01
KMB-C00692,  Fictional Member 00692  ,0700050692,member.kmb692@example.invalid,Kampala,1997-05-15,prefer not to say,2026-06-01
KMB-C00693,Fictional Member 00693,256700050693,bad-email,jinja,1998-05-15,M,01/06/2026
KMB-C00694,Fictional Member 00694,00256700050694,member.kmb694@example.invalid,Mbarara,1999-05-15,F,2026-06-01
KMB-C00695,Fictional Member 00695,+256700050695,member.kmb695@example.invalid,Gulu,2000-05-15,prefer not to say,2025-10-01
KMB-C00696,,0700050696,member.kmb696@example.invalid,kampala,2001-05-15,M,2026/06/01
KMB-C00697,Fictional Member 00697,256700050697,member.kmb697@example.invalid,Jinja,2002-05-15,F,2026-06-01
KMB-C00698,Fictional Member 00698,00256700050698,member.kmb698@example.invalid,Mbarara,2003-05-15,prefer not to say,2026-06-01
KMB-C00699,Fictional Member 00699,+256700050699,member.kmb699@example.invalid,gulu,2004-05-15,M,2026/06/01
KMB-C00700,  Fictional Member 00700  ,,,Invalid District,1970-05-15,F,01/10/2025
KMB-C00701,Fictional Member 00701,256700050701,member.kmb701@example.invalid,Jinja,1971-05-15,prefer not to say,2026-06-01
KMB-C00702,Fictional Member 00702,00256700050702,member.kmb702@example.invalid,mbarara,1972-05-15,M,2026/06/01
KMB-C00703,Fictional Member 00703,+256700050703,member.kmb703@example.invalid,Gulu,1973-05-15,F,2026-06-01
KMB-C00704,  Fictional Member 00704  ,bad-phone,member.kmb704@example.invalid,Kampala,1974-05-15,prefer not to say,2026-06-01
KMB-C00705,Fictional Member 00705,256700050705,member.kmb705@example.invalid,jinja,1975-05-15,M,2025/10/01
KMB-C00706,Fictional Member 00706,00256700050706,member.kmb706@example.invalid,Mbarara,1976-05-15,F,2026-06-01
KMB-C00707,Fictional Member 00707,+256700050707,member.kmb707@example.invalid,Gulu,1977-05-15,prefer not to say,01/06/2026
KMB-C00708,  Fictional Member 00708  ,0700050708,member.kmb708@example.invalid,kampala,1978-05-15,M,2026/06/01
KMB-C00709,Fictional Member 00709,256700050709,member.kmb709@example.invalid,Jinja,1979-05-15,F,2026-06-01
KMB-C00710,Fictional Member 00710,00256700050710,member.kmb710@example.invalid,Mbarara,1980-05-15,prefer not to say,2025-10-01
KMB-C00711,Fictional Member 00711,+256700050711,member.kmb711@example.invalid,gulu,1981-05-15,M,2026/06/01
KMB-C00712,  Fictional Member 00712  ,0700050712,member.kmb712@example.invalid,Kampala,1982-05-15,F,2026-06-01
KMB-C00713,Fictional Member 00713,256700050713,member.kmb713@example.invalid,Jinja,1983-05-15,prefer not to say,2026-06-01
KMB-C00714,Fictional Member 00714,,,mbarara,1984-05-15,M,01/06/2026
KMB-C00715,Fictional Member 00715,+256700050715,member.kmb715@example.invalid,Gulu,1985-05-15,F,2025-10-01
KMB-C00716,  Fictional Member 00716  ,0700050716,member.kmb716@example.invalid,Kampala,1986-05-15,prefer not to say,2026-06-01
KMB-C00717,Fictional Member 00717,256700050717,member.kmb717@example.invalid,jinja,1987-05-15,M,2026/06/01
KMB-C00718,Fictional Member 00718,00256700050718,member.kmb718@example.invalid,Mbarara,1988-05-15,F,2026-06-01
KMB-C00719,Fictional Member 00719,+256700050719,member.kmb719@example.invalid,Gulu,1989-05-15,prefer not to say,2026-06-01
KMB-C00720,  Fictional Member 00720  ,bad-phone,member.kmb720@example.invalid,kampala,1990-05-15,M,2025/10/01
KMB-C00721,Fictional Member 00721,256700050721,member.kmb721@example.invalid,Jinja,1991-05-15,F,01/06/2026
KMB-C00722,Fictional Member 00722,00256700050722,member.kmb722@example.invalid,Mbarara,1992-05-15,prefer not to say,2026-06-01
KMB-C00723,Fictional Member 00723,+256700050723,member.kmb723@example.invalid,gulu,1993-05-15,M,2026/06/01
KMB-C00724,  Fictional Member 00724  ,0700050724,member.kmb724@example.invalid,Kampala,1994-05-15,F,2026-06-01
KMB-C00725,,256700050725,member.kmb725@example.invalid,Invalid District,1995-05-15,prefer not to say,2025-10-01
KMB-C00726,Fictional Member 00726,00256700050726,member.kmb726@example.invalid,mbarara,1996-05-15,M,2026/06/01
KMB-C00727,Fictional Member 00727,+256700050727,member.kmb727@example.invalid,Gulu,1997-05-15,F,2026-06-01
KMB-C00728,  Fictional Member 00728  ,,,Kampala,1998-05-15,prefer not to say,01/06/2026
KMB-C00729,Fictional Member 00729,256700050729,member.kmb729@example.invalid,jinja,1999-05-15,M,2026/06/01
KMB-C00730,Fictional Member 00730,00256700050730,member.kmb730@example.invalid,Mbarara,2000-05-15,F,2025-10-01
KMB-C00731,Fictional Member 00731,+256700050731,member.kmb731@example.invalid,Gulu,2001-05-15,prefer not to say,2026-06-01
KMB-C00732,  Fictional Member 00732  ,0700050732,member.kmb732@example.invalid,kampala,2002-05-15,M,2026/06/01
KMB-C00733,Fictional Member 00733,256700050733,member.kmb733@example.invalid,Jinja,2003-05-15,F,2026-06-01
KMB-C00734,Fictional Member 00734,00256700050734,member.kmb734@example.invalid,Mbarara,2004-05-15,prefer not to say,2026-06-01
KMB-C00735,Fictional Member 00735,+256700050735,bad-email,gulu,1970-05-15,M,01/10/2025
KMB-C00736,  Fictional Member 00736  ,bad-phone,member.kmb736@example.invalid,Kampala,1971-05-15,F,2026-06-01
KMB-C00737,Fictional Member 00737,256700050737,member.kmb737@example.invalid,Jinja,1972-05-15,prefer not to say,2026-06-01
KMB-C00738,Fictional Member 00738,00256700050738,member.kmb738@example.invalid,mbarara,1973-05-15,M,2026/06/01
KMB-C00739,Fictional Member 00739,+256700050739,member.kmb739@example.invalid,Gulu,1974-05-15,F,2026-06-01
KMB-C00740,  Fictional Member 00740  ,0700050740,member.kmb740@example.invalid,Kampala,1975-05-15,prefer not to say,2025-10-01
KMB-C00741,Fictional Member 00741,256700050741,member.kmb741@example.invalid,jinja,1976-05-15,M,2026/06/01
KMB-C00742,Fictional Member 00742,,,Mbarara,1977-05-15,F,01/06/2026
KMB-C00743,Fictional Member 00743,+256700050743,member.kmb743@example.invalid,Gulu,1978-05-15,prefer not to say,2026-06-01
KMB-C00744,  Fictional Member 00744  ,0700050744,member.kmb744@example.invalid,kampala,1979-05-15,M,2026/06/01
KMB-C00745,Fictional Member 00745,256700050745,member.kmb745@example.invalid,Jinja,1980-05-15,F,2025-10-01
KMB-C00746,Fictional Member 00746,00256700050746,member.kmb746@example.invalid,Mbarara,1981-05-15,prefer not to say,2026-06-01
KMB-C00747,Fictional Member 00747,+256700050747,member.kmb747@example.invalid,gulu,1982-05-15,M,2026/06/01
KMB-C00748,  Fictional Member 00748  ,0700050748,member.kmb748@example.invalid,Kampala,1983-05-15,F,2026-06-01
KMB-C00749,Fictional Member 00749,256700050749,member.kmb749@example.invalid,Jinja,1984-05-15,prefer not to say,01/06/2026
KMB-C00750,Fictional Member 00750,00256700050750,member.kmb750@example.invalid,Invalid District,1985-05-15,M,2025/10/01
KMB-C00751,Fictional Member 00751,+256700050751,member.kmb751@example.invalid,Gulu,1986-05-15,F,2026-06-01
KMB-C00752,  Fictional Member 00752  ,bad-phone,member.kmb752@example.invalid,Kampala,1987-05-15,prefer not to say,2026-06-01
KMB-C00753,Fictional Member 00753,256700050753,member.kmb753@example.invalid,jinja,1988-05-15,M,2026/06/01
KMB-C00754,,00256700050754,member.kmb754@example.invalid,Mbarara,1989-05-15,F,2026-06-01
KMB-C00755,Fictional Member 00755,+256700050755,member.kmb755@example.invalid,Gulu,1990-05-15,prefer not to say,2025-10-01
KMB-C00756,  Fictional Member 00756  ,,,kampala,1991-05-15,M,01/06/2026
KMB-C00757,Fictional Member 00757,256700050757,member.kmb757@example.invalid,Jinja,1992-05-15,F,2026-06-01
KMB-C00758,Fictional Member 00758,00256700050758,member.kmb758@example.invalid,Mbarara,1993-05-15,prefer not to say,2026-06-01
KMB-C00759,Fictional Member 00759,+256700050759,member.kmb759@example.invalid,gulu,1994-05-15,M,2026/06/01
KMB-C00760,  Fictional Member 00760  ,0700050760,member.kmb760@example.invalid,Kampala,1995-05-15,F,2025-10-01
KMB-C00761,Fictional Member 00761,256700050761,member.kmb761@example.invalid,Jinja,1996-05-15,prefer not to say,2026-06-01
KMB-C00762,Fictional Member 00762,00256700050762,member.kmb762@example.invalid,mbarara,1997-05-15,M,2026/06/01
KMB-C00763,Fictional Member 00763,+256700050763,member.kmb763@example.invalid,Gulu,1998-05-15,F,01/06/2026
KMB-C00764,  Fictional Member 00764  ,0700050764,member.kmb764@example.invalid,Kampala,1999-05-15,prefer not to say,2026-06-01
KMB-C00765,Fictional Member 00765,256700050765,member.kmb765@example.invalid,jinja,2000-05-15,M,2025/10/01
KMB-C00766,Fictional Member 00766,00256700050766,member.kmb766@example.invalid,Mbarara,2001-05-15,F,2026-06-01
KMB-C00767,Fictional Member 00767,+256700050767,member.kmb767@example.invalid,Gulu,2002-05-15,prefer not to say,2026-06-01
KMB-C00768,  Fictional Member 00768  ,bad-phone,member.kmb768@example.invalid,kampala,2003-05-15,M,2026/06/01
KMB-C00769,Fictional Member 00769,256700050769,member.kmb769@example.invalid,Jinja,2004-05-15,F,2026-06-01
KMB-C00770,Fictional Member 00770,,,Mbarara,1970-05-15,prefer not to say,01/10/2025
KMB-C00771,Fictional Member 00771,+256700050771,member.kmb771@example.invalid,gulu,1971-05-15,M,2026/06/01
KMB-C00772,  Fictional Member 00772  ,0700050772,member.kmb772@example.invalid,Kampala,1972-05-15,F,2026-06-01
KMB-C00773,Fictional Member 00773,256700050773,member.kmb773@example.invalid,Jinja,1973-05-15,prefer not to say,2026-06-01
KMB-C00774,Fictional Member 00774,00256700050774,member.kmb774@example.invalid,mbarara,1974-05-15,M,2026/06/01
KMB-C00775,Fictional Member 00775,+256700050775,member.kmb775@example.invalid,Invalid District,1975-05-15,F,2025-10-01
KMB-C00776,  Fictional Member 00776  ,0700050776,member.kmb776@example.invalid,Kampala,1976-05-15,prefer not to say,2026-06-01
KMB-C00777,Fictional Member 00777,256700050777,bad-email,jinja,1977-05-15,M,01/06/2026
KMB-C00778,Fictional Member 00778,00256700050778,member.kmb778@example.invalid,Mbarara,1978-05-15,F,2026-06-01
KMB-C00779,Fictional Member 00779,+256700050779,member.kmb779@example.invalid,Gulu,1979-05-15,prefer not to say,2026-06-01
KMB-C00780,  Fictional Member 00780  ,0700050780,member.kmb780@example.invalid,kampala,1980-05-15,M,2025/10/01
KMB-C00781,Fictional Member 00781,256700050781,member.kmb781@example.invalid,Jinja,1981-05-15,F,2026-06-01
KMB-C00782,Fictional Member 00782,00256700050782,member.kmb782@example.invalid,Mbarara,1982-05-15,prefer not to say,2026-06-01
KMB-C00783,,+256700050783,member.kmb783@example.invalid,gulu,1983-05-15,M,2026/06/01
KMB-C00784,  Fictional Member 00784  ,,,Kampala,1984-05-15,F,01/06/2026
KMB-C00785,Fictional Member 00785,256700050785,member.kmb785@example.invalid,Jinja,1985-05-15,prefer not to say,2025-10-01
KMB-C00786,Fictional Member 00786,00256700050786,member.kmb786@example.invalid,mbarara,1986-05-15,M,2026/06/01
KMB-C00787,Fictional Member 00787,+256700050787,member.kmb787@example.invalid,Gulu,1987-05-15,F,2026-06-01
KMB-C00788,  Fictional Member 00788  ,0700050788,member.kmb788@example.invalid,Kampala,1988-05-15,prefer not to say,2026-06-01
KMB-C00789,Fictional Member 00789,256700050789,member.kmb789@example.invalid,jinja,1989-05-15,M,2026/06/01
KMB-C00790,Fictional Member 00790,00256700050790,member.kmb790@example.invalid,Mbarara,1990-05-15,F,2025-10-01
KMB-C00791,Fictional Member 00791,+256700050791,member.kmb791@example.invalid,Gulu,1991-05-15,prefer not to say,01/06/2026
KMB-C00792,  Fictional Member 00792  ,0700050792,member.kmb792@example.invalid,kampala,1992-05-15,M,2026/06/01
KMB-C00793,Fictional Member 00793,256700050793,member.kmb793@example.invalid,Jinja,1993-05-15,F,2026-06-01
KMB-C00794,Fictional Member 00794,00256700050794,member.kmb794@example.invalid,Mbarara,1994-05-15,prefer not to say,2026-06-01
KMB-C00795,Fictional Member 00795,+256700050795,member.kmb795@example.invalid,gulu,1995-05-15,M,2025/10/01
KMB-C00796,  Fictional Member 00796  ,0700050796,member.kmb796@example.invalid,Kampala,1996-05-15,F,2026-06-01
KMB-C00797,Fictional Member 00797,256700050797,member.kmb797@example.invalid,Jinja,1997-05-15,prefer not to say,2026-06-01
KMB-C00798,Fictional Member 00798,,,mbarara,1998-05-15,M,01/06/2026
KMB-C00799,Fictional Member 00799,+256700050799,member.kmb799@example.invalid,Gulu,1999-05-15,F,2026-06-01
KMB-C00800,  Fictional Member 00800  ,bad-phone,member.kmb800@example.invalid,Invalid District,2000-05-15,prefer not to say,2025-10-01
KMB-C00801,Fictional Member 00801,256700050801,member.kmb801@example.invalid,jinja,2001-05-15,M,2026/06/01
KMB-C00802,Fictional Member 00802,00256700050802,member.kmb802@example.invalid,Mbarara,2002-05-15,F,2026-06-01
KMB-C00803,Fictional Member 00803,+256700050803,member.kmb803@example.invalid,Gulu,2003-05-15,prefer not to say,2026-06-01
KMB-C00804,  Fictional Member 00804  ,0700050804,member.kmb804@example.invalid,kampala,2004-05-15,M,2026/06/01
KMB-C00805,Fictional Member 00805,256700050805,member.kmb805@example.invalid,Jinja,1970-05-15,F,01/10/2025
KMB-C00806,Fictional Member 00806,00256700050806,member.kmb806@example.invalid,Mbarara,1971-05-15,prefer not to say,2026-06-01
KMB-C00807,Fictional Member 00807,+256700050807,member.kmb807@example.invalid,gulu,1972-05-15,M,2026/06/01
KMB-C00808,  Fictional Member 00808  ,0700050808,member.kmb808@example.invalid,Kampala,1973-05-15,F,2026-06-01
KMB-C00809,Fictional Member 00809,256700050809,member.kmb809@example.invalid,Jinja,1974-05-15,prefer not to say,2026-06-01
KMB-C00810,Fictional Member 00810,00256700050810,member.kmb810@example.invalid,mbarara,1975-05-15,M,2025/10/01
KMB-C00811,Fictional Member 00811,+256700050811,member.kmb811@example.invalid,Gulu,1976-05-15,F,2026-06-01
KMB-C00812,,,,Kampala,1977-05-15,prefer not to say,01/06/2026
KMB-C00813,Fictional Member 00813,256700050813,member.kmb813@example.invalid,jinja,1978-05-15,M,2026/06/01
KMB-C00814,Fictional Member 00814,00256700050814,member.kmb814@example.invalid,Mbarara,1979-05-15,F,2026-06-01
KMB-C00815,Fictional Member 00815,+256700050815,member.kmb815@example.invalid,Gulu,1980-05-15,prefer not to say,2025-10-01
KMB-C00816,  Fictional Member 00816  ,bad-phone,member.kmb816@example.invalid,kampala,1981-05-15,M,2026/06/01
KMB-C00817,Fictional Member 00817,256700050817,member.kmb817@example.invalid,Jinja,1982-05-15,F,2026-06-01
KMB-C00818,Fictional Member 00818,00256700050818,member.kmb818@example.invalid,Mbarara,1983-05-15,prefer not to say,2026-06-01
KMB-C00819,Fictional Member 00819,+256700050819,bad-email,gulu,1984-05-15,M,01/06/2026
KMB-C00820,  Fictional Member 00820  ,0700050820,member.kmb820@example.invalid,Kampala,1985-05-15,F,2025-10-01
KMB-C00821,Fictional Member 00821,256700050821,member.kmb821@example.invalid,Jinja,1986-05-15,prefer not to say,2026-06-01
KMB-C00822,Fictional Member 00822,00256700050822,member.kmb822@example.invalid,mbarara,1987-05-15,M,2026/06/01
KMB-C00823,Fictional Member 00823,+256700050823,member.kmb823@example.invalid,Gulu,1988-05-15,F,2026-06-01
KMB-C00824,  Fictional Member 00824  ,0700050824,member.kmb824@example.invalid,Kampala,1989-05-15,prefer not to say,2026-06-01
KMB-C00825,Fictional Member 00825,256700050825,member.kmb825@example.invalid,Invalid District,1990-05-15,M,2025/10/01
KMB-C00826,Fictional Member 00826,,,Mbarara,1991-05-15,F,01/06/2026
KMB-C00827,Fictional Member 00827,+256700050827,member.kmb827@example.invalid,Gulu,1992-05-15,prefer not to say,2026-06-01
KMB-C00828,  Fictional Member 00828  ,0700050828,member.kmb828@example.invalid,kampala,1993-05-15,M,2026/06/01
KMB-C00829,Fictional Member 00829,256700050829,member.kmb829@example.invalid,Jinja,1994-05-15,F,2026-06-01
KMB-C00830,Fictional Member 00830,00256700050830,member.kmb830@example.invalid,Mbarara,1995-05-15,prefer not to say,2025-10-01
KMB-C00831,Fictional Member 00831,+256700050831,member.kmb831@example.invalid,gulu,1996-05-15,M,2026/06/01
KMB-C00832,  Fictional Member 00832  ,bad-phone,member.kmb832@example.invalid,Kampala,1997-05-15,F,2026-06-01
KMB-C00833,Fictional Member 00833,256700050833,member.kmb833@example.invalid,Jinja,1998-05-15,prefer not to say,01/06/2026
KMB-C00834,Fictional Member 00834,00256700050834,member.kmb834@example.invalid,mbarara,1999-05-15,M,2026/06/01
KMB-C00835,Fictional Member 00835,+256700050835,member.kmb835@example.invalid,Gulu,2000-05-15,F,2025-10-01
KMB-C00836,  Fictional Member 00836  ,0700050836,member.kmb836@example.invalid,Kampala,2001-05-15,prefer not to say,2026-06-01
KMB-C00837,Fictional Member 00837,256700050837,member.kmb837@example.invalid,jinja,2002-05-15,M,2026/06/01
KMB-C00838,Fictional Member 00838,00256700050838,member.kmb838@example.invalid,Mbarara,2003-05-15,F,2026-06-01
KMB-C00839,Fictional Member 00839,+256700050839,member.kmb839@example.invalid,Gulu,2004-05-15,prefer not to say,2026-06-01
KMB-C00840,  Fictional Member 00840  ,,,kampala,1970-05-15,M,01/10/2025
KMB-C00841,,256700050841,member.kmb841@example.invalid,Jinja,1971-05-15,F,2026-06-01
KMB-C00842,Fictional Member 00842,00256700050842,member.kmb842@example.invalid,Mbarara,1972-05-15,prefer not to say,2026-06-01
KMB-C00843,Fictional Member 00843,+256700050843,member.kmb843@example.invalid,gulu,1973-05-15,M,2026/06/01
KMB-C00844,  Fictional Member 00844  ,0700050844,member.kmb844@example.invalid,Kampala,1974-05-15,F,2026-06-01
KMB-C00845,Fictional Member 00845,256700050845,member.kmb845@example.invalid,Jinja,1975-05-15,prefer not to say,2025-10-01
KMB-C00846,Fictional Member 00846,00256700050846,member.kmb846@example.invalid,mbarara,1976-05-15,M,2026/06/01
KMB-C00847,Fictional Member 00847,+256700050847,member.kmb847@example.invalid,Gulu,1977-05-15,F,01/06/2026
KMB-C00848,  Fictional Member 00848  ,bad-phone,member.kmb848@example.invalid,Kampala,1978-05-15,prefer not to say,2026-06-01
KMB-C00849,Fictional Member 00849,256700050849,member.kmb849@example.invalid,jinja,1979-05-15,M,2026/06/01
KMB-C00850,Fictional Member 00850,00256700050850,member.kmb850@example.invalid,Invalid District,1980-05-15,F,2025-10-01
KMB-C00851,Fictional Member 00851,+256700050851,member.kmb851@example.invalid,Gulu,1981-05-15,prefer not to say,2026-06-01
KMB-C00852,  Fictional Member 00852  ,0700050852,member.kmb852@example.invalid,kampala,1982-05-15,M,2026/06/01
KMB-C00853,Fictional Member 00853,256700050853,member.kmb853@example.invalid,Jinja,1983-05-15,F,2026-06-01
KMB-C00854,Fictional Member 00854,,,Mbarara,1984-05-15,prefer not to say,01/06/2026
KMB-C00855,Fictional Member 00855,+256700050855,member.kmb855@example.invalid,gulu,1985-05-15,M,2025/10/01
KMB-C00856,  Fictional Member 00856  ,0700050856,member.kmb856@example.invalid,Kampala,1986-05-15,F,2026-06-01
KMB-C00857,Fictional Member 00857,256700050857,member.kmb857@example.invalid,Jinja,1987-05-15,prefer not to say,2026-06-01
KMB-C00858,Fictional Member 00858,00256700050858,member.kmb858@example.invalid,mbarara,1988-05-15,M,2026/06/01
KMB-C00859,Fictional Member 00859,+256700050859,member.kmb859@example.invalid,Gulu,1989-05-15,F,2026-06-01
KMB-C00860,  Fictional Member 00860  ,0700050860,member.kmb860@example.invalid,Kampala,1990-05-15,prefer not to say,2025-10-01
KMB-C00861,Fictional Member 00861,256700050861,bad-email,jinja,1991-05-15,M,01/06/2026
KMB-C00862,Fictional Member 00862,00256700050862,member.kmb862@example.invalid,Mbarara,1992-05-15,F,2026-06-01
KMB-C00863,Fictional Member 00863,+256700050863,member.kmb863@example.invalid,Gulu,1993-05-15,prefer not to say,2026-06-01
KMB-C00864,  Fictional Member 00864  ,bad-phone,member.kmb864@example.invalid,kampala,1994-05-15,M,2026/06/01
KMB-C00865,Fictional Member 00865,256700050865,member.kmb865@example.invalid,Jinja,1995-05-15,F,2025-10-01
KMB-C00866,Fictional Member 00866,00256700050866,member.kmb866@example.invalid,Mbarara,1996-05-15,prefer not to say,2026-06-01
KMB-C00867,Fictional Member 00867,+256700050867,member.kmb867@example.invalid,gulu,1997-05-15,M,2026/06/01
KMB-C00868,  Fictional Member 00868  ,,,Kampala,1998-05-15,F,01/06/2026
KMB-C00869,Fictional Member 00869,256700050869,member.kmb869@example.invalid,Jinja,1999-05-15,prefer not to say,2026-06-01
KMB-C00870,,00256700050870,member.kmb870@example.invalid,mbarara,2000-05-15,M,2025/10/01
KMB-C00871,Fictional Member 00871,+256700050871,member.kmb871@example.invalid,Gulu,2001-05-15,F,2026-06-01
KMB-C00872,  Fictional Member 00872  ,0700050872,member.kmb872@example.invalid,Kampala,2002-05-15,prefer not to say,2026-06-01
KMB-C00873,Fictional Member 00873,256700050873,member.kmb873@example.invalid,jinja,2003-05-15,M,2026/06/01
KMB-C00874,Fictional Member 00874,00256700050874,member.kmb874@example.invalid,Mbarara,2004-05-15,F,2026-06-01
KMB-C00875,Fictional Member 00875,+256700050875,member.kmb875@example.invalid,Invalid District,1970-05-15,prefer not to say,01/10/2025
KMB-C00876,  Fictional Member 00876  ,0700050876,member.kmb876@example.invalid,kampala,1971-05-15,M,2026/06/01
KMB-C00877,Fictional Member 00877,256700050877,member.kmb877@example.invalid,Jinja,1972-05-15,F,2026-06-01
KMB-C00878,Fictional Member 00878,00256700050878,member.kmb878@example.invalid,Mbarara,1973-05-15,prefer not to say,2026-06-01
KMB-C00879,Fictional Member 00879,+256700050879,member.kmb879@example.invalid,gulu,1974-05-15,M,2026/06/01
KMB-C00880,  Fictional Member 00880  ,bad-phone,member.kmb880@example.invalid,Kampala,1975-05-15,F,2025-10-01
KMB-C00881,Fictional Member 00881,256700050881,member.kmb881@example.invalid,Jinja,1976-05-15,prefer not to say,2026-06-01
KMB-C00882,Fictional Member 00882,,,mbarara,1977-05-15,M,01/06/2026
KMB-C00883,Fictional Member 00883,+256700050883,member.kmb883@example.invalid,Gulu,1978-05-15,F,2026-06-01
KMB-C00884,  Fictional Member 00884  ,0700050884,member.kmb884@example.invalid,Kampala,1979-05-15,prefer not to say,2026-06-01
KMB-C00885,Fictional Member 00885,256700050885,member.kmb885@example.invalid,jinja,1980-05-15,M,2025/10/01
KMB-C00886,Fictional Member 00886,00256700050886,member.kmb886@example.invalid,Mbarara,1981-05-15,F,2026-06-01
KMB-C00887,Fictional Member 00887,+256700050887,member.kmb887@example.invalid,Gulu,1982-05-15,prefer not to say,2026-06-01
KMB-C00888,  Fictional Member 00888  ,0700050888,member.kmb888@example.invalid,kampala,1983-05-15,M,2026/06/01
KMB-C00889,Fictional Member 00889,256700050889,member.kmb889@example.invalid,Jinja,1984-05-15,F,01/06/2026
KMB-C00890,Fictional Member 00890,00256700050890,member.kmb890@example.invalid,Mbarara,1985-05-15,prefer not to say,2025-10-01
KMB-C00891,Fictional Member 00891,+256700050891,member.kmb891@example.invalid,gulu,1986-05-15,M,2026/06/01
KMB-C00892,  Fictional Member 00892  ,0700050892,member.kmb892@example.invalid,Kampala,1987-05-15,F,2026-06-01
KMB-C00893,Fictional Member 00893,256700050893,member.kmb893@example.invalid,Jinja,1988-05-15,prefer not to say,2026-06-01
KMB-C00894,Fictional Member 00894,00256700050894,member.kmb894@example.invalid,mbarara,1989-05-15,M,2026/06/01
KMB-C00895,Fictional Member 00895,+256700050895,member.kmb895@example.invalid,Gulu,1990-05-15,F,2025-10-01
KMB-C00896,  Fictional Member 00896  ,,,Kampala,1991-05-15,prefer not to say,01/06/2026
KMB-C00897,Fictional Member 00897,256700050897,member.kmb897@example.invalid,jinja,1992-05-15,M,2026/06/01
KMB-C00898,Fictional Member 00898,00256700050898,member.kmb898@example.invalid,Mbarara,1993-05-15,F,2026-06-01
KMB-C00899,,+256700050899,member.kmb899@example.invalid,Gulu,1994-05-15,prefer not to say,2026-06-01
