snapshot_at,store_id,sku,on_hand,physical_count,unit,source
2026-06-30T20:00:00Z,KMB-S01,KMB-P0000,49,48,kg,SIMULATED Odoo
2026-06-30T20:00:00Z,KMB-S01,KMB-P0001,80,82,l,SIMULATED Odoo
2026-06-30T20:00:00Z,KMB-S01,KMB-P0002,61,56,each,SIMULATED Odoo
2026-06-30T20:00:00Z,KMB-S01,KMB-P0003,78,76,kg,SIMULATED Odoo
2026-06-30T20:00:00Z,KMB-S01,KMB-P0004,50,50,l,SIMULATED Odoo
2026-06-30T20:00:00Z,KMB-S01,KMB-P0005,8,3,each,SIMULATED Odoo
2026-06-30T20:00:00Z,KMB-S01,KMB-P0006,16,15,kg,SIMULATED Odoo
2026-06-30T20:00:00Z,KMB-S01,KMB-P0007,73,73,l,SIMULATED Odoo
2026-06-30T20:00:00Z,KMB-S01,KMB-P0008,24,24,each,SIMULATED Odoo
2026-06-30T20:00:00Z,KMB-S01,KMB-P0009,92,90,kg,SIMULATED Odoo
2026-06-30T20:00:00Z,KMB-S01,KMB-P0010,32,30,l,SIMULATED Odoo
2026-06-30T20:00:00Z,KMB-S01,KMB-P0011,83,85,each,SIMULATED Odoo
2026-06-30T20:00:00Z,KMB-S01,KMB-P0012,78,77,kg,SIMULATED Odoo
2026-06-30T20:00:00Z,KMB-S01,KMB-P0013,68,68,l,SIMULATED Odoo
2026-06-30T20:00:00Z,KMB-S01,KMB-P0014,98,98,each,SIMULATED Odoo
2026-06-30T20:00:00Z,KMB-S01,KMB-P0015,99,97,kg,SIMULATED Odoo
2026-06-30T20:00:00Z,KMB-S01,KMB-P0016,58,53,l,SIMULATED Odoo
2026-06-30T20:00:00Z,KMB-S01,KMB-P0017,96,91,each,SIMULATED Odoo
2026-06-30T20:00:00Z,KMB-S01,KMB-P0018,88,90,kg,SIMULATED Odoo
2026-06-30T20:00:00Z,KMB-S01,KMB-P0019,68,66,l,SIMULATED Odoo
2026-06-30T20:00:00Z,KMB-S01,KMB-P0020,62,61,each,SIMULATED Odoo
2026-06-30T20:00:00Z,KMB-S01,KMB-P0021,4,0,kg,SIMULATED Odoo
2026-06-30T20:00:00Z,KMB-S01,KMB-P0022,109,109,l,SIMULATED Odoo
2026-06-30T20:00:00Z,KMB-S01,KMB-P0023,67,67,each,SIMULATED Odoo
2026-06-30T20:00:00Z,KMB-S01,KMB-P0024,92,90,kg,SIMULATED Odoo
2026-06-30T20:00:00Z,KMB-S01,KMB-P0025,79,79,l,SIMULATED Odoo
2026-06-30T20:00:00Z,KMB-S01,KMB-P0026,118,117,each,SIMULATED Odoo
2026-06-30T20:00:00Z,KMB-S01,KMB-P0027,113,113,kg,SIMULATED Odoo
2026-06-30T20:00:00Z,KMB-S01,KMB-P0028,11,6,l,SIMULATED Odoo
2026-06-30T20:00:00Z,KMB-S01,KMB-P0029,1,1,each,SIMULATED Odoo
2026-06-30T20:00:00Z,KMB-S01,KMB-P0030,10,12,kg,SIMULATED Odoo
2026-06-30T20:00:00Z,KMB-S01,KMB-P0031,107,109,l,SIMULATED Odoo
2026-06-30T20:00:00Z,KMB-S01,KMB-P0032,118,113,each,SIMULATED Odoo
2026-06-30T20:00:00Z,KMB-S01,KMB-P0033,5,7,kg,SIMULATED Odoo
2026-06-30T20:00:00Z,KMB-S01,KMB-P0034,16,15,l,SIMULATED Odoo
2026-06-30T20:00:00Z,KMB-S01,KMB-P0035,0,0,each,SIMULATED Odoo
2026-06-30T20:00:00Z,KMB-S01,KMB-P0036,31,33,kg,SIMULATED Odoo
2026-06-30T20:00:00Z,KMB-S01,KMB-P0037,24,23,l,SIMULATED Odoo
2026-06-30T20:00:00Z,KMB-S01,KMB-P0038,31,31,each,SIMULATED Odoo
2026-06-30T20:00:00Z,KMB-S01,KMB-P0039,12,11,kg,SIMULATED Odoo
2026-06-30T20:00:00Z,KMB-S01,KMB-P0040,29,29,l,SIMULATED Odoo
2026-06-30T20:00:00Z,KMB-S01,KMB-P0041,111,110,each,SIMULATED Odoo
2026-06-30T20:00:00Z,KMB-S01,KMB-P0042,61,60,kg,SIMULATED Odoo
2026-06-30T20:00:00Z,KMB-S01,KMB-P0043,71,70,l,SIMULATED Odoo
2026-06-30T20:00:00Z,KMB-S01,KMB-P0044,20,19,each,SIMULATED Odoo
2026-06-30T20:00:00Z,KMB-S01,KMB-P0045,22,20,kg,SIMULATED Odoo
2026-06-30T20:00:00Z,KMB-S01,KMB-P0046,31,31,l,SIMULATED Odoo
2026-06-30T20:00:00Z,KMB-S01,KMB-P0047,21,21,each,SIMULATED Odoo
2026-06-30T20:00:00Z,KMB-S01,KMB-P0048,75,75,kg,SIMULATED Odoo
2026-06-30T20:00:00Z,KMB-S01,KMB-P0049,22,20,l,SIMULATED Odoo
2026-06-30T20:00:00Z,KMB-S01,KMB-P0050,54,54,each,SIMULATED Odoo
2026-06-30T20:00:00Z,KMB-S01,KMB-P0051,117,119,kg,SIMULATED Odoo
2026-06-30T20:00:00Z,KMB-S01,KMB-P0052,85,83,l,SIMULATED Odoo
2026-06-30T20:00:00Z,KMB-S01,KMB-P0053,56,58,each,SIMULATED Odoo
2026-06-30T20:00:00Z,KMB-S01,KMB-P0054,50,48,kg,SIMULATED Odoo
2026-06-30T20:00:00Z,KMB-S01,KMB-P0055,50,50,l,SIMULATED Odoo
2026-06-30T20:00:00Z,KMB-S01,KMB-P0056,58,58,each,SIMULATED Odoo
2026-06-30T20:00:00Z,KMB-S01,KMB-P0057,9,9,kg,SIMULATED Odoo
2026-06-30T20:00:00Z,KMB-S01,KMB-P0058,80,80,l,SIMULATED Odoo
2026-06-30T20:00:00Z,KMB-S01,KMB-P0059,43,41,each,SIMULATED Odoo
2026-06-30T20:00:00Z,KMB-S01,KMB-P0060,112,110,kg,SIMULATED Odoo
2026-06-30T20:00:00Z,KMB-S01,KMB-P0061,33,33,l,SIMULATED Odoo
2026-06-30T20:00:00Z,KMB-S01,KMB-P0062,55,54,each,SIMULATED Odoo
2026-06-30T20:00:00Z,KMB-S01,KMB-P0063,26,24,kg,SIMULATED Odoo
2026-06-30T20:00:00Z,KMB-S01,KMB-P0064,42,42,l,SIMULATED Odoo
2026-06-30T20:00:00Z,KMB-S01,KMB-P0065,101,103,each,SIMULATED Odoo
2026-06-30T20:00:00Z,KMB-S01,KMB-P0066,80,80,kg,SIMULATED Odoo
2026-06-30T20:00:00Z,KMB-S01,KMB-P0067,78,80,l,SIMULATED Odoo
2026-06-30T20:00:00Z,KMB-S01,KMB-P0068,22,22,each,SIMULATED Odoo
2026-06-30T20:00:00Z,KMB-S01,KMB-P0069,80,80,kg,SIMULATED Odoo
2026-06-30T20:00:00Z,KMB-S01,KMB-P0070,88,87,l,SIMULATED Odoo
2026-06-30T20:00:00Z,KMB-S01,KMB-P0071,44,44,each,SIMULATED Odoo
2026-06-30T20:00:00Z,KMB-S01,KMB-P0072,104,99,kg,SIMULATED Odoo
2026-06-30T20:00:00Z,KMB-S01,KMB-P0073,118,120,l,SIMULATED Odoo
2026-06-30T20:00:00Z,KMB-S01,KMB-P0074,40,42,each,SIMULATED Odoo
2026-06-30T20:00:00Z,KMB-S01,KMB-P0075,87,85,kg,SIMULATED Odoo
2026-06-30T20:00:00Z,KMB-S01,KMB-P0076,31,26,l,SIMULATED Odoo
2026-06-30T20:00:00Z,KMB-S01,KMB-P0077,86,88,each,SIMULATED Odoo
2026-06-30T20:00:00Z,KMB-S01,KMB-P0078,17,16,kg,SIMULATED Odoo
2026-06-30T20:00:00Z,KMB-S01,KMB-P0079,119,117,l,SIMULATED Odoo
2026-06-30T20:00:00Z,KMB-S01,KMB-P0080,45,47,each,SIMULATED Odoo
2026-06-30T20:00:00Z,KMB-S01,KMB-P0081,119,121,kg,SIMULATED Odoo
2026-06-30T20:00:00Z,KMB-S01,KMB-P0082,98,96,l,SIMULATED Odoo
2026-06-30T20:00:00Z,KMB-S01,KMB-P0083,108,108,each,SIMULATED Odoo
2026-06-30T20:00:00Z,KMB-S01,KMB-P0084,108,103,kg,SIMULATED Odoo
2026-06-30T20:00:00Z,KMB-S01,KMB-P0085,16,15,l,SIMULATED Odoo
2026-06-30T20:00:00Z,KMB-S01,KMB-P0086,76,71,each,SIMULATED Odoo
2026-06-30T20:00:00Z,KMB-S01,KMB-P0087,11,13,kg,SIMULATED Odoo
2026-06-30T20:00:00Z,KMB-S01,KMB-P0088,59,59,l,SIMULATED Odoo
2026-06-30T20:00:00Z,KMB-S01,KMB-P0089,86,86,each,SIMULATED Odoo
2026-06-30T20:00:00Z,KMB-S01,KMB-P0090,65,60,kg,SIMULATED Odoo
2026-06-30T20:00:00Z,KMB-S01,KMB-P0091,3,3,l,SIMULATED Odoo
2026-06-30T20:00:00Z,KMB-S01,KMB-P0092,53,52,each,SIMULATED Odoo
2026-06-30T20:00:00Z,KMB-S01,KMB-P0093,25,27,kg,SIMULATED Odoo
2026-06-30T20:00:00Z,KMB-S01,KMB-P0094,59,57,l,SIMULATED Odoo
2026-06-30T20:00:00Z,KMB-S01,KMB-P0095,51,46,each,SIMULATED Odoo
2026-06-30T20:00:00Z,KMB-S01,KMB-P0096,24,24,kg,SIMULATED Odoo
2026-06-30T20:00:00Z,KMB-S01,KMB-P0097,37,39,l,SIMULATED Odoo
2026-06-30T20:00:00Z,KMB-S01,KMB-P0098,60,62,each,SIMULATED Odoo
2026-06-30T20:00:00Z,KMB-S01,KMB-P0099,17,17,kg,SIMULATED Odoo
2026-06-30T20:00:00Z,KMB-S01,KMB-P0100,49,49,l,SIMULATED Odoo
2026-06-30T20:00:00Z,KMB-S01,KMB-P0101,57,52,each,SIMULATED Odoo
2026-06-30T20:00:00Z,KMB-S01,KMB-P0102,114,112,kg,SIMULATED Odoo
2026-06-30T20:00:00Z,KMB-S01,KMB-P0103,31,33,l,SIMULATED Odoo
2026-06-30T20:00:00Z,KMB-S01,KMB-P0104,39,41,each,SIMULATED Odoo
2026-06-30T20:00:00Z,KMB-S01,KMB-P0105,112,110,kg,SIMULATED Odoo
2026-06-30T20:00:00Z,KMB-S01,KMB-P0106,59,59,l,SIMULATED Odoo
2026-06-30T20:00:00Z,KMB-S01,KMB-P0107,119,121,each,SIMULATED Odoo
2026-06-30T20:00:00Z,KMB-S01,KMB-P0108,68,70,kg,SIMULATED Odoo
2026-06-30T20:00:00Z,KMB-S01,KMB-P0109,108,108,l,SIMULATED Odoo
2026-06-30T20:00:00Z,KMB-S01,KMB-P0110,83,81,each,SIMULATED Odoo
2026-06-30T20:00:00Z,KMB-S01,KMB-P0111,11,11,kg,SIMULATED Odoo
2026-06-30T20:00:00Z,KMB-S01,KMB-P0112,66,61,l,SIMULATED Odoo
2026-06-30T20:00:00Z,KMB-S01,KMB-P0113,29,28,each,SIMULATED Odoo
2026-06-30T20:00:00Z,KMB-S01,KMB-P0114,77,76,kg,SIMULATED Odoo
2026-06-30T20:00:00Z,KMB-S01,KMB-P0115,47,47,l,SIMULATED Odoo
2026-06-30T20:00:00Z,KMB-S01,KMB-P0116,36,36,each,SIMULATED Odoo
2026-06-30T20:00:00Z,KMB-S01,KMB-P0117,40,40,kg,SIMULATED Odoo
2026-06-30T20:00:00Z,KMB-S01,KMB-P0118,88,83,l,SIMULATED Odoo
2026-06-30T20:00:00Z,KMB-S01,KMB-P0119,117,117,each,SIMULATED Odoo
2026-06-30T20:00:00Z,KMB-S02,KMB-P0000,10,10,kg,SIMULATED Odoo
2026-06-30T20:00:00Z,KMB-S02,KMB-P0001,33,33,l,SIMULATED Odoo
2026-06-30T20:00:00Z,KMB-S02,KMB-P0002,69,67,each,SIMULATED Odoo
2026-06-30T20:00:00Z,KMB-S02,KMB-P0003,102,102,kg,SIMULATED Odoo
2026-06-30T20:00:00Z,KMB-S02,KMB-P0004,62,62,l,SIMULATED Odoo
2026-06-30T20:00:00Z,KMB-S02,KMB-P0005,33,33,each,SIMULATED Odoo
2026-06-30T20:00:00Z,KMB-S02,KMB-P0006,11,9,kg,SIMULATED Odoo
2026-06-30T20:00:00Z,KMB-S02,KMB-P0007,57,52,l,SIMULATED Odoo
2026-06-30T20:00:00Z,KMB-S02,KMB-P0008,74,74,each,SIMULATED Odoo
2026-06-30T20:00:00Z,KMB-S02,KMB-P0009,27,27,kg,SIMULATED Odoo
2026-06-30T20:00:00Z,KMB-S02,KMB-P0010,108,106,l,SIMULATED Odoo
2026-06-30T20:00:00Z,KMB-S02,KMB-P0011,96,91,each,SIMULATED Odoo
2026-06-30T20:00:00Z,KMB-S02,KMB-P0012,31,33,kg,SIMULATED Odoo
2026-06-30T20:00:00Z,KMB-S02,KMB-P0013,41,41,l,SIMULATED Odoo
2026-06-30T20:00:00Z,KMB-S02,KMB-P0014,8,10,each,SIMULATED Odoo
2026-06-30T20:00:00Z,KMB-S02,KMB-P0015,16,18,kg,SIMULATED Odoo
2026-06-30T20:00:00Z,KMB-S02,KMB-P0016,16,18,l,SIMULATED Odoo
2026-06-30T20:00:00Z,KMB-S02,KMB-P0017,52,51,each,SIMULATED Odoo
2026-06-30T20:00:00Z,KMB-S02,KMB-P0018,46,46,kg,SIMULATED Odoo
2026-06-30T20:00:00Z,KMB-S02,KMB-P0019,6,5,l,SIMULATED Odoo
2026-06-30T20:00:00Z,KMB-S02,KMB-P0020,109,109,each,SIMULATED Odoo
2026-06-30T20:00:00Z,KMB-S02,KMB-P0021,75,75,kg,SIMULATED Odoo
2026-06-30T20:00:00Z,KMB-S02,KMB-P0022,37,36,l,SIMULATED Odoo
2026-06-30T20:00:00Z,KMB-S02,KMB-P0023,72,67,each,SIMULATED Odoo
2026-06-30T20:00:00Z,KMB-S02,KMB-P0024,112,110,kg,SIMULATED Odoo
2026-06-30T20:00:00Z,KMB-S02,KMB-P0025,10,5,l,SIMULATED Odoo
2026-06-30T20:00:00Z,KMB-S02,KMB-P0026,2,2,each,SIMULATED Odoo
2026-06-30T20:00:00Z,KMB-S02,KMB-P0027,54,54,kg,SIMULATED Odoo
2026-06-30T20:00:00Z,KMB-S02,KMB-P0028,3,5,l,SIMULATED Odoo
2026-06-30T20:00:00Z,KMB-S02,KMB-P0029,7,5,each,SIMULATED Odoo
2026-06-30T20:00:00Z,KMB-S02,KMB-P0030,90,92,kg,SIMULATED Odoo
2026-06-30T20:00:00Z,KMB-S02,KMB-P0031,15,15,l,SIMULATED Odoo
2026-06-30T20:00:00Z,KMB-S02,KMB-P0032,72,70,each,SIMULATED Odoo
2026-06-30T20:00:00Z,KMB-S02,KMB-P0033,58,56,kg,SIMULATED Odoo
2026-06-30T20:00:00Z,KMB-S02,KMB-P0034,60,62,l,SIMULATED Odoo
2026-06-30T20:00:00Z,KMB-S02,KMB-P0035,8,6,each,SIMULATED Odoo
2026-06-30T20:00:00Z,KMB-S02,KMB-P0036,24,24,kg,SIMULATED Odoo
2026-06-30T20:00:00Z,KMB-S02,KMB-P0037,32,27,l,SIMULATED Odoo
2026-06-30T20:00:00Z,KMB-S02,KMB-P0038,91,90,each,SIMULATED Odoo
2026-06-30T20:00:00Z,KMB-S02,KMB-P0039,111,111,kg,SIMULATED Odoo
2026-06-30T20:00:00Z,KMB-S02,KMB-P0040,86,85,l,SIMULATED Odoo
2026-06-30T20:00:00Z,KMB-S02,KMB-P0041,55,50,each,SIMULATED Odoo
2026-06-30T20:00:00Z,KMB-S02,KMB-P0042,25,25,kg,SIMULATED Odoo
2026-06-30T20:00:00Z,KMB-S02,KMB-P0043,53,53,l,SIMULATED Odoo
2026-06-30T20:00:00Z,KMB-S02,KMB-P0044,15,10,each,SIMULATED Odoo
2026-06-30T20:00:00Z,KMB-S02,KMB-P0045,40,42,kg,SIMULATED Odoo
2026-06-30T20:00:00Z,KMB-S02,KMB-P0046,24,19,l,SIMULATED Odoo
2026-06-30T20:00:00Z,KMB-S02,KMB-P0047,24,19,each,SIMULATED Odoo
2026-06-30T20:00:00Z,KMB-S02,KMB-P0048,6,6,kg,SIMULATED Odoo
2026-06-30T20:00:00Z,KMB-S02,KMB-P0049,102,101,l,SIMULATED Odoo
2026-06-30T20:00:00Z,KMB-S02,KMB-P0050,19,18,each,SIMULATED Odoo
2026-06-30T20:00:00Z,KMB-S02,KMB-P0051,63,62,kg,SIMULATED Odoo
2026-06-30T20:00:00Z,KMB-S02,KMB-P0052,120,118,l,SIMULATED Odoo
2026-06-30T20:00:00Z,KMB-S02,KMB-P0053,52,52,each,SIMULATED Odoo
2026-06-30T20:00:00Z,KMB-S02,KMB-P0054,15,10,kg,SIMULATED Odoo
2026-06-30T20:00:00Z,KMB-S02,KMB-P0055,108,110,l,SIMULATED Odoo
2026-06-30T20:00:00Z,KMB-S02,KMB-P0056,47,47,each,SIMULATED Odoo
2026-06-30T20:00:00Z,KMB-S02,KMB-P0057,0,2,kg,SIMULATED Odoo
2026-06-30T20:00:00Z,KMB-S02,KMB-P0058,29,31,l,SIMULATED Odoo
2026-06-30T20:00:00Z,KMB-S02,KMB-P0059,103,105,each,SIMULATED Odoo
2026-06-30T20:00:00Z,KMB-S02,KMB-P0060,102,102,kg,SIMULATED Odoo
2026-06-30T20:00:00Z,KMB-S02,KMB-P0061,117,117,l,SIMULATED Odoo
2026-06-30T20:00:00Z,KMB-S02,KMB-P0062,63,63,each,SIMULATED Odoo
2026-06-30T20:00:00Z,KMB-S02,KMB-P0063,80,79,kg,SIMULATED Odoo
2026-06-30T20:00:00Z,KMB-S02,KMB-P0064,117,112,l,SIMULATED Odoo
2026-06-30T20:00:00Z,KMB-S02,KMB-P0065,117,119,each,SIMULATED Odoo
2026-06-30T20:00:00Z,KMB-S02,KMB-P0066,80,80,kg,SIMULATED Odoo
2026-06-30T20:00:00Z,KMB-S02,KMB-P0067,52,54,l,SIMULATED Odoo
2026-06-30T20:00:00Z,KMB-S02,KMB-P0068,8,7,each,SIMULATED Odoo
2026-06-30T20:00:00Z,KMB-S02,KMB-P0069,100,100,kg,SIMULATED Odoo
2026-06-30T20:00:00Z,KMB-S02,KMB-P0070,110,110,l,SIMULATED Odoo
2026-06-30T20:00:00Z,KMB-S02,KMB-P0071,112,110,each,SIMULATED Odoo
2026-06-30T20:00:00Z,KMB-S02,KMB-P0072,89,89,kg,SIMULATED Odoo
2026-06-30T20:00:00Z,KMB-S02,KMB-P0073,81,79,l,SIMULATED Odoo
2026-06-30T20:00:00Z,KMB-S02,KMB-P0074,41,41,each,SIMULATED Odoo
2026-06-30T20:00:00Z,KMB-S02,KMB-P0075,24,23,kg,SIMULATED Odoo
2026-06-30T20:00:00Z,KMB-S02,KMB-P0076,102,104,l,SIMULATED Odoo
2026-06-30T20:00:00Z,KMB-S02,KMB-P0077,105,103,each,SIMULATED Odoo
2026-06-30T20:00:00Z,KMB-S02,KMB-P0078,58,57,kg,SIMULATED Odoo
2026-06-30T20:00:00Z,KMB-S02,KMB-P0079,80,79,l,SIMULATED Odoo
2026-06-30T20:00:00Z,KMB-S02,KMB-P0080,55,53,each,SIMULATED Odoo
2026-06-30T20:00:00Z,KMB-S02,KMB-P0081,2,0,kg,SIMULATED Odoo
2026-06-30T20:00:00Z,KMB-S02,KMB-P0082,120,119,l,SIMULATED Odoo
2026-06-30T20:00:00Z,KMB-S02,KMB-P0083,60,55,each,SIMULATED Odoo
2026-06-30T20:00:00Z,KMB-S02,KMB-P0084,83,83,kg,SIMULATED Odoo
2026-06-30T20:00:00Z,KMB-S02,KMB-P0085,5,5,l,SIMULATED Odoo
2026-06-30T20:00:00Z,KMB-S02,KMB-P0086,39,38,each,SIMULATED Odoo
2026-06-30T20:00:00Z,KMB-S02,KMB-P0087,79,79,kg,SIMULATED Odoo
2026-06-30T20:00:00Z,KMB-S02,KMB-P0088,98,96,l,SIMULATED Odoo
2026-06-30T20:00:00Z,KMB-S02,KMB-P0089,42,42,each,SIMULATED Odoo
2026-06-30T20:00:00Z,KMB-S02,KMB-P0090,64,59,kg,SIMULATED Odoo
2026-06-30T20:00:00Z,KMB-S02,KMB-P0091,34,34,l,SIMULATED Odoo
2026-06-30T20:00:00Z,KMB-S02,KMB-P0092,98,100,each,SIMULATED Odoo
2026-06-30T20:00:00Z,KMB-S02,KMB-P0093,32,34,kg,SIMULATED Odoo
2026-06-30T20:00:00Z,KMB-S02,KMB-P0094,66,66,l,SIMULATED Odoo
2026-06-30T20:00:00Z,KMB-S02,KMB-P0095,42,42,each,SIMULATED Odoo
2026-06-30T20:00:00Z,KMB-S02,KMB-P0096,50,45,kg,SIMULATED Odoo
2026-06-30T20:00:00Z,KMB-S02,KMB-P0097,30,28,l,SIMULATED Odoo
2026-06-30T20:00:00Z,KMB-S02,KMB-P0098,68,67,each,SIMULATED Odoo
2026-06-30T20:00:00Z,KMB-S02,KMB-P0099,119,119,kg,SIMULATED Odoo
2026-06-30T20:00:00Z,KMB-S02,KMB-P0100,69,69,l,SIMULATED Odoo
2026-06-30T20:00:00Z,KMB-S02,KMB-P0101,95,95,each,SIMULATED Odoo
2026-06-30T20:00:00Z,KMB-S02,KMB-P0102,51,53,kg,SIMULATED Odoo
2026-06-30T20:00:00Z,KMB-S02,KMB-P0103,49,51,l,SIMULATED Odoo
2026-06-30T20:00:00Z,KMB-S02,KMB-P0104,117,117,each,SIMULATED Odoo
2026-06-30T20:00:00Z,KMB-S02,KMB-P0105,25,25,kg,SIMULATED Odoo
2026-06-30T20:00:00Z,KMB-S02,KMB-P0106,104,102,l,SIMULATED Odoo
2026-06-30T20:00:00Z,KMB-S02,KMB-P0107,96,95,each,SIMULATED Odoo
2026-06-30T20:00:00Z,KMB-S02,KMB-P0108,120,115,kg,SIMULATED Odoo
2026-06-30T20:00:00Z,KMB-S02,KMB-P0109,114,114,l,SIMULATED Odoo
2026-06-30T20:00:00Z,KMB-S02,KMB-P0110,114,113,each,SIMULATED Odoo
2026-06-30T20:00:00Z,KMB-S02,KMB-P0111,45,45,kg,SIMULATED Odoo
2026-06-30T20:00:00Z,KMB-S02,KMB-P0112,95,94,l,SIMULATED Odoo
2026-06-30T20:00:00Z,KMB-S02,KMB-P0113,86,86,each,SIMULATED Odoo
2026-06-30T20:00:00Z,KMB-S02,KMB-P0114,58,60,kg,SIMULATED Odoo
2026-06-30T20:00:00Z,KMB-S02,KMB-P0115,3,1,l,SIMULATED Odoo
2026-06-30T20:00:00Z,KMB-S02,KMB-P0116,47,47,each,SIMULATED Odoo
2026-06-30T20:00:00Z,KMB-S02,KMB-P0117,28,23,kg,SIMULATED Odoo
2026-06-30T20:00:00Z,KMB-S02,KMB-P0118,26,26,l,SIMULATED Odoo
2026-06-30T20:00:00Z,KMB-S02,KMB-P0119,4,0,each,SIMULATED Odoo
2026-06-30T20:00:00Z,KMB-S03,KMB-P0000,120,118,kg,SIMULATED Odoo
2026-06-30T20:00:00Z,KMB-S03,KMB-P0001,38,37,l,SIMULATED Odoo
2026-06-30T20:00:00Z,KMB-S03,KMB-P0002,36,38,each,SIMULATED Odoo
2026-06-30T20:00:00Z,KMB-S03,KMB-P0003,39,39,kg,SIMULATED Odoo
2026-06-30T20:00:00Z,KMB-S03,KMB-P0004,106,101,l,SIMULATED Odoo
2026-06-30T20:00:00Z,KMB-S03,KMB-P0005,37,37,each,SIMULATED Odoo
2026-06-30T20:00:00Z,KMB-S03,KMB-P0006,27,26,kg,SIMULATED Odoo
2026-06-30T20:00:00Z,KMB-S03,KMB-P0007,4,2,l,SIMULATED Odoo
2026-06-30T20:00:00Z,KMB-S03,KMB-P0008,117,119,each,SIMULATED Odoo
2026-06-30T20:00:00Z,KMB-S03,KMB-P0009,112,112,kg,SIMULATED Odoo
2026-06-30T20:00:00Z,KMB-S03,KMB-P0010,101,100,l,SIMULATED Odoo
2026-06-30T20:00:00Z,KMB-S03,KMB-P0011,94,92,each,SIMULATED Odoo
2026-06-30T20:00:00Z,KMB-S03,KMB-P0012,8,8,kg,SIMULATED Odoo
2026-06-30T20:00:00Z,KMB-S03,KMB-P0013,26,24,l,SIMULATED Odoo
2026-06-30T20:00:00Z,KMB-S03,KMB-P0014,105,100,each,SIMULATED Odoo
2026-06-30T20:00:00Z,KMB-S03,KMB-P0015,98,100,kg,SIMULATED Odoo
2026-06-30T20:00:00Z,KMB-S03,KMB-P0016,119,119,l,SIMULATED Odoo
2026-06-30T20:00:00Z,KMB-S03,KMB-P0017,52,52,each,SIMULATED Odoo
2026-06-30T20:00:00Z,KMB-S03,KMB-P0018,69,69,kg,SIMULATED Odoo
2026-06-30T20:00:00Z,KMB-S03,KMB-P0019,10,10,l,SIMULATED Odoo
2026-06-30T20:00:00Z,KMB-S03,KMB-P0020,34,29,each,SIMULATED Odoo
2026-06-30T20:00:00Z,KMB-S03,KMB-P0021,31,33,kg,SIMULATED Odoo
2026-06-30T20:00:00Z,KMB-S03,KMB-P0022,32,32,l,SIMULATED Odoo
2026-06-30T20:00:00Z,KMB-S03,KMB-P0023,4,4,each,SIMULATED Odoo
2026-06-30T20:00:00Z,KMB-S03,KMB-P0024,27,26,kg,SIMULATED Odoo
2026-06-30T20:00:00Z,KMB-S03,KMB-P0025,7,9,l,SIMULATED Odoo
2026-06-30T20:00:00Z,KMB-S03,KMB-P0026,8,8,each,SIMULATED Odoo
2026-06-30T20:00:00Z,KMB-S03,KMB-P0027,75,74,kg,SIMULATED Odoo
2026-06-30T20:00:00Z,KMB-S03,KMB-P0028,119,119,l,SIMULATED Odoo
2026-06-30T20:00:00Z,KMB-S03,KMB-P0029,28,27,each,SIMULATED Odoo
2026-06-30T20:00:00Z,KMB-S03,KMB-P0030,71,66,kg,SIMULATED Odoo
2026-06-30T20:00:00Z,KMB-S03,KMB-P0031,4,4,l,SIMULATED Odoo
2026-06-30T20:00:00Z,KMB-S03,KMB-P0032,15,17,each,SIMULATED Odoo
2026-06-30T20:00:00Z,KMB-S03,KMB-P0033,73,68,kg,SIMULATED Odoo
2026-06-30T20:00:00Z,KMB-S03,KMB-P0034,47,42,l,SIMULATED Odoo
2026-06-30T20:00:00Z,KMB-S03,KMB-P0035,65,60,each,SIMULATED Odoo
2026-06-30T20:00:00Z,KMB-S03,KMB-P0036,115,113,kg,SIMULATED Odoo
2026-06-30T20:00:00Z,KMB-S03,KMB-P0037,18,20,l,SIMULATED Odoo
2026-06-30T20:00:00Z,KMB-S03,KMB-P0038,99,97,each,SIMULATED Odoo
2026-06-30T20:00:00Z,KMB-S03,KMB-P0039,107,107,kg,SIMULATED Odoo
2026-06-30T20:00:00Z,KMB-S03,KMB-P0040,27,29,l,SIMULATED Odoo
2026-06-30T20:00:00Z,KMB-S03,KMB-P0041,103,98,each,SIMULATED Odoo
2026-06-30T20:00:00Z,KMB-S03,KMB-P0042,14,13,kg,SIMULATED Odoo
2026-06-30T20:00:00Z,KMB-S03,KMB-P0043,119,117,l,SIMULATED Odoo
2026-06-30T20:00:00Z,KMB-S03,KMB-P0044,9,7,each,SIMULATED Odoo
2026-06-30T20:00:00Z,KMB-S03,KMB-P0045,13,11,kg,SIMULATED Odoo
2026-06-30T20:00:00Z,KMB-S03,KMB-P0046,1,3,l,SIMULATED Odoo
2026-06-30T20:00:00Z,KMB-S03,KMB-P0047,14,12,each,SIMULATED Odoo
2026-06-30T20:00:00Z,KMB-S03,KMB-P0048,61,60,kg,SIMULATED Odoo
2026-06-30T20:00:00Z,KMB-S03,KMB-P0049,1,3,l,SIMULATED Odoo
2026-06-30T20:00:00Z,KMB-S03,KMB-P0050,88,88,each,SIMULATED Odoo
2026-06-30T20:00:00Z,KMB-S03,KMB-P0051,103,102,kg,SIMULATED Odoo
2026-06-30T20:00:00Z,KMB-S03,KMB-P0052,73,73,l,SIMULATED Odoo
2026-06-30T20:00:00Z,KMB-S03,KMB-P0053,85,84,each,SIMULATED Odoo
2026-06-30T20:00:00Z,KMB-S03,KMB-P0054,88,88,kg,SIMULATED Odoo
2026-06-30T20:00:00Z,KMB-S03,KMB-P0055,107,109,l,SIMULATED Odoo
2026-06-30T20:00:00Z,KMB-S03,KMB-P0056,76,74,each,SIMULATED Odoo
2026-06-30T20:00:00Z,KMB-S03,KMB-P0057,22,24,kg,SIMULATED Odoo
2026-06-30T20:00:00Z,KMB-S03,KMB-P0058,26,25,l,SIMULATED Odoo
2026-06-30T20:00:00Z,KMB-S03,KMB-P0059,9,9,each,SIMULATED Odoo
2026-06-30T20:00:00Z,KMB-S03,KMB-P0060,64,64,kg,SIMULATED Odoo
2026-06-30T20:00:00Z,KMB-S03,KMB-P0061,27,25,l,SIMULATED Odoo
2026-06-30T20:00:00Z,KMB-S03,KMB-P0062,48,43,each,SIMULATED Odoo
2026-06-30T20:00:00Z,KMB-S03,KMB-P0063,9,11,kg,SIMULATED Odoo
2026-06-30T20:00:00Z,KMB-S03,KMB-P0064,27,26,l,SIMULATED Odoo
2026-06-30T20:00:00Z,KMB-S03,KMB-P0065,17,17,each,SIMULATED Odoo
2026-06-30T20:00:00Z,KMB-S03,KMB-P0066,56,58,kg,SIMULATED Odoo
2026-06-30T20:00:00Z,KMB-S03,KMB-P0067,11,6,l,SIMULATED Odoo
2026-06-30T20:00:00Z,KMB-S03,KMB-P0068,85,83,each,SIMULATED Odoo
2026-06-30T20:00:00Z,KMB-S03,KMB-P0069,84,84,kg,SIMULATED Odoo
2026-06-30T20:00:00Z,KMB-S03,KMB-P0070,75,70,l,SIMULATED Odoo
2026-06-30T20:00:00Z,KMB-S03,KMB-P0071,111,110,each,SIMULATED Odoo
2026-06-30T20:00:00Z,KMB-S03,KMB-P0072,85,83,kg,SIMULATED Odoo
2026-06-30T20:00:00Z,KMB-S03,KMB-P0073,77,75,l,SIMULATED Odoo
2026-06-30T20:00:00Z,KMB-S03,KMB-P0074,33,33,each,SIMULATED Odoo
2026-06-30T20:00:00Z,KMB-S03,KMB-P0075,73,73,kg,SIMULATED Odoo
2026-06-30T20:00:00Z,KMB-S03,KMB-P0076,76,78,l,SIMULATED Odoo
2026-06-30T20:00:00Z,KMB-S03,KMB-P0077,82,82,each,SIMULATED Odoo
2026-06-30T20:00:00Z,KMB-S03,KMB-P0078,93,93,kg,SIMULATED Odoo
2026-06-30T20:00:00Z,KMB-S03,KMB-P0079,99,99,l,SIMULATED Odoo
2026-06-30T20:00:00Z,KMB-S03,KMB-P0080,60,55,each,SIMULATED Odoo
2026-06-30T20:00:00Z,KMB-S03,KMB-P0081,91,91,kg,SIMULATED Odoo
2026-06-30T20:00:00Z,KMB-S03,KMB-P0082,28,28,l,SIMULATED Odoo
2026-06-30T20:00:00Z,KMB-S03,KMB-P0083,66,61,each,SIMULATED Odoo
2026-06-30T20:00:00Z,KMB-S03,KMB-P0084,69,67,kg,SIMULATED Odoo
2026-06-30T20:00:00Z,KMB-S03,KMB-P0085,7,6,l,SIMULATED Odoo
2026-06-30T20:00:00Z,KMB-S03,KMB-P0086,52,52,each,SIMULATED Odoo
2026-06-30T20:00:00Z,KMB-S03,KMB-P0087,78,77,kg,SIMULATED Odoo
2026-06-30T20:00:00Z,KMB-S03,KMB-P0088,3,0,l,SIMULATED Odoo
2026-06-30T20:00:00Z,KMB-S03,KMB-P0089,116,116,each,SIMULATED Odoo
2026-06-30T20:00:00Z,KMB-S03,KMB-P0090,110,110,kg,SIMULATED Odoo
2026-06-30T20:00:00Z,KMB-S03,KMB-P0091,0,0,l,SIMULATED Odoo
2026-06-30T20:00:00Z,KMB-S03,KMB-P0092,72,70,each,SIMULATED Odoo
2026-06-30T20:00:00Z,KMB-S03,KMB-P0093,114,112,kg,SIMULATED Odoo
2026-06-30T20:00:00Z,KMB-S03,KMB-P0094,7,9,l,SIMULATED Odoo
2026-06-30T20:00:00Z,KMB-S03,KMB-P0095,75,70,each,SIMULATED Odoo
2026-06-30T20:00:00Z,KMB-S03,KMB-P0096,48,47,kg,SIMULATED Odoo
2026-06-30T20:00:00Z,KMB-S03,KMB-P0097,101,100,l,SIMULATED Odoo
2026-06-30T20:00:00Z,KMB-S03,KMB-P0098,63,63,each,SIMULATED Odoo
2026-06-30T20:00:00Z,KMB-S03,KMB-P0099,77,77,kg,SIMULATED Odoo
2026-06-30T20:00:00Z,KMB-S03,KMB-P0100,97,97,l,SIMULATED Odoo
2026-06-30T20:00:00Z,KMB-S03,KMB-P0101,16,16,each,SIMULATED Odoo
2026-06-30T20:00:00Z,KMB-S03,KMB-P0102,75,75,kg,SIMULATED Odoo
2026-06-30T20:00:00Z,KMB-S03,KMB-P0103,8,3,l,SIMULATED Odoo
2026-06-30T20:00:00Z,KMB-S03,KMB-P0104,46,48,each,SIMULATED Odoo
2026-06-30T20:00:00Z,KMB-S03,KMB-P0105,74,74,kg,SIMULATED Odoo
2026-06-30T20:00:00Z,KMB-S03,KMB-P0106,58,53,l,SIMULATED Odoo
2026-06-30T20:00:00Z,KMB-S03,KMB-P0107,30,30,each,SIMULATED Odoo
2026-06-30T20:00:00Z,KMB-S03,KMB-P0108,82,77,kg,SIMULATED Odoo
2026-06-30T20:00:00Z,KMB-S03,KMB-P0109,26,26,l,SIMULATED Odoo
2026-06-30T20:00:00Z,KMB-S03,KMB-P0110,42,42,each,SIMULATED Odoo
2026-06-30T20:00:00Z,KMB-S03,KMB-P0111,110,110,kg,SIMULATED Odoo
2026-06-30T20:00:00Z,KMB-S03,KMB-P0112,85,85,l,SIMULATED Odoo
2026-06-30T20:00:00Z,KMB-S03,KMB-P0113,64,59,each,SIMULATED Odoo
2026-06-30T20:00:00Z,KMB-S03,KMB-P0114,90,85,kg,SIMULATED Odoo
2026-06-30T20:00:00Z,KMB-S03,KMB-P0115,30,32,l,SIMULATED Odoo
2026-06-30T20:00:00Z,KMB-S03,KMB-P0116,119,121,each,SIMULATED Odoo
2026-06-30T20:00:00Z,KMB-S03,KMB-P0117,23,22,kg,SIMULATED Odoo
2026-06-30T20:00:00Z,KMB-S03,KMB-P0118,66,66,l,SIMULATED Odoo
2026-06-30T20:00:00Z,KMB-S03,KMB-P0119,27,27,each,SIMULATED Odoo
2026-06-30T20:00:00Z,KMB-S04,KMB-P0000,53,55,kg,SIMULATED Odoo
2026-06-30T20:00:00Z,KMB-S04,KMB-P0001,23,18,l,SIMULATED Odoo
2026-06-30T20:00:00Z,KMB-S04,KMB-P0002,60,55,each,SIMULATED Odoo
2026-06-30T20:00:00Z,KMB-S04,KMB-P0003,76,71,kg,SIMULATED Odoo
2026-06-30T20:00:00Z,KMB-S04,KMB-P0004,101,101,l,SIMULATED Odoo
2026-06-30T20:00:00Z,KMB-S04,KMB-P0005,18,16,each,SIMULATED Odoo
2026-06-30T20:00:00Z,KMB-S04,KMB-P0006,43,42,kg,SIMULATED Odoo
2026-06-30T20:00:00Z,KMB-S04,KMB-P0007,12,7,l,SIMULATED Odoo
2026-06-30T20:00:00Z,KMB-S04,KMB-P0008,8,8,each,SIMULATED Odoo
2026-06-30T20:00:00Z,KMB-S04,KMB-P0009,105,100,kg,SIMULATED Odoo
2026-06-30T20:00:00Z,KMB-S04,KMB-P0010,78,78,l,SIMULATED Odoo
2026-06-30T20:00:00Z,KMB-S04,KMB-P0011,63,63,each,SIMULATED Odoo
2026-06-30T20:00:00Z,KMB-S04,KMB-P0012,4,6,kg,SIMULATED Odoo
2026-06-30T20:00:00Z,KMB-S04,KMB-P0013,22,22,l,SIMULATED Odoo
2026-06-30T20:00:00Z,KMB-S04,KMB-P0014,54,52,each,SIMULATED Odoo
2026-06-30T20:00:00Z,KMB-S04,KMB-P0015,53,53,kg,SIMULATED Odoo
2026-06-30T20:00:00Z,KMB-S04,KMB-P0016,109,109,l,SIMULATED Odoo
2026-06-30T20:00:00Z,KMB-S04,KMB-P0017,12,7,each,SIMULATED Odoo
2026-06-30T20:00:00Z,KMB-S04,KMB-P0018,70,70,kg,SIMULATED Odoo
2026-06-30T20:00:00Z,KMB-S04,KMB-P0019,29,31,l,SIMULATED Odoo
2026-06-30T20:00:00Z,KMB-S04,KMB-P0020,17,16,each,SIMULATED Odoo
2026-06-30T20:00:00Z,KMB-S04,KMB-P0021,42,42,kg,SIMULATED Odoo
2026-06-30T20:00:00Z,KMB-S04,KMB-P0022,7,7,l,SIMULATED Odoo
2026-06-30T20:00:00Z,KMB-S04,KMB-P0023,43,41,each,SIMULATED Odoo
2026-06-30T20:00:00Z,KMB-S04,KMB-P0024,35,35,kg,SIMULATED Odoo
2026-06-30T20:00:00Z,KMB-S04,KMB-P0025,120,115,l,SIMULATED Odoo
2026-06-30T20:00:00Z,KMB-S04,KMB-P0026,22,20,each,SIMULATED Odoo
2026-06-30T20:00:00Z,KMB-S04,KMB-P0027,70,72,kg,SIMULATED Odoo
2026-06-30T20:00:00Z,KMB-S04,KMB-P0028,6,6,l,SIMULATED Odoo
2026-06-30T20:00:00Z,KMB-S04,KMB-P0029,92,91,each,SIMULATED Odoo
2026-06-30T20:00:00Z,KMB-S04,KMB-P0030,58,53,kg,SIMULATED Odoo
2026-06-30T20:00:00Z,KMB-S04,KMB-P0031,12,10,l,SIMULATED Odoo
2026-06-30T20:00:00Z,KMB-S04,KMB-P0032,85,85,each,SIMULATED Odoo
2026-06-30T20:00:00Z,KMB-S04,KMB-P0033,101,101,kg,SIMULATED Odoo
2026-06-30T20:00:00Z,KMB-S04,KMB-P0034,33,35,l,SIMULATED Odoo
2026-06-30T20:00:00Z,KMB-S04,KMB-P0035,89,88,each,SIMULATED Odoo
2026-06-30T20:00:00Z,KMB-S04,KMB-P0036,84,79,kg,SIMULATED Odoo
2026-06-30T20:00:00Z,KMB-S04,KMB-P0037,47,47,l,SIMULATED Odoo
2026-06-30T20:00:00Z,KMB-S04,KMB-P0038,47,49,each,SIMULATED Odoo
2026-06-30T20:00:00Z,KMB-S04,KMB-P0039,10,10,kg,SIMULATED Odoo
2026-06-30T20:00:00Z,KMB-S04,KMB-P0040,80,79,l,SIMULATED Odoo
2026-06-30T20:00:00Z,KMB-S04,KMB-P0041,56,58,each,SIMULATED Odoo
2026-06-30T20:00:00Z,KMB-S04,KMB-P0042,23,23,kg,SIMULATED Odoo
2026-06-30T20:00:00Z,KMB-S04,KMB-P0043,46,46,l,SIMULATED Odoo
2026-06-30T20:00:00Z,KMB-S04,KMB-P0044,98,98,each,SIMULATED Odoo
2026-06-30T20:00:00Z,KMB-S04,KMB-P0045,72,72,kg,SIMULATED Odoo
2026-06-30T20:00:00Z,KMB-S04,KMB-P0046,88,88,l,SIMULATED Odoo
2026-06-30T20:00:00Z,KMB-S04,KMB-P0047,71,71,each,SIMULATED Odoo
2026-06-30T20:00:00Z,KMB-S04,KMB-P0048,51,51,kg,SIMULATED Odoo
2026-06-30T20:00:00Z,KMB-S04,KMB-P0049,35,30,l,SIMULATED Odoo
2026-06-30T20:00:00Z,KMB-S04,KMB-P0050,9,4,each,SIMULATED Odoo
2026-06-30T20:00:00Z,KMB-S04,KMB-P0051,34,34,kg,SIMULATED Odoo
2026-06-30T20:00:00Z,KMB-S04,KMB-P0052,23,23,l,SIMULATED Odoo
2026-06-30T20:00:00Z,KMB-S04,KMB-P0053,5,7,each,SIMULATED Odoo
2026-06-30T20:00:00Z,KMB-S04,KMB-P0054,23,23,kg,SIMULATED Odoo
2026-06-30T20:00:00Z,KMB-S04,KMB-P0055,48,47,l,SIMULATED Odoo
2026-06-30T20:00:00Z,KMB-S04,KMB-P0056,93,93,each,SIMULATED Odoo
2026-06-30T20:00:00Z,KMB-S04,KMB-P0057,66,66,kg,SIMULATED Odoo
2026-06-30T20:00:00Z,KMB-S04,KMB-P0058,100,100,l,SIMULATED Odoo
2026-06-30T20:00:00Z,KMB-S04,KMB-P0059,92,92,each,SIMULATED Odoo
2026-06-30T20:00:00Z,KMB-S04,KMB-P0060,81,76,kg,SIMULATED Odoo
2026-06-30T20:00:00Z,KMB-S04,KMB-P0061,28,30,l,SIMULATED Odoo
2026-06-30T20:00:00Z,KMB-S04,KMB-P0062,98,97,each,SIMULATED Odoo
2026-06-30T20:00:00Z,KMB-S04,KMB-P0063,10,5,kg,SIMULATED Odoo
2026-06-30T20:00:00Z,KMB-S04,KMB-P0064,113,113,l,SIMULATED Odoo
2026-06-30T20:00:00Z,KMB-S04,KMB-P0065,83,83,each,SIMULATED Odoo
2026-06-30T20:00:00Z,KMB-S04,KMB-P0066,22,20,kg,SIMULATED Odoo
2026-06-30T20:00:00Z,KMB-S04,KMB-P0067,106,104,l,SIMULATED Odoo
2026-06-30T20:00:00Z,KMB-S04,KMB-P0068,84,79,each,SIMULATED Odoo
2026-06-30T20:00:00Z,KMB-S04,KMB-P0069,43,45,kg,SIMULATED Odoo
2026-06-30T20:00:00Z,KMB-S04,KMB-P0070,12,12,l,SIMULATED Odoo
2026-06-30T20:00:00Z,KMB-S04,KMB-P0071,83,83,each,SIMULATED Odoo
2026-06-30T20:00:00Z,KMB-S04,KMB-P0072,32,30,kg,SIMULATED Odoo
2026-06-30T20:00:00Z,KMB-S04,KMB-P0073,48,50,l,SIMULATED Odoo
2026-06-30T20:00:00Z,KMB-S04,KMB-P0074,0,0,each,SIMULATED Odoo
2026-06-30T20:00:00Z,KMB-S04,KMB-P0075,26,21,kg,SIMULATED Odoo
2026-06-30T20:00:00Z,KMB-S04,KMB-P0076,104,104,l,SIMULATED Odoo
2026-06-30T20:00:00Z,KMB-S04,KMB-P0077,115,115,each,SIMULATED Odoo
2026-06-30T20:00:00Z,KMB-S04,KMB-P0078,107,107,kg,SIMULATED Odoo
2026-06-30T20:00:00Z,KMB-S04,KMB-P0079,114,109,l,SIMULATED Odoo
2026-06-30T20:00:00Z,KMB-S04,KMB-P0080,63,63,each,SIMULATED Odoo
2026-06-30T20:00:00Z,KMB-S04,KMB-P0081,3,2,kg,SIMULATED Odoo
2026-06-30T20:00:00Z,KMB-S04,KMB-P0082,85,85,l,SIMULATED Odoo
2026-06-30T20:00:00Z,KMB-S04,KMB-P0083,120,115,each,SIMULATED Odoo
2026-06-30T20:00:00Z,KMB-S04,KMB-P0084,89,88,kg,SIMULATED Odoo
2026-06-30T20:00:00Z,KMB-S04,KMB-P0085,104,104,l,SIMULATED Odoo
2026-06-30T20:00:00Z,KMB-S04,KMB-P0086,77,77,each,SIMULATED Odoo
2026-06-30T20:00:00Z,KMB-S04,KMB-P0087,18,13,kg,SIMULATED Odoo
2026-06-30T20:00:00Z,KMB-S04,KMB-P0088,73,71,l,SIMULATED Odoo
2026-06-30T20:00:00Z,KMB-S04,KMB-P0089,52,51,each,SIMULATED Odoo
2026-06-30T20:00:00Z,KMB-S04,KMB-P0090,25,25,kg,SIMULATED Odoo
2026-06-30T20:00:00Z,KMB-S04,KMB-P0091,14,16,l,SIMULATED Odoo
2026-06-30T20:00:00Z,KMB-S04,KMB-P0092,9,7,each,SIMULATED Odoo
2026-06-30T20:00:00Z,KMB-S04,KMB-P0093,86,88,kg,SIMULATED Odoo
2026-06-30T20:00:00Z,KMB-S04,KMB-P0094,65,64,l,SIMULATED Odoo
2026-06-30T20:00:00Z,KMB-S04,KMB-P0095,37,35,each,SIMULATED Odoo
2026-06-30T20:00:00Z,KMB-S04,KMB-P0096,70,70,kg,SIMULATED Odoo
2026-06-30T20:00:00Z,KMB-S04,KMB-P0097,0,0,l,SIMULATED Odoo
2026-06-30T20:00:00Z,KMB-S04,KMB-P0098,97,95,each,SIMULATED Odoo
2026-06-30T20:00:00Z,KMB-S04,KMB-P0099,18,20,kg,SIMULATED Odoo
2026-06-30T20:00:00Z,KMB-S04,KMB-P0100,60,62,l,SIMULATED Odoo
2026-06-30T20:00:00Z,KMB-S04,KMB-P0101,11,11,each,SIMULATED Odoo
2026-06-30T20:00:00Z,KMB-S04,KMB-P0102,80,80,kg,SIMULATED Odoo
2026-06-30T20:00:00Z,KMB-S04,KMB-P0103,87,87,l,SIMULATED Odoo
2026-06-30T20:00:00Z,KMB-S04,KMB-P0104,41,43,each,SIMULATED Odoo
2026-06-30T20:00:00Z,KMB-S04,KMB-P0105,78,78,kg,SIMULATED Odoo
2026-06-30T20:00:00Z,KMB-S04,KMB-P0106,86,86,l,SIMULATED Odoo
2026-06-30T20:00:00Z,KMB-S04,KMB-P0107,115,110,each,SIMULATED Odoo
2026-06-30T20:00:00Z,KMB-S04,KMB-P0108,81,76,kg,SIMULATED Odoo
2026-06-30T20:00:00Z,KMB-S04,KMB-P0109,1,3,l,SIMULATED Odoo
2026-06-30T20:00:00Z,KMB-S04,KMB-P0110,13,13,each,SIMULATED Odoo
2026-06-30T20:00:00Z,KMB-S04,KMB-P0111,43,43,kg,SIMULATED Odoo
2026-06-30T20:00:00Z,KMB-S04,KMB-P0112,30,30,l,SIMULATED Odoo
2026-06-30T20:00:00Z,KMB-S04,KMB-P0113,118,118,each,SIMULATED Odoo
2026-06-30T20:00:00Z,KMB-S04,KMB-P0114,12,14,kg,SIMULATED Odoo
2026-06-30T20:00:00Z,KMB-S04,KMB-P0115,91,86,l,SIMULATED Odoo
2026-06-30T20:00:00Z,KMB-S04,KMB-P0116,25,25,each,SIMULATED Odoo
2026-06-30T20:00:00Z,KMB-S04,KMB-P0117,92,91,kg,SIMULATED Odoo
2026-06-30T20:00:00Z,KMB-S04,KMB-P0118,72,72,l,SIMULATED Odoo
2026-06-30T20:00:00Z,KMB-S04,KMB-P0119,105,105,each,SIMULATED Odoo
2026-06-30T20:00:00Z,KMB-S05,KMB-P0000,77,77,kg,SIMULATED Odoo
2026-06-30T20:00:00Z,KMB-S05,KMB-P0001,91,91,l,SIMULATED Odoo
2026-06-30T20:00:00Z,KMB-S05,KMB-P0002,28,23,each,SIMULATED Odoo
2026-06-30T20:00:00Z,KMB-S05,KMB-P0003,17,17,kg,SIMULATED Odoo
2026-06-30T20:00:00Z,KMB-S05,KMB-P0004,54,56,l,SIMULATED Odoo
2026-06-30T20:00:00Z,KMB-S05,KMB-P0005,32,34,each,SIMULATED Odoo
2026-06-30T20:00:00Z,KMB-S05,KMB-P0006,0,0,kg,SIMULATED Odoo
2026-06-30T20:00:00Z,KMB-S05,KMB-P0007,23,25,l,SIMULATED Odoo
2026-06-30T20:00:00Z,KMB-S05,KMB-P0008,19,19,each,SIMULATED Odoo
2026-06-30T20:00:00Z,KMB-S05,KMB-P0009,47,47,kg,SIMULATED Odoo
2026-06-30T20:00:00Z,KMB-S05,KMB-P0010,39,39,l,SIMULATED Odoo
2026-06-30T20:00:00Z,KMB-S05,KMB-P0011,113,112,each,SIMULATED Odoo
2026-06-30T20:00:00Z,KMB-S05,KMB-P0012,58,58,kg,SIMULATED Odoo
2026-06-30T20:00:00Z,KMB-S05,KMB-P0013,107,109,l,SIMULATED Odoo
2026-06-30T20:00:00Z,KMB-S05,KMB-P0014,29,29,each,SIMULATED Odoo
2026-06-30T20:00:00Z,KMB-S05,KMB-P0015,34,33,kg,SIMULATED Odoo
2026-06-30T20:00:00Z,KMB-S05,KMB-P0016,0,0,l,SIMULATED Odoo
2026-06-30T20:00:00Z,KMB-S05,KMB-P0017,111,111,each,SIMULATED Odoo
2026-06-30T20:00:00Z,KMB-S05,KMB-P0018,109,109,kg,SIMULATED Odoo
2026-06-30T20:00:00Z,KMB-S05,KMB-P0019,47,49,l,SIMULATED Odoo
2026-06-30T20:00:00Z,KMB-S05,KMB-P0020,79,79,each,SIMULATED Odoo
2026-06-30T20:00:00Z,KMB-S05,KMB-P0021,78,78,kg,SIMULATED Odoo
2026-06-30T20:00:00Z,KMB-S05,KMB-P0022,112,114,l,SIMULATED Odoo
2026-06-30T20:00:00Z,KMB-S05,KMB-P0023,96,91,each,SIMULATED Odoo
2026-06-30T20:00:00Z,KMB-S05,KMB-P0024,95,97,kg,SIMULATED Odoo
2026-06-30T20:00:00Z,KMB-S05,KMB-P0025,0,0,l,SIMULATED Odoo
2026-06-30T20:00:00Z,KMB-S05,KMB-P0026,120,120,each,SIMULATED Odoo
2026-06-30T20:00:00Z,KMB-S05,KMB-P0027,116,116,kg,SIMULATED Odoo
2026-06-30T20:00:00Z,KMB-S05,KMB-P0028,99,94,l,SIMULATED Odoo
2026-06-30T20:00:00Z,KMB-S05,KMB-P0029,49,48,each,SIMULATED Odoo
2026-06-30T20:00:00Z,KMB-S05,KMB-P0030,18,18,kg,SIMULATED Odoo
2026-06-30T20:00:00Z,KMB-S05,KMB-P0031,70,69,l,SIMULATED Odoo
2026-06-30T20:00:00Z,KMB-S05,KMB-P0032,101,101,each,SIMULATED Odoo
2026-06-30T20:00:00Z,KMB-S05,KMB-P0033,60,60,kg,SIMULATED Odoo
2026-06-30T20:00:00Z,KMB-S05,KMB-P0034,51,51,l,SIMULATED Odoo
2026-06-30T20:00:00Z,KMB-S05,KMB-P0035,50,45,each,SIMULATED Odoo
2026-06-30T20:00:00Z,KMB-S05,KMB-P0036,36,36,kg,SIMULATED Odoo
2026-06-30T20:00:00Z,KMB-S05,KMB-P0037,20,20,l,SIMULATED Odoo
2026-06-30T20:00:00Z,KMB-S05,KMB-P0038,26,28,each,SIMULATED Odoo
2026-06-30T20:00:00Z,KMB-S05,KMB-P0039,12,14,kg,SIMULATED Odoo
2026-06-30T20:00:00Z,KMB-S05,KMB-P0040,34,36,l,SIMULATED Odoo
2026-06-30T20:00:00Z,KMB-S05,KMB-P0041,116,116,each,SIMULATED Odoo
2026-06-30T20:00:00Z,KMB-S05,KMB-P0042,57,57,kg,SIMULATED Odoo
2026-06-30T20:00:00Z,KMB-S05,KMB-P0043,114,114,l,SIMULATED Odoo
2026-06-30T20:00:00Z,KMB-S05,KMB-P0044,111,111,each,SIMULATED Odoo
2026-06-30T20:00:00Z,KMB-S05,KMB-P0045,75,73,kg,SIMULATED Odoo
2026-06-30T20:00:00Z,KMB-S05,KMB-P0046,93,92,l,SIMULATED Odoo
2026-06-30T20:00:00Z,KMB-S05,KMB-P0047,29,31,each,SIMULATED Odoo
2026-06-30T20:00:00Z,KMB-S05,KMB-P0048,2,0,kg,SIMULATED Odoo
2026-06-30T20:00:00Z,KMB-S05,KMB-P0049,5,3,l,SIMULATED Odoo
2026-06-30T20:00:00Z,KMB-S05,KMB-P0050,12,12,each,SIMULATED Odoo
2026-06-30T20:00:00Z,KMB-S05,KMB-P0051,109,111,kg,SIMULATED Odoo
2026-06-30T20:00:00Z,KMB-S05,KMB-P0052,70,70,l,SIMULATED Odoo
2026-06-30T20:00:00Z,KMB-S05,KMB-P0053,73,71,each,SIMULATED Odoo
2026-06-30T20:00:00Z,KMB-S05,KMB-P0054,119,119,kg,SIMULATED Odoo
2026-06-30T20:00:00Z,KMB-S05,KMB-P0055,68,67,l,SIMULATED Odoo
2026-06-30T20:00:00Z,KMB-S05,KMB-P0056,13,13,each,SIMULATED Odoo
2026-06-30T20:00:00Z,KMB-S05,KMB-P0057,62,61,kg,SIMULATED Odoo
2026-06-30T20:00:00Z,KMB-S05,KMB-P0058,83,81,l,SIMULATED Odoo
2026-06-30T20:00:00Z,KMB-S05,KMB-P0059,69,64,each,SIMULATED Odoo
2026-06-30T20:00:00Z,KMB-S05,KMB-P0060,52,51,kg,SIMULATED Odoo
2026-06-30T20:00:00Z,KMB-S05,KMB-P0061,98,98,l,SIMULATED Odoo
2026-06-30T20:00:00Z,KMB-S05,KMB-P0062,114,112,each,SIMULATED Odoo
2026-06-30T20:00:00Z,KMB-S05,KMB-P0063,61,60,kg,SIMULATED Odoo
2026-06-30T20:00:00Z,KMB-S05,KMB-P0064,108,107,l,SIMULATED Odoo
2026-06-30T20:00:00Z,KMB-S05,KMB-P0065,110,108,each,SIMULATED Odoo
2026-06-30T20:00:00Z,KMB-S05,KMB-P0066,27,27,kg,SIMULATED Odoo
2026-06-30T20:00:00Z,KMB-S05,KMB-P0067,82,84,l,SIMULATED Odoo
2026-06-30T20:00:00Z,KMB-S05,KMB-P0068,53,52,each,SIMULATED Odoo
2026-06-30T20:00:00Z,KMB-S05,KMB-P0069,77,76,kg,SIMULATED Odoo
2026-06-30T20:00:00Z,KMB-S05,KMB-P0070,112,112,l,SIMULATED Odoo
2026-06-30T20:00:00Z,KMB-S05,KMB-P0071,85,80,each,SIMULATED Odoo
2026-06-30T20:00:00Z,KMB-S05,KMB-P0072,36,35,kg,SIMULATED Odoo
2026-06-30T20:00:00Z,KMB-S05,KMB-P0073,75,75,l,SIMULATED Odoo
2026-06-30T20:00:00Z,KMB-S05,KMB-P0074,72,72,each,SIMULATED Odoo
2026-06-30T20:00:00Z,KMB-S05,KMB-P0075,100,100,kg,SIMULATED Odoo
2026-06-30T20:00:00Z,KMB-S05,KMB-P0076,71,70,l,SIMULATED Odoo
2026-06-30T20:00:00Z,KMB-S05,KMB-P0077,85,84,each,SIMULATED Odoo
2026-06-30T20:00:00Z,KMB-S05,KMB-P0078,96,96,kg,SIMULATED Odoo
2026-06-30T20:00:00Z,KMB-S05,KMB-P0079,69,64,l,SIMULATED Odoo
2026-06-30T20:00:00Z,KMB-S05,KMB-P0080,107,105,each,SIMULATED Odoo
2026-06-30T20:00:00Z,KMB-S05,KMB-P0081,89,84,kg,SIMULATED Odoo
2026-06-30T20:00:00Z,KMB-S05,KMB-P0082,18,13,l,SIMULATED Odoo
2026-06-30T20:00:00Z,KMB-S05,KMB-P0083,66,64,each,SIMULATED Odoo
2026-06-30T20:00:00Z,KMB-S05,KMB-P0084,103,103,kg,SIMULATED Odoo
2026-06-30T20:00:00Z,KMB-S05,KMB-P0085,19,19,l,SIMULATED Odoo
2026-06-30T20:00:00Z,KMB-S05,KMB-P0086,110,112,each,SIMULATED Odoo
2026-06-30T20:00:00Z,KMB-S05,KMB-P0087,73,73,kg,SIMULATED Odoo
2026-06-30T20:00:00Z,KMB-S05,KMB-P0088,82,80,l,SIMULATED Odoo
2026-06-30T20:00:00Z,KMB-S05,KMB-P0089,18,17,each,SIMULATED Odoo
2026-06-30T20:00:00Z,KMB-S05,KMB-P0090,13,13,kg,SIMULATED Odoo
2026-06-30T20:00:00Z,KMB-S05,KMB-P0091,116,114,l,SIMULATED Odoo
2026-06-30T20:00:00Z,KMB-S05,KMB-P0092,31,31,each,SIMULATED Odoo
2026-06-30T20:00:00Z,KMB-S05,KMB-P0093,117,117,kg,SIMULATED Odoo
2026-06-30T20:00:00Z,KMB-S05,KMB-P0094,114,113,l,SIMULATED Odoo
2026-06-30T20:00:00Z,KMB-S05,KMB-P0095,81,83,each,SIMULATED Odoo
2026-06-30T20:00:00Z,KMB-S05,KMB-P0096,109,109,kg,SIMULATED Odoo
2026-06-30T20:00:00Z,KMB-S05,KMB-P0097,56,58,l,SIMULATED Odoo
2026-06-30T20:00:00Z,KMB-S05,KMB-P0098,109,109,each,SIMULATED Odoo
2026-06-30T20:00:00Z,KMB-S05,KMB-P0099,88,87,kg,SIMULATED Odoo
2026-06-30T20:00:00Z,KMB-S05,KMB-P0100,117,117,l,SIMULATED Odoo
2026-06-30T20:00:00Z,KMB-S05,KMB-P0101,44,42,each,SIMULATED Odoo
2026-06-30T20:00:00Z,KMB-S05,KMB-P0102,104,102,kg,SIMULATED Odoo
2026-06-30T20:00:00Z,KMB-S05,KMB-P0103,11,9,l,SIMULATED Odoo
2026-06-30T20:00:00Z,KMB-S05,KMB-P0104,115,115,each,SIMULATED Odoo
2026-06-30T20:00:00Z,KMB-S05,KMB-P0105,43,41,kg,SIMULATED Odoo
2026-06-30T20:00:00Z,KMB-S05,KMB-P0106,53,53,l,SIMULATED Odoo
2026-06-30T20:00:00Z,KMB-S05,KMB-P0107,33,31,each,SIMULATED Odoo
2026-06-30T20:00:00Z,KMB-S05,KMB-P0108,113,113,kg,SIMULATED Odoo
2026-06-30T20:00:00Z,KMB-S05,KMB-P0109,85,80,l,SIMULATED Odoo
2026-06-30T20:00:00Z,KMB-S05,KMB-P0110,34,34,each,SIMULATED Odoo
2026-06-30T20:00:00Z,KMB-S05,KMB-P0111,74,74,kg,SIMULATED Odoo
2026-06-30T20:00:00Z,KMB-S05,KMB-P0112,41,43,l,SIMULATED Odoo
2026-06-30T20:00:00Z,KMB-S05,KMB-P0113,72,74,each,SIMULATED Odoo
2026-06-30T20:00:00Z,KMB-S05,KMB-P0114,85,84,kg,SIMULATED Odoo
2026-06-30T20:00:00Z,KMB-S05,KMB-P0115,91,91,l,SIMULATED Odoo
2026-06-30T20:00:00Z,KMB-S05,KMB-P0116,72,74,each,SIMULATED Odoo
2026-06-30T20:00:00Z,KMB-S05,KMB-P0117,91,86,kg,SIMULATED Odoo
2026-06-30T20:00:00Z,KMB-S05,KMB-P0118,48,48,l,SIMULATED Odoo
2026-06-30T20:00:00Z,KMB-S05,KMB-P0119,55,54,each,SIMULATED Odoo
2026-06-30T20:00:00Z,KMB-S06,KMB-P0000,112,110,kg,SIMULATED Odoo
2026-06-30T20:00:00Z,KMB-S06,KMB-P0001,104,106,l,SIMULATED Odoo
2026-06-30T20:00:00Z,KMB-S06,KMB-P0002,31,33,each,SIMULATED Odoo
2026-06-30T20:00:00Z,KMB-S06,KMB-P0003,79,79,kg,SIMULATED Odoo
2026-06-30T20:00:00Z,KMB-S06,KMB-P0004,52,52,l,SIMULATED Odoo
2026-06-30T20:00:00Z,KMB-S06,KMB-P0005,116,115,each,SIMULATED Odoo
2026-06-30T20:00:00Z,KMB-S06,KMB-P0006,88,88,kg,SIMULATED Odoo
2026-06-30T20:00:00Z,KMB-S06,KMB-P0007,37,37,l,SIMULATED Odoo
2026-06-30T20:00:00Z,KMB-S06,KMB-P0008,12,12,each,SIMULATED Odoo
2026-06-30T20:00:00Z,KMB-S06,KMB-P0009,9,9,kg,SIMULATED Odoo
2026-06-30T20:00:00Z,KMB-S06,KMB-P0010,67,69,l,SIMULATED Odoo
2026-06-30T20:00:00Z,KMB-S06,KMB-P0011,1,1,each,SIMULATED Odoo
2026-06-30T20:00:00Z,KMB-S06,KMB-P0012,117,115,kg,SIMULATED Odoo
2026-06-30T20:00:00Z,KMB-S06,KMB-P0013,115,113,l,SIMULATED Odoo
2026-06-30T20:00:00Z,KMB-S06,KMB-P0014,42,37,each,SIMULATED Odoo
2026-06-30T20:00:00Z,KMB-S06,KMB-P0015,101,99,kg,SIMULATED Odoo
2026-06-30T20:00:00Z,KMB-S06,KMB-P0016,117,116,l,SIMULATED Odoo
2026-06-30T20:00:00Z,KMB-S06,KMB-P0017,108,108,each,SIMULATED Odoo
2026-06-30T20:00:00Z,KMB-S06,KMB-P0018,17,16,kg,SIMULATED Odoo
2026-06-30T20:00:00Z,KMB-S06,KMB-P0019,69,69,l,SIMULATED Odoo
2026-06-30T20:00:00Z,KMB-S06,KMB-P0020,5,5,each,SIMULATED Odoo
2026-06-30T20:00:00Z,KMB-S06,KMB-P0021,20,20,kg,SIMULATED Odoo
2026-06-30T20:00:00Z,KMB-S06,KMB-P0022,103,103,l,SIMULATED Odoo
2026-06-30T20:00:00Z,KMB-S06,KMB-P0023,78,80,each,SIMULATED Odoo
2026-06-30T20:00:00Z,KMB-S06,KMB-P0024,107,107,kg,SIMULATED Odoo
2026-06-30T20:00:00Z,KMB-S06,KMB-P0025,100,102,l,SIMULATED Odoo
2026-06-30T20:00:00Z,KMB-S06,KMB-P0026,16,16,each,SIMULATED Odoo
2026-06-30T20:00:00Z,KMB-S06,KMB-P0027,63,63,kg,SIMULATED Odoo
2026-06-30T20:00:00Z,KMB-S06,KMB-P0028,28,23,l,SIMULATED Odoo
2026-06-30T20:00:00Z,KMB-S06,KMB-P0029,18,17,each,SIMULATED Odoo
2026-06-30T20:00:00Z,KMB-S06,KMB-P0030,74,73,kg,SIMULATED Odoo
2026-06-30T20:00:00Z,KMB-S06,KMB-P0031,52,51,l,SIMULATED Odoo
2026-06-30T20:00:00Z,KMB-S06,KMB-P0032,96,91,each,SIMULATED Odoo
2026-06-30T20:00:00Z,KMB-S06,KMB-P0033,66,66,kg,SIMULATED Odoo
2026-06-30T20:00:00Z,KMB-S06,KMB-P0034,36,36,l,SIMULATED Odoo
2026-06-30T20:00:00Z,KMB-S06,KMB-P0035,31,31,each,SIMULATED Odoo
2026-06-30T20:00:00Z,KMB-S06,KMB-P0036,58,58,kg,SIMULATED Odoo
2026-06-30T20:00:00Z,KMB-S06,KMB-P0037,2,2,l,SIMULATED Odoo
2026-06-30T20:00:00Z,KMB-S06,KMB-P0038,99,98,each,SIMULATED Odoo
2026-06-30T20:00:00Z,KMB-S06,KMB-P0039,34,32,kg,SIMULATED Odoo
2026-06-30T20:00:00Z,KMB-S06,KMB-P0040,25,24,l,SIMULATED Odoo
2026-06-30T20:00:00Z,KMB-S06,KMB-P0041,87,87,each,SIMULATED Odoo
2026-06-30T20:00:00Z,KMB-S06,KMB-P0042,51,50,kg,SIMULATED Odoo
2026-06-30T20:00:00Z,KMB-S06,KMB-P0043,38,37,l,SIMULATED Odoo
2026-06-30T20:00:00Z,KMB-S06,KMB-P0044,46,46,each,SIMULATED Odoo
2026-06-30T20:00:00Z,KMB-S06,KMB-P0045,6,6,kg,SIMULATED Odoo
2026-06-30T20:00:00Z,KMB-S06,KMB-P0046,109,104,l,SIMULATED Odoo
2026-06-30T20:00:00Z,KMB-S06,KMB-P0047,74,74,each,SIMULATED Odoo
2026-06-30T20:00:00Z,KMB-S06,KMB-P0048,73,73,kg,SIMULATED Odoo
2026-06-30T20:00:00Z,KMB-S06,KMB-P0049,17,12,l,SIMULATED Odoo
2026-06-30T20:00:00Z,KMB-S06,KMB-P0050,57,59,each,SIMULATED Odoo
2026-06-30T20:00:00Z,KMB-S06,KMB-P0051,73,72,kg,SIMULATED Odoo
2026-06-30T20:00:00Z,KMB-S06,KMB-P0052,20,22,l,SIMULATED Odoo
2026-06-30T20:00:00Z,KMB-S06,KMB-P0053,72,71,each,SIMULATED Odoo
2026-06-30T20:00:00Z,KMB-S06,KMB-P0054,30,25,kg,SIMULATED Odoo
2026-06-30T20:00:00Z,KMB-S06,KMB-P0055,41,41,l,SIMULATED Odoo
2026-06-30T20:00:00Z,KMB-S06,KMB-P0056,30,30,each,SIMULATED Odoo
2026-06-30T20:00:00Z,KMB-S06,KMB-P0057,86,84,kg,SIMULATED Odoo
2026-06-30T20:00:00Z,KMB-S06,KMB-P0058,63,58,l,SIMULATED Odoo
2026-06-30T20:00:00Z,KMB-S06,KMB-P0059,67,62,each,SIMULATED Odoo
2026-06-30T20:00:00Z,KMB-S06,KMB-P0060,99,99,kg,SIMULATED Odoo
2026-06-30T20:00:00Z,KMB-S06,KMB-P0061,102,97,l,SIMULATED Odoo
2026-06-30T20:00:00Z,KMB-S06,KMB-P0062,80,80,each,SIMULATED Odoo
2026-06-30T20:00:00Z,KMB-S06,KMB-P0063,11,11,kg,SIMULATED Odoo
2026-06-30T20:00:00Z,KMB-S06,KMB-P0064,110,110,l,SIMULATED Odoo
2026-06-30T20:00:00Z,KMB-S06,KMB-P0065,26,26,each,SIMULATED Odoo
2026-06-30T20:00:00Z,KMB-S06,KMB-P0066,65,64,kg,SIMULATED Odoo
2026-06-30T20:00:00Z,KMB-S06,KMB-P0067,54,54,l,SIMULATED Odoo
2026-06-30T20:00:00Z,KMB-S06,KMB-P0068,37,37,each,SIMULATED Odoo
2026-06-30T20:00:00Z,KMB-S06,KMB-P0069,21,23,kg,SIMULATED Odoo
2026-06-30T20:00:00Z,KMB-S06,KMB-P0070,84,84,l,SIMULATED Odoo
2026-06-30T20:00:00Z,KMB-S06,KMB-P0071,109,111,each,SIMULATED Odoo
2026-06-30T20:00:00Z,KMB-S06,KMB-P0072,100,98,kg,SIMULATED Odoo
2026-06-30T20:00:00Z,KMB-S06,KMB-P0073,68,68,l,SIMULATED Odoo
2026-06-30T20:00:00Z,KMB-S06,KMB-P0074,113,111,each,SIMULATED Odoo
2026-06-30T20:00:00Z,KMB-S06,KMB-P0075,67,69,kg,SIMULATED Odoo
2026-06-30T20:00:00Z,KMB-S06,KMB-P0076,72,72,l,SIMULATED Odoo
2026-06-30T20:00:00Z,KMB-S06,KMB-P0077,16,14,each,SIMULATED Odoo
2026-06-30T20:00:00Z,KMB-S06,KMB-P0078,11,10,kg,SIMULATED Odoo
2026-06-30T20:00:00Z,KMB-S06,KMB-P0079,13,11,l,SIMULATED Odoo
2026-06-30T20:00:00Z,KMB-S06,KMB-P0080,61,60,each,SIMULATED Odoo
2026-06-30T20:00:00Z,KMB-S06,KMB-P0081,32,32,kg,SIMULATED Odoo
2026-06-30T20:00:00Z,KMB-S06,KMB-P0082,48,48,l,SIMULATED Odoo
2026-06-30T20:00:00Z,KMB-S06,KMB-P0083,103,101,each,SIMULATED Odoo
2026-06-30T20:00:00Z,KMB-S06,KMB-P0084,84,79,kg,SIMULATED Odoo
2026-06-30T20:00:00Z,KMB-S06,KMB-P0085,117,117,l,SIMULATED Odoo
2026-06-30T20:00:00Z,KMB-S06,KMB-P0086,52,52,each,SIMULATED Odoo
2026-06-30T20:00:00Z,KMB-S06,KMB-P0087,93,93,kg,SIMULATED Odoo
2026-06-30T20:00:00Z,KMB-S06,KMB-P0088,97,92,l,SIMULATED Odoo
2026-06-30T20:00:00Z,KMB-S06,KMB-P0089,58,56,each,SIMULATED Odoo
2026-06-30T20:00:00Z,KMB-S06,KMB-P0090,61,56,kg,SIMULATED Odoo
2026-06-30T20:00:00Z,KMB-S06,KMB-P0091,2,2,l,SIMULATED Odoo
2026-06-30T20:00:00Z,KMB-S06,KMB-P0092,82,82,each,SIMULATED Odoo
2026-06-30T20:00:00Z,KMB-S06,KMB-P0093,66,66,kg,SIMULATED Odoo
2026-06-30T20:00:00Z,KMB-S06,KMB-P0094,60,60,l,SIMULATED Odoo
2026-06-30T20:00:00Z,KMB-S06,KMB-P0095,36,36,each,SIMULATED Odoo
2026-06-30T20:00:00Z,KMB-S06,KMB-P0096,93,93,kg,SIMULATED Odoo
2026-06-30T20:00:00Z,KMB-S06,KMB-P0097,14,13,l,SIMULATED Odoo
2026-06-30T20:00:00Z,KMB-S06,KMB-P0098,32,32,each,SIMULATED Odoo
2026-06-30T20:00:00Z,KMB-S06,KMB-P0099,95,94,kg,SIMULATED Odoo
2026-06-30T20:00:00Z,KMB-S06,KMB-P0100,93,91,l,SIMULATED Odoo
2026-06-30T20:00:00Z,KMB-S06,KMB-P0101,107,109,each,SIMULATED Odoo
2026-06-30T20:00:00Z,KMB-S06,KMB-P0102,46,46,kg,SIMULATED Odoo
2026-06-30T20:00:00Z,KMB-S06,KMB-P0103,9,9,l,SIMULATED Odoo
2026-06-30T20:00:00Z,KMB-S06,KMB-P0104,85,85,each,SIMULATED Odoo
2026-06-30T20:00:00Z,KMB-S06,KMB-P0105,8,10,kg,SIMULATED Odoo
2026-06-30T20:00:00Z,KMB-S06,KMB-P0106,26,26,l,SIMULATED Odoo
2026-06-30T20:00:00Z,KMB-S06,KMB-P0107,81,81,each,SIMULATED Odoo
2026-06-30T20:00:00Z,KMB-S06,KMB-P0108,82,77,kg,SIMULATED Odoo
2026-06-30T20:00:00Z,KMB-S06,KMB-P0109,25,25,l,SIMULATED Odoo
2026-06-30T20:00:00Z,KMB-S06,KMB-P0110,59,54,each,SIMULATED Odoo
2026-06-30T20:00:00Z,KMB-S06,KMB-P0111,90,92,kg,SIMULATED Odoo
2026-06-30T20:00:00Z,KMB-S06,KMB-P0112,119,119,l,SIMULATED Odoo
2026-06-30T20:00:00Z,KMB-S06,KMB-P0113,99,99,each,SIMULATED Odoo
2026-06-30T20:00:00Z,KMB-S06,KMB-P0114,92,87,kg,SIMULATED Odoo
2026-06-30T20:00:00Z,KMB-S06,KMB-P0115,61,59,l,SIMULATED Odoo
2026-06-30T20:00:00Z,KMB-S06,KMB-P0116,30,30,each,SIMULATED Odoo
2026-06-30T20:00:00Z,KMB-S06,KMB-P0117,32,32,kg,SIMULATED Odoo
2026-06-30T20:00:00Z,KMB-S06,KMB-P0118,0,0,l,SIMULATED Odoo
2026-06-30T20:00:00Z,KMB-S06,KMB-P0119,105,103,each,SIMULATED Odoo
2026-06-30T20:00:00Z,KMB-S07,KMB-P0000,1,0,kg,SIMULATED Odoo
2026-06-30T20:00:00Z,KMB-S07,KMB-P0001,113,115,l,SIMULATED Odoo
2026-06-30T20:00:00Z,KMB-S07,KMB-P0002,24,26,each,SIMULATED Odoo
2026-06-30T20:00:00Z,KMB-S07,KMB-P0003,25,24,kg,SIMULATED Odoo
2026-06-30T20:00:00Z,KMB-S07,KMB-P0004,84,84,l,SIMULATED Odoo
2026-06-30T20:00:00Z,KMB-S07,KMB-P0005,25,25,each,SIMULATED Odoo
2026-06-30T20:00:00Z,KMB-S07,KMB-P0006,1,1,kg,SIMULATED Odoo
2026-06-30T20:00:00Z,KMB-S07,KMB-P0007,16,16,l,SIMULATED Odoo
2026-06-30T20:00:00Z,KMB-S07,KMB-P0008,80,80,each,SIMULATED Odoo
2026-06-30T20:00:00Z,KMB-S07,KMB-P0009,21,21,kg,SIMULATED Odoo
2026-06-30T20:00:00Z,KMB-S07,KMB-P0010,106,106,l,SIMULATED Odoo
2026-06-30T20:00:00Z,KMB-S07,KMB-P0011,7,6,each,SIMULATED Odoo
2026-06-30T20:00:00Z,KMB-S07,KMB-P0012,72,74,kg,SIMULATED Odoo
2026-06-30T20:00:00Z,KMB-S07,KMB-P0013,41,41,l,SIMULATED Odoo
2026-06-30T20:00:00Z,KMB-S07,KMB-P0014,27,25,each,SIMULATED Odoo
2026-06-30T20:00:00Z,KMB-S07,KMB-P0015,64,63,kg,SIMULATED Odoo
2026-06-30T20:00:00Z,KMB-S07,KMB-P0016,23,23,l,SIMULATED Odoo
2026-06-30T20:00:00Z,KMB-S07,KMB-P0017,49,51,each,SIMULATED Odoo
2026-06-30T20:00:00Z,KMB-S07,KMB-P0018,116,111,kg,SIMULATED Odoo
2026-06-30T20:00:00Z,KMB-S07,KMB-P0019,92,92,l,SIMULATED Odoo
2026-06-30T20:00:00Z,KMB-S07,KMB-P0020,23,21,each,SIMULATED Odoo
2026-06-30T20:00:00Z,KMB-S07,KMB-P0021,32,31,kg,SIMULATED Odoo
2026-06-30T20:00:00Z,KMB-S07,KMB-P0022,84,84,l,SIMULATED Odoo
2026-06-30T20:00:00Z,KMB-S07,KMB-P0023,78,77,each,SIMULATED Odoo
2026-06-30T20:00:00Z,KMB-S07,KMB-P0024,55,54,kg,SIMULATED Odoo
2026-06-30T20:00:00Z,KMB-S07,KMB-P0025,44,42,l,SIMULATED Odoo
2026-06-30T20:00:00Z,KMB-S07,KMB-P0026,29,24,each,SIMULATED Odoo
2026-06-30T20:00:00Z,KMB-S07,KMB-P0027,99,99,kg,SIMULATED Odoo
2026-06-30T20:00:00Z,KMB-S07,KMB-P0028,88,88,l,SIMULATED Odoo
2026-06-30T20:00:00Z,KMB-S07,KMB-P0029,10,10,each,SIMULATED Odoo
2026-06-30T20:00:00Z,KMB-S07,KMB-P0030,22,24,kg,SIMULATED Odoo
2026-06-30T20:00:00Z,KMB-S07,KMB-P0031,85,87,l,SIMULATED Odoo
2026-06-30T20:00:00Z,KMB-S07,KMB-P0032,86,85,each,SIMULATED Odoo
2026-06-30T20:00:00Z,KMB-S07,KMB-P0033,78,78,kg,SIMULATED Odoo
2026-06-30T20:00:00Z,KMB-S07,KMB-P0034,105,105,l,SIMULATED Odoo
2026-06-30T20:00:00Z,KMB-S07,KMB-P0035,32,32,each,SIMULATED Odoo
2026-06-30T20:00:00Z,KMB-S07,KMB-P0036,69,68,kg,SIMULATED Odoo
2026-06-30T20:00:00Z,KMB-S07,KMB-P0037,113,111,l,SIMULATED Odoo
2026-06-30T20:00:00Z,KMB-S07,KMB-P0038,39,39,each,SIMULATED Odoo
2026-06-30T20:00:00Z,KMB-S07,KMB-P0039,64,62,kg,SIMULATED Odoo
2026-06-30T20:00:00Z,KMB-S07,KMB-P0040,72,67,l,SIMULATED Odoo
2026-06-30T20:00:00Z,KMB-S07,KMB-P0041,69,64,each,SIMULATED Odoo
2026-06-30T20:00:00Z,KMB-S07,KMB-P0042,16,16,kg,SIMULATED Odoo
2026-06-30T20:00:00Z,KMB-S07,KMB-P0043,7,7,l,SIMULATED Odoo
2026-06-30T20:00:00Z,KMB-S07,KMB-P0044,76,76,each,SIMULATED Odoo
2026-06-30T20:00:00Z,KMB-S07,KMB-P0045,24,24,kg,SIMULATED Odoo
2026-06-30T20:00:00Z,KMB-S07,KMB-P0046,52,52,l,SIMULATED Odoo
2026-06-30T20:00:00Z,KMB-S07,KMB-P0047,60,59,each,SIMULATED Odoo
2026-06-30T20:00:00Z,KMB-S07,KMB-P0048,87,87,kg,SIMULATED Odoo
2026-06-30T20:00:00Z,KMB-S07,KMB-P0049,77,72,l,SIMULATED Odoo
2026-06-30T20:00:00Z,KMB-S07,KMB-P0050,90,90,each,SIMULATED Odoo
2026-06-30T20:00:00Z,KMB-S07,KMB-P0051,106,104,kg,SIMULATED Odoo
2026-06-30T20:00:00Z,KMB-S07,KMB-P0052,72,72,l,SIMULATED Odoo
2026-06-30T20:00:00Z,KMB-S07,KMB-P0053,117,112,each,SIMULATED Odoo
2026-06-30T20:00:00Z,KMB-S07,KMB-P0054,89,89,kg,SIMULATED Odoo
2026-06-30T20:00:00Z,KMB-S07,KMB-P0055,90,90,l,SIMULATED Odoo
2026-06-30T20:00:00Z,KMB-S07,KMB-P0056,12,12,each,SIMULATED Odoo
2026-06-30T20:00:00Z,KMB-S07,KMB-P0057,3,3,kg,SIMULATED Odoo
2026-06-30T20:00:00Z,KMB-S07,KMB-P0058,82,82,l,SIMULATED Odoo
2026-06-30T20:00:00Z,KMB-S07,KMB-P0059,75,75,each,SIMULATED Odoo
2026-06-30T20:00:00Z,KMB-S07,KMB-P0060,14,14,kg,SIMULATED Odoo
2026-06-30T20:00:00Z,KMB-S07,KMB-P0061,113,113,l,SIMULATED Odoo
2026-06-30T20:00:00Z,KMB-S07,KMB-P0062,96,96,each,SIMULATED Odoo
2026-06-30T20:00:00Z,KMB-S07,KMB-P0063,23,18,kg,SIMULATED Odoo
2026-06-30T20:00:00Z,KMB-S07,KMB-P0064,26,26,l,SIMULATED Odoo
2026-06-30T20:00:00Z,KMB-S07,KMB-P0065,61,61,each,SIMULATED Odoo
2026-06-30T20:00:00Z,KMB-S07,KMB-P0066,80,80,kg,SIMULATED Odoo
2026-06-30T20:00:00Z,KMB-S07,KMB-P0067,84,84,l,SIMULATED Odoo
2026-06-30T20:00:00Z,KMB-S07,KMB-P0068,23,23,each,SIMULATED Odoo
2026-06-30T20:00:00Z,KMB-S07,KMB-P0069,37,37,kg,SIMULATED Odoo
2026-06-30T20:00:00Z,KMB-S07,KMB-P0070,62,61,l,SIMULATED Odoo
2026-06-30T20:00:00Z,KMB-S07,KMB-P0071,13,13,each,SIMULATED Odoo
2026-06-30T20:00:00Z,KMB-S07,KMB-P0072,95,94,kg,SIMULATED Odoo
2026-06-30T20:00:00Z,KMB-S07,KMB-P0073,4,4,l,SIMULATED Odoo
2026-06-30T20:00:00Z,KMB-S07,KMB-P0074,25,20,each,SIMULATED Odoo
2026-06-30T20:00:00Z,KMB-S07,KMB-P0075,115,115,kg,SIMULATED Odoo
2026-06-30T20:00:00Z,KMB-S07,KMB-P0076,120,120,l,SIMULATED Odoo
2026-06-30T20:00:00Z,KMB-S07,KMB-P0077,26,25,each,SIMULATED Odoo
2026-06-30T20:00:00Z,KMB-S07,KMB-P0078,30,28,kg,SIMULATED Odoo
2026-06-30T20:00:00Z,KMB-S07,KMB-P0079,82,82,l,SIMULATED Odoo
2026-06-30T20:00:00Z,KMB-S07,KMB-P0080,106,106,each,SIMULATED Odoo
2026-06-30T20:00:00Z,KMB-S07,KMB-P0081,25,23,kg,SIMULATED Odoo
2026-06-30T20:00:00Z,KMB-S07,KMB-P0082,113,111,l,SIMULATED Odoo
2026-06-30T20:00:00Z,KMB-S07,KMB-P0083,3,0,each,SIMULATED Odoo
2026-06-30T20:00:00Z,KMB-S07,KMB-P0084,28,28,kg,SIMULATED Odoo
2026-06-30T20:00:00Z,KMB-S07,KMB-P0085,48,48,l,SIMULATED Odoo
2026-06-30T20:00:00Z,KMB-S07,KMB-P0086,103,103,each,SIMULATED Odoo
2026-06-30T20:00:00Z,KMB-S07,KMB-P0087,75,75,kg,SIMULATED Odoo
2026-06-30T20:00:00Z,KMB-S07,KMB-P0088,8,8,l,SIMULATED Odoo
2026-06-30T20:00:00Z,KMB-S07,KMB-P0089,116,118,each,SIMULATED Odoo
2026-06-30T20:00:00Z,KMB-S07,KMB-P0090,78,78,kg,SIMULATED Odoo
2026-06-30T20:00:00Z,KMB-S07,KMB-P0091,11,6,l,SIMULATED Odoo
2026-06-30T20:00:00Z,KMB-S07,KMB-P0092,49,48,each,SIMULATED Odoo
2026-06-30T20:00:00Z,KMB-S07,KMB-P0093,81,81,kg,SIMULATED Odoo
2026-06-30T20:00:00Z,KMB-S07,KMB-P0094,32,27,l,SIMULATED Odoo
2026-06-30T20:00:00Z,KMB-S07,KMB-P0095,15,15,each,SIMULATED Odoo
2026-06-30T20:00:00Z,KMB-S07,KMB-P0096,119,119,kg,SIMULATED Odoo
2026-06-30T20:00:00Z,KMB-S07,KMB-P0097,97,97,l,SIMULATED Odoo
2026-06-30T20:00:00Z,KMB-S07,KMB-P0098,79,74,each,SIMULATED Odoo
2026-06-30T20:00:00Z,KMB-S07,KMB-P0099,120,115,kg,SIMULATED Odoo
2026-06-30T20:00:00Z,KMB-S07,KMB-P0100,62,61,l,SIMULATED Odoo
2026-06-30T20:00:00Z,KMB-S07,KMB-P0101,65,60,each,SIMULATED Odoo
2026-06-30T20:00:00Z,KMB-S07,KMB-P0102,117,116,kg,SIMULATED Odoo
2026-06-30T20:00:00Z,KMB-S07,KMB-P0103,72,71,l,SIMULATED Odoo
2026-06-30T20:00:00Z,KMB-S07,KMB-P0104,76,76,each,SIMULATED Odoo
2026-06-30T20:00:00Z,KMB-S07,KMB-P0105,100,98,kg,SIMULATED Odoo
2026-06-30T20:00:00Z,KMB-S07,KMB-P0106,105,105,l,SIMULATED Odoo
2026-06-30T20:00:00Z,KMB-S07,KMB-P0107,91,86,each,SIMULATED Odoo
2026-06-30T20:00:00Z,KMB-S07,KMB-P0108,37,37,kg,SIMULATED Odoo
2026-06-30T20:00:00Z,KMB-S07,KMB-P0109,37,35,l,SIMULATED Odoo
2026-06-30T20:00:00Z,KMB-S07,KMB-P0110,85,85,each,SIMULATED Odoo
2026-06-30T20:00:00Z,KMB-S07,KMB-P0111,49,49,kg,SIMULATED Odoo
2026-06-30T20:00:00Z,KMB-S07,KMB-P0112,12,10,l,SIMULATED Odoo
2026-06-30T20:00:00Z,KMB-S07,KMB-P0113,90,90,each,SIMULATED Odoo
2026-06-30T20:00:00Z,KMB-S07,KMB-P0114,104,99,kg,SIMULATED Odoo
2026-06-30T20:00:00Z,KMB-S07,KMB-P0115,107,107,l,SIMULATED Odoo
2026-06-30T20:00:00Z,KMB-S07,KMB-P0116,87,87,each,SIMULATED Odoo
2026-06-30T20:00:00Z,KMB-S07,KMB-P0117,108,106,kg,SIMULATED Odoo
2026-06-30T20:00:00Z,KMB-S07,KMB-P0118,36,36,l,SIMULATED Odoo
2026-06-30T20:00:00Z,KMB-S07,KMB-P0119,76,78,each,SIMULATED Odoo
2026-06-30T20:00:00Z,KMB-S08,KMB-P0000,90,85,kg,SIMULATED Odoo
2026-06-30T20:00:00Z,KMB-S08,KMB-P0001,66,64,l,SIMULATED Odoo
2026-06-30T20:00:00Z,KMB-S08,KMB-P0002,99,101,each,SIMULATED Odoo
2026-06-30T20:00:00Z,KMB-S08,KMB-P0003,15,15,kg,SIMULATED Odoo
2026-06-30T20:00:00Z,KMB-S08,KMB-P0004,30,32,l,SIMULATED Odoo
2026-06-30T20:00:00Z,KMB-S08,KMB-P0005,0,0,each,SIMULATED Odoo
2026-06-30T20:00:00Z,KMB-S08,KMB-P0006,51,46,kg,SIMULATED Odoo
2026-06-30T20:00:00Z,KMB-S08,KMB-P0007,101,100,l,SIMULATED Odoo
2026-06-30T20:00:00Z,KMB-S08,KMB-P0008,54,53,each,SIMULATED Odoo
2026-06-30T20:00:00Z,KMB-S08,KMB-P0009,58,57,kg,SIMULATED Odoo
2026-06-30T20:00:00Z,KMB-S08,KMB-P0010,75,77,l,SIMULATED Odoo
2026-06-30T20:00:00Z,KMB-S08,KMB-P0011,39,39,each,SIMULATED Odoo
2026-06-30T20:00:00Z,KMB-S08,KMB-P0012,2,4,kg,SIMULATED Odoo
2026-06-30T20:00:00Z,KMB-S08,KMB-P0013,85,85,l,SIMULATED Odoo
2026-06-30T20:00:00Z,KMB-S08,KMB-P0014,106,104,each,SIMULATED Odoo
2026-06-30T20:00:00Z,KMB-S08,KMB-P0015,88,88,kg,SIMULATED Odoo
2026-06-30T20:00:00Z,KMB-S08,KMB-P0016,76,76,l,SIMULATED Odoo
2026-06-30T20:00:00Z,KMB-S08,KMB-P0017,70,65,each,SIMULATED Odoo
2026-06-30T20:00:00Z,KMB-S08,KMB-P0018,118,116,kg,SIMULATED Odoo
2026-06-30T20:00:00Z,KMB-S08,KMB-P0019,27,26,l,SIMULATED Odoo
2026-06-30T20:00:00Z,KMB-S08,KMB-P0020,48,48,each,SIMULATED Odoo
2026-06-30T20:00:00Z,KMB-S08,KMB-P0021,61,56,kg,SIMULATED Odoo
2026-06-30T20:00:00Z,KMB-S08,KMB-P0022,6,4,l,SIMULATED Odoo
2026-06-30T20:00:00Z,KMB-S08,KMB-P0023,17,17,each,SIMULATED Odoo
2026-06-30T20:00:00Z,KMB-S08,KMB-P0024,19,19,kg,SIMULATED Odoo
2026-06-30T20:00:00Z,KMB-S08,KMB-P0025,46,46,l,SIMULATED Odoo
2026-06-30T20:00:00Z,KMB-S08,KMB-P0026,3,3,each,SIMULATED Odoo
2026-06-30T20:00:00Z,KMB-S08,KMB-P0027,90,92,kg,SIMULATED Odoo
2026-06-30T20:00:00Z,KMB-S08,KMB-P0028,5,5,l,SIMULATED Odoo
2026-06-30T20:00:00Z,KMB-S08,KMB-P0029,113,113,each,SIMULATED Odoo
2026-06-30T20:00:00Z,KMB-S08,KMB-P0030,89,89,kg,SIMULATED Odoo
2026-06-30T20:00:00Z,KMB-S08,KMB-P0031,91,91,l,SIMULATED Odoo
2026-06-30T20:00:00Z,KMB-S08,KMB-P0032,61,63,each,SIMULATED Odoo
2026-06-30T20:00:00Z,KMB-S08,KMB-P0033,59,54,kg,SIMULATED Odoo
2026-06-30T20:00:00Z,KMB-S08,KMB-P0034,63,62,l,SIMULATED Odoo
2026-06-30T20:00:00Z,KMB-S08,KMB-P0035,112,114,each,SIMULATED Odoo
2026-06-30T20:00:00Z,KMB-S08,KMB-P0036,74,74,kg,SIMULATED Odoo
2026-06-30T20:00:00Z,KMB-S08,KMB-P0037,97,99,l,SIMULATED Odoo
2026-06-30T20:00:00Z,KMB-S08,KMB-P0038,95,95,each,SIMULATED Odoo
2026-06-30T20:00:00Z,KMB-S08,KMB-P0039,92,92,kg,SIMULATED Odoo
2026-06-30T20:00:00Z,KMB-S08,KMB-P0040,81,79,l,SIMULATED Odoo
2026-06-30T20:00:00Z,KMB-S08,KMB-P0041,47,45,each,SIMULATED Odoo
2026-06-30T20:00:00Z,KMB-S08,KMB-P0042,11,9,kg,SIMULATED Odoo
2026-06-30T20:00:00Z,KMB-S08,KMB-P0043,20,22,l,SIMULATED Odoo
2026-06-30T20:00:00Z,KMB-S08,KMB-P0044,42,42,each,SIMULATED Odoo
2026-06-30T20:00:00Z,KMB-S08,KMB-P0045,28,26,kg,SIMULATED Odoo
2026-06-30T20:00:00Z,KMB-S08,KMB-P0046,120,120,l,SIMULATED Odoo
2026-06-30T20:00:00Z,KMB-S08,KMB-P0047,35,35,each,SIMULATED Odoo
2026-06-30T20:00:00Z,KMB-S08,KMB-P0048,51,51,kg,SIMULATED Odoo
2026-06-30T20:00:00Z,KMB-S08,KMB-P0049,65,60,l,SIMULATED Odoo
2026-06-30T20:00:00Z,KMB-S08,KMB-P0050,38,33,each,SIMULATED Odoo
2026-06-30T20:00:00Z,KMB-S08,KMB-P0051,30,32,kg,SIMULATED Odoo
2026-06-30T20:00:00Z,KMB-S08,KMB-P0052,88,88,l,SIMULATED Odoo
2026-06-30T20:00:00Z,KMB-S08,KMB-P0053,100,100,each,SIMULATED Odoo
2026-06-30T20:00:00Z,KMB-S08,KMB-P0054,100,100,kg,SIMULATED Odoo
2026-06-30T20:00:00Z,KMB-S08,KMB-P0055,69,64,l,SIMULATED Odoo
2026-06-30T20:00:00Z,KMB-S08,KMB-P0056,13,15,each,SIMULATED Odoo
2026-06-30T20:00:00Z,KMB-S08,KMB-P0057,117,117,kg,SIMULATED Odoo
2026-06-30T20:00:00Z,KMB-S08,KMB-P0058,40,40,l,SIMULATED Odoo
2026-06-30T20:00:00Z,KMB-S08,KMB-P0059,23,21,each,SIMULATED Odoo
2026-06-30T20:00:00Z,KMB-S08,KMB-P0060,116,115,kg,SIMULATED Odoo
2026-06-30T20:00:00Z,KMB-S08,KMB-P0061,62,62,l,SIMULATED Odoo
2026-06-30T20:00:00Z,KMB-S08,KMB-P0062,48,46,each,SIMULATED Odoo
2026-06-30T20:00:00Z,KMB-S08,KMB-P0063,26,24,kg,SIMULATED Odoo
2026-06-30T20:00:00Z,KMB-S08,KMB-P0064,57,55,l,SIMULATED Odoo
2026-06-30T20:00:00Z,KMB-S08,KMB-P0065,64,64,each,SIMULATED Odoo
2026-06-30T20:00:00Z,KMB-S08,KMB-P0066,56,56,kg,SIMULATED Odoo
2026-06-30T20:00:00Z,KMB-S08,KMB-P0067,3,2,l,SIMULATED Odoo
2026-06-30T20:00:00Z,KMB-S08,KMB-P0068,42,37,each,SIMULATED Odoo
2026-06-30T20:00:00Z,KMB-S08,KMB-P0069,93,93,kg,SIMULATED Odoo
2026-06-30T20:00:00Z,KMB-S08,KMB-P0070,48,48,l,SIMULATED Odoo
2026-06-30T20:00:00Z,KMB-S08,KMB-P0071,87,85,each,SIMULATED Odoo
2026-06-30T20:00:00Z,KMB-S08,KMB-P0072,55,53,kg,SIMULATED Odoo
2026-06-30T20:00:00Z,KMB-S08,KMB-P0073,117,117,l,SIMULATED Odoo
2026-06-30T20:00:00Z,KMB-S08,KMB-P0074,119,119,each,SIMULATED Odoo
2026-06-30T20:00:00Z,KMB-S08,KMB-P0075,3,3,kg,SIMULATED Odoo
2026-06-30T20:00:00Z,KMB-S08,KMB-P0076,105,105,l,SIMULATED Odoo
2026-06-30T20:00:00Z,KMB-S08,KMB-P0077,2,0,each,SIMULATED Odoo
2026-06-30T20:00:00Z,KMB-S08,KMB-P0078,28,30,kg,SIMULATED Odoo
2026-06-30T20:00:00Z,KMB-S08,KMB-P0079,120,122,l,SIMULATED Odoo
2026-06-30T20:00:00Z,KMB-S08,KMB-P0080,20,22,each,SIMULATED Odoo
2026-06-30T20:00:00Z,KMB-S08,KMB-P0081,68,68,kg,SIMULATED Odoo
2026-06-30T20:00:00Z,KMB-S08,KMB-P0082,98,96,l,SIMULATED Odoo
2026-06-30T20:00:00Z,KMB-S08,KMB-P0083,74,72,each,SIMULATED Odoo
2026-06-30T20:00:00Z,KMB-S08,KMB-P0084,5,5,kg,SIMULATED Odoo
2026-06-30T20:00:00Z,KMB-S08,KMB-P0085,4,4,l,SIMULATED Odoo
2026-06-30T20:00:00Z,KMB-S08,KMB-P0086,74,72,each,SIMULATED Odoo
2026-06-30T20:00:00Z,KMB-S08,KMB-P0087,40,40,kg,SIMULATED Odoo
2026-06-30T20:00:00Z,KMB-S08,KMB-P0088,93,93,l,SIMULATED Odoo
2026-06-30T20:00:00Z,KMB-S08,KMB-P0089,93,88,each,SIMULATED Odoo
2026-06-30T20:00:00Z,KMB-S08,KMB-P0090,94,96,kg,SIMULATED Odoo
2026-06-30T20:00:00Z,KMB-S08,KMB-P0091,2,2,l,SIMULATED Odoo
2026-06-30T20:00:00Z,KMB-S08,KMB-P0092,37,32,each,SIMULATED Odoo
2026-06-30T20:00:00Z,KMB-S08,KMB-P0093,26,24,kg,SIMULATED Odoo
2026-06-30T20:00:00Z,KMB-S08,KMB-P0094,22,22,l,SIMULATED Odoo
2026-06-30T20:00:00Z,KMB-S08,KMB-P0095,77,72,each,SIMULATED Odoo
2026-06-30T20:00:00Z,KMB-S08,KMB-P0096,112,111,kg,SIMULATED Odoo
2026-06-30T20:00:00Z,KMB-S08,KMB-P0097,97,97,l,SIMULATED Odoo
2026-06-30T20:00:00Z,KMB-S08,KMB-P0098,88,87,each,SIMULATED Odoo
2026-06-30T20:00:00Z,KMB-S08,KMB-P0099,120,118,kg,SIMULATED Odoo
2026-06-30T20:00:00Z,KMB-S08,KMB-P0100,33,33,l,SIMULATED Odoo
2026-06-30T20:00:00Z,KMB-S08,KMB-P0101,10,8,each,SIMULATED Odoo
2026-06-30T20:00:00Z,KMB-S08,KMB-P0102,7,6,kg,SIMULATED Odoo
2026-06-30T20:00:00Z,KMB-S08,KMB-P0103,53,51,l,SIMULATED Odoo
2026-06-30T20:00:00Z,KMB-S08,KMB-P0104,59,54,each,SIMULATED Odoo
2026-06-30T20:00:00Z,KMB-S08,KMB-P0105,48,48,kg,SIMULATED Odoo
2026-06-30T20:00:00Z,KMB-S08,KMB-P0106,87,86,l,SIMULATED Odoo
2026-06-30T20:00:00Z,KMB-S08,KMB-P0107,63,63,each,SIMULATED Odoo
2026-06-30T20:00:00Z,KMB-S08,KMB-P0108,34,33,kg,SIMULATED Odoo
2026-06-30T20:00:00Z,KMB-S08,KMB-P0109,13,13,l,SIMULATED Odoo
2026-06-30T20:00:00Z,KMB-S08,KMB-P0110,61,59,each,SIMULATED Odoo
2026-06-30T20:00:00Z,KMB-S08,KMB-P0111,101,100,kg,SIMULATED Odoo
2026-06-30T20:00:00Z,KMB-S08,KMB-P0112,68,68,l,SIMULATED Odoo
2026-06-30T20:00:00Z,KMB-S08,KMB-P0113,33,28,each,SIMULATED Odoo
2026-06-30T20:00:00Z,KMB-S08,KMB-P0114,120,115,kg,SIMULATED Odoo
2026-06-30T20:00:00Z,KMB-S08,KMB-P0115,75,75,l,SIMULATED Odoo
2026-06-30T20:00:00Z,KMB-S08,KMB-P0116,71,66,each,SIMULATED Odoo
2026-06-30T20:00:00Z,KMB-S08,KMB-P0117,74,74,kg,SIMULATED Odoo
2026-06-30T20:00:00Z,KMB-S08,KMB-P0118,88,87,l,SIMULATED Odoo
2026-06-30T20:00:00Z,KMB-S08,KMB-P0119,97,99,each,SIMULATED Odoo
2026-06-30T20:00:00Z,KMB-S09,KMB-P0000,57,55,kg,SIMULATED Odoo
2026-06-30T20:00:00Z,KMB-S09,KMB-P0001,50,52,l,SIMULATED Odoo
2026-06-30T20:00:00Z,KMB-S09,KMB-P0002,71,73,each,SIMULATED Odoo
2026-06-30T20:00:00Z,KMB-S09,KMB-P0003,10,5,kg,SIMULATED Odoo
2026-06-30T20:00:00Z,KMB-S09,KMB-P0004,108,106,l,SIMULATED Odoo
2026-06-30T20:00:00Z,KMB-S09,KMB-P0005,117,112,each,SIMULATED Odoo
2026-06-30T20:00:00Z,KMB-S09,KMB-P0006,99,97,kg,SIMULATED Odoo
2026-06-30T20:00:00Z,KMB-S09,KMB-P0007,9,9,l,SIMULATED Odoo
2026-06-30T20:00:00Z,KMB-S09,KMB-P0008,110,109,each,SIMULATED Odoo
2026-06-30T20:00:00Z,KMB-S09,KMB-P0009,87,87,kg,SIMULATED Odoo
2026-06-30T20:00:00Z,KMB-S09,KMB-P0010,73,73,l,SIMULATED Odoo
2026-06-30T20:00:00Z,KMB-S09,KMB-P0011,70,70,each,SIMULATED Odoo
2026-06-30T20:00:00Z,KMB-S09,KMB-P0012,94,89,kg,SIMULATED Odoo
2026-06-30T20:00:00Z,KMB-S09,KMB-P0013,43,38,l,SIMULATED Odoo
2026-06-30T20:00:00Z,KMB-S09,KMB-P0014,78,73,each,SIMULATED Odoo
2026-06-30T20:00:00Z,KMB-S09,KMB-P0015,116,116,kg,SIMULATED Odoo
2026-06-30T20:00:00Z,KMB-S09,KMB-P0016,91,90,l,SIMULATED Odoo
2026-06-30T20:00:00Z,KMB-S09,KMB-P0017,59,59,each,SIMULATED Odoo
2026-06-30T20:00:00Z,KMB-S09,KMB-P0018,76,76,kg,SIMULATED Odoo
2026-06-30T20:00:00Z,KMB-S09,KMB-P0019,43,38,l,SIMULATED Odoo
2026-06-30T20:00:00Z,KMB-S09,KMB-P0020,109,104,each,SIMULATED Odoo
2026-06-30T20:00:00Z,KMB-S09,KMB-P0021,34,32,kg,SIMULATED Odoo
2026-06-30T20:00:00Z,KMB-S09,KMB-P0022,109,107,l,SIMULATED Odoo
2026-06-30T20:00:00Z,KMB-S09,KMB-P0023,65,67,each,SIMULATED Odoo
2026-06-30T20:00:00Z,KMB-S09,KMB-P0024,7,9,kg,SIMULATED Odoo
2026-06-30T20:00:00Z,KMB-S09,KMB-P0025,44,43,l,SIMULATED Odoo
2026-06-30T20:00:00Z,KMB-S09,KMB-P0026,17,17,each,SIMULATED Odoo
2026-06-30T20:00:00Z,KMB-S09,KMB-P0027,21,23,kg,SIMULATED Odoo
2026-06-30T20:00:00Z,KMB-S09,KMB-P0028,37,36,l,SIMULATED Odoo
2026-06-30T20:00:00Z,KMB-S09,KMB-P0029,52,50,each,SIMULATED Odoo
2026-06-30T20:00:00Z,KMB-S09,KMB-P0030,91,89,kg,SIMULATED Odoo
2026-06-30T20:00:00Z,KMB-S09,KMB-P0031,112,114,l,SIMULATED Odoo
2026-06-30T20:00:00Z,KMB-S09,KMB-P0032,28,28,each,SIMULATED Odoo
2026-06-30T20:00:00Z,KMB-S09,KMB-P0033,85,85,kg,SIMULATED Odoo
2026-06-30T20:00:00Z,KMB-S09,KMB-P0034,13,15,l,SIMULATED Odoo
2026-06-30T20:00:00Z,KMB-S09,KMB-P0035,3,0,each,SIMULATED Odoo
2026-06-30T20:00:00Z,KMB-S09,KMB-P0036,98,96,kg,SIMULATED Odoo
2026-06-30T20:00:00Z,KMB-S09,KMB-P0037,26,21,l,SIMULATED Odoo
2026-06-30T20:00:00Z,KMB-S09,KMB-P0038,107,107,each,SIMULATED Odoo
2026-06-30T20:00:00Z,KMB-S09,KMB-P0039,32,32,kg,SIMULATED Odoo
2026-06-30T20:00:00Z,KMB-S09,KMB-P0040,72,70,l,SIMULATED Odoo
2026-06-30T20:00:00Z,KMB-S09,KMB-P0041,18,18,each,SIMULATED Odoo
2026-06-30T20:00:00Z,KMB-S09,KMB-P0042,1,3,kg,SIMULATED Odoo
2026-06-30T20:00:00Z,KMB-S09,KMB-P0043,93,93,l,SIMULATED Odoo
2026-06-30T20:00:00Z,KMB-S09,KMB-P0044,84,82,each,SIMULATED Odoo
2026-06-30T20:00:00Z,KMB-S09,KMB-P0045,118,118,kg,SIMULATED Odoo
2026-06-30T20:00:00Z,KMB-S09,KMB-P0046,70,70,l,SIMULATED Odoo
2026-06-30T20:00:00Z,KMB-S09,KMB-P0047,32,32,each,SIMULATED Odoo
2026-06-30T20:00:00Z,KMB-S09,KMB-P0048,118,118,kg,SIMULATED Odoo
2026-06-30T20:00:00Z,KMB-S09,KMB-P0049,113,108,l,SIMULATED Odoo
2026-06-30T20:00:00Z,KMB-S09,KMB-P0050,100,100,each,SIMULATED Odoo
2026-06-30T20:00:00Z,KMB-S09,KMB-P0051,81,83,kg,SIMULATED Odoo
2026-06-30T20:00:00Z,KMB-S09,KMB-P0052,63,63,l,SIMULATED Odoo
2026-06-30T20:00:00Z,KMB-S09,KMB-P0053,100,100,each,SIMULATED Odoo
2026-06-30T20:00:00Z,KMB-S09,KMB-P0054,40,40,kg,SIMULATED Odoo
2026-06-30T20:00:00Z,KMB-S09,KMB-P0055,55,55,l,SIMULATED Odoo
2026-06-30T20:00:00Z,KMB-S09,KMB-P0056,114,114,each,SIMULATED Odoo
2026-06-30T20:00:00Z,KMB-S09,KMB-P0057,49,51,kg,SIMULATED Odoo
2026-06-30T20:00:00Z,KMB-S09,KMB-P0058,55,55,l,SIMULATED Odoo
2026-06-30T20:00:00Z,KMB-S09,KMB-P0059,69,71,each,SIMULATED Odoo
2026-06-30T20:00:00Z,KMB-S09,KMB-P0060,83,85,kg,SIMULATED Odoo
2026-06-30T20:00:00Z,KMB-S09,KMB-P0061,2,2,l,SIMULATED Odoo
2026-06-30T20:00:00Z,KMB-S09,KMB-P0062,111,111,each,SIMULATED Odoo
2026-06-30T20:00:00Z,KMB-S09,KMB-P0063,45,47,kg,SIMULATED Odoo
2026-06-30T20:00:00Z,KMB-S09,KMB-P0064,38,37,l,SIMULATED Odoo
2026-06-30T20:00:00Z,KMB-S09,KMB-P0065,80,82,each,SIMULATED Odoo
2026-06-30T20:00:00Z,KMB-S09,KMB-P0066,95,93,kg,SIMULATED Odoo
2026-06-30T20:00:00Z,KMB-S09,KMB-P0067,107,102,l,SIMULATED Odoo
2026-06-30T20:00:00Z,KMB-S09,KMB-P0068,120,118,each,SIMULATED Odoo
2026-06-30T20:00:00Z,KMB-S09,KMB-P0069,15,15,kg,SIMULATED Odoo
2026-06-30T20:00:00Z,KMB-S09,KMB-P0070,87,85,l,SIMULATED Odoo
2026-06-30T20:00:00Z,KMB-S09,KMB-P0071,67,66,each,SIMULATED Odoo
2026-06-30T20:00:00Z,KMB-S09,KMB-P0072,118,116,kg,SIMULATED Odoo
2026-06-30T20:00:00Z,KMB-S09,KMB-P0073,1,1,l,SIMULATED Odoo
2026-06-30T20:00:00Z,KMB-S09,KMB-P0074,21,20,each,SIMULATED Odoo
2026-06-30T20:00:00Z,KMB-S09,KMB-P0075,32,34,kg,SIMULATED Odoo
2026-06-30T20:00:00Z,KMB-S09,KMB-P0076,14,12,l,SIMULATED Odoo
2026-06-30T20:00:00Z,KMB-S09,KMB-P0077,105,105,each,SIMULATED Odoo
2026-06-30T20:00:00Z,KMB-S09,KMB-P0078,88,88,kg,SIMULATED Odoo
2026-06-30T20:00:00Z,KMB-S09,KMB-P0079,95,97,l,SIMULATED Odoo
2026-06-30T20:00:00Z,KMB-S09,KMB-P0080,49,44,each,SIMULATED Odoo
2026-06-30T20:00:00Z,KMB-S09,KMB-P0081,95,93,kg,SIMULATED Odoo
2026-06-30T20:00:00Z,KMB-S09,KMB-P0082,91,89,l,SIMULATED Odoo
2026-06-30T20:00:00Z,KMB-S09,KMB-P0083,71,71,each,SIMULATED Odoo
2026-06-30T20:00:00Z,KMB-S09,KMB-P0084,75,70,kg,SIMULATED Odoo
2026-06-30T20:00:00Z,KMB-S09,KMB-P0085,26,26,l,SIMULATED Odoo
2026-06-30T20:00:00Z,KMB-S09,KMB-P0086,26,26,each,SIMULATED Odoo
2026-06-30T20:00:00Z,KMB-S09,KMB-P0087,65,65,kg,SIMULATED Odoo
2026-06-30T20:00:00Z,KMB-S09,KMB-P0088,43,43,l,SIMULATED Odoo
2026-06-30T20:00:00Z,KMB-S09,KMB-P0089,81,80,each,SIMULATED Odoo
2026-06-30T20:00:00Z,KMB-S09,KMB-P0090,63,63,kg,SIMULATED Odoo
2026-06-30T20:00:00Z,KMB-S09,KMB-P0091,101,96,l,SIMULATED Odoo
2026-06-30T20:00:00Z,KMB-S09,KMB-P0092,84,84,each,SIMULATED Odoo
2026-06-30T20:00:00Z,KMB-S09,KMB-P0093,90,88,kg,SIMULATED Odoo
2026-06-30T20:00:00Z,KMB-S09,KMB-P0094,41,41,l,SIMULATED Odoo
2026-06-30T20:00:00Z,KMB-S09,KMB-P0095,103,98,each,SIMULATED Odoo
2026-06-30T20:00:00Z,KMB-S09,KMB-P0096,0,0,kg,SIMULATED Odoo
2026-06-30T20:00:00Z,KMB-S09,KMB-P0097,84,83,l,SIMULATED Odoo
2026-06-30T20:00:00Z,KMB-S09,KMB-P0098,49,49,each,SIMULATED Odoo
2026-06-30T20:00:00Z,KMB-S09,KMB-P0099,6,1,kg,SIMULATED Odoo
2026-06-30T20:00:00Z,KMB-S09,KMB-P0100,104,104,l,SIMULATED Odoo
2026-06-30T20:00:00Z,KMB-S09,KMB-P0101,78,78,each,SIMULATED Odoo
2026-06-30T20:00:00Z,KMB-S09,KMB-P0102,109,111,kg,SIMULATED Odoo
2026-06-30T20:00:00Z,KMB-S09,KMB-P0103,26,25,l,SIMULATED Odoo
2026-06-30T20:00:00Z,KMB-S09,KMB-P0104,104,106,each,SIMULATED Odoo
2026-06-30T20:00:00Z,KMB-S09,KMB-P0105,32,27,kg,SIMULATED Odoo
2026-06-30T20:00:00Z,KMB-S09,KMB-P0106,112,110,l,SIMULATED Odoo
2026-06-30T20:00:00Z,KMB-S09,KMB-P0107,32,27,each,SIMULATED Odoo
2026-06-30T20:00:00Z,KMB-S09,KMB-P0108,94,94,kg,SIMULATED Odoo
2026-06-30T20:00:00Z,KMB-S09,KMB-P0109,44,44,l,SIMULATED Odoo
2026-06-30T20:00:00Z,KMB-S09,KMB-P0110,10,5,each,SIMULATED Odoo
2026-06-30T20:00:00Z,KMB-S09,KMB-P0111,52,47,kg,SIMULATED Odoo
2026-06-30T20:00:00Z,KMB-S09,KMB-P0112,84,82,l,SIMULATED Odoo
2026-06-30T20:00:00Z,KMB-S09,KMB-P0113,90,90,each,SIMULATED Odoo
2026-06-30T20:00:00Z,KMB-S09,KMB-P0114,85,84,kg,SIMULATED Odoo
2026-06-30T20:00:00Z,KMB-S09,KMB-P0115,57,59,l,SIMULATED Odoo
2026-06-30T20:00:00Z,KMB-S09,KMB-P0116,24,22,each,SIMULATED Odoo
2026-06-30T20:00:00Z,KMB-S09,KMB-P0117,108,107,kg,SIMULATED Odoo
2026-06-30T20:00:00Z,KMB-S09,KMB-P0118,52,47,l,SIMULATED Odoo
2026-06-30T20:00:00Z,KMB-S09,KMB-P0119,59,57,each,SIMULATED Odoo
2026-06-30T20:00:00Z,KMB-S10,KMB-P0000,30,25,kg,SIMULATED Odoo
2026-06-30T20:00:00Z,KMB-S10,KMB-P0001,36,34,l,SIMULATED Odoo
2026-06-30T20:00:00Z,KMB-S10,KMB-P0002,79,74,each,SIMULATED Odoo
2026-06-30T20:00:00Z,KMB-S10,KMB-P0003,72,67,kg,SIMULATED Odoo
2026-06-30T20:00:00Z,KMB-S10,KMB-P0004,102,102,l,SIMULATED Odoo
2026-06-30T20:00:00Z,KMB-S10,KMB-P0005,118,118,each,SIMULATED Odoo
2026-06-30T20:00:00Z,KMB-S10,KMB-P0006,108,110,kg,SIMULATED Odoo
2026-06-30T20:00:00Z,KMB-S10,KMB-P0007,27,27,l,SIMULATED Odoo
2026-06-30T20:00:00Z,KMB-S10,KMB-P0008,120,120,each,SIMULATED Odoo
2026-06-30T20:00:00Z,KMB-S10,KMB-P0009,26,26,kg,SIMULATED Odoo
2026-06-30T20:00:00Z,KMB-S10,KMB-P0010,64,63,l,SIMULATED Odoo
2026-06-30T20:00:00Z,KMB-S10,KMB-P0011,117,115,each,SIMULATED Odoo
2026-06-30T20:00:00Z,KMB-S10,KMB-P0012,112,112,kg,SIMULATED Odoo
2026-06-30T20:00:00Z,KMB-S10,KMB-P0013,78,76,l,SIMULATED Odoo
2026-06-30T20:00:00Z,KMB-S10,KMB-P0014,86,88,each,SIMULATED Odoo
2026-06-30T20:00:00Z,KMB-S10,KMB-P0015,104,103,kg,SIMULATED Odoo
2026-06-30T20:00:00Z,KMB-S10,KMB-P0016,116,115,l,SIMULATED Odoo
2026-06-30T20:00:00Z,KMB-S10,KMB-P0017,74,72,each,SIMULATED Odoo
2026-06-30T20:00:00Z,KMB-S10,KMB-P0018,6,6,kg,SIMULATED Odoo
2026-06-30T20:00:00Z,KMB-S10,KMB-P0019,99,94,l,SIMULATED Odoo
2026-06-30T20:00:00Z,KMB-S10,KMB-P0020,51,51,each,SIMULATED Odoo
2026-06-30T20:00:00Z,KMB-S10,KMB-P0021,75,75,kg,SIMULATED Odoo
2026-06-30T20:00:00Z,KMB-S10,KMB-P0022,110,110,l,SIMULATED Odoo
2026-06-30T20:00:00Z,KMB-S10,KMB-P0023,78,78,each,SIMULATED Odoo
2026-06-30T20:00:00Z,KMB-S10,KMB-P0024,12,7,kg,SIMULATED Odoo
2026-06-30T20:00:00Z,KMB-S10,KMB-P0025,84,86,l,SIMULATED Odoo
2026-06-30T20:00:00Z,KMB-S10,KMB-P0026,24,26,each,SIMULATED Odoo
2026-06-30T20:00:00Z,KMB-S10,KMB-P0027,80,79,kg,SIMULATED Odoo
2026-06-30T20:00:00Z,KMB-S10,KMB-P0028,91,86,l,SIMULATED Odoo
2026-06-30T20:00:00Z,KMB-S10,KMB-P0029,3,3,each,SIMULATED Odoo
2026-06-30T20:00:00Z,KMB-S10,KMB-P0030,22,22,kg,SIMULATED Odoo
2026-06-30T20:00:00Z,KMB-S10,KMB-P0031,119,119,l,SIMULATED Odoo
2026-06-30T20:00:00Z,KMB-S10,KMB-P0032,26,28,each,SIMULATED Odoo
2026-06-30T20:00:00Z,KMB-S10,KMB-P0033,5,3,kg,SIMULATED Odoo
2026-06-30T20:00:00Z,KMB-S10,KMB-P0034,84,82,l,SIMULATED Odoo
2026-06-30T20:00:00Z,KMB-S10,KMB-P0035,56,55,each,SIMULATED Odoo
2026-06-30T20:00:00Z,KMB-S10,KMB-P0036,98,97,kg,SIMULATED Odoo
2026-06-30T20:00:00Z,KMB-S10,KMB-P0037,21,23,l,SIMULATED Odoo
2026-06-30T20:00:00Z,KMB-S10,KMB-P0038,21,21,each,SIMULATED Odoo
2026-06-30T20:00:00Z,KMB-S10,KMB-P0039,11,13,kg,SIMULATED Odoo
2026-06-30T20:00:00Z,KMB-S10,KMB-P0040,74,74,l,SIMULATED Odoo
2026-06-30T20:00:00Z,KMB-S10,KMB-P0041,45,45,each,SIMULATED Odoo
2026-06-30T20:00:00Z,KMB-S10,KMB-P0042,40,39,kg,SIMULATED Odoo
2026-06-30T20:00:00Z,KMB-S10,KMB-P0043,106,104,l,SIMULATED Odoo
2026-06-30T20:00:00Z,KMB-S10,KMB-P0044,10,8,each,SIMULATED Odoo
2026-06-30T20:00:00Z,KMB-S10,KMB-P0045,74,69,kg,SIMULATED Odoo
2026-06-30T20:00:00Z,KMB-S10,KMB-P0046,83,83,l,SIMULATED Odoo
2026-06-30T20:00:00Z,KMB-S10,KMB-P0047,65,65,each,SIMULATED Odoo
2026-06-30T20:00:00Z,KMB-S10,KMB-P0048,92,92,kg,SIMULATED Odoo
2026-06-30T20:00:00Z,KMB-S10,KMB-P0049,47,42,l,SIMULATED Odoo
2026-06-30T20:00:00Z,KMB-S10,KMB-P0050,62,62,each,SIMULATED Odoo
2026-06-30T20:00:00Z,KMB-S10,KMB-P0051,12,11,kg,SIMULATED Odoo
2026-06-30T20:00:00Z,KMB-S10,KMB-P0052,105,105,l,SIMULATED Odoo
2026-06-30T20:00:00Z,KMB-S10,KMB-P0053,28,28,each,SIMULATED Odoo
2026-06-30T20:00:00Z,KMB-S10,KMB-P0054,61,59,kg,SIMULATED Odoo
2026-06-30T20:00:00Z,KMB-S10,KMB-P0055,112,112,l,SIMULATED Odoo
2026-06-30T20:00:00Z,KMB-S10,KMB-P0056,70,72,each,SIMULATED Odoo
2026-06-30T20:00:00Z,KMB-S10,KMB-P0057,95,95,kg,SIMULATED Odoo
2026-06-30T20:00:00Z,KMB-S10,KMB-P0058,31,29,l,SIMULATED Odoo
2026-06-30T20:00:00Z,KMB-S10,KMB-P0059,8,8,each,SIMULATED Odoo
2026-06-30T20:00:00Z,KMB-S10,KMB-P0060,7,5,kg,SIMULATED Odoo
2026-06-30T20:00:00Z,KMB-S10,KMB-P0061,91,91,l,SIMULATED Odoo
2026-06-30T20:00:00Z,KMB-S10,KMB-P0062,61,56,each,SIMULATED Odoo
2026-06-30T20:00:00Z,KMB-S10,KMB-P0063,59,59,kg,SIMULATED Odoo
2026-06-30T20:00:00Z,KMB-S10,KMB-P0064,78,73,l,SIMULATED Odoo
2026-06-30T20:00:00Z,KMB-S10,KMB-P0065,80,78,each,SIMULATED Odoo
2026-06-30T20:00:00Z,KMB-S10,KMB-P0066,9,4,kg,SIMULATED Odoo
2026-06-30T20:00:00Z,KMB-S10,KMB-P0067,41,40,l,SIMULATED Odoo
2026-06-30T20:00:00Z,KMB-S10,KMB-P0068,71,66,each,SIMULATED Odoo
2026-06-30T20:00:00Z,KMB-S10,KMB-P0069,69,69,kg,SIMULATED Odoo
2026-06-30T20:00:00Z,KMB-S10,KMB-P0070,107,106,l,SIMULATED Odoo
2026-06-30T20:00:00Z,KMB-S10,KMB-P0071,15,15,each,SIMULATED Odoo
2026-06-30T20:00:00Z,KMB-S10,KMB-P0072,118,118,kg,SIMULATED Odoo
2026-06-30T20:00:00Z,KMB-S10,KMB-P0073,84,83,l,SIMULATED Odoo
2026-06-30T20:00:00Z,KMB-S10,KMB-P0074,1,1,each,SIMULATED Odoo
2026-06-30T20:00:00Z,KMB-S10,KMB-P0075,117,119,kg,SIMULATED Odoo
2026-06-30T20:00:00Z,KMB-S10,KMB-P0076,20,18,l,SIMULATED Odoo
2026-06-30T20:00:00Z,KMB-S10,KMB-P0077,102,102,each,SIMULATED Odoo
2026-06-30T20:00:00Z,KMB-S10,KMB-P0078,80,80,kg,SIMULATED Odoo
2026-06-30T20:00:00Z,KMB-S10,KMB-P0079,87,82,l,SIMULATED Odoo
2026-06-30T20:00:00Z,KMB-S10,KMB-P0080,49,48,each,SIMULATED Odoo
2026-06-30T20:00:00Z,KMB-S10,KMB-P0081,51,51,kg,SIMULATED Odoo
2026-06-30T20:00:00Z,KMB-S10,KMB-P0082,79,77,l,SIMULATED Odoo
2026-06-30T20:00:00Z,KMB-S10,KMB-P0083,35,30,each,SIMULATED Odoo
2026-06-30T20:00:00Z,KMB-S10,KMB-P0084,110,105,kg,SIMULATED Odoo
2026-06-30T20:00:00Z,KMB-S10,KMB-P0085,75,70,l,SIMULATED Odoo
2026-06-30T20:00:00Z,KMB-S10,KMB-P0086,8,8,each,SIMULATED Odoo
2026-06-30T20:00:00Z,KMB-S10,KMB-P0087,61,59,kg,SIMULATED Odoo
2026-06-30T20:00:00Z,KMB-S10,KMB-P0088,63,61,l,SIMULATED Odoo
2026-06-30T20:00:00Z,KMB-S10,KMB-P0089,74,72,each,SIMULATED Odoo
2026-06-30T20:00:00Z,KMB-S10,KMB-P0090,106,101,kg,SIMULATED Odoo
2026-06-30T20:00:00Z,KMB-S10,KMB-P0091,21,21,l,SIMULATED Odoo
2026-06-30T20:00:00Z,KMB-S10,KMB-P0092,109,109,each,SIMULATED Odoo
2026-06-30T20:00:00Z,KMB-S10,KMB-P0093,54,56,kg,SIMULATED Odoo
2026-06-30T20:00:00Z,KMB-S10,KMB-P0094,109,109,l,SIMULATED Odoo
2026-06-30T20:00:00Z,KMB-S10,KMB-P0095,31,26,each,SIMULATED Odoo
2026-06-30T20:00:00Z,KMB-S10,KMB-P0096,69,71,kg,SIMULATED Odoo
2026-06-30T20:00:00Z,KMB-S10,KMB-P0097,2,2,l,SIMULATED Odoo
2026-06-30T20:00:00Z,KMB-S10,KMB-P0098,65,60,each,SIMULATED Odoo
2026-06-30T20:00:00Z,KMB-S10,KMB-P0099,40,40,kg,SIMULATED Odoo
2026-06-30T20:00:00Z,KMB-S10,KMB-P0100,105,104,l,SIMULATED Odoo
2026-06-30T20:00:00Z,KMB-S10,KMB-P0101,86,81,each,SIMULATED Odoo
2026-06-30T20:00:00Z,KMB-S10,KMB-P0102,50,52,kg,SIMULATED Odoo
2026-06-30T20:00:00Z,KMB-S10,KMB-P0103,73,71,l,SIMULATED Odoo
2026-06-30T20:00:00Z,KMB-S10,KMB-P0104,110,105,each,SIMULATED Odoo
2026-06-30T20:00:00Z,KMB-S10,KMB-P0105,20,18,kg,SIMULATED Odoo
2026-06-30T20:00:00Z,KMB-S10,KMB-P0106,97,97,l,SIMULATED Odoo
2026-06-30T20:00:00Z,KMB-S10,KMB-P0107,21,20,each,SIMULATED Odoo
2026-06-30T20:00:00Z,KMB-S10,KMB-P0108,77,72,kg,SIMULATED Odoo
2026-06-30T20:00:00Z,KMB-S10,KMB-P0109,79,81,l,SIMULATED Odoo
2026-06-30T20:00:00Z,KMB-S10,KMB-P0110,95,95,each,SIMULATED Odoo
2026-06-30T20:00:00Z,KMB-S10,KMB-P0111,24,23,kg,SIMULATED Odoo
2026-06-30T20:00:00Z,KMB-S10,KMB-P0112,95,95,l,SIMULATED Odoo
2026-06-30T20:00:00Z,KMB-S10,KMB-P0113,43,43,each,SIMULATED Odoo
2026-06-30T20:00:00Z,KMB-S10,KMB-P0114,6,1,kg,SIMULATED Odoo
2026-06-30T20:00:00Z,KMB-S10,KMB-P0115,10,12,l,SIMULATED Odoo
2026-06-30T20:00:00Z,KMB-S10,KMB-P0116,38,37,each,SIMULATED Odoo
2026-06-30T20:00:00Z,KMB-S10,KMB-P0117,4,2,kg,SIMULATED Odoo
2026-06-30T20:00:00Z,KMB-S10,KMB-P0118,7,2,l,SIMULATED Odoo
2026-06-30T20:00:00Z,KMB-S10,KMB-P0119,89,87,each,SIMULATED Odoo
2026-06-30T20:00:00Z,KMB-S11,KMB-P0000,106,101,kg,SIMULATED Odoo
2026-06-30T20:00:00Z,KMB-S11,KMB-P0001,2,2,l,SIMULATED Odoo
2026-06-30T20:00:00Z,KMB-S11,KMB-P0002,49,51,each,SIMULATED Odoo
2026-06-30T20:00:00Z,KMB-S11,KMB-P0003,65,60,kg,SIMULATED Odoo
2026-06-30T20:00:00Z,KMB-S11,KMB-P0004,29,29,l,SIMULATED Odoo
2026-06-30T20:00:00Z,KMB-S11,KMB-P0005,45,44,each,SIMULATED Odoo
2026-06-30T20:00:00Z,KMB-S11,KMB-P0006,100,98,kg,SIMULATED Odoo
2026-06-30T20:00:00Z,KMB-S11,KMB-P0007,15,13,l,SIMULATED Odoo
2026-06-30T20:00:00Z,KMB-S11,KMB-P0008,92,90,each,SIMULATED Odoo
2026-06-30T20:00:00Z,KMB-S11,KMB-P0009,51,46,kg,SIMULATED Odoo
2026-06-30T20:00:00Z,KMB-S11,KMB-P0010,82,82,l,SIMULATED Odoo
2026-06-30T20:00:00Z,KMB-S11,KMB-P0011,42,40,each,SIMULATED Odoo
2026-06-30T20:00:00Z,KMB-S11,KMB-P0012,94,89,kg,SIMULATED Odoo
2026-06-30T20:00:00Z,KMB-S11,KMB-P0013,56,56,l,SIMULATED Odoo
2026-06-30T20:00:00Z,KMB-S11,KMB-P0014,76,76,each,SIMULATED Odoo
2026-06-30T20:00:00Z,KMB-S11,KMB-P0015,79,79,kg,SIMULATED Odoo
2026-06-30T20:00:00Z,KMB-S11,KMB-P0016,53,52,l,SIMULATED Odoo
2026-06-30T20:00:00Z,KMB-S11,KMB-P0017,96,96,each,SIMULATED Odoo
2026-06-30T20:00:00Z,KMB-S11,KMB-P0018,92,92,kg,SIMULATED Odoo
2026-06-30T20:00:00Z,KMB-S11,KMB-P0019,72,70,l,SIMULATED Odoo
2026-06-30T20:00:00Z,KMB-S11,KMB-P0020,74,73,each,SIMULATED Odoo
2026-06-30T20:00:00Z,KMB-S11,KMB-P0021,12,7,kg,SIMULATED Odoo
2026-06-30T20:00:00Z,KMB-S11,KMB-P0022,110,110,l,SIMULATED Odoo
2026-06-30T20:00:00Z,KMB-S11,KMB-P0023,3,1,each,SIMULATED Odoo
2026-06-30T20:00:00Z,KMB-S11,KMB-P0024,58,58,kg,SIMULATED Odoo
2026-06-30T20:00:00Z,KMB-S11,KMB-P0025,28,28,l,SIMULATED Odoo
2026-06-30T20:00:00Z,KMB-S11,KMB-P0026,101,99,each,SIMULATED Odoo
2026-06-30T20:00:00Z,KMB-S11,KMB-P0027,60,60,kg,SIMULATED Odoo
2026-06-30T20:00:00Z,KMB-S11,KMB-P0028,41,43,l,SIMULATED Odoo
2026-06-30T20:00:00Z,KMB-S11,KMB-P0029,76,75,each,SIMULATED Odoo
2026-06-30T20:00:00Z,KMB-S11,KMB-P0030,79,77,kg,SIMULATED Odoo
2026-06-30T20:00:00Z,KMB-S11,KMB-P0031,15,10,l,SIMULATED Odoo
2026-06-30T20:00:00Z,KMB-S11,KMB-P0032,97,97,each,SIMULATED Odoo
2026-06-30T20:00:00Z,KMB-S11,KMB-P0033,104,104,kg,SIMULATED Odoo
2026-06-30T20:00:00Z,KMB-S11,KMB-P0034,28,26,l,SIMULATED Odoo
2026-06-30T20:00:00Z,KMB-S11,KMB-P0035,100,100,each,SIMULATED Odoo
2026-06-30T20:00:00Z,KMB-S11,KMB-P0036,13,12,kg,SIMULATED Odoo
2026-06-30T20:00:00Z,KMB-S11,KMB-P0037,66,61,l,SIMULATED Odoo
2026-06-30T20:00:00Z,KMB-S11,KMB-P0038,19,21,each,SIMULATED Odoo
2026-06-30T20:00:00Z,KMB-S11,KMB-P0039,48,48,kg,SIMULATED Odoo
2026-06-30T20:00:00Z,KMB-S11,KMB-P0040,101,100,l,SIMULATED Odoo
2026-06-30T20:00:00Z,KMB-S11,KMB-P0041,20,20,each,SIMULATED Odoo
2026-06-30T20:00:00Z,KMB-S11,KMB-P0042,102,97,kg,SIMULATED Odoo
2026-06-30T20:00:00Z,KMB-S11,KMB-P0043,37,35,l,SIMULATED Odoo
2026-06-30T20:00:00Z,KMB-S11,KMB-P0044,60,62,each,SIMULATED Odoo
2026-06-30T20:00:00Z,KMB-S11,KMB-P0045,110,110,kg,SIMULATED Odoo
2026-06-30T20:00:00Z,KMB-S11,KMB-P0046,38,33,l,SIMULATED Odoo
2026-06-30T20:00:00Z,KMB-S11,KMB-P0047,21,21,each,SIMULATED Odoo
2026-06-30T20:00:00Z,KMB-S11,KMB-P0048,68,68,kg,SIMULATED Odoo
2026-06-30T20:00:00Z,KMB-S11,KMB-P0049,87,85,l,SIMULATED Odoo
2026-06-30T20:00:00Z,KMB-S11,KMB-P0050,80,80,each,SIMULATED Odoo
2026-06-30T20:00:00Z,KMB-S11,KMB-P0051,52,52,kg,SIMULATED Odoo
2026-06-30T20:00:00Z,KMB-S11,KMB-P0052,23,23,l,SIMULATED Odoo
2026-06-30T20:00:00Z,KMB-S11,KMB-P0053,67,65,each,SIMULATED Odoo
2026-06-30T20:00:00Z,KMB-S11,KMB-P0054,91,91,kg,SIMULATED Odoo
2026-06-30T20:00:00Z,KMB-S11,KMB-P0055,67,62,l,SIMULATED Odoo
2026-06-30T20:00:00Z,KMB-S11,KMB-P0056,64,66,each,SIMULATED Odoo
2026-06-30T20:00:00Z,KMB-S11,KMB-P0057,49,49,kg,SIMULATED Odoo
2026-06-30T20:00:00Z,KMB-S11,KMB-P0058,47,46,l,SIMULATED Odoo
2026-06-30T20:00:00Z,KMB-S11,KMB-P0059,56,56,each,SIMULATED Odoo
2026-06-30T20:00:00Z,KMB-S11,KMB-P0060,73,73,kg,SIMULATED Odoo
2026-06-30T20:00:00Z,KMB-S11,KMB-P0061,0,2,l,SIMULATED Odoo
2026-06-30T20:00:00Z,KMB-S11,KMB-P0062,110,109,each,SIMULATED Odoo
2026-06-30T20:00:00Z,KMB-S11,KMB-P0063,103,103,kg,SIMULATED Odoo
2026-06-30T20:00:00Z,KMB-S11,KMB-P0064,114,116,l,SIMULATED Odoo
2026-06-30T20:00:00Z,KMB-S11,KMB-P0065,39,34,each,SIMULATED Odoo
2026-06-30T20:00:00Z,KMB-S11,KMB-P0066,81,81,kg,SIMULATED Odoo
2026-06-30T20:00:00Z,KMB-S11,KMB-P0067,7,6,l,SIMULATED Odoo
2026-06-30T20:00:00Z,KMB-S11,KMB-P0068,43,38,each,SIMULATED Odoo
2026-06-30T20:00:00Z,KMB-S11,KMB-P0069,63,63,kg,SIMULATED Odoo
2026-06-30T20:00:00Z,KMB-S11,KMB-P0070,7,7,l,SIMULATED Odoo
2026-06-30T20:00:00Z,KMB-S11,KMB-P0071,48,48,each,SIMULATED Odoo
2026-06-30T20:00:00Z,KMB-S11,KMB-P0072,94,92,kg,SIMULATED Odoo
2026-06-30T20:00:00Z,KMB-S11,KMB-P0073,2,1,l,SIMULATED Odoo
2026-06-30T20:00:00Z,KMB-S11,KMB-P0074,31,31,each,SIMULATED Odoo
2026-06-30T20:00:00Z,KMB-S11,KMB-P0075,49,49,kg,SIMULATED Odoo
2026-06-30T20:00:00Z,KMB-S11,KMB-P0076,5,4,l,SIMULATED Odoo
2026-06-30T20:00:00Z,KMB-S11,KMB-P0077,30,30,each,SIMULATED Odoo
2026-06-30T20:00:00Z,KMB-S11,KMB-P0078,102,97,kg,SIMULATED Odoo
2026-06-30T20:00:00Z,KMB-S11,KMB-P0079,37,35,l,SIMULATED Odoo
2026-06-30T20:00:00Z,KMB-S11,KMB-P0080,22,22,each,SIMULATED Odoo
2026-06-30T20:00:00Z,KMB-S11,KMB-P0081,91,91,kg,SIMULATED Odoo
2026-06-30T20:00:00Z,KMB-S11,KMB-P0082,18,18,l,SIMULATED Odoo
2026-06-30T20:00:00Z,KMB-S11,KMB-P0083,104,106,each,SIMULATED Odoo
2026-06-30T20:00:00Z,KMB-S11,KMB-P0084,35,33,kg,SIMULATED Odoo
2026-06-30T20:00:00Z,KMB-S11,KMB-P0085,105,104,l,SIMULATED Odoo
2026-06-30T20:00:00Z,KMB-S11,KMB-P0086,95,90,each,SIMULATED Odoo
2026-06-30T20:00:00Z,KMB-S11,KMB-P0087,23,23,kg,SIMULATED Odoo
2026-06-30T20:00:00Z,KMB-S11,KMB-P0088,93,88,l,SIMULATED Odoo
2026-06-30T20:00:00Z,KMB-S11,KMB-P0089,19,17,each,SIMULATED Odoo
2026-06-30T20:00:00Z,KMB-S11,KMB-P0090,5,5,kg,SIMULATED Odoo
2026-06-30T20:00:00Z,KMB-S11,KMB-P0091,102,97,l,SIMULATED Odoo
2026-06-30T20:00:00Z,KMB-S11,KMB-P0092,103,103,each,SIMULATED Odoo
2026-06-30T20:00:00Z,KMB-S11,KMB-P0093,12,12,kg,SIMULATED Odoo
2026-06-30T20:00:00Z,KMB-S11,KMB-P0094,45,45,l,SIMULATED Odoo
2026-06-30T20:00:00Z,KMB-S11,KMB-P0095,118,116,each,SIMULATED Odoo
2026-06-30T20:00:00Z,KMB-S11,KMB-P0096,70,68,kg,SIMULATED Odoo
2026-06-30T20:00:00Z,KMB-S11,KMB-P0097,113,113,l,SIMULATED Odoo
2026-06-30T20:00:00Z,KMB-S11,KMB-P0098,116,111,each,SIMULATED Odoo
2026-06-30T20:00:00Z,KMB-S11,KMB-P0099,6,6,kg,SIMULATED Odoo
2026-06-30T20:00:00Z,KMB-S11,KMB-P0100,80,75,l,SIMULATED Odoo
2026-06-30T20:00:00Z,KMB-S11,KMB-P0101,105,105,each,SIMULATED Odoo
2026-06-30T20:00:00Z,KMB-S11,KMB-P0102,80,78,kg,SIMULATED Odoo
2026-06-30T20:00:00Z,KMB-S11,KMB-P0103,92,91,l,SIMULATED Odoo
2026-06-30T20:00:00Z,KMB-S11,KMB-P0104,97,99,each,SIMULATED Odoo
2026-06-30T20:00:00Z,KMB-S11,KMB-P0105,13,8,kg,SIMULATED Odoo
2026-06-30T20:00:00Z,KMB-S11,KMB-P0106,28,27,l,SIMULATED Odoo
2026-06-30T20:00:00Z,KMB-S11,KMB-P0107,54,54,each,SIMULATED Odoo
2026-06-30T20:00:00Z,KMB-S11,KMB-P0108,98,98,kg,SIMULATED Odoo
2026-06-30T20:00:00Z,KMB-S11,KMB-P0109,6,6,l,SIMULATED Odoo
2026-06-30T20:00:00Z,KMB-S11,KMB-P0110,26,26,each,SIMULATED Odoo
2026-06-30T20:00:00Z,KMB-S11,KMB-P0111,113,111,kg,SIMULATED Odoo
2026-06-30T20:00:00Z,KMB-S11,KMB-P0112,99,98,l,SIMULATED Odoo
2026-06-30T20:00:00Z,KMB-S11,KMB-P0113,27,27,each,SIMULATED Odoo
2026-06-30T20:00:00Z,KMB-S11,KMB-P0114,46,48,kg,SIMULATED Odoo
2026-06-30T20:00:00Z,KMB-S11,KMB-P0115,95,93,l,SIMULATED Odoo
2026-06-30T20:00:00Z,KMB-S11,KMB-P0116,5,0,each,SIMULATED Odoo
2026-06-30T20:00:00Z,KMB-S11,KMB-P0117,42,44,kg,SIMULATED Odoo
2026-06-30T20:00:00Z,KMB-S11,KMB-P0118,53,52,l,SIMULATED Odoo
2026-06-30T20:00:00Z,KMB-S11,KMB-P0119,106,106,each,SIMULATED Odoo
2026-06-30T20:00:00Z,KMB-S12,KMB-P0000,92,87,kg,SIMULATED Odoo
2026-06-30T20:00:00Z,KMB-S12,KMB-P0001,23,25,l,SIMULATED Odoo
2026-06-30T20:00:00Z,KMB-S12,KMB-P0002,3,1,each,SIMULATED Odoo
2026-06-30T20:00:00Z,KMB-S12,KMB-P0003,96,96,kg,SIMULATED Odoo
2026-06-30T20:00:00Z,KMB-S12,KMB-P0004,46,46,l,SIMULATED Odoo
2026-06-30T20:00:00Z,KMB-S12,KMB-P0005,20,20,each,SIMULATED Odoo
2026-06-30T20:00:00Z,KMB-S12,KMB-P0006,83,82,kg,SIMULATED Odoo
2026-06-30T20:00:00Z,KMB-S12,KMB-P0007,7,5,l,SIMULATED Odoo
2026-06-30T20:00:00Z,KMB-S12,KMB-P0008,112,107,each,SIMULATED Odoo
2026-06-30T20:00:00Z,KMB-S12,KMB-P0009,51,46,kg,SIMULATED Odoo
2026-06-30T20:00:00Z,KMB-S12,KMB-P0010,71,66,l,SIMULATED Odoo
2026-06-30T20:00:00Z,KMB-S12,KMB-P0011,76,75,each,SIMULATED Odoo
2026-06-30T20:00:00Z,KMB-S12,KMB-P0012,103,103,kg,SIMULATED Odoo
2026-06-30T20:00:00Z,KMB-S12,KMB-P0013,105,100,l,SIMULATED Odoo
2026-06-30T20:00:00Z,KMB-S12,KMB-P0014,42,42,each,SIMULATED Odoo
2026-06-30T20:00:00Z,KMB-S12,KMB-P0015,67,67,kg,SIMULATED Odoo
2026-06-30T20:00:00Z,KMB-S12,KMB-P0016,31,26,l,SIMULATED Odoo
2026-06-30T20:00:00Z,KMB-S12,KMB-P0017,118,113,each,SIMULATED Odoo
2026-06-30T20:00:00Z,KMB-S12,KMB-P0018,106,106,kg,SIMULATED Odoo
2026-06-30T20:00:00Z,KMB-S12,KMB-P0019,68,66,l,SIMULATED Odoo
2026-06-30T20:00:00Z,KMB-S12,KMB-P0020,35,30,each,SIMULATED Odoo
2026-06-30T20:00:00Z,KMB-S12,KMB-P0021,15,15,kg,SIMULATED Odoo
2026-06-30T20:00:00Z,KMB-S12,KMB-P0022,80,79,l,SIMULATED Odoo
2026-06-30T20:00:00Z,KMB-S12,KMB-P0023,78,77,each,SIMULATED Odoo
2026-06-30T20:00:00Z,KMB-S12,KMB-P0024,42,40,kg,SIMULATED Odoo
2026-06-30T20:00:00Z,KMB-S12,KMB-P0025,8,3,l,SIMULATED Odoo
2026-06-30T20:00:00Z,KMB-S12,KMB-P0026,83,83,each,SIMULATED Odoo
2026-06-30T20:00:00Z,KMB-S12,KMB-P0027,103,105,kg,SIMULATED Odoo
2026-06-30T20:00:00Z,KMB-S12,KMB-P0028,30,25,l,SIMULATED Odoo
2026-06-30T20:00:00Z,KMB-S12,KMB-P0029,115,113,each,SIMULATED Odoo
2026-06-30T20:00:00Z,KMB-S12,KMB-P0030,59,54,kg,SIMULATED Odoo
2026-06-30T20:00:00Z,KMB-S12,KMB-P0031,118,118,l,SIMULATED Odoo
2026-06-30T20:00:00Z,KMB-S12,KMB-P0032,23,25,each,SIMULATED Odoo
2026-06-30T20:00:00Z,KMB-S12,KMB-P0033,6,4,kg,SIMULATED Odoo
2026-06-30T20:00:00Z,KMB-S12,KMB-P0034,11,13,l,SIMULATED Odoo
2026-06-30T20:00:00Z,KMB-S12,KMB-P0035,66,64,each,SIMULATED Odoo
2026-06-30T20:00:00Z,KMB-S12,KMB-P0036,40,38,kg,SIMULATED Odoo
2026-06-30T20:00:00Z,KMB-S12,KMB-P0037,29,29,l,SIMULATED Odoo
2026-06-30T20:00:00Z,KMB-S12,KMB-P0038,3,3,each,SIMULATED Odoo
2026-06-30T20:00:00Z,KMB-S12,KMB-P0039,95,95,kg,SIMULATED Odoo
2026-06-30T20:00:00Z,KMB-S12,KMB-P0040,42,42,l,SIMULATED Odoo
2026-06-30T20:00:00Z,KMB-S12,KMB-P0041,98,98,each,SIMULATED Odoo
2026-06-30T20:00:00Z,KMB-S12,KMB-P0042,47,49,kg,SIMULATED Odoo
2026-06-30T20:00:00Z,KMB-S12,KMB-P0043,51,53,l,SIMULATED Odoo
2026-06-30T20:00:00Z,KMB-S12,KMB-P0044,93,93,each,SIMULATED Odoo
2026-06-30T20:00:00Z,KMB-S12,KMB-P0045,30,28,kg,SIMULATED Odoo
2026-06-30T20:00:00Z,KMB-S12,KMB-P0046,67,65,l,SIMULATED Odoo
2026-06-30T20:00:00Z,KMB-S12,KMB-P0047,59,59,each,SIMULATED Odoo
2026-06-30T20:00:00Z,KMB-S12,KMB-P0048,48,43,kg,SIMULATED Odoo
2026-06-30T20:00:00Z,KMB-S12,KMB-P0049,29,27,l,SIMULATED Odoo
2026-06-30T20:00:00Z,KMB-S12,KMB-P0050,64,63,each,SIMULATED Odoo
2026-06-30T20:00:00Z,KMB-S12,KMB-P0051,9,7,kg,SIMULATED Odoo
2026-06-30T20:00:00Z,KMB-S12,KMB-P0052,47,42,l,SIMULATED Odoo
2026-06-30T20:00:00Z,KMB-S12,KMB-P0053,31,26,each,SIMULATED Odoo
2026-06-30T20:00:00Z,KMB-S12,KMB-P0054,18,18,kg,SIMULATED Odoo
2026-06-30T20:00:00Z,KMB-S12,KMB-P0055,31,30,l,SIMULATED Odoo
2026-06-30T20:00:00Z,KMB-S12,KMB-P0056,93,88,each,SIMULATED Odoo
2026-06-30T20:00:00Z,KMB-S12,KMB-P0057,11,10,kg,SIMULATED Odoo
2026-06-30T20:00:00Z,KMB-S12,KMB-P0058,16,16,l,SIMULATED Odoo
2026-06-30T20:00:00Z,KMB-S12,KMB-P0059,4,2,each,SIMULATED Odoo
2026-06-30T20:00:00Z,KMB-S12,KMB-P0060,55,53,kg,SIMULATED Odoo
2026-06-30T20:00:00Z,KMB-S12,KMB-P0061,111,111,l,SIMULATED Odoo
2026-06-30T20:00:00Z,KMB-S12,KMB-P0062,98,98,each,SIMULATED Odoo
2026-06-30T20:00:00Z,KMB-S12,KMB-P0063,83,85,kg,SIMULATED Odoo
2026-06-30T20:00:00Z,KMB-S12,KMB-P0064,80,78,l,SIMULATED Odoo
2026-06-30T20:00:00Z,KMB-S12,KMB-P0065,71,69,each,SIMULATED Odoo
2026-06-30T20:00:00Z,KMB-S12,KMB-P0066,26,21,kg,SIMULATED Odoo
2026-06-30T20:00:00Z,KMB-S12,KMB-P0067,26,21,l,SIMULATED Odoo
2026-06-30T20:00:00Z,KMB-S12,KMB-P0068,82,82,each,SIMULATED Odoo
2026-06-30T20:00:00Z,KMB-S12,KMB-P0069,1,0,kg,SIMULATED Odoo
2026-06-30T20:00:00Z,KMB-S12,KMB-P0070,93,88,l,SIMULATED Odoo
2026-06-30T20:00:00Z,KMB-S12,KMB-P0071,71,70,each,SIMULATED Odoo
2026-06-30T20:00:00Z,KMB-S12,KMB-P0072,103,103,kg,SIMULATED Odoo
2026-06-30T20:00:00Z,KMB-S12,KMB-P0073,59,59,l,SIMULATED Odoo
2026-06-30T20:00:00Z,KMB-S12,KMB-P0074,36,36,each,SIMULATED Odoo
2026-06-30T20:00:00Z,KMB-S12,KMB-P0075,50,50,kg,SIMULATED Odoo
2026-06-30T20:00:00Z,KMB-S12,KMB-P0076,49,47,l,SIMULATED Odoo
2026-06-30T20:00:00Z,KMB-S12,KMB-P0077,106,106,each,SIMULATED Odoo
2026-06-30T20:00:00Z,KMB-S12,KMB-P0078,25,25,kg,SIMULATED Odoo
2026-06-30T20:00:00Z,KMB-S12,KMB-P0079,51,53,l,SIMULATED Odoo
2026-06-30T20:00:00Z,KMB-S12,KMB-P0080,65,63,each,SIMULATED Odoo
2026-06-30T20:00:00Z,KMB-S12,KMB-P0081,72,67,kg,SIMULATED Odoo
2026-06-30T20:00:00Z,KMB-S12,KMB-P0082,0,0,l,SIMULATED Odoo
2026-06-30T20:00:00Z,KMB-S12,KMB-P0083,5,4,each,SIMULATED Odoo
2026-06-30T20:00:00Z,KMB-S12,KMB-P0084,52,52,kg,SIMULATED Odoo
2026-06-30T20:00:00Z,KMB-S12,KMB-P0085,39,39,l,SIMULATED Odoo
2026-06-30T20:00:00Z,KMB-S12,KMB-P0086,119,117,each,SIMULATED Odoo
2026-06-30T20:00:00Z,KMB-S12,KMB-P0087,89,88,kg,SIMULATED Odoo
2026-06-30T20:00:00Z,KMB-S12,KMB-P0088,115,115,l,SIMULATED Odoo
2026-06-30T20:00:00Z,KMB-S12,KMB-P0089,19,17,each,SIMULATED Odoo
2026-06-30T20:00:00Z,KMB-S12,KMB-P0090,52,52,kg,SIMULATED Odoo
2026-06-30T20:00:00Z,KMB-S12,KMB-P0091,49,49,l,SIMULATED Odoo
2026-06-30T20:00:00Z,KMB-S12,KMB-P0092,51,51,each,SIMULATED Odoo
2026-06-30T20:00:00Z,KMB-S12,KMB-P0093,82,82,kg,SIMULATED Odoo
2026-06-30T20:00:00Z,KMB-S12,KMB-P0094,54,54,l,SIMULATED Odoo
2026-06-30T20:00:00Z,KMB-S12,KMB-P0095,44,44,each,SIMULATED Odoo
2026-06-30T20:00:00Z,KMB-S12,KMB-P0096,24,23,kg,SIMULATED Odoo
2026-06-30T20:00:00Z,KMB-S12,KMB-P0097,26,21,l,SIMULATED Odoo
2026-06-30T20:00:00Z,KMB-S12,KMB-P0098,60,62,each,SIMULATED Odoo
2026-06-30T20:00:00Z,KMB-S12,KMB-P0099,63,65,kg,SIMULATED Odoo
2026-06-30T20:00:00Z,KMB-S12,KMB-P0100,8,10,l,SIMULATED Odoo
2026-06-30T20:00:00Z,KMB-S12,KMB-P0101,33,28,each,SIMULATED Odoo
2026-06-30T20:00:00Z,KMB-S12,KMB-P0102,14,16,kg,SIMULATED Odoo
2026-06-30T20:00:00Z,KMB-S12,KMB-P0103,115,117,l,SIMULATED Odoo
2026-06-30T20:00:00Z,KMB-S12,KMB-P0104,23,25,each,SIMULATED Odoo
2026-06-30T20:00:00Z,KMB-S12,KMB-P0105,114,112,kg,SIMULATED Odoo
2026-06-30T20:00:00Z,KMB-S12,KMB-P0106,25,24,l,SIMULATED Odoo
2026-06-30T20:00:00Z,KMB-S12,KMB-P0107,45,44,each,SIMULATED Odoo
2026-06-30T20:00:00Z,KMB-S12,KMB-P0108,102,102,kg,SIMULATED Odoo
2026-06-30T20:00:00Z,KMB-S12,KMB-P0109,18,18,l,SIMULATED Odoo
2026-06-30T20:00:00Z,KMB-S12,KMB-P0110,118,113,each,SIMULATED Odoo
2026-06-30T20:00:00Z,KMB-S12,KMB-P0111,29,28,kg,SIMULATED Odoo
2026-06-30T20:00:00Z,KMB-S12,KMB-P0112,68,70,l,SIMULATED Odoo
2026-06-30T20:00:00Z,KMB-S12,KMB-P0113,48,48,each,SIMULATED Odoo
2026-06-30T20:00:00Z,KMB-S12,KMB-P0114,60,55,kg,SIMULATED Odoo
2026-06-30T20:00:00Z,KMB-S12,KMB-P0115,44,39,l,SIMULATED Odoo
2026-06-30T20:00:00Z,KMB-S12,KMB-P0116,77,75,each,SIMULATED Odoo
2026-06-30T20:00:00Z,KMB-S12,KMB-P0117,7,7,kg,SIMULATED Odoo
2026-06-30T20:00:00Z,KMB-S12,KMB-P0118,57,57,l,SIMULATED Odoo
2026-06-30T20:00:00Z,KMB-S12,KMB-P0119,46,44,each,SIMULATED Odoo
2026-06-30T20:00:00Z,KMB-S13,KMB-P0000,20,18,kg,SIMULATED Odoo
2026-06-30T20:00:00Z,KMB-S13,KMB-P0001,85,85,l,SIMULATED Odoo
2026-06-30T20:00:00Z,KMB-S13,KMB-P0002,119,114,each,SIMULATED Odoo
2026-06-30T20:00:00Z,KMB-S13,KMB-P0003,55,50,kg,SIMULATED Odoo
2026-06-30T20:00:00Z,KMB-S13,KMB-P0004,99,94,l,SIMULATED Odoo
2026-06-30T20:00:00Z,KMB-S13,KMB-P0005,70,69,each,SIMULATED Odoo
2026-06-30T20:00:00Z,KMB-S13,KMB-P0006,17,16,kg,SIMULATED Odoo
2026-06-30T20:00:00Z,KMB-S13,KMB-P0007,70,69,l,SIMULATED Odoo
2026-06-30T20:00:00Z,KMB-S13,KMB-P0008,31,31,each,SIMULATED Odoo
2026-06-30T20:00:00Z,KMB-S13,KMB-P0009,72,70,kg,SIMULATED Odoo
2026-06-30T20:00:00Z,KMB-S13,KMB-P0010,105,100,l,SIMULATED Odoo
2026-06-30T20:00:00Z,KMB-S13,KMB-P0011,74,76,each,SIMULATED Odoo
2026-06-30T20:00:00Z,KMB-S13,KMB-P0012,6,4,kg,SIMULATED Odoo
2026-06-30T20:00:00Z,KMB-S13,KMB-P0013,32,32,l,SIMULATED Odoo
2026-06-30T20:00:00Z,KMB-S13,KMB-P0014,10,9,each,SIMULATED Odoo
2026-06-30T20:00:00Z,KMB-S13,KMB-P0015,32,31,kg,SIMULATED Odoo
2026-06-30T20:00:00Z,KMB-S13,KMB-P0016,5,4,l,SIMULATED Odoo
2026-06-30T20:00:00Z,KMB-S13,KMB-P0017,45,45,each,SIMULATED Odoo
2026-06-30T20:00:00Z,KMB-S13,KMB-P0018,8,10,kg,SIMULATED Odoo
2026-06-30T20:00:00Z,KMB-S13,KMB-P0019,56,56,l,SIMULATED Odoo
2026-06-30T20:00:00Z,KMB-S13,KMB-P0020,4,6,each,SIMULATED Odoo
2026-06-30T20:00:00Z,KMB-S13,KMB-P0021,18,16,kg,SIMULATED Odoo
2026-06-30T20:00:00Z,KMB-S13,KMB-P0022,20,20,l,SIMULATED Odoo
2026-06-30T20:00:00Z,KMB-S13,KMB-P0023,14,12,each,SIMULATED Odoo
2026-06-30T20:00:00Z,KMB-S13,KMB-P0024,80,80,kg,SIMULATED Odoo
2026-06-30T20:00:00Z,KMB-S13,KMB-P0025,113,113,l,SIMULATED Odoo
2026-06-30T20:00:00Z,KMB-S13,KMB-P0026,62,62,each,SIMULATED Odoo
2026-06-30T20:00:00Z,KMB-S13,KMB-P0027,71,71,kg,SIMULATED Odoo
2026-06-30T20:00:00Z,KMB-S13,KMB-P0028,58,56,l,SIMULATED Odoo
2026-06-30T20:00:00Z,KMB-S13,KMB-P0029,95,95,each,SIMULATED Odoo
2026-06-30T20:00:00Z,KMB-S13,KMB-P0030,86,86,kg,SIMULATED Odoo
2026-06-30T20:00:00Z,KMB-S13,KMB-P0031,120,120,l,SIMULATED Odoo
2026-06-30T20:00:00Z,KMB-S13,KMB-P0032,119,119,each,SIMULATED Odoo
2026-06-30T20:00:00Z,KMB-S13,KMB-P0033,70,65,kg,SIMULATED Odoo
2026-06-30T20:00:00Z,KMB-S13,KMB-P0034,19,21,l,SIMULATED Odoo
2026-06-30T20:00:00Z,KMB-S13,KMB-P0035,1,1,each,SIMULATED Odoo
2026-06-30T20:00:00Z,KMB-S13,KMB-P0036,2,2,kg,SIMULATED Odoo
2026-06-30T20:00:00Z,KMB-S13,KMB-P0037,63,63,l,SIMULATED Odoo
2026-06-30T20:00:00Z,KMB-S13,KMB-P0038,86,81,each,SIMULATED Odoo
2026-06-30T20:00:00Z,KMB-S13,KMB-P0039,99,98,kg,SIMULATED Odoo
2026-06-30T20:00:00Z,KMB-S13,KMB-P0040,29,29,l,SIMULATED Odoo
2026-06-30T20:00:00Z,KMB-S13,KMB-P0041,46,46,each,SIMULATED Odoo
2026-06-30T20:00:00Z,KMB-S13,KMB-P0042,36,31,kg,SIMULATED Odoo
2026-06-30T20:00:00Z,KMB-S13,KMB-P0043,56,55,l,SIMULATED Odoo
2026-06-30T20:00:00Z,KMB-S13,KMB-P0044,35,33,each,SIMULATED Odoo
2026-06-30T20:00:00Z,KMB-S13,KMB-P0045,39,41,kg,SIMULATED Odoo
2026-06-30T20:00:00Z,KMB-S13,KMB-P0046,51,46,l,SIMULATED Odoo
2026-06-30T20:00:00Z,KMB-S13,KMB-P0047,36,34,each,SIMULATED Odoo
2026-06-30T20:00:00Z,KMB-S13,KMB-P0048,108,106,kg,SIMULATED Odoo
2026-06-30T20:00:00Z,KMB-S13,KMB-P0049,85,85,l,SIMULATED Odoo
2026-06-30T20:00:00Z,KMB-S13,KMB-P0050,0,0,each,SIMULATED Odoo
2026-06-30T20:00:00Z,KMB-S13,KMB-P0051,28,30,kg,SIMULATED Odoo
2026-06-30T20:00:00Z,KMB-S13,KMB-P0052,116,115,l,SIMULATED Odoo
2026-06-30T20:00:00Z,KMB-S13,KMB-P0053,108,106,each,SIMULATED Odoo
2026-06-30T20:00:00Z,KMB-S13,KMB-P0054,110,112,kg,SIMULATED Odoo
2026-06-30T20:00:00Z,KMB-S13,KMB-P0055,99,98,l,SIMULATED Odoo
2026-06-30T20:00:00Z,KMB-S13,KMB-P0056,100,100,each,SIMULATED Odoo
2026-06-30T20:00:00Z,KMB-S13,KMB-P0057,83,82,kg,SIMULATED Odoo
2026-06-30T20:00:00Z,KMB-S13,KMB-P0058,114,114,l,SIMULATED Odoo
2026-06-30T20:00:00Z,KMB-S13,KMB-P0059,105,105,each,SIMULATED Odoo
2026-06-30T20:00:00Z,KMB-S13,KMB-P0060,19,17,kg,SIMULATED Odoo
2026-06-30T20:00:00Z,KMB-S13,KMB-P0061,5,7,l,SIMULATED Odoo
2026-06-30T20:00:00Z,KMB-S13,KMB-P0062,45,43,each,SIMULATED Odoo
2026-06-30T20:00:00Z,KMB-S13,KMB-P0063,118,117,kg,SIMULATED Odoo
2026-06-30T20:00:00Z,KMB-S13,KMB-P0064,59,58,l,SIMULATED Odoo
2026-06-30T20:00:00Z,KMB-S13,KMB-P0065,111,111,each,SIMULATED Odoo
2026-06-30T20:00:00Z,KMB-S13,KMB-P0066,103,102,kg,SIMULATED Odoo
2026-06-30T20:00:00Z,KMB-S13,KMB-P0067,82,81,l,SIMULATED Odoo
2026-06-30T20:00:00Z,KMB-S13,KMB-P0068,0,0,each,SIMULATED Odoo
2026-06-30T20:00:00Z,KMB-S13,KMB-P0069,114,112,kg,SIMULATED Odoo
2026-06-30T20:00:00Z,KMB-S13,KMB-P0070,103,101,l,SIMULATED Odoo
2026-06-30T20:00:00Z,KMB-S13,KMB-P0071,3,5,each,SIMULATED Odoo
2026-06-30T20:00:00Z,KMB-S13,KMB-P0072,87,89,kg,SIMULATED Odoo
2026-06-30T20:00:00Z,KMB-S13,KMB-P0073,44,42,l,SIMULATED Odoo
2026-06-30T20:00:00Z,KMB-S13,KMB-P0074,3,3,each,SIMULATED Odoo
2026-06-30T20:00:00Z,KMB-S13,KMB-P0075,111,106,kg,SIMULATED Odoo
2026-06-30T20:00:00Z,KMB-S13,KMB-P0076,111,113,l,SIMULATED Odoo
2026-06-30T20:00:00Z,KMB-S13,KMB-P0077,45,47,each,SIMULATED Odoo
2026-06-30T20:00:00Z,KMB-S13,KMB-P0078,57,56,kg,SIMULATED Odoo
2026-06-30T20:00:00Z,KMB-S13,KMB-P0079,62,60,l,SIMULATED Odoo
2026-06-30T20:00:00Z,KMB-S13,KMB-P0080,93,95,each,SIMULATED Odoo
2026-06-30T20:00:00Z,KMB-S13,KMB-P0081,33,33,kg,SIMULATED Odoo
2026-06-30T20:00:00Z,KMB-S13,KMB-P0082,87,85,l,SIMULATED Odoo
2026-06-30T20:00:00Z,KMB-S13,KMB-P0083,106,105,each,SIMULATED Odoo
2026-06-30T20:00:00Z,KMB-S13,KMB-P0084,0,0,kg,SIMULATED Odoo
2026-06-30T20:00:00Z,KMB-S13,KMB-P0085,66,66,l,SIMULATED Odoo
2026-06-30T20:00:00Z,KMB-S13,KMB-P0086,98,96,each,SIMULATED Odoo
2026-06-30T20:00:00Z,KMB-S13,KMB-P0087,39,41,kg,SIMULATED Odoo
2026-06-30T20:00:00Z,KMB-S13,KMB-P0088,4,4,l,SIMULATED Odoo
2026-06-30T20:00:00Z,KMB-S13,KMB-P0089,12,12,each,SIMULATED Odoo
2026-06-30T20:00:00Z,KMB-S13,KMB-P0090,88,88,kg,SIMULATED Odoo
2026-06-30T20:00:00Z,KMB-S13,KMB-P0091,66,66,l,SIMULATED Odoo
2026-06-30T20:00:00Z,KMB-S13,KMB-P0092,58,60,each,SIMULATED Odoo
2026-06-30T20:00:00Z,KMB-S13,KMB-P0093,44,44,kg,SIMULATED Odoo
2026-06-30T20:00:00Z,KMB-S13,KMB-P0094,23,25,l,SIMULATED Odoo
2026-06-30T20:00:00Z,KMB-S13,KMB-P0095,14,12,each,SIMULATED Odoo
2026-06-30T20:00:00Z,KMB-S13,KMB-P0096,73,72,kg,SIMULATED Odoo
2026-06-30T20:00:00Z,KMB-S13,KMB-P0097,85,87,l,SIMULATED Odoo
2026-06-30T20:00:00Z,KMB-S13,KMB-P0098,64,63,each,SIMULATED Odoo
2026-06-30T20:00:00Z,KMB-S13,KMB-P0099,21,16,kg,SIMULATED Odoo
2026-06-30T20:00:00Z,KMB-S13,KMB-P0100,32,34,l,SIMULATED Odoo
2026-06-30T20:00:00Z,KMB-S13,KMB-P0101,82,82,each,SIMULATED Odoo
2026-06-30T20:00:00Z,KMB-S13,KMB-P0102,99,99,kg,SIMULATED Odoo
2026-06-30T20:00:00Z,KMB-S13,KMB-P0103,26,25,l,SIMULATED Odoo
2026-06-30T20:00:00Z,KMB-S13,KMB-P0104,49,49,each,SIMULATED Odoo
2026-06-30T20:00:00Z,KMB-S13,KMB-P0105,71,73,kg,SIMULATED Odoo
2026-06-30T20:00:00Z,KMB-S13,KMB-P0106,56,58,l,SIMULATED Odoo
2026-06-30T20:00:00Z,KMB-S13,KMB-P0107,101,101,each,SIMULATED Odoo
2026-06-30T20:00:00Z,KMB-S13,KMB-P0108,55,55,kg,SIMULATED Odoo
2026-06-30T20:00:00Z,KMB-S13,KMB-P0109,39,39,l,SIMULATED Odoo
2026-06-30T20:00:00Z,KMB-S13,KMB-P0110,20,22,each,SIMULATED Odoo
2026-06-30T20:00:00Z,KMB-S13,KMB-P0111,96,96,kg,SIMULATED Odoo
2026-06-30T20:00:00Z,KMB-S13,KMB-P0112,108,108,l,SIMULATED Odoo
2026-06-30T20:00:00Z,KMB-S13,KMB-P0113,87,86,each,SIMULATED Odoo
2026-06-30T20:00:00Z,KMB-S13,KMB-P0114,100,99,kg,SIMULATED Odoo
2026-06-30T20:00:00Z,KMB-S13,KMB-P0115,107,107,l,SIMULATED Odoo
2026-06-30T20:00:00Z,KMB-S13,KMB-P0116,74,74,each,SIMULATED Odoo
2026-06-30T20:00:00Z,KMB-S13,KMB-P0117,19,19,kg,SIMULATED Odoo
2026-06-30T20:00:00Z,KMB-S13,KMB-P0118,57,55,l,SIMULATED Odoo
2026-06-30T20:00:00Z,KMB-S13,KMB-P0119,37,37,each,SIMULATED Odoo
2026-06-30T20:00:00Z,KMB-S14,KMB-P0000,65,60,kg,SIMULATED Odoo
2026-06-30T20:00:00Z,KMB-S14,KMB-P0001,43,43,l,SIMULATED Odoo
2026-06-30T20:00:00Z,KMB-S14,KMB-P0002,78,76,each,SIMULATED Odoo
2026-06-30T20:00:00Z,KMB-S14,KMB-P0003,116,118,kg,SIMULATED Odoo
2026-06-30T20:00:00Z,KMB-S14,KMB-P0004,77,75,l,SIMULATED Odoo
2026-06-30T20:00:00Z,KMB-S14,KMB-P0005,55,57,each,SIMULATED Odoo
2026-06-30T20:00:00Z,KMB-S14,KMB-P0006,16,11,kg,SIMULATED Odoo
2026-06-30T20:00:00Z,KMB-S14,KMB-P0007,20,20,l,SIMULATED Odoo
2026-06-30T20:00:00Z,KMB-S14,KMB-P0008,41,36,each,SIMULATED Odoo
2026-06-30T20:00:00Z,KMB-S14,KMB-P0009,62,64,kg,SIMULATED Odoo
2026-06-30T20:00:00Z,KMB-S14,KMB-P0010,50,52,l,SIMULATED Odoo
2026-06-30T20:00:00Z,KMB-S14,KMB-P0011,8,7,each,SIMULATED Odoo
2026-06-30T20:00:00Z,KMB-S14,KMB-P0012,39,41,kg,SIMULATED Odoo
2026-06-30T20:00:00Z,KMB-S14,KMB-P0013,8,8,l,SIMULATED Odoo
2026-06-30T20:00:00Z,KMB-S14,KMB-P0014,25,25,each,SIMULATED Odoo
2026-06-30T20:00:00Z,KMB-S14,KMB-P0015,58,58,kg,SIMULATED Odoo
2026-06-30T20:00:00Z,KMB-S14,KMB-P0016,79,78,l,SIMULATED Odoo
2026-06-30T20:00:00Z,KMB-S14,KMB-P0017,57,59,each,SIMULATED Odoo
2026-06-30T20:00:00Z,KMB-S14,KMB-P0018,85,80,kg,SIMULATED Odoo
2026-06-30T20:00:00Z,KMB-S14,KMB-P0019,93,93,l,SIMULATED Odoo
2026-06-30T20:00:00Z,KMB-S14,KMB-P0020,110,109,each,SIMULATED Odoo
2026-06-30T20:00:00Z,KMB-S14,KMB-P0021,21,16,kg,SIMULATED Odoo
2026-06-30T20:00:00Z,KMB-S14,KMB-P0022,70,65,l,SIMULATED Odoo
2026-06-30T20:00:00Z,KMB-S14,KMB-P0023,107,107,each,SIMULATED Odoo
2026-06-30T20:00:00Z,KMB-S14,KMB-P0024,80,80,kg,SIMULATED Odoo
2026-06-30T20:00:00Z,KMB-S14,KMB-P0025,12,12,l,SIMULATED Odoo
2026-06-30T20:00:00Z,KMB-S14,KMB-P0026,103,103,each,SIMULATED Odoo
2026-06-30T20:00:00Z,KMB-S14,KMB-P0027,116,116,kg,SIMULATED Odoo
2026-06-30T20:00:00Z,KMB-S14,KMB-P0028,118,117,l,SIMULATED Odoo
2026-06-30T20:00:00Z,KMB-S14,KMB-P0029,83,78,each,SIMULATED Odoo
2026-06-30T20:00:00Z,KMB-S14,KMB-P0030,63,62,kg,SIMULATED Odoo
2026-06-30T20:00:00Z,KMB-S14,KMB-P0031,108,108,l,SIMULATED Odoo
2026-06-30T20:00:00Z,KMB-S14,KMB-P0032,101,101,each,SIMULATED Odoo
2026-06-30T20:00:00Z,KMB-S14,KMB-P0033,96,98,kg,SIMULATED Odoo
2026-06-30T20:00:00Z,KMB-S14,KMB-P0034,45,45,l,SIMULATED Odoo
2026-06-30T20:00:00Z,KMB-S14,KMB-P0035,89,87,each,SIMULATED Odoo
2026-06-30T20:00:00Z,KMB-S14,KMB-P0036,66,66,kg,SIMULATED Odoo
2026-06-30T20:00:00Z,KMB-S14,KMB-P0037,68,67,l,SIMULATED Odoo
2026-06-30T20:00:00Z,KMB-S14,KMB-P0038,28,28,each,SIMULATED Odoo
2026-06-30T20:00:00Z,KMB-S14,KMB-P0039,87,85,kg,SIMULATED Odoo
2026-06-30T20:00:00Z,KMB-S14,KMB-P0040,40,40,l,SIMULATED Odoo
2026-06-30T20:00:00Z,KMB-S14,KMB-P0041,60,60,each,SIMULATED Odoo
2026-06-30T20:00:00Z,KMB-S14,KMB-P0042,76,76,kg,SIMULATED Odoo
2026-06-30T20:00:00Z,KMB-S14,KMB-P0043,29,28,l,SIMULATED Odoo
2026-06-30T20:00:00Z,KMB-S14,KMB-P0044,117,117,each,SIMULATED Odoo
2026-06-30T20:00:00Z,KMB-S14,KMB-P0045,3,2,kg,SIMULATED Odoo
2026-06-30T20:00:00Z,KMB-S14,KMB-P0046,42,40,l,SIMULATED Odoo
2026-06-30T20:00:00Z,KMB-S14,KMB-P0047,26,21,each,SIMULATED Odoo
2026-06-30T20:00:00Z,KMB-S14,KMB-P0048,14,16,kg,SIMULATED Odoo
2026-06-30T20:00:00Z,KMB-S14,KMB-P0049,68,68,l,SIMULATED Odoo
2026-06-30T20:00:00Z,KMB-S14,KMB-P0050,49,47,each,SIMULATED Odoo
2026-06-30T20:00:00Z,KMB-S14,KMB-P0051,120,119,kg,SIMULATED Odoo
2026-06-30T20:00:00Z,KMB-S14,KMB-P0052,43,43,l,SIMULATED Odoo
2026-06-30T20:00:00Z,KMB-S14,KMB-P0053,13,8,each,SIMULATED Odoo
2026-06-30T20:00:00Z,KMB-S14,KMB-P0054,1,0,kg,SIMULATED Odoo
2026-06-30T20:00:00Z,KMB-S14,KMB-P0055,56,56,l,SIMULATED Odoo
2026-06-30T20:00:00Z,KMB-S14,KMB-P0056,56,56,each,SIMULATED Odoo
2026-06-30T20:00:00Z,KMB-S14,KMB-P0057,9,8,kg,SIMULATED Odoo
2026-06-30T20:00:00Z,KMB-S14,KMB-P0058,115,117,l,SIMULATED Odoo
2026-06-30T20:00:00Z,KMB-S14,KMB-P0059,15,15,each,SIMULATED Odoo
2026-06-30T20:00:00Z,KMB-S14,KMB-P0060,40,40,kg,SIMULATED Odoo
2026-06-30T20:00:00Z,KMB-S14,KMB-P0061,37,37,l,SIMULATED Odoo
2026-06-30T20:00:00Z,KMB-S14,KMB-P0062,101,96,each,SIMULATED Odoo
2026-06-30T20:00:00Z,KMB-S14,KMB-P0063,67,69,kg,SIMULATED Odoo
2026-06-30T20:00:00Z,KMB-S14,KMB-P0064,59,59,l,SIMULATED Odoo
2026-06-30T20:00:00Z,KMB-S14,KMB-P0065,102,100,each,SIMULATED Odoo
2026-06-30T20:00:00Z,KMB-S14,KMB-P0066,58,58,kg,SIMULATED Odoo
2026-06-30T20:00:00Z,KMB-S14,KMB-P0067,43,43,l,SIMULATED Odoo
2026-06-30T20:00:00Z,KMB-S14,KMB-P0068,114,116,each,SIMULATED Odoo
2026-06-30T20:00:00Z,KMB-S14,KMB-P0069,63,63,kg,SIMULATED Odoo
2026-06-30T20:00:00Z,KMB-S14,KMB-P0070,55,55,l,SIMULATED Odoo
2026-06-30T20:00:00Z,KMB-S14,KMB-P0071,45,40,each,SIMULATED Odoo
2026-06-30T20:00:00Z,KMB-S14,KMB-P0072,111,110,kg,SIMULATED Odoo
2026-06-30T20:00:00Z,KMB-S14,KMB-P0073,0,0,l,SIMULATED Odoo
2026-06-30T20:00:00Z,KMB-S14,KMB-P0074,15,10,each,SIMULATED Odoo
2026-06-30T20:00:00Z,KMB-S14,KMB-P0075,67,69,kg,SIMULATED Odoo
2026-06-30T20:00:00Z,KMB-S14,KMB-P0076,51,50,l,SIMULATED Odoo
2026-06-30T20:00:00Z,KMB-S14,KMB-P0077,80,78,each,SIMULATED Odoo
2026-06-30T20:00:00Z,KMB-S14,KMB-P0078,100,102,kg,SIMULATED Odoo
2026-06-30T20:00:00Z,KMB-S14,KMB-P0079,60,62,l,SIMULATED Odoo
2026-06-30T20:00:00Z,KMB-S14,KMB-P0080,102,97,each,SIMULATED Odoo
2026-06-30T20:00:00Z,KMB-S14,KMB-P0081,73,73,kg,SIMULATED Odoo
2026-06-30T20:00:00Z,KMB-S14,KMB-P0082,10,10,l,SIMULATED Odoo
2026-06-30T20:00:00Z,KMB-S14,KMB-P0083,45,44,each,SIMULATED Odoo
2026-06-30T20:00:00Z,KMB-S14,KMB-P0084,35,35,kg,SIMULATED Odoo
2026-06-30T20:00:00Z,KMB-S14,KMB-P0085,74,73,l,SIMULATED Odoo
2026-06-30T20:00:00Z,KMB-S14,KMB-P0086,43,43,each,SIMULATED Odoo
2026-06-30T20:00:00Z,KMB-S14,KMB-P0087,11,10,kg,SIMULATED Odoo
2026-06-30T20:00:00Z,KMB-S14,KMB-P0088,114,114,l,SIMULATED Odoo
2026-06-30T20:00:00Z,KMB-S14,KMB-P0089,50,49,each,SIMULATED Odoo
2026-06-30T20:00:00Z,KMB-S14,KMB-P0090,55,53,kg,SIMULATED Odoo
2026-06-30T20:00:00Z,KMB-S14,KMB-P0091,32,30,l,SIMULATED Odoo
2026-06-30T20:00:00Z,KMB-S14,KMB-P0092,94,89,each,SIMULATED Odoo
2026-06-30T20:00:00Z,KMB-S14,KMB-P0093,52,52,kg,SIMULATED Odoo
2026-06-30T20:00:00Z,KMB-S14,KMB-P0094,13,11,l,SIMULATED Odoo
2026-06-30T20:00:00Z,KMB-S14,KMB-P0095,43,45,each,SIMULATED Odoo
2026-06-30T20:00:00Z,KMB-S14,KMB-P0096,1,1,kg,SIMULATED Odoo
2026-06-30T20:00:00Z,KMB-S14,KMB-P0097,116,111,l,SIMULATED Odoo
2026-06-30T20:00:00Z,KMB-S14,KMB-P0098,21,23,each,SIMULATED Odoo
2026-06-30T20:00:00Z,KMB-S14,KMB-P0099,104,99,kg,SIMULATED Odoo
2026-06-30T20:00:00Z,KMB-S14,KMB-P0100,16,14,l,SIMULATED Odoo
2026-06-30T20:00:00Z,KMB-S14,KMB-P0101,58,57,each,SIMULATED Odoo
2026-06-30T20:00:00Z,KMB-S14,KMB-P0102,69,69,kg,SIMULATED Odoo
2026-06-30T20:00:00Z,KMB-S14,KMB-P0103,69,69,l,SIMULATED Odoo
2026-06-30T20:00:00Z,KMB-S14,KMB-P0104,88,90,each,SIMULATED Odoo
2026-06-30T20:00:00Z,KMB-S14,KMB-P0105,80,82,kg,SIMULATED Odoo
2026-06-30T20:00:00Z,KMB-S14,KMB-P0106,113,115,l,SIMULATED Odoo
2026-06-30T20:00:00Z,KMB-S14,KMB-P0107,61,56,each,SIMULATED Odoo
2026-06-30T20:00:00Z,KMB-S14,KMB-P0108,39,41,kg,SIMULATED Odoo
2026-06-30T20:00:00Z,KMB-S14,KMB-P0109,28,23,l,SIMULATED Odoo
2026-06-30T20:00:00Z,KMB-S14,KMB-P0110,39,39,each,SIMULATED Odoo
2026-06-30T20:00:00Z,KMB-S14,KMB-P0111,91,90,kg,SIMULATED Odoo
2026-06-30T20:00:00Z,KMB-S14,KMB-P0112,76,75,l,SIMULATED Odoo
2026-06-30T20:00:00Z,KMB-S14,KMB-P0113,45,43,each,SIMULATED Odoo
2026-06-30T20:00:00Z,KMB-S14,KMB-P0114,3,1,kg,SIMULATED Odoo
2026-06-30T20:00:00Z,KMB-S14,KMB-P0115,77,79,l,SIMULATED Odoo
2026-06-30T20:00:00Z,KMB-S14,KMB-P0116,62,62,each,SIMULATED Odoo
2026-06-30T20:00:00Z,KMB-S14,KMB-P0117,38,38,kg,SIMULATED Odoo
2026-06-30T20:00:00Z,KMB-S14,KMB-P0118,15,15,l,SIMULATED Odoo
2026-06-30T20:00:00Z,KMB-S14,KMB-P0119,84,86,each,SIMULATED Odoo
2026-06-30T20:00:00Z,KMB-S15,KMB-P0000,17,17,kg,SIMULATED Odoo
2026-06-30T20:00:00Z,KMB-S15,KMB-P0001,30,28,l,SIMULATED Odoo
2026-06-30T20:00:00Z,KMB-S15,KMB-P0002,25,23,each,SIMULATED Odoo
2026-06-30T20:00:00Z,KMB-S15,KMB-P0003,39,37,kg,SIMULATED Odoo
2026-06-30T20:00:00Z,KMB-S15,KMB-P0004,107,107,l,SIMULATED Odoo
2026-06-30T20:00:00Z,KMB-S15,KMB-P0005,87,87,each,SIMULATED Odoo
2026-06-30T20:00:00Z,KMB-S15,KMB-P0006,28,28,kg,SIMULATED Odoo
2026-06-30T20:00:00Z,KMB-S15,KMB-P0007,61,61,l,SIMULATED Odoo
2026-06-30T20:00:00Z,KMB-S15,KMB-P0008,13,15,each,SIMULATED Odoo
2026-06-30T20:00:00Z,KMB-S15,KMB-P0009,2,2,kg,SIMULATED Odoo
2026-06-30T20:00:00Z,KMB-S15,KMB-P0010,12,12,l,SIMULATED Odoo
2026-06-30T20:00:00Z,KMB-S15,KMB-P0011,50,50,each,SIMULATED Odoo
2026-06-30T20:00:00Z,KMB-S15,KMB-P0012,23,18,kg,SIMULATED Odoo
2026-06-30T20:00:00Z,KMB-S15,KMB-P0013,97,96,l,SIMULATED Odoo
2026-06-30T20:00:00Z,KMB-S15,KMB-P0014,52,51,each,SIMULATED Odoo
2026-06-30T20:00:00Z,KMB-S15,KMB-P0015,68,68,kg,SIMULATED Odoo
2026-06-30T20:00:00Z,KMB-S15,KMB-P0016,88,87,l,SIMULATED Odoo
2026-06-30T20:00:00Z,KMB-S15,KMB-P0017,30,28,each,SIMULATED Odoo
2026-06-30T20:00:00Z,KMB-S15,KMB-P0018,30,30,kg,SIMULATED Odoo
2026-06-30T20:00:00Z,KMB-S15,KMB-P0019,47,46,l,SIMULATED Odoo
2026-06-30T20:00:00Z,KMB-S15,KMB-P0020,118,117,each,SIMULATED Odoo
2026-06-30T20:00:00Z,KMB-S15,KMB-P0021,101,100,kg,SIMULATED Odoo
2026-06-30T20:00:00Z,KMB-S15,KMB-P0022,120,122,l,SIMULATED Odoo
2026-06-30T20:00:00Z,KMB-S15,KMB-P0023,115,115,each,SIMULATED Odoo
2026-06-30T20:00:00Z,KMB-S15,KMB-P0024,50,50,kg,SIMULATED Odoo
2026-06-30T20:00:00Z,KMB-S15,KMB-P0025,14,14,l,SIMULATED Odoo
2026-06-30T20:00:00Z,KMB-S15,KMB-P0026,93,95,each,SIMULATED Odoo
2026-06-30T20:00:00Z,KMB-S15,KMB-P0027,99,97,kg,SIMULATED Odoo
2026-06-30T20:00:00Z,KMB-S15,KMB-P0028,93,91,l,SIMULATED Odoo
2026-06-30T20:00:00Z,KMB-S15,KMB-P0029,106,106,each,SIMULATED Odoo
2026-06-30T20:00:00Z,KMB-S15,KMB-P0030,73,73,kg,SIMULATED Odoo
2026-06-30T20:00:00Z,KMB-S15,KMB-P0031,1,1,l,SIMULATED Odoo
2026-06-30T20:00:00Z,KMB-S15,KMB-P0032,100,100,each,SIMULATED Odoo
2026-06-30T20:00:00Z,KMB-S15,KMB-P0033,96,96,kg,SIMULATED Odoo
2026-06-30T20:00:00Z,KMB-S15,KMB-P0034,113,113,l,SIMULATED Odoo
2026-06-30T20:00:00Z,KMB-S15,KMB-P0035,16,14,each,SIMULATED Odoo
2026-06-30T20:00:00Z,KMB-S15,KMB-P0036,31,31,kg,SIMULATED Odoo
2026-06-30T20:00:00Z,KMB-S15,KMB-P0037,22,21,l,SIMULATED Odoo
2026-06-30T20:00:00Z,KMB-S15,KMB-P0038,67,67,each,SIMULATED Odoo
2026-06-30T20:00:00Z,KMB-S15,KMB-P0039,102,104,kg,SIMULATED Odoo
2026-06-30T20:00:00Z,KMB-S15,KMB-P0040,81,81,l,SIMULATED Odoo
2026-06-30T20:00:00Z,KMB-S15,KMB-P0041,22,20,each,SIMULATED Odoo
2026-06-30T20:00:00Z,KMB-S15,KMB-P0042,119,114,kg,SIMULATED Odoo
2026-06-30T20:00:00Z,KMB-S15,KMB-P0043,18,18,l,SIMULATED Odoo
2026-06-30T20:00:00Z,KMB-S15,KMB-P0044,90,89,each,SIMULATED Odoo
2026-06-30T20:00:00Z,KMB-S15,KMB-P0045,111,109,kg,SIMULATED Odoo
2026-06-30T20:00:00Z,KMB-S15,KMB-P0046,35,37,l,SIMULATED Odoo
2026-06-30T20:00:00Z,KMB-S15,KMB-P0047,83,83,each,SIMULATED Odoo
2026-06-30T20:00:00Z,KMB-S15,KMB-P0048,102,100,kg,SIMULATED Odoo
2026-06-30T20:00:00Z,KMB-S15,KMB-P0049,28,26,l,SIMULATED Odoo
2026-06-30T20:00:00Z,KMB-S15,KMB-P0050,42,37,each,SIMULATED Odoo
2026-06-30T20:00:00Z,KMB-S15,KMB-P0051,20,19,kg,SIMULATED Odoo
2026-06-30T20:00:00Z,KMB-S15,KMB-P0052,13,8,l,SIMULATED Odoo
2026-06-30T20:00:00Z,KMB-S15,KMB-P0053,0,2,each,SIMULATED Odoo
2026-06-30T20:00:00Z,KMB-S15,KMB-P0054,37,39,kg,SIMULATED Odoo
2026-06-30T20:00:00Z,KMB-S15,KMB-P0055,85,80,l,SIMULATED Odoo
2026-06-30T20:00:00Z,KMB-S15,KMB-P0056,28,30,each,SIMULATED Odoo
2026-06-30T20:00:00Z,KMB-S15,KMB-P0057,19,14,kg,SIMULATED Odoo
2026-06-30T20:00:00Z,KMB-S15,KMB-P0058,27,29,l,SIMULATED Odoo
2026-06-30T20:00:00Z,KMB-S15,KMB-P0059,95,95,each,SIMULATED Odoo
2026-06-30T20:00:00Z,KMB-S15,KMB-P0060,119,119,kg,SIMULATED Odoo
2026-06-30T20:00:00Z,KMB-S15,KMB-P0061,34,34,l,SIMULATED Odoo
2026-06-30T20:00:00Z,KMB-S15,KMB-P0062,118,116,each,SIMULATED Odoo
2026-06-30T20:00:00Z,KMB-S15,KMB-P0063,48,48,kg,SIMULATED Odoo
2026-06-30T20:00:00Z,KMB-S15,KMB-P0064,17,16,l,SIMULATED Odoo
2026-06-30T20:00:00Z,KMB-S15,KMB-P0065,83,83,each,SIMULATED Odoo
2026-06-30T20:00:00Z,KMB-S15,KMB-P0066,112,110,kg,SIMULATED Odoo
2026-06-30T20:00:00Z,KMB-S15,KMB-P0067,115,113,l,SIMULATED Odoo
2026-06-30T20:00:00Z,KMB-S15,KMB-P0068,35,37,each,SIMULATED Odoo
2026-06-30T20:00:00Z,KMB-S15,KMB-P0069,37,36,kg,SIMULATED Odoo
2026-06-30T20:00:00Z,KMB-S15,KMB-P0070,25,25,l,SIMULATED Odoo
2026-06-30T20:00:00Z,KMB-S15,KMB-P0071,3,5,each,SIMULATED Odoo
2026-06-30T20:00:00Z,KMB-S15,KMB-P0072,91,90,kg,SIMULATED Odoo
2026-06-30T20:00:00Z,KMB-S15,KMB-P0073,28,26,l,SIMULATED Odoo
2026-06-30T20:00:00Z,KMB-S15,KMB-P0074,38,33,each,SIMULATED Odoo
2026-06-30T20:00:00Z,KMB-S15,KMB-P0075,42,44,kg,SIMULATED Odoo
2026-06-30T20:00:00Z,KMB-S15,KMB-P0076,7,7,l,SIMULATED Odoo
2026-06-30T20:00:00Z,KMB-S15,KMB-P0077,23,22,each,SIMULATED Odoo
2026-06-30T20:00:00Z,KMB-S15,KMB-P0078,68,70,kg,SIMULATED Odoo
2026-06-30T20:00:00Z,KMB-S15,KMB-P0079,81,81,l,SIMULATED Odoo
2026-06-30T20:00:00Z,KMB-S15,KMB-P0080,32,31,each,SIMULATED Odoo
2026-06-30T20:00:00Z,KMB-S15,KMB-P0081,105,100,kg,SIMULATED Odoo
2026-06-30T20:00:00Z,KMB-S15,KMB-P0082,24,19,l,SIMULATED Odoo
2026-06-30T20:00:00Z,KMB-S15,KMB-P0083,14,9,each,SIMULATED Odoo
2026-06-30T20:00:00Z,KMB-S15,KMB-P0084,8,6,kg,SIMULATED Odoo
2026-06-30T20:00:00Z,KMB-S15,KMB-P0085,36,38,l,SIMULATED Odoo
2026-06-30T20:00:00Z,KMB-S15,KMB-P0086,66,66,each,SIMULATED Odoo
2026-06-30T20:00:00Z,KMB-S15,KMB-P0087,31,31,kg,SIMULATED Odoo
2026-06-30T20:00:00Z,KMB-S15,KMB-P0088,23,23,l,SIMULATED Odoo
2026-06-30T20:00:00Z,KMB-S15,KMB-P0089,35,30,each,SIMULATED Odoo
2026-06-30T20:00:00Z,KMB-S15,KMB-P0090,96,96,kg,SIMULATED Odoo
2026-06-30T20:00:00Z,KMB-S15,KMB-P0091,63,62,l,SIMULATED Odoo
2026-06-30T20:00:00Z,KMB-S15,KMB-P0092,113,112,each,SIMULATED Odoo
2026-06-30T20:00:00Z,KMB-S15,KMB-P0093,108,108,kg,SIMULATED Odoo
2026-06-30T20:00:00Z,KMB-S15,KMB-P0094,25,20,l,SIMULATED Odoo
2026-06-30T20:00:00Z,KMB-S15,KMB-P0095,18,16,each,SIMULATED Odoo
2026-06-30T20:00:00Z,KMB-S15,KMB-P0096,107,106,kg,SIMULATED Odoo
2026-06-30T20:00:00Z,KMB-S15,KMB-P0097,95,95,l,SIMULATED Odoo
2026-06-30T20:00:00Z,KMB-S15,KMB-P0098,29,29,each,SIMULATED Odoo
2026-06-30T20:00:00Z,KMB-S15,KMB-P0099,73,73,kg,SIMULATED Odoo
2026-06-30T20:00:00Z,KMB-S15,KMB-P0100,20,18,l,SIMULATED Odoo
2026-06-30T20:00:00Z,KMB-S15,KMB-P0101,64,63,each,SIMULATED Odoo
2026-06-30T20:00:00Z,KMB-S15,KMB-P0102,84,84,kg,SIMULATED Odoo
2026-06-30T20:00:00Z,KMB-S15,KMB-P0103,83,83,l,SIMULATED Odoo
2026-06-30T20:00:00Z,KMB-S15,KMB-P0104,13,11,each,SIMULATED Odoo
2026-06-30T20:00:00Z,KMB-S15,KMB-P0105,32,30,kg,SIMULATED Odoo
2026-06-30T20:00:00Z,KMB-S15,KMB-P0106,120,119,l,SIMULATED Odoo
2026-06-30T20:00:00Z,KMB-S15,KMB-P0107,50,48,each,SIMULATED Odoo
2026-06-30T20:00:00Z,KMB-S15,KMB-P0108,88,88,kg,SIMULATED Odoo
2026-06-30T20:00:00Z,KMB-S15,KMB-P0109,82,82,l,SIMULATED Odoo
2026-06-30T20:00:00Z,KMB-S15,KMB-P0110,50,50,each,SIMULATED Odoo
2026-06-30T20:00:00Z,KMB-S15,KMB-P0111,64,63,kg,SIMULATED Odoo
2026-06-30T20:00:00Z,KMB-S15,KMB-P0112,111,111,l,SIMULATED Odoo
2026-06-30T20:00:00Z,KMB-S15,KMB-P0113,1,3,each,SIMULATED Odoo
2026-06-30T20:00:00Z,KMB-S15,KMB-P0114,3,1,kg,SIMULATED Odoo
2026-06-30T20:00:00Z,KMB-S15,KMB-P0115,34,29,l,SIMULATED Odoo
2026-06-30T20:00:00Z,KMB-S15,KMB-P0116,43,43,each,SIMULATED Odoo
2026-06-30T20:00:00Z,KMB-S15,KMB-P0117,11,13,kg,SIMULATED Odoo
2026-06-30T20:00:00Z,KMB-S15,KMB-P0118,111,111,l,SIMULATED Odoo
2026-06-30T20:00:00Z,KMB-S15,KMB-P0119,41,41,each,SIMULATED Odoo
2026-06-30T20:00:00Z,KMB-S16,KMB-P0000,51,49,kg,SIMULATED Odoo
2026-06-30T20:00:00Z,KMB-S16,KMB-P0001,112,111,l,SIMULATED Odoo
2026-06-30T20:00:00Z,KMB-S16,KMB-P0002,110,109,each,SIMULATED Odoo
2026-06-30T20:00:00Z,KMB-S16,KMB-P0003,105,105,kg,SIMULATED Odoo
2026-06-30T20:00:00Z,KMB-S16,KMB-P0004,67,69,l,SIMULATED Odoo
2026-06-30T20:00:00Z,KMB-S16,KMB-P0005,116,116,each,SIMULATED Odoo
2026-06-30T20:00:00Z,KMB-S16,KMB-P0006,13,11,kg,SIMULATED Odoo
2026-06-30T20:00:00Z,KMB-S16,KMB-P0007,10,9,l,SIMULATED Odoo
2026-06-30T20:00:00Z,KMB-S16,KMB-P0008,105,105,each,SIMULATED Odoo
2026-06-30T20:00:00Z,KMB-S16,KMB-P0009,105,105,kg,SIMULATED Odoo
2026-06-30T20:00:00Z,KMB-S16,KMB-P0010,37,37,l,SIMULATED Odoo
2026-06-30T20:00:00Z,KMB-S16,KMB-P0011,95,90,each,SIMULATED Odoo
2026-06-30T20:00:00Z,KMB-S16,KMB-P0012,6,8,kg,SIMULATED Odoo
2026-06-30T20:00:00Z,KMB-S16,KMB-P0013,117,116,l,SIMULATED Odoo
2026-06-30T20:00:00Z,KMB-S16,KMB-P0014,6,4,each,SIMULATED Odoo
2026-06-30T20:00:00Z,KMB-S16,KMB-P0015,32,32,kg,SIMULATED Odoo
2026-06-30T20:00:00Z,KMB-S16,KMB-P0016,32,30,l,SIMULATED Odoo
2026-06-30T20:00:00Z,KMB-S16,KMB-P0017,108,108,each,SIMULATED Odoo
2026-06-30T20:00:00Z,KMB-S16,KMB-P0018,114,114,kg,SIMULATED Odoo
2026-06-30T20:00:00Z,KMB-S16,KMB-P0019,59,59,l,SIMULATED Odoo
2026-06-30T20:00:00Z,KMB-S16,KMB-P0020,110,108,each,SIMULATED Odoo
2026-06-30T20:00:00Z,KMB-S16,KMB-P0021,32,31,kg,SIMULATED Odoo
2026-06-30T20:00:00Z,KMB-S16,KMB-P0022,10,5,l,SIMULATED Odoo
2026-06-30T20:00:00Z,KMB-S16,KMB-P0023,32,31,each,SIMULATED Odoo
2026-06-30T20:00:00Z,KMB-S16,KMB-P0024,85,83,kg,SIMULATED Odoo
2026-06-30T20:00:00Z,KMB-S16,KMB-P0025,108,108,l,SIMULATED Odoo
2026-06-30T20:00:00Z,KMB-S16,KMB-P0026,17,17,each,SIMULATED Odoo
2026-06-30T20:00:00Z,KMB-S16,KMB-P0027,73,73,kg,SIMULATED Odoo
2026-06-30T20:00:00Z,KMB-S16,KMB-P0028,65,65,l,SIMULATED Odoo
2026-06-30T20:00:00Z,KMB-S16,KMB-P0029,8,8,each,SIMULATED Odoo
2026-06-30T20:00:00Z,KMB-S16,KMB-P0030,74,76,kg,SIMULATED Odoo
2026-06-30T20:00:00Z,KMB-S16,KMB-P0031,37,36,l,SIMULATED Odoo
2026-06-30T20:00:00Z,KMB-S16,KMB-P0032,70,70,each,SIMULATED Odoo
2026-06-30T20:00:00Z,KMB-S16,KMB-P0033,80,78,kg,SIMULATED Odoo
2026-06-30T20:00:00Z,KMB-S16,KMB-P0034,60,58,l,SIMULATED Odoo
2026-06-30T20:00:00Z,KMB-S16,KMB-P0035,102,104,each,SIMULATED Odoo
2026-06-30T20:00:00Z,KMB-S16,KMB-P0036,50,45,kg,SIMULATED Odoo
2026-06-30T20:00:00Z,KMB-S16,KMB-P0037,82,84,l,SIMULATED Odoo
2026-06-30T20:00:00Z,KMB-S16,KMB-P0038,38,38,each,SIMULATED Odoo
2026-06-30T20:00:00Z,KMB-S16,KMB-P0039,17,15,kg,SIMULATED Odoo
2026-06-30T20:00:00Z,KMB-S16,KMB-P0040,26,28,l,SIMULATED Odoo
2026-06-30T20:00:00Z,KMB-S16,KMB-P0041,24,26,each,SIMULATED Odoo
2026-06-30T20:00:00Z,KMB-S16,KMB-P0042,93,88,kg,SIMULATED Odoo
2026-06-30T20:00:00Z,KMB-S16,KMB-P0043,97,97,l,SIMULATED Odoo
2026-06-30T20:00:00Z,KMB-S16,KMB-P0044,71,71,each,SIMULATED Odoo
2026-06-30T20:00:00Z,KMB-S16,KMB-P0045,41,41,kg,SIMULATED Odoo
2026-06-30T20:00:00Z,KMB-S16,KMB-P0046,110,109,l,SIMULATED Odoo
2026-06-30T20:00:00Z,KMB-S16,KMB-P0047,72,67,each,SIMULATED Odoo
2026-06-30T20:00:00Z,KMB-S16,KMB-P0048,105,107,kg,SIMULATED Odoo
2026-06-30T20:00:00Z,KMB-S16,KMB-P0049,90,89,l,SIMULATED Odoo
2026-06-30T20:00:00Z,KMB-S16,KMB-P0050,19,14,each,SIMULATED Odoo
2026-06-30T20:00:00Z,KMB-S16,KMB-P0051,71,70,kg,SIMULATED Odoo
2026-06-30T20:00:00Z,KMB-S16,KMB-P0052,111,111,l,SIMULATED Odoo
2026-06-30T20:00:00Z,KMB-S16,KMB-P0053,11,11,each,SIMULATED Odoo
2026-06-30T20:00:00Z,KMB-S16,KMB-P0054,107,107,kg,SIMULATED Odoo
2026-06-30T20:00:00Z,KMB-S16,KMB-P0055,19,19,l,SIMULATED Odoo
2026-06-30T20:00:00Z,KMB-S16,KMB-P0056,83,78,each,SIMULATED Odoo
2026-06-30T20:00:00Z,KMB-S16,KMB-P0057,63,63,kg,SIMULATED Odoo
2026-06-30T20:00:00Z,KMB-S16,KMB-P0058,37,37,l,SIMULATED Odoo
2026-06-30T20:00:00Z,KMB-S16,KMB-P0059,71,71,each,SIMULATED Odoo
2026-06-30T20:00:00Z,KMB-S16,KMB-P0060,49,49,kg,SIMULATED Odoo
2026-06-30T20:00:00Z,KMB-S16,KMB-P0061,113,113,l,SIMULATED Odoo
2026-06-30T20:00:00Z,KMB-S16,KMB-P0062,117,119,each,SIMULATED Odoo
2026-06-30T20:00:00Z,KMB-S16,KMB-P0063,115,115,kg,SIMULATED Odoo
2026-06-30T20:00:00Z,KMB-S16,KMB-P0064,31,31,l,SIMULATED Odoo
2026-06-30T20:00:00Z,KMB-S16,KMB-P0065,89,91,each,SIMULATED Odoo
2026-06-30T20:00:00Z,KMB-S16,KMB-P0066,60,59,kg,SIMULATED Odoo
2026-06-30T20:00:00Z,KMB-S16,KMB-P0067,72,70,l,SIMULATED Odoo
2026-06-30T20:00:00Z,KMB-S16,KMB-P0068,36,36,each,SIMULATED Odoo
2026-06-30T20:00:00Z,KMB-S16,KMB-P0069,114,114,kg,SIMULATED Odoo
2026-06-30T20:00:00Z,KMB-S16,KMB-P0070,104,104,l,SIMULATED Odoo
2026-06-30T20:00:00Z,KMB-S16,KMB-P0071,70,65,each,SIMULATED Odoo
2026-06-30T20:00:00Z,KMB-S16,KMB-P0072,86,86,kg,SIMULATED Odoo
2026-06-30T20:00:00Z,KMB-S16,KMB-P0073,65,63,l,SIMULATED Odoo
2026-06-30T20:00:00Z,KMB-S16,KMB-P0074,41,43,each,SIMULATED Odoo
2026-06-30T20:00:00Z,KMB-S16,KMB-P0075,97,92,kg,SIMULATED Odoo
2026-06-30T20:00:00Z,KMB-S16,KMB-P0076,19,19,l,SIMULATED Odoo
2026-06-30T20:00:00Z,KMB-S16,KMB-P0077,51,46,each,SIMULATED Odoo
2026-06-30T20:00:00Z,KMB-S16,KMB-P0078,9,7,kg,SIMULATED Odoo
2026-06-30T20:00:00Z,KMB-S16,KMB-P0079,113,115,l,SIMULATED Odoo
2026-06-30T20:00:00Z,KMB-S16,KMB-P0080,110,110,each,SIMULATED Odoo
2026-06-30T20:00:00Z,KMB-S16,KMB-P0081,16,15,kg,SIMULATED Odoo
2026-06-30T20:00:00Z,KMB-S16,KMB-P0082,0,0,l,SIMULATED Odoo
2026-06-30T20:00:00Z,KMB-S16,KMB-P0083,60,60,each,SIMULATED Odoo
2026-06-30T20:00:00Z,KMB-S16,KMB-P0084,13,13,kg,SIMULATED Odoo
2026-06-30T20:00:00Z,KMB-S16,KMB-P0085,22,24,l,SIMULATED Odoo
2026-06-30T20:00:00Z,KMB-S16,KMB-P0086,57,55,each,SIMULATED Odoo
2026-06-30T20:00:00Z,KMB-S16,KMB-P0087,58,58,kg,SIMULATED Odoo
2026-06-30T20:00:00Z,KMB-S16,KMB-P0088,106,105,l,SIMULATED Odoo
2026-06-30T20:00:00Z,KMB-S16,KMB-P0089,9,4,each,SIMULATED Odoo
2026-06-30T20:00:00Z,KMB-S16,KMB-P0090,52,52,kg,SIMULATED Odoo
2026-06-30T20:00:00Z,KMB-S16,KMB-P0091,94,92,l,SIMULATED Odoo
2026-06-30T20:00:00Z,KMB-S16,KMB-P0092,50,50,each,SIMULATED Odoo
2026-06-30T20:00:00Z,KMB-S16,KMB-P0093,88,83,kg,SIMULATED Odoo
2026-06-30T20:00:00Z,KMB-S16,KMB-P0094,59,59,l,SIMULATED Odoo
2026-06-30T20:00:00Z,KMB-S16,KMB-P0095,50,48,each,SIMULATED Odoo
2026-06-30T20:00:00Z,KMB-S16,KMB-P0096,96,98,kg,SIMULATED Odoo
2026-06-30T20:00:00Z,KMB-S16,KMB-P0097,59,59,l,SIMULATED Odoo
2026-06-30T20:00:00Z,KMB-S16,KMB-P0098,107,109,each,SIMULATED Odoo
2026-06-30T20:00:00Z,KMB-S16,KMB-P0099,9,9,kg,SIMULATED Odoo
2026-06-30T20:00:00Z,KMB-S16,KMB-P0100,72,72,l,SIMULATED Odoo
2026-06-30T20:00:00Z,KMB-S16,KMB-P0101,36,36,each,SIMULATED Odoo
2026-06-30T20:00:00Z,KMB-S16,KMB-P0102,30,25,kg,SIMULATED Odoo
2026-06-30T20:00:00Z,KMB-S16,KMB-P0103,87,87,l,SIMULATED Odoo
2026-06-30T20:00:00Z,KMB-S16,KMB-P0104,14,14,each,SIMULATED Odoo
2026-06-30T20:00:00Z,KMB-S16,KMB-P0105,118,117,kg,SIMULATED Odoo
2026-06-30T20:00:00Z,KMB-S16,KMB-P0106,10,8,l,SIMULATED Odoo
2026-06-30T20:00:00Z,KMB-S16,KMB-P0107,50,50,each,SIMULATED Odoo
2026-06-30T20:00:00Z,KMB-S16,KMB-P0108,100,100,kg,SIMULATED Odoo
2026-06-30T20:00:00Z,KMB-S16,KMB-P0109,90,90,l,SIMULATED Odoo
2026-06-30T20:00:00Z,KMB-S16,KMB-P0110,5,7,each,SIMULATED Odoo
2026-06-30T20:00:00Z,KMB-S16,KMB-P0111,106,101,kg,SIMULATED Odoo
2026-06-30T20:00:00Z,KMB-S16,KMB-P0112,49,49,l,SIMULATED Odoo
2026-06-30T20:00:00Z,KMB-S16,KMB-P0113,106,101,each,SIMULATED Odoo
2026-06-30T20:00:00Z,KMB-S16,KMB-P0114,24,26,kg,SIMULATED Odoo
2026-06-30T20:00:00Z,KMB-S16,KMB-P0115,12,7,l,SIMULATED Odoo
2026-06-30T20:00:00Z,KMB-S16,KMB-P0116,14,14,each,SIMULATED Odoo
2026-06-30T20:00:00Z,KMB-S16,KMB-P0117,64,64,kg,SIMULATED Odoo
2026-06-30T20:00:00Z,KMB-S16,KMB-P0118,108,107,l,SIMULATED Odoo
2026-06-30T20:00:00Z,KMB-S16,KMB-P0119,44,44,each,SIMULATED Odoo
2026-06-30T20:00:00Z,KMB-S17,KMB-P0000,57,56,kg,SIMULATED Odoo
2026-06-30T20:00:00Z,KMB-S17,KMB-P0001,81,79,l,SIMULATED Odoo
2026-06-30T20:00:00Z,KMB-S17,KMB-P0002,93,88,each,SIMULATED Odoo
2026-06-30T20:00:00Z,KMB-S17,KMB-P0003,38,38,kg,SIMULATED Odoo
2026-06-30T20:00:00Z,KMB-S17,KMB-P0004,47,46,l,SIMULATED Odoo
2026-06-30T20:00:00Z,KMB-S17,KMB-P0005,111,111,each,SIMULATED Odoo
2026-06-30T20:00:00Z,KMB-S17,KMB-P0006,98,96,kg,SIMULATED Odoo
2026-06-30T20:00:00Z,KMB-S17,KMB-P0007,26,25,l,SIMULATED Odoo
2026-06-30T20:00:00Z,KMB-S17,KMB-P0008,54,54,each,SIMULATED Odoo
2026-06-30T20:00:00Z,KMB-S17,KMB-P0009,22,24,kg,SIMULATED Odoo
2026-06-30T20:00:00Z,KMB-S17,KMB-P0010,120,119,l,SIMULATED Odoo
2026-06-30T20:00:00Z,KMB-S17,KMB-P0011,2,2,each,SIMULATED Odoo
2026-06-30T20:00:00Z,KMB-S17,KMB-P0012,20,20,kg,SIMULATED Odoo
2026-06-30T20:00:00Z,KMB-S17,KMB-P0013,95,94,l,SIMULATED Odoo
2026-06-30T20:00:00Z,KMB-S17,KMB-P0014,10,10,each,SIMULATED Odoo
2026-06-30T20:00:00Z,KMB-S17,KMB-P0015,37,37,kg,SIMULATED Odoo
2026-06-30T20:00:00Z,KMB-S17,KMB-P0016,3,5,l,SIMULATED Odoo
2026-06-30T20:00:00Z,KMB-S17,KMB-P0017,35,35,each,SIMULATED Odoo
2026-06-30T20:00:00Z,KMB-S17,KMB-P0018,30,30,kg,SIMULATED Odoo
2026-06-30T20:00:00Z,KMB-S17,KMB-P0019,13,8,l,SIMULATED Odoo
2026-06-30T20:00:00Z,KMB-S17,KMB-P0020,52,54,each,SIMULATED Odoo
2026-06-30T20:00:00Z,KMB-S17,KMB-P0021,14,14,kg,SIMULATED Odoo
2026-06-30T20:00:00Z,KMB-S17,KMB-P0022,29,24,l,SIMULATED Odoo
2026-06-30T20:00:00Z,KMB-S17,KMB-P0023,87,82,each,SIMULATED Odoo
2026-06-30T20:00:00Z,KMB-S17,KMB-P0024,60,60,kg,SIMULATED Odoo
2026-06-30T20:00:00Z,KMB-S17,KMB-P0025,98,93,l,SIMULATED Odoo
2026-06-30T20:00:00Z,KMB-S17,KMB-P0026,30,28,each,SIMULATED Odoo
2026-06-30T20:00:00Z,KMB-S17,KMB-P0027,101,96,kg,SIMULATED Odoo
2026-06-30T20:00:00Z,KMB-S17,KMB-P0028,30,25,l,SIMULATED Odoo
2026-06-30T20:00:00Z,KMB-S17,KMB-P0029,101,96,each,SIMULATED Odoo
2026-06-30T20:00:00Z,KMB-S17,KMB-P0030,48,48,kg,SIMULATED Odoo
2026-06-30T20:00:00Z,KMB-S17,KMB-P0031,0,2,l,SIMULATED Odoo
2026-06-30T20:00:00Z,KMB-S17,KMB-P0032,9,4,each,SIMULATED Odoo
2026-06-30T20:00:00Z,KMB-S17,KMB-P0033,7,6,kg,SIMULATED Odoo
2026-06-30T20:00:00Z,KMB-S17,KMB-P0034,73,71,l,SIMULATED Odoo
2026-06-30T20:00:00Z,KMB-S17,KMB-P0035,68,68,each,SIMULATED Odoo
2026-06-30T20:00:00Z,KMB-S17,KMB-P0036,23,22,kg,SIMULATED Odoo
2026-06-30T20:00:00Z,KMB-S17,KMB-P0037,114,113,l,SIMULATED Odoo
2026-06-30T20:00:00Z,KMB-S17,KMB-P0038,36,35,each,SIMULATED Odoo
2026-06-30T20:00:00Z,KMB-S17,KMB-P0039,91,91,kg,SIMULATED Odoo
2026-06-30T20:00:00Z,KMB-S17,KMB-P0040,55,55,l,SIMULATED Odoo
2026-06-30T20:00:00Z,KMB-S17,KMB-P0041,6,8,each,SIMULATED Odoo
2026-06-30T20:00:00Z,KMB-S17,KMB-P0042,21,21,kg,SIMULATED Odoo
2026-06-30T20:00:00Z,KMB-S17,KMB-P0043,26,21,l,SIMULATED Odoo
2026-06-30T20:00:00Z,KMB-S17,KMB-P0044,20,19,each,SIMULATED Odoo
2026-06-30T20:00:00Z,KMB-S17,KMB-P0045,47,46,kg,SIMULATED Odoo
2026-06-30T20:00:00Z,KMB-S17,KMB-P0046,40,38,l,SIMULATED Odoo
2026-06-30T20:00:00Z,KMB-S17,KMB-P0047,99,101,each,SIMULATED Odoo
2026-06-30T20:00:00Z,KMB-S17,KMB-P0048,79,74,kg,SIMULATED Odoo
2026-06-30T20:00:00Z,KMB-S17,KMB-P0049,26,26,l,SIMULATED Odoo
2026-06-30T20:00:00Z,KMB-S17,KMB-P0050,37,37,each,SIMULATED Odoo
2026-06-30T20:00:00Z,KMB-S17,KMB-P0051,15,10,kg,SIMULATED Odoo
2026-06-30T20:00:00Z,KMB-S17,KMB-P0052,50,48,l,SIMULATED Odoo
2026-06-30T20:00:00Z,KMB-S17,KMB-P0053,45,47,each,SIMULATED Odoo
2026-06-30T20:00:00Z,KMB-S17,KMB-P0054,37,32,kg,SIMULATED Odoo
2026-06-30T20:00:00Z,KMB-S17,KMB-P0055,54,54,l,SIMULATED Odoo
2026-06-30T20:00:00Z,KMB-S17,KMB-P0056,34,34,each,SIMULATED Odoo
2026-06-30T20:00:00Z,KMB-S17,KMB-P0057,16,16,kg,SIMULATED Odoo
2026-06-30T20:00:00Z,KMB-S17,KMB-P0058,33,35,l,SIMULATED Odoo
2026-06-30T20:00:00Z,KMB-S17,KMB-P0059,94,94,each,SIMULATED Odoo
2026-06-30T20:00:00Z,KMB-S17,KMB-P0060,96,96,kg,SIMULATED Odoo
2026-06-30T20:00:00Z,KMB-S17,KMB-P0061,50,50,l,SIMULATED Odoo
2026-06-30T20:00:00Z,KMB-S17,KMB-P0062,106,105,each,SIMULATED Odoo
2026-06-30T20:00:00Z,KMB-S17,KMB-P0063,79,77,kg,SIMULATED Odoo
2026-06-30T20:00:00Z,KMB-S17,KMB-P0064,37,32,l,SIMULATED Odoo
2026-06-30T20:00:00Z,KMB-S17,KMB-P0065,6,1,each,SIMULATED Odoo
2026-06-30T20:00:00Z,KMB-S17,KMB-P0066,113,113,kg,SIMULATED Odoo
2026-06-30T20:00:00Z,KMB-S17,KMB-P0067,82,82,l,SIMULATED Odoo
2026-06-30T20:00:00Z,KMB-S17,KMB-P0068,107,107,each,SIMULATED Odoo
2026-06-30T20:00:00Z,KMB-S17,KMB-P0069,92,94,kg,SIMULATED Odoo
2026-06-30T20:00:00Z,KMB-S17,KMB-P0070,23,25,l,SIMULATED Odoo
2026-06-30T20:00:00Z,KMB-S17,KMB-P0071,58,53,each,SIMULATED Odoo
2026-06-30T20:00:00Z,KMB-S17,KMB-P0072,27,29,kg,SIMULATED Odoo
2026-06-30T20:00:00Z,KMB-S17,KMB-P0073,26,21,l,SIMULATED Odoo
2026-06-30T20:00:00Z,KMB-S17,KMB-P0074,118,118,each,SIMULATED Odoo
2026-06-30T20:00:00Z,KMB-S17,KMB-P0075,36,36,kg,SIMULATED Odoo
2026-06-30T20:00:00Z,KMB-S17,KMB-P0076,103,103,l,SIMULATED Odoo
2026-06-30T20:00:00Z,KMB-S17,KMB-P0077,106,106,each,SIMULATED Odoo
2026-06-30T20:00:00Z,KMB-S17,KMB-P0078,50,49,kg,SIMULATED Odoo
2026-06-30T20:00:00Z,KMB-S17,KMB-P0079,30,30,l,SIMULATED Odoo
2026-06-30T20:00:00Z,KMB-S17,KMB-P0080,78,80,each,SIMULATED Odoo
2026-06-30T20:00:00Z,KMB-S17,KMB-P0081,13,13,kg,SIMULATED Odoo
2026-06-30T20:00:00Z,KMB-S17,KMB-P0082,37,37,l,SIMULATED Odoo
2026-06-30T20:00:00Z,KMB-S17,KMB-P0083,53,53,each,SIMULATED Odoo
2026-06-30T20:00:00Z,KMB-S17,KMB-P0084,9,9,kg,SIMULATED Odoo
2026-06-30T20:00:00Z,KMB-S17,KMB-P0085,120,118,l,SIMULATED Odoo
2026-06-30T20:00:00Z,KMB-S17,KMB-P0086,47,47,each,SIMULATED Odoo
2026-06-30T20:00:00Z,KMB-S17,KMB-P0087,15,15,kg,SIMULATED Odoo
2026-06-30T20:00:00Z,KMB-S17,KMB-P0088,38,40,l,SIMULATED Odoo
2026-06-30T20:00:00Z,KMB-S17,KMB-P0089,117,117,each,SIMULATED Odoo
2026-06-30T20:00:00Z,KMB-S17,KMB-P0090,41,40,kg,SIMULATED Odoo
2026-06-30T20:00:00Z,KMB-S17,KMB-P0091,50,48,l,SIMULATED Odoo
2026-06-30T20:00:00Z,KMB-S17,KMB-P0092,105,104,each,SIMULATED Odoo
2026-06-30T20:00:00Z,KMB-S17,KMB-P0093,27,25,kg,SIMULATED Odoo
2026-06-30T20:00:00Z,KMB-S17,KMB-P0094,77,77,l,SIMULATED Odoo
2026-06-30T20:00:00Z,KMB-S17,KMB-P0095,116,111,each,SIMULATED Odoo
2026-06-30T20:00:00Z,KMB-S17,KMB-P0096,105,107,kg,SIMULATED Odoo
2026-06-30T20:00:00Z,KMB-S17,KMB-P0097,109,111,l,SIMULATED Odoo
2026-06-30T20:00:00Z,KMB-S17,KMB-P0098,49,49,each,SIMULATED Odoo
2026-06-30T20:00:00Z,KMB-S17,KMB-P0099,91,86,kg,SIMULATED Odoo
2026-06-30T20:00:00Z,KMB-S17,KMB-P0100,22,17,l,SIMULATED Odoo
2026-06-30T20:00:00Z,KMB-S17,KMB-P0101,80,78,each,SIMULATED Odoo
2026-06-30T20:00:00Z,KMB-S17,KMB-P0102,42,40,kg,SIMULATED Odoo
2026-06-30T20:00:00Z,KMB-S17,KMB-P0103,80,82,l,SIMULATED Odoo
2026-06-30T20:00:00Z,KMB-S17,KMB-P0104,14,12,each,SIMULATED Odoo
2026-06-30T20:00:00Z,KMB-S17,KMB-P0105,50,45,kg,SIMULATED Odoo
2026-06-30T20:00:00Z,KMB-S17,KMB-P0106,9,4,l,SIMULATED Odoo
2026-06-30T20:00:00Z,KMB-S17,KMB-P0107,13,13,each,SIMULATED Odoo
2026-06-30T20:00:00Z,KMB-S17,KMB-P0108,92,94,kg,SIMULATED Odoo
2026-06-30T20:00:00Z,KMB-S17,KMB-P0109,93,93,l,SIMULATED Odoo
2026-06-30T20:00:00Z,KMB-S17,KMB-P0110,80,82,each,SIMULATED Odoo
2026-06-30T20:00:00Z,KMB-S17,KMB-P0111,96,94,kg,SIMULATED Odoo
2026-06-30T20:00:00Z,KMB-S17,KMB-P0112,53,53,l,SIMULATED Odoo
2026-06-30T20:00:00Z,KMB-S17,KMB-P0113,68,68,each,SIMULATED Odoo
2026-06-30T20:00:00Z,KMB-S17,KMB-P0114,81,80,kg,SIMULATED Odoo
2026-06-30T20:00:00Z,KMB-S17,KMB-P0115,44,44,l,SIMULATED Odoo
2026-06-30T20:00:00Z,KMB-S17,KMB-P0116,48,48,each,SIMULATED Odoo
2026-06-30T20:00:00Z,KMB-S17,KMB-P0117,6,1,kg,SIMULATED Odoo
2026-06-30T20:00:00Z,KMB-S17,KMB-P0118,31,31,l,SIMULATED Odoo
2026-06-30T20:00:00Z,KMB-S17,KMB-P0119,67,67,each,SIMULATED Odoo
2026-06-30T20:00:00Z,KMB-S18,KMB-P0000,31,31,kg,SIMULATED Odoo
2026-06-30T20:00:00Z,KMB-S18,KMB-P0001,117,117,l,SIMULATED Odoo
2026-06-30T20:00:00Z,KMB-S18,KMB-P0002,61,63,each,SIMULATED Odoo
2026-06-30T20:00:00Z,KMB-S18,KMB-P0003,108,108,kg,SIMULATED Odoo
2026-06-30T20:00:00Z,KMB-S18,KMB-P0004,30,29,l,SIMULATED Odoo
2026-06-30T20:00:00Z,KMB-S18,KMB-P0005,74,72,each,SIMULATED Odoo
2026-06-30T20:00:00Z,KMB-S18,KMB-P0006,4,4,kg,SIMULATED Odoo
2026-06-30T20:00:00Z,KMB-S18,KMB-P0007,15,15,l,SIMULATED Odoo
2026-06-30T20:00:00Z,KMB-S18,KMB-P0008,101,99,each,SIMULATED Odoo
2026-06-30T20:00:00Z,KMB-S18,KMB-P0009,66,64,kg,SIMULATED Odoo
2026-06-30T20:00:00Z,KMB-S18,KMB-P0010,51,51,l,SIMULATED Odoo
2026-06-30T20:00:00Z,KMB-S18,KMB-P0011,95,95,each,SIMULATED Odoo
2026-06-30T20:00:00Z,KMB-S18,KMB-P0012,43,43,kg,SIMULATED Odoo
2026-06-30T20:00:00Z,KMB-S18,KMB-P0013,66,61,l,SIMULATED Odoo
2026-06-30T20:00:00Z,KMB-S18,KMB-P0014,100,100,each,SIMULATED Odoo
2026-06-30T20:00:00Z,KMB-S18,KMB-P0015,85,85,kg,SIMULATED Odoo
2026-06-30T20:00:00Z,KMB-S18,KMB-P0016,100,98,l,SIMULATED Odoo
2026-06-30T20:00:00Z,KMB-S18,KMB-P0017,45,40,each,SIMULATED Odoo
2026-06-30T20:00:00Z,KMB-S18,KMB-P0018,3,0,kg,SIMULATED Odoo
2026-06-30T20:00:00Z,KMB-S18,KMB-P0019,20,22,l,SIMULATED Odoo
2026-06-30T20:00:00Z,KMB-S18,KMB-P0020,46,46,each,SIMULATED Odoo
2026-06-30T20:00:00Z,KMB-S18,KMB-P0021,115,115,kg,SIMULATED Odoo
2026-06-30T20:00:00Z,KMB-S18,KMB-P0022,113,108,l,SIMULATED Odoo
2026-06-30T20:00:00Z,KMB-S18,KMB-P0023,110,105,each,SIMULATED Odoo
2026-06-30T20:00:00Z,KMB-S18,KMB-P0024,52,47,kg,SIMULATED Odoo
2026-06-30T20:00:00Z,KMB-S18,KMB-P0025,49,47,l,SIMULATED Odoo
2026-06-30T20:00:00Z,KMB-S18,KMB-P0026,93,93,each,SIMULATED Odoo
2026-06-30T20:00:00Z,KMB-S18,KMB-P0027,96,96,kg,SIMULATED Odoo
2026-06-30T20:00:00Z,KMB-S18,KMB-P0028,68,68,l,SIMULATED Odoo
2026-06-30T20:00:00Z,KMB-S18,KMB-P0029,40,40,each,SIMULATED Odoo
2026-06-30T20:00:00Z,KMB-S18,KMB-P0030,58,60,kg,SIMULATED Odoo
2026-06-30T20:00:00Z,KMB-S18,KMB-P0031,103,101,l,SIMULATED Odoo
2026-06-30T20:00:00Z,KMB-S18,KMB-P0032,102,102,each,SIMULATED Odoo
2026-06-30T20:00:00Z,KMB-S18,KMB-P0033,64,64,kg,SIMULATED Odoo
2026-06-30T20:00:00Z,KMB-S18,KMB-P0034,63,63,l,SIMULATED Odoo
2026-06-30T20:00:00Z,KMB-S18,KMB-P0035,6,6,each,SIMULATED Odoo
2026-06-30T20:00:00Z,KMB-S18,KMB-P0036,100,100,kg,SIMULATED Odoo
2026-06-30T20:00:00Z,KMB-S18,KMB-P0037,43,45,l,SIMULATED Odoo
2026-06-30T20:00:00Z,KMB-S18,KMB-P0038,104,99,each,SIMULATED Odoo
2026-06-30T20:00:00Z,KMB-S18,KMB-P0039,99,94,kg,SIMULATED Odoo
2026-06-30T20:00:00Z,KMB-S18,KMB-P0040,104,104,l,SIMULATED Odoo
2026-06-30T20:00:00Z,KMB-S18,KMB-P0041,33,35,each,SIMULATED Odoo
2026-06-30T20:00:00Z,KMB-S18,KMB-P0042,23,23,kg,SIMULATED Odoo
2026-06-30T20:00:00Z,KMB-S18,KMB-P0043,14,14,l,SIMULATED Odoo
2026-06-30T20:00:00Z,KMB-S18,KMB-P0044,73,68,each,SIMULATED Odoo
2026-06-30T20:00:00Z,KMB-S18,KMB-P0045,98,98,kg,SIMULATED Odoo
2026-06-30T20:00:00Z,KMB-S18,KMB-P0046,109,109,l,SIMULATED Odoo
2026-06-30T20:00:00Z,KMB-S18,KMB-P0047,112,107,each,SIMULATED Odoo
2026-06-30T20:00:00Z,KMB-S18,KMB-P0048,66,65,kg,SIMULATED Odoo
2026-06-30T20:00:00Z,KMB-S18,KMB-P0049,29,29,l,SIMULATED Odoo
2026-06-30T20:00:00Z,KMB-S18,KMB-P0050,97,96,each,SIMULATED Odoo
2026-06-30T20:00:00Z,KMB-S18,KMB-P0051,61,61,kg,SIMULATED Odoo
2026-06-30T20:00:00Z,KMB-S18,KMB-P0052,36,35,l,SIMULATED Odoo
2026-06-30T20:00:00Z,KMB-S18,KMB-P0053,4,4,each,SIMULATED Odoo
2026-06-30T20:00:00Z,KMB-S18,KMB-P0054,13,13,kg,SIMULATED Odoo
2026-06-30T20:00:00Z,KMB-S18,KMB-P0055,97,97,l,SIMULATED Odoo
2026-06-30T20:00:00Z,KMB-S18,KMB-P0056,39,39,each,SIMULATED Odoo
2026-06-30T20:00:00Z,KMB-S18,KMB-P0057,77,77,kg,SIMULATED Odoo
2026-06-30T20:00:00Z,KMB-S18,KMB-P0058,77,76,l,SIMULATED Odoo
2026-06-30T20:00:00Z,KMB-S18,KMB-P0059,51,51,each,SIMULATED Odoo
2026-06-30T20:00:00Z,KMB-S18,KMB-P0060,23,18,kg,SIMULATED Odoo
2026-06-30T20:00:00Z,KMB-S18,KMB-P0061,10,10,l,SIMULATED Odoo
2026-06-30T20:00:00Z,KMB-S18,KMB-P0062,116,116,each,SIMULATED Odoo
2026-06-30T20:00:00Z,KMB-S18,KMB-P0063,25,25,kg,SIMULATED Odoo
2026-06-30T20:00:00Z,KMB-S18,KMB-P0064,96,96,l,SIMULATED Odoo
2026-06-30T20:00:00Z,KMB-S18,KMB-P0065,98,98,each,SIMULATED Odoo
2026-06-30T20:00:00Z,KMB-S18,KMB-P0066,107,107,kg,SIMULATED Odoo
2026-06-30T20:00:00Z,KMB-S18,KMB-P0067,1,0,l,SIMULATED Odoo
2026-06-30T20:00:00Z,KMB-S18,KMB-P0068,75,75,each,SIMULATED Odoo
2026-06-30T20:00:00Z,KMB-S18,KMB-P0069,36,34,kg,SIMULATED Odoo
2026-06-30T20:00:00Z,KMB-S18,KMB-P0070,37,36,l,SIMULATED Odoo
2026-06-30T20:00:00Z,KMB-S18,KMB-P0071,60,60,each,SIMULATED Odoo
2026-06-30T20:00:00Z,KMB-S18,KMB-P0072,74,69,kg,SIMULATED Odoo
2026-06-30T20:00:00Z,KMB-S18,KMB-P0073,78,80,l,SIMULATED Odoo
2026-06-30T20:00:00Z,KMB-S18,KMB-P0074,101,100,each,SIMULATED Odoo
2026-06-30T20:00:00Z,KMB-S18,KMB-P0075,94,96,kg,SIMULATED Odoo
2026-06-30T20:00:00Z,KMB-S18,KMB-P0076,47,47,l,SIMULATED Odoo
2026-06-30T20:00:00Z,KMB-S18,KMB-P0077,36,35,each,SIMULATED Odoo
2026-06-30T20:00:00Z,KMB-S18,KMB-P0078,107,105,kg,SIMULATED Odoo
2026-06-30T20:00:00Z,KMB-S18,KMB-P0079,90,90,l,SIMULATED Odoo
2026-06-30T20:00:00Z,KMB-S18,KMB-P0080,51,49,each,SIMULATED Odoo
2026-06-30T20:00:00Z,KMB-S18,KMB-P0081,11,10,kg,SIMULATED Odoo
2026-06-30T20:00:00Z,KMB-S18,KMB-P0082,69,64,l,SIMULATED Odoo
2026-06-30T20:00:00Z,KMB-S18,KMB-P0083,25,25,each,SIMULATED Odoo
2026-06-30T20:00:00Z,KMB-S18,KMB-P0084,44,46,kg,SIMULATED Odoo
2026-06-30T20:00:00Z,KMB-S18,KMB-P0085,32,32,l,SIMULATED Odoo
2026-06-30T20:00:00Z,KMB-S18,KMB-P0086,51,51,each,SIMULATED Odoo
2026-06-30T20:00:00Z,KMB-S18,KMB-P0087,42,41,kg,SIMULATED Odoo
2026-06-30T20:00:00Z,KMB-S18,KMB-P0088,13,8,l,SIMULATED Odoo
2026-06-30T20:00:00Z,KMB-S18,KMB-P0089,7,7,each,SIMULATED Odoo
2026-06-30T20:00:00Z,KMB-S18,KMB-P0090,82,81,kg,SIMULATED Odoo
2026-06-30T20:00:00Z,KMB-S18,KMB-P0091,25,25,l,SIMULATED Odoo
2026-06-30T20:00:00Z,KMB-S18,KMB-P0092,55,53,each,SIMULATED Odoo
2026-06-30T20:00:00Z,KMB-S18,KMB-P0093,93,93,kg,SIMULATED Odoo
2026-06-30T20:00:00Z,KMB-S18,KMB-P0094,6,1,l,SIMULATED Odoo
2026-06-30T20:00:00Z,KMB-S18,KMB-P0095,97,97,each,SIMULATED Odoo
2026-06-30T20:00:00Z,KMB-S18,KMB-P0096,41,36,kg,SIMULATED Odoo
2026-06-30T20:00:00Z,KMB-S18,KMB-P0097,102,100,l,SIMULATED Odoo
2026-06-30T20:00:00Z,KMB-S18,KMB-P0098,82,77,each,SIMULATED Odoo
2026-06-30T20:00:00Z,KMB-S18,KMB-P0099,103,101,kg,SIMULATED Odoo
2026-06-30T20:00:00Z,KMB-S18,KMB-P0100,14,13,l,SIMULATED Odoo
2026-06-30T20:00:00Z,KMB-S18,KMB-P0101,79,79,each,SIMULATED Odoo
2026-06-30T20:00:00Z,KMB-S18,KMB-P0102,64,62,kg,SIMULATED Odoo
2026-06-30T20:00:00Z,KMB-S18,KMB-P0103,118,118,l,SIMULATED Odoo
2026-06-30T20:00:00Z,KMB-S18,KMB-P0104,54,56,each,SIMULATED Odoo
2026-06-30T20:00:00Z,KMB-S18,KMB-P0105,73,75,kg,SIMULATED Odoo
2026-06-30T20:00:00Z,KMB-S18,KMB-P0106,96,91,l,SIMULATED Odoo
2026-06-30T20:00:00Z,KMB-S18,KMB-P0107,80,80,each,SIMULATED Odoo
2026-06-30T20:00:00Z,KMB-S18,KMB-P0108,13,13,kg,SIMULATED Odoo
2026-06-30T20:00:00Z,KMB-S18,KMB-P0109,2,4,l,SIMULATED Odoo
2026-06-30T20:00:00Z,KMB-S18,KMB-P0110,17,17,each,SIMULATED Odoo
2026-06-30T20:00:00Z,KMB-S18,KMB-P0111,20,20,kg,SIMULATED Odoo
2026-06-30T20:00:00Z,KMB-S18,KMB-P0112,19,18,l,SIMULATED Odoo
2026-06-30T20:00:00Z,KMB-S18,KMB-P0113,70,72,each,SIMULATED Odoo
2026-06-30T20:00:00Z,KMB-S18,KMB-P0114,5,5,kg,SIMULATED Odoo
2026-06-30T20:00:00Z,KMB-S18,KMB-P0115,55,55,l,SIMULATED Odoo
2026-06-30T20:00:00Z,KMB-S18,KMB-P0116,18,16,each,SIMULATED Odoo
2026-06-30T20:00:00Z,KMB-S18,KMB-P0117,80,82,kg,SIMULATED Odoo
2026-06-30T20:00:00Z,KMB-S18,KMB-P0118,97,99,l,SIMULATED Odoo
2026-06-30T20:00:00Z,KMB-S18,KMB-P0119,28,28,each,SIMULATED Odoo
2026-06-30T20:00:00Z,KMB-S19,KMB-P0000,53,53,kg,SIMULATED Odoo
2026-06-30T20:00:00Z,KMB-S19,KMB-P0001,27,22,l,SIMULATED Odoo
2026-06-30T20:00:00Z,KMB-S19,KMB-P0002,19,19,each,SIMULATED Odoo
2026-06-30T20:00:00Z,KMB-S19,KMB-P0003,21,21,kg,SIMULATED Odoo
2026-06-30T20:00:00Z,KMB-S19,KMB-P0004,29,29,l,SIMULATED Odoo
2026-06-30T20:00:00Z,KMB-S19,KMB-P0005,63,63,each,SIMULATED Odoo
2026-06-30T20:00:00Z,KMB-S19,KMB-P0006,68,67,kg,SIMULATED Odoo
2026-06-30T20:00:00Z,KMB-S19,KMB-P0007,47,47,l,SIMULATED Odoo
2026-06-30T20:00:00Z,KMB-S19,KMB-P0008,72,71,each,SIMULATED Odoo
2026-06-30T20:00:00Z,KMB-S19,KMB-P0009,18,13,kg,SIMULATED Odoo
2026-06-30T20:00:00Z,KMB-S19,KMB-P0010,120,122,l,SIMULATED Odoo
2026-06-30T20:00:00Z,KMB-S19,KMB-P0011,10,9,each,SIMULATED Odoo
2026-06-30T20:00:00Z,KMB-S19,KMB-P0012,67,65,kg,SIMULATED Odoo
2026-06-30T20:00:00Z,KMB-S19,KMB-P0013,120,118,l,SIMULATED Odoo
2026-06-30T20:00:00Z,KMB-S19,KMB-P0014,46,45,each,SIMULATED Odoo
2026-06-30T20:00:00Z,KMB-S19,KMB-P0015,35,35,kg,SIMULATED Odoo
2026-06-30T20:00:00Z,KMB-S19,KMB-P0016,92,92,l,SIMULATED Odoo
2026-06-30T20:00:00Z,KMB-S19,KMB-P0017,60,62,each,SIMULATED Odoo
2026-06-30T20:00:00Z,KMB-S19,KMB-P0018,33,33,kg,SIMULATED Odoo
2026-06-30T20:00:00Z,KMB-S19,KMB-P0019,91,90,l,SIMULATED Odoo
2026-06-30T20:00:00Z,KMB-S19,KMB-P0020,96,96,each,SIMULATED Odoo
2026-06-30T20:00:00Z,KMB-S19,KMB-P0021,25,25,kg,SIMULATED Odoo
2026-06-30T20:00:00Z,KMB-S19,KMB-P0022,105,105,l,SIMULATED Odoo
2026-06-30T20:00:00Z,KMB-S19,KMB-P0023,52,54,each,SIMULATED Odoo
2026-06-30T20:00:00Z,KMB-S19,KMB-P0024,6,5,kg,SIMULATED Odoo
2026-06-30T20:00:00Z,KMB-S19,KMB-P0025,55,53,l,SIMULATED Odoo
2026-06-30T20:00:00Z,KMB-S19,KMB-P0026,48,43,each,SIMULATED Odoo
2026-06-30T20:00:00Z,KMB-S19,KMB-P0027,37,35,kg,SIMULATED Odoo
2026-06-30T20:00:00Z,KMB-S19,KMB-P0028,94,89,l,SIMULATED Odoo
2026-06-30T20:00:00Z,KMB-S19,KMB-P0029,115,110,each,SIMULATED Odoo
2026-06-30T20:00:00Z,KMB-S19,KMB-P0030,65,67,kg,SIMULATED Odoo
2026-06-30T20:00:00Z,KMB-S19,KMB-P0031,21,16,l,SIMULATED Odoo
2026-06-30T20:00:00Z,KMB-S19,KMB-P0032,7,7,each,SIMULATED Odoo
2026-06-30T20:00:00Z,KMB-S19,KMB-P0033,108,110,kg,SIMULATED Odoo
2026-06-30T20:00:00Z,KMB-S19,KMB-P0034,3,2,l,SIMULATED Odoo
2026-06-30T20:00:00Z,KMB-S19,KMB-P0035,96,98,each,SIMULATED Odoo
2026-06-30T20:00:00Z,KMB-S19,KMB-P0036,17,19,kg,SIMULATED Odoo
2026-06-30T20:00:00Z,KMB-S19,KMB-P0037,43,43,l,SIMULATED Odoo
2026-06-30T20:00:00Z,KMB-S19,KMB-P0038,34,29,each,SIMULATED Odoo
2026-06-30T20:00:00Z,KMB-S19,KMB-P0039,79,78,kg,SIMULATED Odoo
2026-06-30T20:00:00Z,KMB-S19,KMB-P0040,85,85,l,SIMULATED Odoo
2026-06-30T20:00:00Z,KMB-S19,KMB-P0041,51,51,each,SIMULATED Odoo
2026-06-30T20:00:00Z,KMB-S19,KMB-P0042,40,40,kg,SIMULATED Odoo
2026-06-30T20:00:00Z,KMB-S19,KMB-P0043,70,72,l,SIMULATED Odoo
2026-06-30T20:00:00Z,KMB-S19,KMB-P0044,88,86,each,SIMULATED Odoo
2026-06-30T20:00:00Z,KMB-S19,KMB-P0045,96,95,kg,SIMULATED Odoo
2026-06-30T20:00:00Z,KMB-S19,KMB-P0046,56,55,l,SIMULATED Odoo
2026-06-30T20:00:00Z,KMB-S19,KMB-P0047,99,99,each,SIMULATED Odoo
2026-06-30T20:00:00Z,KMB-S19,KMB-P0048,86,86,kg,SIMULATED Odoo
2026-06-30T20:00:00Z,KMB-S19,KMB-P0049,55,55,l,SIMULATED Odoo
2026-06-30T20:00:00Z,KMB-S19,KMB-P0050,37,37,each,SIMULATED Odoo
2026-06-30T20:00:00Z,KMB-S19,KMB-P0051,52,52,kg,SIMULATED Odoo
2026-06-30T20:00:00Z,KMB-S19,KMB-P0052,45,45,l,SIMULATED Odoo
2026-06-30T20:00:00Z,KMB-S19,KMB-P0053,32,34,each,SIMULATED Odoo
2026-06-30T20:00:00Z,KMB-S19,KMB-P0054,95,94,kg,SIMULATED Odoo
2026-06-30T20:00:00Z,KMB-S19,KMB-P0055,1,0,l,SIMULATED Odoo
2026-06-30T20:00:00Z,KMB-S19,KMB-P0056,83,83,each,SIMULATED Odoo
2026-06-30T20:00:00Z,KMB-S19,KMB-P0057,120,119,kg,SIMULATED Odoo
2026-06-30T20:00:00Z,KMB-S19,KMB-P0058,112,111,l,SIMULATED Odoo
2026-06-30T20:00:00Z,KMB-S19,KMB-P0059,1,3,each,SIMULATED Odoo
2026-06-30T20:00:00Z,KMB-S19,KMB-P0060,15,15,kg,SIMULATED Odoo
2026-06-30T20:00:00Z,KMB-S19,KMB-P0061,27,25,l,SIMULATED Odoo
2026-06-30T20:00:00Z,KMB-S19,KMB-P0062,25,23,each,SIMULATED Odoo
2026-06-30T20:00:00Z,KMB-S19,KMB-P0063,120,120,kg,SIMULATED Odoo
2026-06-30T20:00:00Z,KMB-S19,KMB-P0064,40,40,l,SIMULATED Odoo
2026-06-30T20:00:00Z,KMB-S19,KMB-P0065,99,99,each,SIMULATED Odoo
2026-06-30T20:00:00Z,KMB-S19,KMB-P0066,97,92,kg,SIMULATED Odoo
2026-06-30T20:00:00Z,KMB-S19,KMB-P0067,59,61,l,SIMULATED Odoo
2026-06-30T20:00:00Z,KMB-S19,KMB-P0068,84,84,each,SIMULATED Odoo
2026-06-30T20:00:00Z,KMB-S19,KMB-P0069,43,38,kg,SIMULATED Odoo
2026-06-30T20:00:00Z,KMB-S19,KMB-P0070,38,38,l,SIMULATED Odoo
2026-06-30T20:00:00Z,KMB-S19,KMB-P0071,6,1,each,SIMULATED Odoo
2026-06-30T20:00:00Z,KMB-S19,KMB-P0072,50,48,kg,SIMULATED Odoo
2026-06-30T20:00:00Z,KMB-S19,KMB-P0073,20,18,l,SIMULATED Odoo
2026-06-30T20:00:00Z,KMB-S19,KMB-P0074,49,51,each,SIMULATED Odoo
2026-06-30T20:00:00Z,KMB-S19,KMB-P0075,62,62,kg,SIMULATED Odoo
2026-06-30T20:00:00Z,KMB-S19,KMB-P0076,61,61,l,SIMULATED Odoo
2026-06-30T20:00:00Z,KMB-S19,KMB-P0077,108,107,each,SIMULATED Odoo
2026-06-30T20:00:00Z,KMB-S19,KMB-P0078,98,98,kg,SIMULATED Odoo
2026-06-30T20:00:00Z,KMB-S19,KMB-P0079,34,32,l,SIMULATED Odoo
2026-06-30T20:00:00Z,KMB-S19,KMB-P0080,39,39,each,SIMULATED Odoo
2026-06-30T20:00:00Z,KMB-S19,KMB-P0081,49,49,kg,SIMULATED Odoo
2026-06-30T20:00:00Z,KMB-S19,KMB-P0082,100,100,l,SIMULATED Odoo
2026-06-30T20:00:00Z,KMB-S19,KMB-P0083,45,45,each,SIMULATED Odoo
2026-06-30T20:00:00Z,KMB-S19,KMB-P0084,94,89,kg,SIMULATED Odoo
2026-06-30T20:00:00Z,KMB-S19,KMB-P0085,72,70,l,SIMULATED Odoo
2026-06-30T20:00:00Z,KMB-S19,KMB-P0086,30,25,each,SIMULATED Odoo
2026-06-30T20:00:00Z,KMB-S19,KMB-P0087,40,39,kg,SIMULATED Odoo
2026-06-30T20:00:00Z,KMB-S19,KMB-P0088,1,0,l,SIMULATED Odoo
2026-06-30T20:00:00Z,KMB-S19,KMB-P0089,73,75,each,SIMULATED Odoo
2026-06-30T20:00:00Z,KMB-S19,KMB-P0090,82,80,kg,SIMULATED Odoo
2026-06-30T20:00:00Z,KMB-S19,KMB-P0091,57,57,l,SIMULATED Odoo
2026-06-30T20:00:00Z,KMB-S19,KMB-P0092,33,31,each,SIMULATED Odoo
2026-06-30T20:00:00Z,KMB-S19,KMB-P0093,117,119,kg,SIMULATED Odoo
2026-06-30T20:00:00Z,KMB-S19,KMB-P0094,63,61,l,SIMULATED Odoo
2026-06-30T20:00:00Z,KMB-S19,KMB-P0095,24,24,each,SIMULATED Odoo
2026-06-30T20:00:00Z,KMB-S19,KMB-P0096,81,79,kg,SIMULATED Odoo
2026-06-30T20:00:00Z,KMB-S19,KMB-P0097,60,55,l,SIMULATED Odoo
2026-06-30T20:00:00Z,KMB-S19,KMB-P0098,54,54,each,SIMULATED Odoo
2026-06-30T20:00:00Z,KMB-S19,KMB-P0099,93,93,kg,SIMULATED Odoo
2026-06-30T20:00:00Z,KMB-S19,KMB-P0100,118,118,l,SIMULATED Odoo
2026-06-30T20:00:00Z,KMB-S19,KMB-P0101,36,35,each,SIMULATED Odoo
2026-06-30T20:00:00Z,KMB-S19,KMB-P0102,52,54,kg,SIMULATED Odoo
2026-06-30T20:00:00Z,KMB-S19,KMB-P0103,58,53,l,SIMULATED Odoo
2026-06-30T20:00:00Z,KMB-S19,KMB-P0104,83,85,each,SIMULATED Odoo
2026-06-30T20:00:00Z,KMB-S19,KMB-P0105,44,43,kg,SIMULATED Odoo
2026-06-30T20:00:00Z,KMB-S19,KMB-P0106,24,24,l,SIMULATED Odoo
2026-06-30T20:00:00Z,KMB-S19,KMB-P0107,4,6,each,SIMULATED Odoo
2026-06-30T20:00:00Z,KMB-S19,KMB-P0108,16,16,kg,SIMULATED Odoo
2026-06-30T20:00:00Z,KMB-S19,KMB-P0109,75,77,l,SIMULATED Odoo
2026-06-30T20:00:00Z,KMB-S19,KMB-P0110,84,84,each,SIMULATED Odoo
2026-06-30T20:00:00Z,KMB-S19,KMB-P0111,79,78,kg,SIMULATED Odoo
2026-06-30T20:00:00Z,KMB-S19,KMB-P0112,8,8,l,SIMULATED Odoo
2026-06-30T20:00:00Z,KMB-S19,KMB-P0113,33,33,each,SIMULATED Odoo
2026-06-30T20:00:00Z,KMB-S19,KMB-P0114,98,98,kg,SIMULATED Odoo
2026-06-30T20:00:00Z,KMB-S19,KMB-P0115,107,105,l,SIMULATED Odoo
2026-06-30T20:00:00Z,KMB-S19,KMB-P0116,40,38,each,SIMULATED Odoo
2026-06-30T20:00:00Z,KMB-S19,KMB-P0117,0,2,kg,SIMULATED Odoo
2026-06-30T20:00:00Z,KMB-S19,KMB-P0118,42,41,l,SIMULATED Odoo
2026-06-30T20:00:00Z,KMB-S19,KMB-P0119,100,100,each,SIMULATED Odoo
2026-06-30T20:00:00Z,KMB-S20,KMB-P0000,90,85,kg,SIMULATED Odoo
2026-06-30T20:00:00Z,KMB-S20,KMB-P0001,15,14,l,SIMULATED Odoo
2026-06-30T20:00:00Z,KMB-S20,KMB-P0002,43,43,each,SIMULATED Odoo
2026-06-30T20:00:00Z,KMB-S20,KMB-P0003,120,115,kg,SIMULATED Odoo
2026-06-30T20:00:00Z,KMB-S20,KMB-P0004,40,40,l,SIMULATED Odoo
2026-06-30T20:00:00Z,KMB-S20,KMB-P0005,37,35,each,SIMULATED Odoo
2026-06-30T20:00:00Z,KMB-S20,KMB-P0006,64,62,kg,SIMULATED Odoo
2026-06-30T20:00:00Z,KMB-S20,KMB-P0007,47,47,l,SIMULATED Odoo
2026-06-30T20:00:00Z,KMB-S20,KMB-P0008,103,101,each,SIMULATED Odoo
2026-06-30T20:00:00Z,KMB-S20,KMB-P0009,99,99,kg,SIMULATED Odoo
2026-06-30T20:00:00Z,KMB-S20,KMB-P0010,1,0,l,SIMULATED Odoo
2026-06-30T20:00:00Z,KMB-S20,KMB-P0011,2,2,each,SIMULATED Odoo
2026-06-30T20:00:00Z,KMB-S20,KMB-P0012,75,75,kg,SIMULATED Odoo
2026-06-30T20:00:00Z,KMB-S20,KMB-P0013,66,66,l,SIMULATED Odoo
2026-06-30T20:00:00Z,KMB-S20,KMB-P0014,107,102,each,SIMULATED Odoo
2026-06-30T20:00:00Z,KMB-S20,KMB-P0015,103,98,kg,SIMULATED Odoo
2026-06-30T20:00:00Z,KMB-S20,KMB-P0016,96,95,l,SIMULATED Odoo
2026-06-30T20:00:00Z,KMB-S20,KMB-P0017,23,23,each,SIMULATED Odoo
2026-06-30T20:00:00Z,KMB-S20,KMB-P0018,72,67,kg,SIMULATED Odoo
2026-06-30T20:00:00Z,KMB-S20,KMB-P0019,42,40,l,SIMULATED Odoo
2026-06-30T20:00:00Z,KMB-S20,KMB-P0020,110,110,each,SIMULATED Odoo
2026-06-30T20:00:00Z,KMB-S20,KMB-P0021,33,35,kg,SIMULATED Odoo
2026-06-30T20:00:00Z,KMB-S20,KMB-P0022,100,100,l,SIMULATED Odoo
2026-06-30T20:00:00Z,KMB-S20,KMB-P0023,63,62,each,SIMULATED Odoo
2026-06-30T20:00:00Z,KMB-S20,KMB-P0024,45,40,kg,SIMULATED Odoo
2026-06-30T20:00:00Z,KMB-S20,KMB-P0025,43,45,l,SIMULATED Odoo
2026-06-30T20:00:00Z,KMB-S20,KMB-P0026,6,1,each,SIMULATED Odoo
2026-06-30T20:00:00Z,KMB-S20,KMB-P0027,57,57,kg,SIMULATED Odoo
2026-06-30T20:00:00Z,KMB-S20,KMB-P0028,104,104,l,SIMULATED Odoo
2026-06-30T20:00:00Z,KMB-S20,KMB-P0029,30,32,each,SIMULATED Odoo
2026-06-30T20:00:00Z,KMB-S20,KMB-P0030,116,114,kg,SIMULATED Odoo
2026-06-30T20:00:00Z,KMB-S20,KMB-P0031,55,55,l,SIMULATED Odoo
2026-06-30T20:00:00Z,KMB-S20,KMB-P0032,99,101,each,SIMULATED Odoo
2026-06-30T20:00:00Z,KMB-S20,KMB-P0033,31,26,kg,SIMULATED Odoo
2026-06-30T20:00:00Z,KMB-S20,KMB-P0034,83,85,l,SIMULATED Odoo
2026-06-30T20:00:00Z,KMB-S20,KMB-P0035,73,68,each,SIMULATED Odoo
2026-06-30T20:00:00Z,KMB-S20,KMB-P0036,72,72,kg,SIMULATED Odoo
2026-06-30T20:00:00Z,KMB-S20,KMB-P0037,55,55,l,SIMULATED Odoo
2026-06-30T20:00:00Z,KMB-S20,KMB-P0038,63,63,each,SIMULATED Odoo
2026-06-30T20:00:00Z,KMB-S20,KMB-P0039,76,76,kg,SIMULATED Odoo
2026-06-30T20:00:00Z,KMB-S20,KMB-P0040,101,103,l,SIMULATED Odoo
2026-06-30T20:00:00Z,KMB-S20,KMB-P0041,32,32,each,SIMULATED Odoo
2026-06-30T20:00:00Z,KMB-S20,KMB-P0042,46,46,kg,SIMULATED Odoo
2026-06-30T20:00:00Z,KMB-S20,KMB-P0043,0,0,l,SIMULATED Odoo
2026-06-30T20:00:00Z,KMB-S20,KMB-P0044,76,76,each,SIMULATED Odoo
2026-06-30T20:00:00Z,KMB-S20,KMB-P0045,1,3,kg,SIMULATED Odoo
2026-06-30T20:00:00Z,KMB-S20,KMB-P0046,38,33,l,SIMULATED Odoo
2026-06-30T20:00:00Z,KMB-S20,KMB-P0047,77,79,each,SIMULATED Odoo
2026-06-30T20:00:00Z,KMB-S20,KMB-P0048,27,27,kg,SIMULATED Odoo
2026-06-30T20:00:00Z,KMB-S20,KMB-P0049,26,26,l,SIMULATED Odoo
2026-06-30T20:00:00Z,KMB-S20,KMB-P0050,67,67,each,SIMULATED Odoo
2026-06-30T20:00:00Z,KMB-S20,KMB-P0051,89,89,kg,SIMULATED Odoo
2026-06-30T20:00:00Z,KMB-S20,KMB-P0052,17,17,l,SIMULATED Odoo
2026-06-30T20:00:00Z,KMB-S20,KMB-P0053,85,80,each,SIMULATED Odoo
2026-06-30T20:00:00Z,KMB-S20,KMB-P0054,35,30,kg,SIMULATED Odoo
2026-06-30T20:00:00Z,KMB-S20,KMB-P0055,111,110,l,SIMULATED Odoo
2026-06-30T20:00:00Z,KMB-S20,KMB-P0056,51,46,each,SIMULATED Odoo
2026-06-30T20:00:00Z,KMB-S20,KMB-P0057,75,73,kg,SIMULATED Odoo
2026-06-30T20:00:00Z,KMB-S20,KMB-P0058,87,87,l,SIMULATED Odoo
2026-06-30T20:00:00Z,KMB-S20,KMB-P0059,16,16,each,SIMULATED Odoo
2026-06-30T20:00:00Z,KMB-S20,KMB-P0060,25,25,kg,SIMULATED Odoo
2026-06-30T20:00:00Z,KMB-S20,KMB-P0061,66,61,l,SIMULATED Odoo
2026-06-30T20:00:00Z,KMB-S20,KMB-P0062,89,89,each,SIMULATED Odoo
2026-06-30T20:00:00Z,KMB-S20,KMB-P0063,56,58,kg,SIMULATED Odoo
2026-06-30T20:00:00Z,KMB-S20,KMB-P0064,114,116,l,SIMULATED Odoo
2026-06-30T20:00:00Z,KMB-S20,KMB-P0065,22,22,each,SIMULATED Odoo
2026-06-30T20:00:00Z,KMB-S20,KMB-P0066,106,106,kg,SIMULATED Odoo
2026-06-30T20:00:00Z,KMB-S20,KMB-P0067,104,104,l,SIMULATED Odoo
2026-06-30T20:00:00Z,KMB-S20,KMB-P0068,80,78,each,SIMULATED Odoo
2026-06-30T20:00:00Z,KMB-S20,KMB-P0069,107,109,kg,SIMULATED Odoo
2026-06-30T20:00:00Z,KMB-S20,KMB-P0070,82,82,l,SIMULATED Odoo
2026-06-30T20:00:00Z,KMB-S20,KMB-P0071,48,50,each,SIMULATED Odoo
2026-06-30T20:00:00Z,KMB-S20,KMB-P0072,43,41,kg,SIMULATED Odoo
2026-06-30T20:00:00Z,KMB-S20,KMB-P0073,1,1,l,SIMULATED Odoo
2026-06-30T20:00:00Z,KMB-S20,KMB-P0074,114,109,each,SIMULATED Odoo
2026-06-30T20:00:00Z,KMB-S20,KMB-P0075,47,47,kg,SIMULATED Odoo
2026-06-30T20:00:00Z,KMB-S20,KMB-P0076,3,3,l,SIMULATED Odoo
2026-06-30T20:00:00Z,KMB-S20,KMB-P0077,95,95,each,SIMULATED Odoo
2026-06-30T20:00:00Z,KMB-S20,KMB-P0078,45,44,kg,SIMULATED Odoo
2026-06-30T20:00:00Z,KMB-S20,KMB-P0079,58,56,l,SIMULATED Odoo
2026-06-30T20:00:00Z,KMB-S20,KMB-P0080,20,20,each,SIMULATED Odoo
2026-06-30T20:00:00Z,KMB-S20,KMB-P0081,46,46,kg,SIMULATED Odoo
2026-06-30T20:00:00Z,KMB-S20,KMB-P0082,48,48,l,SIMULATED Odoo
2026-06-30T20:00:00Z,KMB-S20,KMB-P0083,19,21,each,SIMULATED Odoo
2026-06-30T20:00:00Z,KMB-S20,KMB-P0084,95,95,kg,SIMULATED Odoo
2026-06-30T20:00:00Z,KMB-S20,KMB-P0085,101,96,l,SIMULATED Odoo
2026-06-30T20:00:00Z,KMB-S20,KMB-P0086,108,106,each,SIMULATED Odoo
2026-06-30T20:00:00Z,KMB-S20,KMB-P0087,65,67,kg,SIMULATED Odoo
2026-06-30T20:00:00Z,KMB-S20,KMB-P0088,31,31,l,SIMULATED Odoo
2026-06-30T20:00:00Z,KMB-S20,KMB-P0089,6,1,each,SIMULATED Odoo
2026-06-30T20:00:00Z,KMB-S20,KMB-P0090,87,86,kg,SIMULATED Odoo
2026-06-30T20:00:00Z,KMB-S20,KMB-P0091,26,28,l,SIMULATED Odoo
2026-06-30T20:00:00Z,KMB-S20,KMB-P0092,42,42,each,SIMULATED Odoo
2026-06-30T20:00:00Z,KMB-S20,KMB-P0093,101,103,kg,SIMULATED Odoo
2026-06-30T20:00:00Z,KMB-S20,KMB-P0094,107,107,l,SIMULATED Odoo
2026-06-30T20:00:00Z,KMB-S20,KMB-P0095,2,2,each,SIMULATED Odoo
2026-06-30T20:00:00Z,KMB-S20,KMB-P0096,8,8,kg,SIMULATED Odoo
2026-06-30T20:00:00Z,KMB-S20,KMB-P0097,17,17,l,SIMULATED Odoo
2026-06-30T20:00:00Z,KMB-S20,KMB-P0098,98,98,each,SIMULATED Odoo
2026-06-30T20:00:00Z,KMB-S20,KMB-P0099,115,113,kg,SIMULATED Odoo
2026-06-30T20:00:00Z,KMB-S20,KMB-P0100,61,61,l,SIMULATED Odoo
2026-06-30T20:00:00Z,KMB-S20,KMB-P0101,40,40,each,SIMULATED Odoo
2026-06-30T20:00:00Z,KMB-S20,KMB-P0102,64,63,kg,SIMULATED Odoo
2026-06-30T20:00:00Z,KMB-S20,KMB-P0103,28,30,l,SIMULATED Odoo
2026-06-30T20:00:00Z,KMB-S20,KMB-P0104,68,67,each,SIMULATED Odoo
2026-06-30T20:00:00Z,KMB-S20,KMB-P0105,13,13,kg,SIMULATED Odoo
2026-06-30T20:00:00Z,KMB-S20,KMB-P0106,6,5,l,SIMULATED Odoo
2026-06-30T20:00:00Z,KMB-S20,KMB-P0107,65,65,each,SIMULATED Odoo
2026-06-30T20:00:00Z,KMB-S20,KMB-P0108,36,35,kg,SIMULATED Odoo
2026-06-30T20:00:00Z,KMB-S20,KMB-P0109,91,90,l,SIMULATED Odoo
2026-06-30T20:00:00Z,KMB-S20,KMB-P0110,21,20,each,SIMULATED Odoo
2026-06-30T20:00:00Z,KMB-S20,KMB-P0111,49,48,kg,SIMULATED Odoo
2026-06-30T20:00:00Z,KMB-S20,KMB-P0112,93,92,l,SIMULATED Odoo
2026-06-30T20:00:00Z,KMB-S20,KMB-P0113,85,87,each,SIMULATED Odoo
2026-06-30T20:00:00Z,KMB-S20,KMB-P0114,25,25,kg,SIMULATED Odoo
2026-06-30T20:00:00Z,KMB-S20,KMB-P0115,54,49,l,SIMULATED Odoo
2026-06-30T20:00:00Z,KMB-S20,KMB-P0116,105,105,each,SIMULATED Odoo
2026-06-30T20:00:00Z,KMB-S20,KMB-P0117,26,25,kg,SIMULATED Odoo
2026-06-30T20:00:00Z,KMB-S20,KMB-P0118,102,97,l,SIMULATED Odoo
2026-06-30T20:00:00Z,KMB-S20,KMB-P0119,27,27,each,SIMULATED Odoo
2026-06-30T20:00:00Z,KMB-S21,KMB-P0000,29,28,kg,SIMULATED Odoo
2026-06-30T20:00:00Z,KMB-S21,KMB-P0001,39,34,l,SIMULATED Odoo
2026-06-30T20:00:00Z,KMB-S21,KMB-P0002,22,22,each,SIMULATED Odoo
2026-06-30T20:00:00Z,KMB-S21,KMB-P0003,23,23,kg,SIMULATED Odoo
2026-06-30T20:00:00Z,KMB-S21,KMB-P0004,66,66,l,SIMULATED Odoo
2026-06-30T20:00:00Z,KMB-S21,KMB-P0005,113,113,each,SIMULATED Odoo
2026-06-30T20:00:00Z,KMB-S21,KMB-P0006,90,90,kg,SIMULATED Odoo
2026-06-30T20:00:00Z,KMB-S21,KMB-P0007,16,14,l,SIMULATED Odoo
2026-06-30T20:00:00Z,KMB-S21,KMB-P0008,40,42,each,SIMULATED Odoo
2026-06-30T20:00:00Z,KMB-S21,KMB-P0009,38,36,kg,SIMULATED Odoo
2026-06-30T20:00:00Z,KMB-S21,KMB-P0010,19,14,l,SIMULATED Odoo
2026-06-30T20:00:00Z,KMB-S21,KMB-P0011,46,46,each,SIMULATED Odoo
2026-06-30T20:00:00Z,KMB-S21,KMB-P0012,20,22,kg,SIMULATED Odoo
2026-06-30T20:00:00Z,KMB-S21,KMB-P0013,114,112,l,SIMULATED Odoo
2026-06-30T20:00:00Z,KMB-S21,KMB-P0014,4,2,each,SIMULATED Odoo
2026-06-30T20:00:00Z,KMB-S21,KMB-P0015,78,73,kg,SIMULATED Odoo
2026-06-30T20:00:00Z,KMB-S21,KMB-P0016,51,51,l,SIMULATED Odoo
2026-06-30T20:00:00Z,KMB-S21,KMB-P0017,54,54,each,SIMULATED Odoo
2026-06-30T20:00:00Z,KMB-S21,KMB-P0018,50,50,kg,SIMULATED Odoo
2026-06-30T20:00:00Z,KMB-S21,KMB-P0019,94,93,l,SIMULATED Odoo
2026-06-30T20:00:00Z,KMB-S21,KMB-P0020,109,109,each,SIMULATED Odoo
2026-06-30T20:00:00Z,KMB-S21,KMB-P0021,58,57,kg,SIMULATED Odoo
2026-06-30T20:00:00Z,KMB-S21,KMB-P0022,29,29,l,SIMULATED Odoo
2026-06-30T20:00:00Z,KMB-S21,KMB-P0023,102,102,each,SIMULATED Odoo
2026-06-30T20:00:00Z,KMB-S21,KMB-P0024,119,117,kg,SIMULATED Odoo
2026-06-30T20:00:00Z,KMB-S21,KMB-P0025,46,48,l,SIMULATED Odoo
2026-06-30T20:00:00Z,KMB-S21,KMB-P0026,45,44,each,SIMULATED Odoo
2026-06-30T20:00:00Z,KMB-S21,KMB-P0027,118,118,kg,SIMULATED Odoo
2026-06-30T20:00:00Z,KMB-S21,KMB-P0028,101,101,l,SIMULATED Odoo
2026-06-30T20:00:00Z,KMB-S21,KMB-P0029,120,119,each,SIMULATED Odoo
2026-06-30T20:00:00Z,KMB-S21,KMB-P0030,103,103,kg,SIMULATED Odoo
2026-06-30T20:00:00Z,KMB-S21,KMB-P0031,59,54,l,SIMULATED Odoo
2026-06-30T20:00:00Z,KMB-S21,KMB-P0032,73,73,each,SIMULATED Odoo
2026-06-30T20:00:00Z,KMB-S21,KMB-P0033,90,90,kg,SIMULATED Odoo
2026-06-30T20:00:00Z,KMB-S21,KMB-P0034,97,99,l,SIMULATED Odoo
2026-06-30T20:00:00Z,KMB-S21,KMB-P0035,20,22,each,SIMULATED Odoo
2026-06-30T20:00:00Z,KMB-S21,KMB-P0036,30,30,kg,SIMULATED Odoo
2026-06-30T20:00:00Z,KMB-S21,KMB-P0037,110,112,l,SIMULATED Odoo
2026-06-30T20:00:00Z,KMB-S21,KMB-P0038,0,0,each,SIMULATED Odoo
2026-06-30T20:00:00Z,KMB-S21,KMB-P0039,16,18,kg,SIMULATED Odoo
2026-06-30T20:00:00Z,KMB-S21,KMB-P0040,25,27,l,SIMULATED Odoo
2026-06-30T20:00:00Z,KMB-S21,KMB-P0041,35,30,each,SIMULATED Odoo
2026-06-30T20:00:00Z,KMB-S21,KMB-P0042,60,55,kg,SIMULATED Odoo
2026-06-30T20:00:00Z,KMB-S21,KMB-P0043,92,92,l,SIMULATED Odoo
2026-06-30T20:00:00Z,KMB-S21,KMB-P0044,104,104,each,SIMULATED Odoo
2026-06-30T20:00:00Z,KMB-S21,KMB-P0045,19,18,kg,SIMULATED Odoo
2026-06-30T20:00:00Z,KMB-S21,KMB-P0046,62,62,l,SIMULATED Odoo
2026-06-30T20:00:00Z,KMB-S21,KMB-P0047,55,57,each,SIMULATED Odoo
2026-06-30T20:00:00Z,KMB-S21,KMB-P0048,33,33,kg,SIMULATED Odoo
2026-06-30T20:00:00Z,KMB-S21,KMB-P0049,79,78,l,SIMULATED Odoo
2026-06-30T20:00:00Z,KMB-S21,KMB-P0050,0,0,each,SIMULATED Odoo
2026-06-30T20:00:00Z,KMB-S21,KMB-P0051,2,4,kg,SIMULATED Odoo
2026-06-30T20:00:00Z,KMB-S21,KMB-P0052,114,116,l,SIMULATED Odoo
2026-06-30T20:00:00Z,KMB-S21,KMB-P0053,31,30,each,SIMULATED Odoo
2026-06-30T20:00:00Z,KMB-S21,KMB-P0054,64,66,kg,SIMULATED Odoo
2026-06-30T20:00:00Z,KMB-S21,KMB-P0055,1,3,l,SIMULATED Odoo
2026-06-30T20:00:00Z,KMB-S21,KMB-P0056,72,70,each,SIMULATED Odoo
2026-06-30T20:00:00Z,KMB-S21,KMB-P0057,82,82,kg,SIMULATED Odoo
2026-06-30T20:00:00Z,KMB-S21,KMB-P0058,46,46,l,SIMULATED Odoo
2026-06-30T20:00:00Z,KMB-S21,KMB-P0059,12,11,each,SIMULATED Odoo
2026-06-30T20:00:00Z,KMB-S21,KMB-P0060,110,110,kg,SIMULATED Odoo
2026-06-30T20:00:00Z,KMB-S21,KMB-P0061,92,91,l,SIMULATED Odoo
2026-06-30T20:00:00Z,KMB-S21,KMB-P0062,47,42,each,SIMULATED Odoo
2026-06-30T20:00:00Z,KMB-S21,KMB-P0063,50,50,kg,SIMULATED Odoo
2026-06-30T20:00:00Z,KMB-S21,KMB-P0064,87,85,l,SIMULATED Odoo
2026-06-30T20:00:00Z,KMB-S21,KMB-P0065,49,49,each,SIMULATED Odoo
2026-06-30T20:00:00Z,KMB-S21,KMB-P0066,117,117,kg,SIMULATED Odoo
2026-06-30T20:00:00Z,KMB-S21,KMB-P0067,2,1,l,SIMULATED Odoo
2026-06-30T20:00:00Z,KMB-S21,KMB-P0068,54,56,each,SIMULATED Odoo
2026-06-30T20:00:00Z,KMB-S21,KMB-P0069,75,70,kg,SIMULATED Odoo
2026-06-30T20:00:00Z,KMB-S21,KMB-P0070,10,9,l,SIMULATED Odoo
2026-06-30T20:00:00Z,KMB-S21,KMB-P0071,87,85,each,SIMULATED Odoo
2026-06-30T20:00:00Z,KMB-S21,KMB-P0072,51,51,kg,SIMULATED Odoo
2026-06-30T20:00:00Z,KMB-S21,KMB-P0073,24,24,l,SIMULATED Odoo
2026-06-30T20:00:00Z,KMB-S21,KMB-P0074,63,62,each,SIMULATED Odoo
2026-06-30T20:00:00Z,KMB-S21,KMB-P0075,107,107,kg,SIMULATED Odoo
2026-06-30T20:00:00Z,KMB-S21,KMB-P0076,106,106,l,SIMULATED Odoo
2026-06-30T20:00:00Z,KMB-S21,KMB-P0077,9,8,each,SIMULATED Odoo
2026-06-30T20:00:00Z,KMB-S21,KMB-P0078,102,102,kg,SIMULATED Odoo
2026-06-30T20:00:00Z,KMB-S21,KMB-P0079,91,91,l,SIMULATED Odoo
2026-06-30T20:00:00Z,KMB-S21,KMB-P0080,3,1,each,SIMULATED Odoo
2026-06-30T20:00:00Z,KMB-S21,KMB-P0081,49,51,kg,SIMULATED Odoo
2026-06-30T20:00:00Z,KMB-S21,KMB-P0082,21,19,l,SIMULATED Odoo
2026-06-30T20:00:00Z,KMB-S21,KMB-P0083,48,48,each,SIMULATED Odoo
2026-06-30T20:00:00Z,KMB-S21,KMB-P0084,41,40,kg,SIMULATED Odoo
2026-06-30T20:00:00Z,KMB-S21,KMB-P0085,45,45,l,SIMULATED Odoo
2026-06-30T20:00:00Z,KMB-S21,KMB-P0086,64,62,each,SIMULATED Odoo
2026-06-30T20:00:00Z,KMB-S21,KMB-P0087,10,10,kg,SIMULATED Odoo
2026-06-30T20:00:00Z,KMB-S21,KMB-P0088,99,99,l,SIMULATED Odoo
2026-06-30T20:00:00Z,KMB-S21,KMB-P0089,19,19,each,SIMULATED Odoo
2026-06-30T20:00:00Z,KMB-S21,KMB-P0090,62,62,kg,SIMULATED Odoo
2026-06-30T20:00:00Z,KMB-S21,KMB-P0091,24,19,l,SIMULATED Odoo
2026-06-30T20:00:00Z,KMB-S21,KMB-P0092,10,10,each,SIMULATED Odoo
2026-06-30T20:00:00Z,KMB-S21,KMB-P0093,67,62,kg,SIMULATED Odoo
2026-06-30T20:00:00Z,KMB-S21,KMB-P0094,77,77,l,SIMULATED Odoo
2026-06-30T20:00:00Z,KMB-S21,KMB-P0095,110,105,each,SIMULATED Odoo
2026-06-30T20:00:00Z,KMB-S21,KMB-P0096,82,82,kg,SIMULATED Odoo
2026-06-30T20:00:00Z,KMB-S21,KMB-P0097,13,13,l,SIMULATED Odoo
2026-06-30T20:00:00Z,KMB-S21,KMB-P0098,43,42,each,SIMULATED Odoo
2026-06-30T20:00:00Z,KMB-S21,KMB-P0099,84,84,kg,SIMULATED Odoo
2026-06-30T20:00:00Z,KMB-S21,KMB-P0100,6,6,l,SIMULATED Odoo
2026-06-30T20:00:00Z,KMB-S21,KMB-P0101,12,7,each,SIMULATED Odoo
2026-06-30T20:00:00Z,KMB-S21,KMB-P0102,75,70,kg,SIMULATED Odoo
2026-06-30T20:00:00Z,KMB-S21,KMB-P0103,57,56,l,SIMULATED Odoo
2026-06-30T20:00:00Z,KMB-S21,KMB-P0104,62,62,each,SIMULATED Odoo
2026-06-30T20:00:00Z,KMB-S21,KMB-P0105,10,8,kg,SIMULATED Odoo
2026-06-30T20:00:00Z,KMB-S21,KMB-P0106,58,57,l,SIMULATED Odoo
2026-06-30T20:00:00Z,KMB-S21,KMB-P0107,63,61,each,SIMULATED Odoo
2026-06-30T20:00:00Z,KMB-S21,KMB-P0108,87,89,kg,SIMULATED Odoo
2026-06-30T20:00:00Z,KMB-S21,KMB-P0109,101,99,l,SIMULATED Odoo
2026-06-30T20:00:00Z,KMB-S21,KMB-P0110,54,54,each,SIMULATED Odoo
2026-06-30T20:00:00Z,KMB-S21,KMB-P0111,101,100,kg,SIMULATED Odoo
2026-06-30T20:00:00Z,KMB-S21,KMB-P0112,86,86,l,SIMULATED Odoo
2026-06-30T20:00:00Z,KMB-S21,KMB-P0113,67,65,each,SIMULATED Odoo
2026-06-30T20:00:00Z,KMB-S21,KMB-P0114,83,85,kg,SIMULATED Odoo
2026-06-30T20:00:00Z,KMB-S21,KMB-P0115,103,98,l,SIMULATED Odoo
2026-06-30T20:00:00Z,KMB-S21,KMB-P0116,10,9,each,SIMULATED Odoo
2026-06-30T20:00:00Z,KMB-S21,KMB-P0117,41,41,kg,SIMULATED Odoo
2026-06-30T20:00:00Z,KMB-S21,KMB-P0118,37,37,l,SIMULATED Odoo
2026-06-30T20:00:00Z,KMB-S21,KMB-P0119,77,76,each,SIMULATED Odoo
2026-06-30T20:00:00Z,KMB-S22,KMB-P0000,28,30,kg,SIMULATED Odoo
2026-06-30T20:00:00Z,KMB-S22,KMB-P0001,31,31,l,SIMULATED Odoo
2026-06-30T20:00:00Z,KMB-S22,KMB-P0002,91,91,each,SIMULATED Odoo
2026-06-30T20:00:00Z,KMB-S22,KMB-P0003,53,53,kg,SIMULATED Odoo
2026-06-30T20:00:00Z,KMB-S22,KMB-P0004,8,8,l,SIMULATED Odoo
2026-06-30T20:00:00Z,KMB-S22,KMB-P0005,96,96,each,SIMULATED Odoo
2026-06-30T20:00:00Z,KMB-S22,KMB-P0006,65,65,kg,SIMULATED Odoo
2026-06-30T20:00:00Z,KMB-S22,KMB-P0007,98,98,l,SIMULATED Odoo
2026-06-30T20:00:00Z,KMB-S22,KMB-P0008,62,61,each,SIMULATED Odoo
2026-06-30T20:00:00Z,KMB-S22,KMB-P0009,41,39,kg,SIMULATED Odoo
2026-06-30T20:00:00Z,KMB-S22,KMB-P0010,50,50,l,SIMULATED Odoo
2026-06-30T20:00:00Z,KMB-S22,KMB-P0011,71,73,each,SIMULATED Odoo
2026-06-30T20:00:00Z,KMB-S22,KMB-P0012,67,65,kg,SIMULATED Odoo
2026-06-30T20:00:00Z,KMB-S22,KMB-P0013,23,18,l,SIMULATED Odoo
2026-06-30T20:00:00Z,KMB-S22,KMB-P0014,37,37,each,SIMULATED Odoo
2026-06-30T20:00:00Z,KMB-S22,KMB-P0015,83,78,kg,SIMULATED Odoo
2026-06-30T20:00:00Z,KMB-S22,KMB-P0016,75,75,l,SIMULATED Odoo
2026-06-30T20:00:00Z,KMB-S22,KMB-P0017,51,51,each,SIMULATED Odoo
2026-06-30T20:00:00Z,KMB-S22,KMB-P0018,4,6,kg,SIMULATED Odoo
2026-06-30T20:00:00Z,KMB-S22,KMB-P0019,107,107,l,SIMULATED Odoo
2026-06-30T20:00:00Z,KMB-S22,KMB-P0020,67,65,each,SIMULATED Odoo
2026-06-30T20:00:00Z,KMB-S22,KMB-P0021,72,71,kg,SIMULATED Odoo
2026-06-30T20:00:00Z,KMB-S22,KMB-P0022,63,65,l,SIMULATED Odoo
2026-06-30T20:00:00Z,KMB-S22,KMB-P0023,35,35,each,SIMULATED Odoo
2026-06-30T20:00:00Z,KMB-S22,KMB-P0024,19,14,kg,SIMULATED Odoo
2026-06-30T20:00:00Z,KMB-S22,KMB-P0025,12,12,l,SIMULATED Odoo
2026-06-30T20:00:00Z,KMB-S22,KMB-P0026,120,115,each,SIMULATED Odoo
2026-06-30T20:00:00Z,KMB-S22,KMB-P0027,59,59,kg,SIMULATED Odoo
2026-06-30T20:00:00Z,KMB-S22,KMB-P0028,77,75,l,SIMULATED Odoo
2026-06-30T20:00:00Z,KMB-S22,KMB-P0029,84,83,each,SIMULATED Odoo
2026-06-30T20:00:00Z,KMB-S22,KMB-P0030,63,63,kg,SIMULATED Odoo
2026-06-30T20:00:00Z,KMB-S22,KMB-P0031,7,7,l,SIMULATED Odoo
2026-06-30T20:00:00Z,KMB-S22,KMB-P0032,80,80,each,SIMULATED Odoo
2026-06-30T20:00:00Z,KMB-S22,KMB-P0033,94,94,kg,SIMULATED Odoo
2026-06-30T20:00:00Z,KMB-S22,KMB-P0034,89,88,l,SIMULATED Odoo
2026-06-30T20:00:00Z,KMB-S22,KMB-P0035,107,107,each,SIMULATED Odoo
2026-06-30T20:00:00Z,KMB-S22,KMB-P0036,57,57,kg,SIMULATED Odoo
2026-06-30T20:00:00Z,KMB-S22,KMB-P0037,24,24,l,SIMULATED Odoo
2026-06-30T20:00:00Z,KMB-S22,KMB-P0038,73,68,each,SIMULATED Odoo
2026-06-30T20:00:00Z,KMB-S22,KMB-P0039,64,66,kg,SIMULATED Odoo
2026-06-30T20:00:00Z,KMB-S22,KMB-P0040,12,10,l,SIMULATED Odoo
2026-06-30T20:00:00Z,KMB-S22,KMB-P0041,88,88,each,SIMULATED Odoo
2026-06-30T20:00:00Z,KMB-S22,KMB-P0042,75,74,kg,SIMULATED Odoo
2026-06-30T20:00:00Z,KMB-S22,KMB-P0043,107,109,l,SIMULATED Odoo
2026-06-30T20:00:00Z,KMB-S22,KMB-P0044,114,114,each,SIMULATED Odoo
2026-06-30T20:00:00Z,KMB-S22,KMB-P0045,50,50,kg,SIMULATED Odoo
2026-06-30T20:00:00Z,KMB-S22,KMB-P0046,98,98,l,SIMULATED Odoo
2026-06-30T20:00:00Z,KMB-S22,KMB-P0047,25,20,each,SIMULATED Odoo
2026-06-30T20:00:00Z,KMB-S22,KMB-P0048,93,93,kg,SIMULATED Odoo
2026-06-30T20:00:00Z,KMB-S22,KMB-P0049,80,80,l,SIMULATED Odoo
2026-06-30T20:00:00Z,KMB-S22,KMB-P0050,17,17,each,SIMULATED Odoo
2026-06-30T20:00:00Z,KMB-S22,KMB-P0051,116,114,kg,SIMULATED Odoo
2026-06-30T20:00:00Z,KMB-S22,KMB-P0052,13,13,l,SIMULATED Odoo
2026-06-30T20:00:00Z,KMB-S22,KMB-P0053,29,29,each,SIMULATED Odoo
2026-06-30T20:00:00Z,KMB-S22,KMB-P0054,21,21,kg,SIMULATED Odoo
2026-06-30T20:00:00Z,KMB-S22,KMB-P0055,99,99,l,SIMULATED Odoo
2026-06-30T20:00:00Z,KMB-S22,KMB-P0056,12,10,each,SIMULATED Odoo
2026-06-30T20:00:00Z,KMB-S22,KMB-P0057,22,17,kg,SIMULATED Odoo
2026-06-30T20:00:00Z,KMB-S22,KMB-P0058,66,64,l,SIMULATED Odoo
2026-06-30T20:00:00Z,KMB-S22,KMB-P0059,97,96,each,SIMULATED Odoo
2026-06-30T20:00:00Z,KMB-S22,KMB-P0060,73,75,kg,SIMULATED Odoo
2026-06-30T20:00:00Z,KMB-S22,KMB-P0061,0,0,l,SIMULATED Odoo
2026-06-30T20:00:00Z,KMB-S22,KMB-P0062,78,80,each,SIMULATED Odoo
2026-06-30T20:00:00Z,KMB-S22,KMB-P0063,57,56,kg,SIMULATED Odoo
2026-06-30T20:00:00Z,KMB-S22,KMB-P0064,54,52,l,SIMULATED Odoo
2026-06-30T20:00:00Z,KMB-S22,KMB-P0065,102,100,each,SIMULATED Odoo
2026-06-30T20:00:00Z,KMB-S22,KMB-P0066,90,92,kg,SIMULATED Odoo
2026-06-30T20:00:00Z,KMB-S22,KMB-P0067,39,41,l,SIMULATED Odoo
2026-06-30T20:00:00Z,KMB-S22,KMB-P0068,120,122,each,SIMULATED Odoo
2026-06-30T20:00:00Z,KMB-S22,KMB-P0069,8,8,kg,SIMULATED Odoo
2026-06-30T20:00:00Z,KMB-S22,KMB-P0070,11,11,l,SIMULATED Odoo
2026-06-30T20:00:00Z,KMB-S22,KMB-P0071,59,54,each,SIMULATED Odoo
2026-06-30T20:00:00Z,KMB-S22,KMB-P0072,30,30,kg,SIMULATED Odoo
2026-06-30T20:00:00Z,KMB-S22,KMB-P0073,0,0,l,SIMULATED Odoo
2026-06-30T20:00:00Z,KMB-S22,KMB-P0074,96,91,each,SIMULATED Odoo
2026-06-30T20:00:00Z,KMB-S22,KMB-P0075,70,72,kg,SIMULATED Odoo
2026-06-30T20:00:00Z,KMB-S22,KMB-P0076,24,22,l,SIMULATED Odoo
2026-06-30T20:00:00Z,KMB-S22,KMB-P0077,15,13,each,SIMULATED Odoo
2026-06-30T20:00:00Z,KMB-S22,KMB-P0078,62,62,kg,SIMULATED Odoo
2026-06-30T20:00:00Z,KMB-S22,KMB-P0079,13,15,l,SIMULATED Odoo
2026-06-30T20:00:00Z,KMB-S22,KMB-P0080,120,122,each,SIMULATED Odoo
2026-06-30T20:00:00Z,KMB-S22,KMB-P0081,9,9,kg,SIMULATED Odoo
2026-06-30T20:00:00Z,KMB-S22,KMB-P0082,79,79,l,SIMULATED Odoo
2026-06-30T20:00:00Z,KMB-S22,KMB-P0083,24,24,each,SIMULATED Odoo
2026-06-30T20:00:00Z,KMB-S22,KMB-P0084,49,51,kg,SIMULATED Odoo
2026-06-30T20:00:00Z,KMB-S22,KMB-P0085,87,89,l,SIMULATED Odoo
2026-06-30T20:00:00Z,KMB-S22,KMB-P0086,62,61,each,SIMULATED Odoo
2026-06-30T20:00:00Z,KMB-S22,KMB-P0087,42,42,kg,SIMULATED Odoo
2026-06-30T20:00:00Z,KMB-S22,KMB-P0088,55,53,l,SIMULATED Odoo
2026-06-30T20:00:00Z,KMB-S22,KMB-P0089,71,71,each,SIMULATED Odoo
2026-06-30T20:00:00Z,KMB-S22,KMB-P0090,116,111,kg,SIMULATED Odoo
2026-06-30T20:00:00Z,KMB-S22,KMB-P0091,53,53,l,SIMULATED Odoo
2026-06-30T20:00:00Z,KMB-S22,KMB-P0092,91,93,each,SIMULATED Odoo
2026-06-30T20:00:00Z,KMB-S22,KMB-P0093,119,119,kg,SIMULATED Odoo
2026-06-30T20:00:00Z,KMB-S22,KMB-P0094,112,112,l,SIMULATED Odoo
2026-06-30T20:00:00Z,KMB-S22,KMB-P0095,34,29,each,SIMULATED Odoo
2026-06-30T20:00:00Z,KMB-S22,KMB-P0096,55,50,kg,SIMULATED Odoo
2026-06-30T20:00:00Z,KMB-S22,KMB-P0097,78,76,l,SIMULATED Odoo
2026-06-30T20:00:00Z,KMB-S22,KMB-P0098,103,103,each,SIMULATED Odoo
2026-06-30T20:00:00Z,KMB-S22,KMB-P0099,5,5,kg,SIMULATED Odoo
2026-06-30T20:00:00Z,KMB-S22,KMB-P0100,113,111,l,SIMULATED Odoo
2026-06-30T20:00:00Z,KMB-S22,KMB-P0101,38,33,each,SIMULATED Odoo
2026-06-30T20:00:00Z,KMB-S22,KMB-P0102,108,103,kg,SIMULATED Odoo
2026-06-30T20:00:00Z,KMB-S22,KMB-P0103,5,5,l,SIMULATED Odoo
2026-06-30T20:00:00Z,KMB-S22,KMB-P0104,55,55,each,SIMULATED Odoo
2026-06-30T20:00:00Z,KMB-S22,KMB-P0105,42,37,kg,SIMULATED Odoo
2026-06-30T20:00:00Z,KMB-S22,KMB-P0106,48,48,l,SIMULATED Odoo
2026-06-30T20:00:00Z,KMB-S22,KMB-P0107,20,20,each,SIMULATED Odoo
2026-06-30T20:00:00Z,KMB-S22,KMB-P0108,37,37,kg,SIMULATED Odoo
2026-06-30T20:00:00Z,KMB-S22,KMB-P0109,71,71,l,SIMULATED Odoo
2026-06-30T20:00:00Z,KMB-S22,KMB-P0110,64,64,each,SIMULATED Odoo
2026-06-30T20:00:00Z,KMB-S22,KMB-P0111,86,88,kg,SIMULATED Odoo
2026-06-30T20:00:00Z,KMB-S22,KMB-P0112,98,93,l,SIMULATED Odoo
2026-06-30T20:00:00Z,KMB-S22,KMB-P0113,57,57,each,SIMULATED Odoo
2026-06-30T20:00:00Z,KMB-S22,KMB-P0114,109,109,kg,SIMULATED Odoo
2026-06-30T20:00:00Z,KMB-S22,KMB-P0115,110,110,l,SIMULATED Odoo
2026-06-30T20:00:00Z,KMB-S22,KMB-P0116,93,93,each,SIMULATED Odoo
2026-06-30T20:00:00Z,KMB-S22,KMB-P0117,8,8,kg,SIMULATED Odoo
2026-06-30T20:00:00Z,KMB-S22,KMB-P0118,5,4,l,SIMULATED Odoo
2026-06-30T20:00:00Z,KMB-S22,KMB-P0119,120,118,each,SIMULATED Odoo
2026-06-30T20:00:00Z,KMB-S23,KMB-P0000,12,12,kg,SIMULATED Odoo
2026-06-30T20:00:00Z,KMB-S23,KMB-P0001,73,71,l,SIMULATED Odoo
2026-06-30T20:00:00Z,KMB-S23,KMB-P0002,90,88,each,SIMULATED Odoo
2026-06-30T20:00:00Z,KMB-S23,KMB-P0003,25,25,kg,SIMULATED Odoo
2026-06-30T20:00:00Z,KMB-S23,KMB-P0004,91,91,l,SIMULATED Odoo
2026-06-30T20:00:00Z,KMB-S23,KMB-P0005,44,46,each,SIMULATED Odoo
2026-06-30T20:00:00Z,KMB-S23,KMB-P0006,44,46,kg,SIMULATED Odoo
2026-06-30T20:00:00Z,KMB-S23,KMB-P0007,59,58,l,SIMULATED Odoo
2026-06-30T20:00:00Z,KMB-S23,KMB-P0008,37,37,each,SIMULATED Odoo
2026-06-30T20:00:00Z,KMB-S23,KMB-P0009,83,78,kg,SIMULATED Odoo
2026-06-30T20:00:00Z,KMB-S23,KMB-P0010,9,7,l,SIMULATED Odoo
2026-06-30T20:00:00Z,KMB-S23,KMB-P0011,118,118,each,SIMULATED Odoo
2026-06-30T20:00:00Z,KMB-S23,KMB-P0012,18,18,kg,SIMULATED Odoo
2026-06-30T20:00:00Z,KMB-S23,KMB-P0013,80,75,l,SIMULATED Odoo
2026-06-30T20:00:00Z,KMB-S23,KMB-P0014,88,87,each,SIMULATED Odoo
2026-06-30T20:00:00Z,KMB-S23,KMB-P0015,57,56,kg,SIMULATED Odoo
2026-06-30T20:00:00Z,KMB-S23,KMB-P0016,117,117,l,SIMULATED Odoo
2026-06-30T20:00:00Z,KMB-S23,KMB-P0017,83,85,each,SIMULATED Odoo
2026-06-30T20:00:00Z,KMB-S23,KMB-P0018,19,21,kg,SIMULATED Odoo
2026-06-30T20:00:00Z,KMB-S23,KMB-P0019,106,108,l,SIMULATED Odoo
2026-06-30T20:00:00Z,KMB-S23,KMB-P0020,30,30,each,SIMULATED Odoo
2026-06-30T20:00:00Z,KMB-S23,KMB-P0021,20,18,kg,SIMULATED Odoo
2026-06-30T20:00:00Z,KMB-S23,KMB-P0022,24,24,l,SIMULATED Odoo
2026-06-30T20:00:00Z,KMB-S23,KMB-P0023,50,45,each,SIMULATED Odoo
2026-06-30T20:00:00Z,KMB-S23,KMB-P0024,34,36,kg,SIMULATED Odoo
2026-06-30T20:00:00Z,KMB-S23,KMB-P0025,77,79,l,SIMULATED Odoo
2026-06-30T20:00:00Z,KMB-S23,KMB-P0026,4,2,each,SIMULATED Odoo
2026-06-30T20:00:00Z,KMB-S23,KMB-P0027,0,0,kg,SIMULATED Odoo
2026-06-30T20:00:00Z,KMB-S23,KMB-P0028,34,34,l,SIMULATED Odoo
2026-06-30T20:00:00Z,KMB-S23,KMB-P0029,76,74,each,SIMULATED Odoo
2026-06-30T20:00:00Z,KMB-S23,KMB-P0030,46,46,kg,SIMULATED Odoo
2026-06-30T20:00:00Z,KMB-S23,KMB-P0031,73,75,l,SIMULATED Odoo
2026-06-30T20:00:00Z,KMB-S23,KMB-P0032,98,98,each,SIMULATED Odoo
2026-06-30T20:00:00Z,KMB-S23,KMB-P0033,119,119,kg,SIMULATED Odoo
2026-06-30T20:00:00Z,KMB-S23,KMB-P0034,71,71,l,SIMULATED Odoo
2026-06-30T20:00:00Z,KMB-S23,KMB-P0035,109,108,each,SIMULATED Odoo
2026-06-30T20:00:00Z,KMB-S23,KMB-P0036,30,29,kg,SIMULATED Odoo
2026-06-30T20:00:00Z,KMB-S23,KMB-P0037,2,0,l,SIMULATED Odoo
2026-06-30T20:00:00Z,KMB-S23,KMB-P0038,79,78,each,SIMULATED Odoo
2026-06-30T20:00:00Z,KMB-S23,KMB-P0039,20,19,kg,SIMULATED Odoo
2026-06-30T20:00:00Z,KMB-S23,KMB-P0040,110,112,l,SIMULATED Odoo
2026-06-30T20:00:00Z,KMB-S23,KMB-P0041,24,24,each,SIMULATED Odoo
2026-06-30T20:00:00Z,KMB-S23,KMB-P0042,6,6,kg,SIMULATED Odoo
2026-06-30T20:00:00Z,KMB-S23,KMB-P0043,76,71,l,SIMULATED Odoo
2026-06-30T20:00:00Z,KMB-S23,KMB-P0044,66,66,each,SIMULATED Odoo
2026-06-30T20:00:00Z,KMB-S23,KMB-P0045,104,104,kg,SIMULATED Odoo
2026-06-30T20:00:00Z,KMB-S23,KMB-P0046,107,105,l,SIMULATED Odoo
2026-06-30T20:00:00Z,KMB-S23,KMB-P0047,8,8,each,SIMULATED Odoo
2026-06-30T20:00:00Z,KMB-S23,KMB-P0048,97,97,kg,SIMULATED Odoo
2026-06-30T20:00:00Z,KMB-S23,KMB-P0049,25,23,l,SIMULATED Odoo
2026-06-30T20:00:00Z,KMB-S23,KMB-P0050,4,2,each,SIMULATED Odoo
2026-06-30T20:00:00Z,KMB-S23,KMB-P0051,103,103,kg,SIMULATED Odoo
2026-06-30T20:00:00Z,KMB-S23,KMB-P0052,94,94,l,SIMULATED Odoo
2026-06-30T20:00:00Z,KMB-S23,KMB-P0053,12,10,each,SIMULATED Odoo
2026-06-30T20:00:00Z,KMB-S23,KMB-P0054,107,107,kg,SIMULATED Odoo
2026-06-30T20:00:00Z,KMB-S23,KMB-P0055,101,101,l,SIMULATED Odoo
2026-06-30T20:00:00Z,KMB-S23,KMB-P0056,29,24,each,SIMULATED Odoo
2026-06-30T20:00:00Z,KMB-S23,KMB-P0057,96,94,kg,SIMULATED Odoo
2026-06-30T20:00:00Z,KMB-S23,KMB-P0058,89,89,l,SIMULATED Odoo
2026-06-30T20:00:00Z,KMB-S23,KMB-P0059,113,115,each,SIMULATED Odoo
2026-06-30T20:00:00Z,KMB-S23,KMB-P0060,48,48,kg,SIMULATED Odoo
2026-06-30T20:00:00Z,KMB-S23,KMB-P0061,97,97,l,SIMULATED Odoo
2026-06-30T20:00:00Z,KMB-S23,KMB-P0062,19,19,each,SIMULATED Odoo
2026-06-30T20:00:00Z,KMB-S23,KMB-P0063,87,87,kg,SIMULATED Odoo
2026-06-30T20:00:00Z,KMB-S23,KMB-P0064,23,18,l,SIMULATED Odoo
2026-06-30T20:00:00Z,KMB-S23,KMB-P0065,42,42,each,SIMULATED Odoo
2026-06-30T20:00:00Z,KMB-S23,KMB-P0066,39,39,kg,SIMULATED Odoo
2026-06-30T20:00:00Z,KMB-S23,KMB-P0067,38,38,l,SIMULATED Odoo
2026-06-30T20:00:00Z,KMB-S23,KMB-P0068,105,105,each,SIMULATED Odoo
2026-06-30T20:00:00Z,KMB-S23,KMB-P0069,5,5,kg,SIMULATED Odoo
2026-06-30T20:00:00Z,KMB-S23,KMB-P0070,6,6,l,SIMULATED Odoo
2026-06-30T20:00:00Z,KMB-S23,KMB-P0071,75,74,each,SIMULATED Odoo
2026-06-30T20:00:00Z,KMB-S23,KMB-P0072,62,62,kg,SIMULATED Odoo
2026-06-30T20:00:00Z,KMB-S23,KMB-P0073,119,119,l,SIMULATED Odoo
2026-06-30T20:00:00Z,KMB-S23,KMB-P0074,61,60,each,SIMULATED Odoo
2026-06-30T20:00:00Z,KMB-S23,KMB-P0075,17,17,kg,SIMULATED Odoo
2026-06-30T20:00:00Z,KMB-S23,KMB-P0076,81,83,l,SIMULATED Odoo
2026-06-30T20:00:00Z,KMB-S23,KMB-P0077,57,57,each,SIMULATED Odoo
2026-06-30T20:00:00Z,KMB-S23,KMB-P0078,63,58,kg,SIMULATED Odoo
2026-06-30T20:00:00Z,KMB-S23,KMB-P0079,47,47,l,SIMULATED Odoo
2026-06-30T20:00:00Z,KMB-S23,KMB-P0080,113,111,each,SIMULATED Odoo
2026-06-30T20:00:00Z,KMB-S23,KMB-P0081,40,35,kg,SIMULATED Odoo
2026-06-30T20:00:00Z,KMB-S23,KMB-P0082,12,14,l,SIMULATED Odoo
2026-06-30T20:00:00Z,KMB-S23,KMB-P0083,80,75,each,SIMULATED Odoo
2026-06-30T20:00:00Z,KMB-S23,KMB-P0084,83,83,kg,SIMULATED Odoo
2026-06-30T20:00:00Z,KMB-S23,KMB-P0085,69,69,l,SIMULATED Odoo
2026-06-30T20:00:00Z,KMB-S23,KMB-P0086,37,35,each,SIMULATED Odoo
2026-06-30T20:00:00Z,KMB-S23,KMB-P0087,4,2,kg,SIMULATED Odoo
2026-06-30T20:00:00Z,KMB-S23,KMB-P0088,76,75,l,SIMULATED Odoo
2026-06-30T20:00:00Z,KMB-S23,KMB-P0089,116,116,each,SIMULATED Odoo
2026-06-30T20:00:00Z,KMB-S23,KMB-P0090,75,74,kg,SIMULATED Odoo
2026-06-30T20:00:00Z,KMB-S23,KMB-P0091,107,107,l,SIMULATED Odoo
2026-06-30T20:00:00Z,KMB-S23,KMB-P0092,19,19,each,SIMULATED Odoo
2026-06-30T20:00:00Z,KMB-S23,KMB-P0093,51,51,kg,SIMULATED Odoo
2026-06-30T20:00:00Z,KMB-S23,KMB-P0094,119,119,l,SIMULATED Odoo
2026-06-30T20:00:00Z,KMB-S23,KMB-P0095,6,1,each,SIMULATED Odoo
2026-06-30T20:00:00Z,KMB-S23,KMB-P0096,105,105,kg,SIMULATED Odoo
2026-06-30T20:00:00Z,KMB-S23,KMB-P0097,32,31,l,SIMULATED Odoo
2026-06-30T20:00:00Z,KMB-S23,KMB-P0098,74,72,each,SIMULATED Odoo
2026-06-30T20:00:00Z,KMB-S23,KMB-P0099,120,115,kg,SIMULATED Odoo
2026-06-30T20:00:00Z,KMB-S23,KMB-P0100,81,81,l,SIMULATED Odoo
2026-06-30T20:00:00Z,KMB-S23,KMB-P0101,45,40,each,SIMULATED Odoo
2026-06-30T20:00:00Z,KMB-S23,KMB-P0102,107,105,kg,SIMULATED Odoo
2026-06-30T20:00:00Z,KMB-S23,KMB-P0103,117,115,l,SIMULATED Odoo
2026-06-30T20:00:00Z,KMB-S23,KMB-P0104,2,0,each,SIMULATED Odoo
2026-06-30T20:00:00Z,KMB-S23,KMB-P0105,44,39,kg,SIMULATED Odoo
2026-06-30T20:00:00Z,KMB-S23,KMB-P0106,16,16,l,SIMULATED Odoo
2026-06-30T20:00:00Z,KMB-S23,KMB-P0107,91,89,each,SIMULATED Odoo
2026-06-30T20:00:00Z,KMB-S23,KMB-P0108,79,78,kg,SIMULATED Odoo
2026-06-30T20:00:00Z,KMB-S23,KMB-P0109,108,110,l,SIMULATED Odoo
2026-06-30T20:00:00Z,KMB-S23,KMB-P0110,1,3,each,SIMULATED Odoo
2026-06-30T20:00:00Z,KMB-S23,KMB-P0111,85,85,kg,SIMULATED Odoo
2026-06-30T20:00:00Z,KMB-S23,KMB-P0112,66,66,l,SIMULATED Odoo
2026-06-30T20:00:00Z,KMB-S23,KMB-P0113,102,104,each,SIMULATED Odoo
2026-06-30T20:00:00Z,KMB-S23,KMB-P0114,77,77,kg,SIMULATED Odoo
2026-06-30T20:00:00Z,KMB-S23,KMB-P0115,120,118,l,SIMULATED Odoo
2026-06-30T20:00:00Z,KMB-S23,KMB-P0116,74,74,each,SIMULATED Odoo
2026-06-30T20:00:00Z,KMB-S23,KMB-P0117,43,42,kg,SIMULATED Odoo
2026-06-30T20:00:00Z,KMB-S23,KMB-P0118,63,61,l,SIMULATED Odoo
2026-06-30T20:00:00Z,KMB-S23,KMB-P0119,5,5,each,SIMULATED Odoo
