customer_id,segment,marketing_consent,preference_updated_at
KMB-C00000,Occasional,False,2026-06-01
KMB-C00001,Routine,True,2026-06-01
KMB-C00002,Frequent,True,2026-06-01
KMB-C00003,Occasional,True,2026-06-01
KMB-C00004,Routine,False,2026-06-01
KMB-C00005,Frequent,True,2026-06-01
KMB-C00006,Occasional,True,2026-06-01
KMB-C00007,Routine,True,2026-06-01
KMB-C00008,Frequent,False,2026-06-01
KMB-C00009,Occasional,True,2026-06-01
KMB-C00010,Routine,True,2026-06-01
KMB-C00011,Frequent,True,2026-06-01
KMB-C00012,Occasional,False,2026-06-01
KMB-C00013,Routine,True,2026-06-01
KMB-C00014,Frequent,True,2026-06-01
KMB-C00015,Occasional,True,2026-06-01
KMB-C00016,Routine,False,2026-06-01
KMB-C00017,Frequent,True,2026-06-01
KMB-C00018,Occasional,True,2026-06-01
KMB-C00019,Routine,True,2026-06-01
KMB-C00020,Frequent,False,2026-06-01
KMB-C00021,Occasional,True,2026-06-01
KMB-C00022,Routine,True,2026-06-01
KMB-C00023,Frequent,True,2026-06-01
KMB-C00024,Occasional,False,2026-06-01
KMB-C00025,Routine,True,2026-06-01
KMB-C00026,Frequent,True,2026-06-01
KMB-C00027,Occasional,True,2026-06-01
KMB-C00028,Routine,False,2026-06-01
KMB-C00029,Frequent,True,2026-06-01
KMB-C00030,Occasional,True,2026-06-01
KMB-C00031,Routine,True,2026-06-01
KMB-C00032,Frequent,False,2026-06-01
KMB-C00033,Occasional,True,2026-06-01
KMB-C00034,Routine,True,2026-06-01
KMB-C00035,Frequent,True,2026-06-01
KMB-C00036,Occasional,False,2026-06-01
KMB-C00037,Routine,True,2026-06-01
KMB-C00038,Frequent,True,2026-06-01
KMB-C00039,Occasional,True,2026-06-01
KMB-C00040,Routine,False,2026-06-01
KMB-C00041,Frequent,True,2026-06-01
KMB-C00042,Occasional,True,2026-06-01
KMB-C00043,Routine,True,2026-06-01
KMB-C00044,Frequent,False,2026-06-01
KMB-C00045,Occasional,True,2026-06-01
KMB-C00046,Routine,True,2026-06-01
KMB-C00047,Frequent,True,2026-06-01
KMB-C00048,Occasional,False,2026-06-01
KMB-C00049,Routine,True,2026-06-01
KMB-C00050,Frequent,True,2026-06-01
KMB-C00051,Occasional,True,2026-06-01
KMB-C00052,Routine,False,2026-06-01
KMB-C00053,Frequent,True,2026-06-01
KMB-C00054,Occasional,True,2026-06-01
KMB-C00055,Routine,True,2026-06-01
KMB-C00056,Frequent,False,2026-06-01
KMB-C00057,Occasional,True,2026-06-01
KMB-C00058,Routine,True,2026-06-01
KMB-C00059,Frequent,True,2026-06-01
KMB-C00060,Occasional,False,2026-06-01
KMB-C00061,Routine,True,2026-06-01
KMB-C00062,Frequent,True,2026-06-01
KMB-C00063,Occasional,True,2026-06-01
KMB-C00064,Routine,False,2026-06-01
KMB-C00065,Frequent,True,2026-06-01
KMB-C00066,Occasional,True,2026-06-01
KMB-C00067,Routine,True,2026-06-01
KMB-C00068,Frequent,False,2026-06-01
KMB-C00069,Occasional,True,2026-06-01
KMB-C00070,Routine,True,2026-06-01
KMB-C00071,Frequent,True,2026-06-01
KMB-C00072,Occasional,False,2026-06-01
KMB-C00073,Routine,True,2026-06-01
KMB-C00074,Frequent,True,2026-06-01
KMB-C00075,Occasional,True,2026-06-01
KMB-C00076,Routine,False,2026-06-01
KMB-C00077,Frequent,True,2026-06-01
KMB-C00078,Occasional,True,2026-06-01
KMB-C00079,Routine,True,2026-06-01
KMB-C00080,Frequent,False,2026-06-01
KMB-C00081,Occasional,True,2026-06-01
KMB-C00082,Routine,True,2026-06-01
KMB-C00083,Frequent,True,2026-06-01
KMB-C00084,Occasional,False,2026-06-01
KMB-C00085,Routine,True,2026-06-01
KMB-C00086,Frequent,True,2026-06-01
KMB-C00087,Occasional,True,2026-06-01
KMB-C00088,Routine,False,2026-06-01
KMB-C00089,Frequent,True,2026-06-01
KMB-C00090,Occasional,True,2026-06-01
KMB-C00091,Routine,True,2026-06-01
KMB-C00092,Frequent,False,2026-06-01
KMB-C00093,Occasional,True,2026-06-01
KMB-C00094,Routine,True,2026-06-01
KMB-C00095,Frequent,True,2026-06-01
KMB-C00096,Occasional,False,2026-06-01
KMB-C00097,Routine,True,2026-06-01
KMB-C00098,Frequent,True,2026-06-01
KMB-C00099,Occasional,True,2026-06-01
KMB-C00100,Routine,False,2026-06-01
KMB-C00101,Frequent,True,2026-06-01
KMB-C00102,Occasional,True,2026-06-01
KMB-C00103,Routine,True,2026-06-01
KMB-C00104,Frequent,False,2026-06-01
KMB-C00105,Occasional,True,2026-06-01
KMB-C00106,Routine,True,2026-06-01
KMB-C00107,Frequent,True,2026-06-01
KMB-C00108,Occasional,False,2026-06-01
KMB-C00109,Routine,True,2026-06-01
KMB-C00110,Frequent,True,2026-06-01
KMB-C00111,Occasional,True,2026-06-01
KMB-C00112,Routine,False,2026-06-01
KMB-C00113,Frequent,True,2026-06-01
KMB-C00114,Occasional,True,2026-06-01
KMB-C00115,Routine,True,2026-06-01
KMB-C00116,Frequent,False,2026-06-01
KMB-C00117,Occasional,True,2026-06-01
KMB-C00118,Routine,True,2026-06-01
KMB-C00119,Frequent,True,2026-06-01
KMB-C00120,Occasional,False,2026-06-01
KMB-C00121,Routine,True,2026-06-01
KMB-C00122,Frequent,True,2026-06-01
KMB-C00123,Occasional,True,2026-06-01
KMB-C00124,Routine,False,2026-06-01
KMB-C00125,Frequent,True,2026-06-01
KMB-C00126,Occasional,True,2026-06-01
KMB-C00127,Routine,True,2026-06-01
KMB-C00128,Frequent,False,2026-06-01
KMB-C00129,Occasional,True,2026-06-01
KMB-C00130,Routine,True,2026-06-01
KMB-C00131,Frequent,True,2026-06-01
KMB-C00132,Occasional,False,2026-06-01
KMB-C00133,Routine,True,2026-06-01
KMB-C00134,Frequent,True,2026-06-01
KMB-C00135,Occasional,True,2026-06-01
KMB-C00136,Routine,False,2026-06-01
KMB-C00137,Frequent,True,2026-06-01
KMB-C00138,Occasional,True,2026-06-01
KMB-C00139,Routine,True,2026-06-01
KMB-C00140,Frequent,False,2026-06-01
KMB-C00141,Occasional,True,2026-06-01
KMB-C00142,Routine,True,2026-06-01
KMB-C00143,Frequent,True,2026-06-01
KMB-C00144,Occasional,False,2026-06-01
KMB-C00145,Routine,True,2026-06-01
KMB-C00146,Frequent,True,2026-06-01
KMB-C00147,Occasional,True,2026-06-01
KMB-C00148,Routine,False,2026-06-01
KMB-C00149,Frequent,True,2026-06-01
KMB-C00150,Occasional,True,2026-06-01
KMB-C00151,Routine,True,2026-06-01
KMB-C00152,Frequent,False,2026-06-01
KMB-C00153,Occasional,True,2026-06-01
KMB-C00154,Routine,True,2026-06-01
KMB-C00155,Frequent,True,2026-06-01
KMB-C00156,Occasional,False,2026-06-01
KMB-C00157,Routine,True,2026-06-01
KMB-C00158,Frequent,True,2026-06-01
KMB-C00159,Occasional,True,2026-06-01
KMB-C00160,Routine,False,2026-06-01
KMB-C00161,Frequent,True,2026-06-01
KMB-C00162,Occasional,True,2026-06-01
KMB-C00163,Routine,True,2026-06-01
KMB-C00164,Frequent,False,2026-06-01
KMB-C00165,Occasional,True,2026-06-01
KMB-C00166,Routine,True,2026-06-01
KMB-C00167,Frequent,True,2026-06-01
KMB-C00168,Occasional,False,2026-06-01
KMB-C00169,Routine,True,2026-06-01
KMB-C00170,Frequent,True,2026-06-01
KMB-C00171,Occasional,True,2026-06-01
KMB-C00172,Routine,False,2026-06-01
KMB-C00173,Frequent,True,2026-06-01
KMB-C00174,Occasional,True,2026-06-01
KMB-C00175,Routine,True,2026-06-01
KMB-C00176,Frequent,False,2026-06-01
KMB-C00177,Occasional,True,2026-06-01
KMB-C00178,Routine,True,2026-06-01
KMB-C00179,Frequent,True,2026-06-01
KMB-C00180,Occasional,False,2026-06-01
KMB-C00181,Routine,True,2026-06-01
KMB-C00182,Frequent,True,2026-06-01
KMB-C00183,Occasional,True,2026-06-01
KMB-C00184,Routine,False,2026-06-01
KMB-C00185,Frequent,True,2026-06-01
KMB-C00186,Occasional,True,2026-06-01
KMB-C00187,Routine,True,2026-06-01
KMB-C00188,Frequent,False,2026-06-01
KMB-C00189,Occasional,True,2026-06-01
KMB-C00190,Routine,True,2026-06-01
KMB-C00191,Frequent,True,2026-06-01
KMB-C00192,Occasional,False,2026-06-01
KMB-C00193,Routine,True,2026-06-01
KMB-C00194,Frequent,True,2026-06-01
KMB-C00195,Occasional,True,2026-06-01
KMB-C00196,Routine,False,2026-06-01
KMB-C00197,Frequent,True,2026-06-01
KMB-C00198,Occasional,True,2026-06-01
KMB-C00199,Routine,True,2026-06-01
KMB-C00200,Frequent,False,2026-06-01
KMB-C00201,Occasional,True,2026-06-01
KMB-C00202,Routine,True,2026-06-01
KMB-C00203,Frequent,True,2026-06-01
KMB-C00204,Occasional,False,2026-06-01
KMB-C00205,Routine,True,2026-06-01
KMB-C00206,Frequent,True,2026-06-01
KMB-C00207,Occasional,True,2026-06-01
KMB-C00208,Routine,False,2026-06-01
KMB-C00209,Frequent,True,2026-06-01
KMB-C00210,Occasional,True,2026-06-01
KMB-C00211,Routine,True,2026-06-01
KMB-C00212,Frequent,False,2026-06-01
KMB-C00213,Occasional,True,2026-06-01
KMB-C00214,Routine,True,2026-06-01
KMB-C00215,Frequent,True,2026-06-01
KMB-C00216,Occasional,False,2026-06-01
KMB-C00217,Routine,True,2026-06-01
KMB-C00218,Frequent,True,2026-06-01
KMB-C00219,Occasional,True,2026-06-01
KMB-C00220,Routine,False,2026-06-01
KMB-C00221,Frequent,True,2026-06-01
KMB-C00222,Occasional,True,2026-06-01
KMB-C00223,Routine,True,2026-06-01
KMB-C00224,Frequent,False,2026-06-01
KMB-C00225,Occasional,True,2026-06-01
KMB-C00226,Routine,True,2026-06-01
KMB-C00227,Frequent,True,2026-06-01
KMB-C00228,Occasional,False,2026-06-01
KMB-C00229,Routine,True,2026-06-01
KMB-C00230,Frequent,True,2026-06-01
KMB-C00231,Occasional,True,2026-06-01
KMB-C00232,Routine,False,2026-06-01
KMB-C00233,Frequent,True,2026-06-01
KMB-C00234,Occasional,True,2026-06-01
KMB-C00235,Routine,True,2026-06-01
KMB-C00236,Frequent,False,2026-06-01
KMB-C00237,Occasional,True,2026-06-01
KMB-C00238,Routine,True,2026-06-01
KMB-C00239,Frequent,True,2026-06-01
KMB-C00240,Occasional,False,2026-06-01
KMB-C00241,Routine,True,2026-06-01
KMB-C00242,Frequent,True,2026-06-01
KMB-C00243,Occasional,True,2026-06-01
KMB-C00244,Routine,False,2026-06-01
KMB-C00245,Frequent,True,2026-06-01
KMB-C00246,Occasional,True,2026-06-01
KMB-C00247,Routine,True,2026-06-01
KMB-C00248,Frequent,False,2026-06-01
KMB-C00249,Occasional,True,2026-06-01
KMB-C00250,Routine,True,2026-06-01
KMB-C00251,Frequent,True,2026-06-01
KMB-C00252,Occasional,False,2026-06-01
KMB-C00253,Routine,True,2026-06-01
KMB-C00254,Frequent,True,2026-06-01
KMB-C00255,Occasional,True,2026-06-01
KMB-C00256,Routine,False,2026-06-01
KMB-C00257,Frequent,True,2026-06-01
KMB-C00258,Occasional,True,2026-06-01
KMB-C00259,Routine,True,2026-06-01
KMB-C00260,Frequent,False,2026-06-01
KMB-C00261,Occasional,True,2026-06-01
KMB-C00262,Routine,True,2026-06-01
KMB-C00263,Frequent,True,2026-06-01
KMB-C00264,Occasional,False,2026-06-01
KMB-C00265,Routine,True,2026-06-01
KMB-C00266,Frequent,True,2026-06-01
KMB-C00267,Occasional,True,2026-06-01
KMB-C00268,Routine,False,2026-06-01
KMB-C00269,Frequent,True,2026-06-01
KMB-C00270,Occasional,True,2026-06-01
KMB-C00271,Routine,True,2026-06-01
KMB-C00272,Frequent,False,2026-06-01
KMB-C00273,Occasional,True,2026-06-01
KMB-C00274,Routine,True,2026-06-01
KMB-C00275,Frequent,True,2026-06-01
KMB-C00276,Occasional,False,2026-06-01
KMB-C00277,Routine,True,2026-06-01
KMB-C00278,Frequent,True,2026-06-01
KMB-C00279,Occasional,True,2026-06-01
KMB-C00280,Routine,False,2026-06-01
KMB-C00281,Frequent,True,2026-06-01
KMB-C00282,Occasional,True,2026-06-01
KMB-C00283,Routine,True,2026-06-01
KMB-C00284,Frequent,False,2026-06-01
KMB-C00285,Occasional,True,2026-06-01
KMB-C00286,Routine,True,2026-06-01
KMB-C00287,Frequent,True,2026-06-01
KMB-C00288,Occasional,False,2026-06-01
KMB-C00289,Routine,True,2026-06-01
KMB-C00290,Frequent,True,2026-06-01
KMB-C00291,Occasional,True,2026-06-01
KMB-C00292,Routine,False,2026-06-01
KMB-C00293,Frequent,True,2026-06-01
KMB-C00294,Occasional,True,2026-06-01
KMB-C00295,Routine,True,2026-06-01
KMB-C00296,Frequent,False,2026-06-01
KMB-C00297,Occasional,True,2026-06-01
KMB-C00298,Routine,True,2026-06-01
KMB-C00299,Frequent,True,2026-06-01
KMB-C00300,Occasional,False,2026-06-01
KMB-C00301,Routine,True,2026-06-01
KMB-C00302,Frequent,True,2026-06-01
KMB-C00303,Occasional,True,2026-06-01
KMB-C00304,Routine,False,2026-06-01
KMB-C00305,Frequent,True,2026-06-01
KMB-C00306,Occasional,True,2026-06-01
KMB-C00307,Routine,True,2026-06-01
KMB-C00308,Frequent,False,2026-06-01
KMB-C00309,Occasional,True,2026-06-01
KMB-C00310,Routine,True,2026-06-01
KMB-C00311,Frequent,True,2026-06-01
KMB-C00312,Occasional,False,2026-06-01
KMB-C00313,Routine,True,2026-06-01
KMB-C00314,Frequent,True,2026-06-01
KMB-C00315,Occasional,True,2026-06-01
KMB-C00316,Routine,False,2026-06-01
KMB-C00317,Frequent,True,2026-06-01
KMB-C00318,Occasional,True,2026-06-01
KMB-C00319,Routine,True,2026-06-01
KMB-C00320,Frequent,False,2026-06-01
KMB-C00321,Occasional,True,2026-06-01
KMB-C00322,Routine,True,2026-06-01
KMB-C00323,Frequent,True,2026-06-01
KMB-C00324,Occasional,False,2026-06-01
KMB-C00325,Routine,True,2026-06-01
KMB-C00326,Frequent,True,2026-06-01
KMB-C00327,Occasional,True,2026-06-01
KMB-C00328,Routine,False,2026-06-01
KMB-C00329,Frequent,True,2026-06-01
KMB-C00330,Occasional,True,2026-06-01
KMB-C00331,Routine,True,2026-06-01
KMB-C00332,Frequent,False,2026-06-01
KMB-C00333,Occasional,True,2026-06-01
KMB-C00334,Routine,True,2026-06-01
KMB-C00335,Frequent,True,2026-06-01
KMB-C00336,Occasional,False,2026-06-01
KMB-C00337,Routine,True,2026-06-01
KMB-C00338,Frequent,True,2026-06-01
KMB-C00339,Occasional,True,2026-06-01
KMB-C00340,Routine,False,2026-06-01
KMB-C00341,Frequent,True,2026-06-01
KMB-C00342,Occasional,True,2026-06-01
KMB-C00343,Routine,True,2026-06-01
KMB-C00344,Frequent,False,2026-06-01
KMB-C00345,Occasional,True,2026-06-01
KMB-C00346,Routine,True,2026-06-01
KMB-C00347,Frequent,True,2026-06-01
KMB-C00348,Occasional,False,2026-06-01
KMB-C00349,Routine,True,2026-06-01
KMB-C00350,Frequent,True,2026-06-01
KMB-C00351,Occasional,True,2026-06-01
KMB-C00352,Routine,False,2026-06-01
KMB-C00353,Frequent,True,2026-06-01
KMB-C00354,Occasional,True,2026-06-01
KMB-C00355,Routine,True,2026-06-01
KMB-C00356,Frequent,False,2026-06-01
KMB-C00357,Occasional,True,2026-06-01
KMB-C00358,Routine,True,2026-06-01
KMB-C00359,Frequent,True,2026-06-01
KMB-C00360,Occasional,False,2026-06-01
KMB-C00361,Routine,True,2026-06-01
KMB-C00362,Frequent,True,2026-06-01
KMB-C00363,Occasional,True,2026-06-01
KMB-C00364,Routine,False,2026-06-01
KMB-C00365,Frequent,True,2026-06-01
KMB-C00366,Occasional,True,2026-06-01
KMB-C00367,Routine,True,2026-06-01
KMB-C00368,Frequent,False,2026-06-01
KMB-C00369,Occasional,True,2026-06-01
KMB-C00370,Routine,True,2026-06-01
KMB-C00371,Frequent,True,2026-06-01
KMB-C00372,Occasional,False,2026-06-01
KMB-C00373,Routine,True,2026-06-01
KMB-C00374,Frequent,True,2026-06-01
KMB-C00375,Occasional,True,2026-06-01
KMB-C00376,Routine,False,2026-06-01
KMB-C00377,Frequent,True,2026-06-01
KMB-C00378,Occasional,True,2026-06-01
KMB-C00379,Routine,True,2026-06-01
KMB-C00380,Frequent,False,2026-06-01
KMB-C00381,Occasional,True,2026-06-01
KMB-C00382,Routine,True,2026-06-01
KMB-C00383,Frequent,True,2026-06-01
KMB-C00384,Occasional,False,2026-06-01
KMB-C00385,Routine,True,2026-06-01
KMB-C00386,Frequent,True,2026-06-01
KMB-C00387,Occasional,True,2026-06-01
KMB-C00388,Routine,False,2026-06-01
KMB-C00389,Frequent,True,2026-06-01
KMB-C00390,Occasional,True,2026-06-01
KMB-C00391,Routine,True,2026-06-01
KMB-C00392,Frequent,False,2026-06-01
KMB-C00393,Occasional,True,2026-06-01
KMB-C00394,Routine,True,2026-06-01
KMB-C00395,Frequent,True,2026-06-01
KMB-C00396,Occasional,False,2026-06-01
KMB-C00397,Routine,True,2026-06-01
KMB-C00398,Frequent,True,2026-06-01
KMB-C00399,Occasional,True,2026-06-01
KMB-C00400,Routine,False,2026-06-01
KMB-C00401,Frequent,True,2026-06-01
KMB-C00402,Occasional,True,2026-06-01
KMB-C00403,Routine,True,2026-06-01
KMB-C00404,Frequent,False,2026-06-01
KMB-C00405,Occasional,True,2026-06-01
KMB-C00406,Routine,True,2026-06-01
KMB-C00407,Frequent,True,2026-06-01
KMB-C00408,Occasional,False,2026-06-01
KMB-C00409,Routine,True,2026-06-01
KMB-C00410,Frequent,True,2026-06-01
KMB-C00411,Occasional,True,2026-06-01
KMB-C00412,Routine,False,2026-06-01
KMB-C00413,Frequent,True,2026-06-01
KMB-C00414,Occasional,True,2026-06-01
KMB-C00415,Routine,True,2026-06-01
KMB-C00416,Frequent,False,2026-06-01
KMB-C00417,Occasional,True,2026-06-01
KMB-C00418,Routine,True,2026-06-01
KMB-C00419,Frequent,True,2026-06-01
KMB-C00420,Occasional,False,2026-06-01
KMB-C00421,Routine,True,2026-06-01
KMB-C00422,Frequent,True,2026-06-01
KMB-C00423,Occasional,True,2026-06-01
KMB-C00424,Routine,False,2026-06-01
KMB-C00425,Frequent,True,2026-06-01
KMB-C00426,Occasional,True,2026-06-01
KMB-C00427,Routine,True,2026-06-01
KMB-C00428,Frequent,False,2026-06-01
KMB-C00429,Occasional,True,2026-06-01
KMB-C00430,Routine,True,2026-06-01
KMB-C00431,Frequent,True,2026-06-01
KMB-C00432,Occasional,False,2026-06-01
KMB-C00433,Routine,True,2026-06-01
KMB-C00434,Frequent,True,2026-06-01
KMB-C00435,Occasional,True,2026-06-01
KMB-C00436,Routine,False,2026-06-01
KMB-C00437,Frequent,True,2026-06-01
KMB-C00438,Occasional,True,2026-06-01
KMB-C00439,Routine,True,2026-06-01
KMB-C00440,Frequent,False,2026-06-01
KMB-C00441,Occasional,True,2026-06-01
KMB-C00442,Routine,True,2026-06-01
KMB-C00443,Frequent,True,2026-06-01
KMB-C00444,Occasional,False,2026-06-01
KMB-C00445,Routine,True,2026-06-01
KMB-C00446,Frequent,True,2026-06-01
KMB-C00447,Occasional,True,2026-06-01
KMB-C00448,Routine,False,2026-06-01
KMB-C00449,Frequent,True,2026-06-01
KMB-C00450,Occasional,True,2026-06-01
KMB-C00451,Routine,True,2026-06-01
KMB-C00452,Frequent,False,2026-06-01
KMB-C00453,Occasional,True,2026-06-01
KMB-C00454,Routine,True,2026-06-01
KMB-C00455,Frequent,True,2026-06-01
KMB-C00456,Occasional,False,2026-06-01
KMB-C00457,Routine,True,2026-06-01
KMB-C00458,Frequent,True,2026-06-01
KMB-C00459,Occasional,True,2026-06-01
KMB-C00460,Routine,False,2026-06-01
KMB-C00461,Frequent,True,2026-06-01
KMB-C00462,Occasional,True,2026-06-01
KMB-C00463,Routine,True,2026-06-01
KMB-C00464,Frequent,False,2026-06-01
KMB-C00465,Occasional,True,2026-06-01
KMB-C00466,Routine,True,2026-06-01
KMB-C00467,Frequent,True,2026-06-01
KMB-C00468,Occasional,False,2026-06-01
KMB-C00469,Routine,True,2026-06-01
KMB-C00470,Frequent,True,2026-06-01
KMB-C00471,Occasional,True,2026-06-01
KMB-C00472,Routine,False,2026-06-01
KMB-C00473,Frequent,True,2026-06-01
KMB-C00474,Occasional,True,2026-06-01
KMB-C00475,Routine,True,2026-06-01
KMB-C00476,Frequent,False,2026-06-01
KMB-C00477,Occasional,True,2026-06-01
KMB-C00478,Routine,True,2026-06-01
KMB-C00479,Frequent,True,2026-06-01
KMB-C00480,Occasional,False,2026-06-01
KMB-C00481,Routine,True,2026-06-01
KMB-C00482,Frequent,True,2026-06-01
KMB-C00483,Occasional,True,2026-06-01
KMB-C00484,Routine,False,2026-06-01
KMB-C00485,Frequent,True,2026-06-01
KMB-C00486,Occasional,True,2026-06-01
KMB-C00487,Routine,True,2026-06-01
KMB-C00488,Frequent,False,2026-06-01
KMB-C00489,Occasional,True,2026-06-01
KMB-C00490,Routine,True,2026-06-01
KMB-C00491,Frequent,True,2026-06-01
KMB-C00492,Occasional,False,2026-06-01
KMB-C00493,Routine,True,2026-06-01
KMB-C00494,Frequent,True,2026-06-01
KMB-C00495,Occasional,True,2026-06-01
KMB-C00496,Routine,False,2026-06-01
KMB-C00497,Frequent,True,2026-06-01
KMB-C00498,Occasional,True,2026-06-01
KMB-C00499,Routine,True,2026-06-01
KMB-C00500,Frequent,False,2026-06-01
KMB-C00501,Occasional,True,2026-06-01
KMB-C00502,Routine,True,2026-06-01
KMB-C00503,Frequent,True,2026-06-01
KMB-C00504,Occasional,False,2026-06-01
KMB-C00505,Routine,True,2026-06-01
KMB-C00506,Frequent,True,2026-06-01
KMB-C00507,Occasional,True,2026-06-01
KMB-C00508,Routine,False,2026-06-01
KMB-C00509,Frequent,True,2026-06-01
KMB-C00510,Occasional,True,2026-06-01
KMB-C00511,Routine,True,2026-06-01
KMB-C00512,Frequent,False,2026-06-01
KMB-C00513,Occasional,True,2026-06-01
KMB-C00514,Routine,True,2026-06-01
KMB-C00515,Frequent,True,2026-06-01
KMB-C00516,Occasional,False,2026-06-01
KMB-C00517,Routine,True,2026-06-01
KMB-C00518,Frequent,True,2026-06-01
KMB-C00519,Occasional,True,2026-06-01
KMB-C00520,Routine,False,2026-06-01
KMB-C00521,Frequent,True,2026-06-01
KMB-C00522,Occasional,True,2026-06-01
KMB-C00523,Routine,True,2026-06-01
KMB-C00524,Frequent,False,2026-06-01
KMB-C00525,Occasional,True,2026-06-01
KMB-C00526,Routine,True,2026-06-01
KMB-C00527,Frequent,True,2026-06-01
KMB-C00528,Occasional,False,2026-06-01
KMB-C00529,Routine,True,2026-06-01
KMB-C00530,Frequent,True,2026-06-01
KMB-C00531,Occasional,True,2026-06-01
KMB-C00532,Routine,False,2026-06-01
KMB-C00533,Frequent,True,2026-06-01
KMB-C00534,Occasional,True,2026-06-01
KMB-C00535,Routine,True,2026-06-01
KMB-C00536,Frequent,False,2026-06-01
KMB-C00537,Occasional,True,2026-06-01
KMB-C00538,Routine,True,2026-06-01
KMB-C00539,Frequent,True,2026-06-01
KMB-C00540,Occasional,False,2026-06-01
KMB-C00541,Routine,True,2026-06-01
KMB-C00542,Frequent,True,2026-06-01
KMB-C00543,Occasional,True,2026-06-01
KMB-C00544,Routine,False,2026-06-01
KMB-C00545,Frequent,True,2026-06-01
KMB-C00546,Occasional,True,2026-06-01
KMB-C00547,Routine,True,2026-06-01
KMB-C00548,Frequent,False,2026-06-01
KMB-C00549,Occasional,True,2026-06-01
KMB-C00550,Routine,True,2026-06-01
KMB-C00551,Frequent,True,2026-06-01
KMB-C00552,Occasional,False,2026-06-01
KMB-C00553,Routine,True,2026-06-01
KMB-C00554,Frequent,True,2026-06-01
KMB-C00555,Occasional,True,2026-06-01
KMB-C00556,Routine,False,2026-06-01
KMB-C00557,Frequent,True,2026-06-01
KMB-C00558,Occasional,True,2026-06-01
KMB-C00559,Routine,True,2026-06-01
KMB-C00560,Frequent,False,2026-06-01
KMB-C00561,Occasional,True,2026-06-01
KMB-C00562,Routine,True,2026-06-01
KMB-C00563,Frequent,True,2026-06-01
KMB-C00564,Occasional,False,2026-06-01
KMB-C00565,Routine,True,2026-06-01
KMB-C00566,Frequent,True,2026-06-01
KMB-C00567,Occasional,True,2026-06-01
KMB-C00568,Routine,False,2026-06-01
KMB-C00569,Frequent,True,2026-06-01
KMB-C00570,Occasional,True,2026-06-01
KMB-C00571,Routine,True,2026-06-01
KMB-C00572,Frequent,False,2026-06-01
KMB-C00573,Occasional,True,2026-06-01
KMB-C00574,Routine,True,2026-06-01
KMB-C00575,Frequent,True,2026-06-01
KMB-C00576,Occasional,False,2026-06-01
KMB-C00577,Routine,True,2026-06-01
KMB-C00578,Frequent,True,2026-06-01
KMB-C00579,Occasional,True,2026-06-01
KMB-C00580,Routine,False,2026-06-01
KMB-C00581,Frequent,True,2026-06-01
KMB-C00582,Occasional,True,2026-06-01
KMB-C00583,Routine,True,2026-06-01
KMB-C00584,Frequent,False,2026-06-01
KMB-C00585,Occasional,True,2026-06-01
KMB-C00586,Routine,True,2026-06-01
KMB-C00587,Frequent,True,2026-06-01
KMB-C00588,Occasional,False,2026-06-01
KMB-C00589,Routine,True,2026-06-01
KMB-C00590,Frequent,True,2026-06-01
KMB-C00591,Occasional,True,2026-06-01
KMB-C00592,Routine,False,2026-06-01
KMB-C00593,Frequent,True,2026-06-01
KMB-C00594,Occasional,True,2026-06-01
KMB-C00595,Routine,True,2026-06-01
KMB-C00596,Frequent,False,2026-06-01
KMB-C00597,Occasional,True,2026-06-01
KMB-C00598,Routine,True,2026-06-01
KMB-C00599,Frequent,True,2026-06-01
KMB-C00600,Occasional,False,2026-06-01
KMB-C00601,Routine,True,2026-06-01
KMB-C00602,Frequent,True,2026-06-01
KMB-C00603,Occasional,True,2026-06-01
KMB-C00604,Routine,False,2026-06-01
KMB-C00605,Frequent,True,2026-06-01
KMB-C00606,Occasional,True,2026-06-01
KMB-C00607,Routine,True,2026-06-01
KMB-C00608,Frequent,False,2026-06-01
KMB-C00609,Occasional,True,2026-06-01
KMB-C00610,Routine,True,2026-06-01
KMB-C00611,Frequent,True,2026-06-01
KMB-C00612,Occasional,False,2026-06-01
KMB-C00613,Routine,True,2026-06-01
KMB-C00614,Frequent,True,2026-06-01
KMB-C00615,Occasional,True,2026-06-01
KMB-C00616,Routine,False,2026-06-01
KMB-C00617,Frequent,True,2026-06-01
KMB-C00618,Occasional,True,2026-06-01
KMB-C00619,Routine,True,2026-06-01
KMB-C00620,Frequent,False,2026-06-01
KMB-C00621,Occasional,True,2026-06-01
KMB-C00622,Routine,True,2026-06-01
KMB-C00623,Frequent,True,2026-06-01
KMB-C00624,Occasional,False,2026-06-01
KMB-C00625,Routine,True,2026-06-01
KMB-C00626,Frequent,True,2026-06-01
KMB-C00627,Occasional,True,2026-06-01
KMB-C00628,Routine,False,2026-06-01
KMB-C00629,Frequent,True,2026-06-01
KMB-C00630,Occasional,True,2026-06-01
KMB-C00631,Routine,True,2026-06-01
KMB-C00632,Frequent,False,2026-06-01
KMB-C00633,Occasional,True,2026-06-01
KMB-C00634,Routine,True,2026-06-01
KMB-C00635,Frequent,True,2026-06-01
KMB-C00636,Occasional,False,2026-06-01
KMB-C00637,Routine,True,2026-06-01
KMB-C00638,Frequent,True,2026-06-01
KMB-C00639,Occasional,True,2026-06-01
KMB-C00640,Routine,False,2026-06-01
KMB-C00641,Frequent,True,2026-06-01
KMB-C00642,Occasional,True,2026-06-01
KMB-C00643,Routine,True,2026-06-01
KMB-C00644,Frequent,False,2026-06-01
KMB-C00645,Occasional,True,2026-06-01
KMB-C00646,Routine,True,2026-06-01
KMB-C00647,Frequent,True,2026-06-01
KMB-C00648,Occasional,False,2026-06-01
KMB-C00649,Routine,True,2026-06-01
KMB-C00650,Frequent,True,2026-06-01
KMB-C00651,Occasional,True,2026-06-01
KMB-C00652,Routine,False,2026-06-01
KMB-C00653,Frequent,True,2026-06-01
KMB-C00654,Occasional,True,2026-06-01
KMB-C00655,Routine,True,2026-06-01
KMB-C00656,Frequent,False,2026-06-01
KMB-C00657,Occasional,True,2026-06-01
KMB-C00658,Routine,True,2026-06-01
KMB-C00659,Frequent,True,2026-06-01
KMB-C00660,Occasional,False,2026-06-01
KMB-C00661,Routine,True,2026-06-01
KMB-C00662,Frequent,True,2026-06-01
KMB-C00663,Occasional,True,2026-06-01
KMB-C00664,Routine,False,2026-06-01
KMB-C00665,Frequent,True,2026-06-01
KMB-C00666,Occasional,True,2026-06-01
KMB-C00667,Routine,True,2026-06-01
KMB-C00668,Frequent,False,2026-06-01
KMB-C00669,Occasional,True,2026-06-01
KMB-C00670,Routine,True,2026-06-01
KMB-C00671,Frequent,True,2026-06-01
KMB-C00672,Occasional,False,2026-06-01
KMB-C00673,Routine,True,2026-06-01
KMB-C00674,Frequent,True,2026-06-01
KMB-C00675,Occasional,True,2026-06-01
KMB-C00676,Routine,False,2026-06-01
KMB-C00677,Frequent,True,2026-06-01
KMB-C00678,Occasional,True,2026-06-01
KMB-C00679,Routine,True,2026-06-01
KMB-C00680,Frequent,False,2026-06-01
KMB-C00681,Occasional,True,2026-06-01
KMB-C00682,Routine,True,2026-06-01
KMB-C00683,Frequent,True,2026-06-01
KMB-C00684,Occasional,False,2026-06-01
KMB-C00685,Routine,True,2026-06-01
KMB-C00686,Frequent,True,2026-06-01
KMB-C00687,Occasional,True,2026-06-01
KMB-C00688,Routine,False,2026-06-01
KMB-C00689,Frequent,True,2026-06-01
KMB-C00690,Occasional,True,2026-06-01
KMB-C00691,Routine,True,2026-06-01
KMB-C00692,Frequent,False,2026-06-01
KMB-C00693,Occasional,True,2026-06-01
KMB-C00694,Routine,True,2026-06-01
KMB-C00695,Frequent,True,2026-06-01
KMB-C00696,Occasional,False,2026-06-01
KMB-C00697,Routine,True,2026-06-01
KMB-C00698,Frequent,True,2026-06-01
KMB-C00699,Occasional,True,2026-06-01
KMB-C00700,Routine,False,2026-06-01
KMB-C00701,Frequent,True,2026-06-01
KMB-C00702,Occasional,True,2026-06-01
KMB-C00703,Routine,True,2026-06-01
KMB-C00704,Frequent,False,2026-06-01
KMB-C00705,Occasional,True,2026-06-01
KMB-C00706,Routine,True,2026-06-01
KMB-C00707,Frequent,True,2026-06-01
KMB-C00708,Occasional,False,2026-06-01
KMB-C00709,Routine,True,2026-06-01
KMB-C00710,Frequent,True,2026-06-01
KMB-C00711,Occasional,True,2026-06-01
KMB-C00712,Routine,False,2026-06-01
KMB-C00713,Frequent,True,2026-06-01
KMB-C00714,Occasional,True,2026-06-01
KMB-C00715,Routine,True,2026-06-01
KMB-C00716,Frequent,False,2026-06-01
KMB-C00717,Occasional,True,2026-06-01
KMB-C00718,Routine,True,2026-06-01
KMB-C00719,Frequent,True,2026-06-01
KMB-C00720,Occasional,False,2026-06-01
KMB-C00721,Routine,True,2026-06-01
KMB-C00722,Frequent,True,2026-06-01
KMB-C00723,Occasional,True,2026-06-01
KMB-C00724,Routine,False,2026-06-01
KMB-C00725,Frequent,True,2026-06-01
KMB-C00726,Occasional,True,2026-06-01
KMB-C00727,Routine,True,2026-06-01
KMB-C00728,Frequent,False,2026-06-01
KMB-C00729,Occasional,True,2026-06-01
KMB-C00730,Routine,True,2026-06-01
KMB-C00731,Frequent,True,2026-06-01
KMB-C00732,Occasional,False,2026-06-01
KMB-C00733,Routine,True,2026-06-01
KMB-C00734,Frequent,True,2026-06-01
KMB-C00735,Occasional,True,2026-06-01
KMB-C00736,Routine,False,2026-06-01
KMB-C00737,Frequent,True,2026-06-01
KMB-C00738,Occasional,True,2026-06-01
KMB-C00739,Routine,True,2026-06-01
KMB-C00740,Frequent,False,2026-06-01
KMB-C00741,Occasional,True,2026-06-01
KMB-C00742,Routine,True,2026-06-01
KMB-C00743,Frequent,True,2026-06-01
KMB-C00744,Occasional,False,2026-06-01
KMB-C00745,Routine,True,2026-06-01
KMB-C00746,Frequent,True,2026-06-01
KMB-C00747,Occasional,True,2026-06-01
KMB-C00748,Routine,False,2026-06-01
KMB-C00749,Frequent,True,2026-06-01
KMB-C00750,Occasional,True,2026-06-01
KMB-C00751,Routine,True,2026-06-01
KMB-C00752,Frequent,False,2026-06-01
KMB-C00753,Occasional,True,2026-06-01
KMB-C00754,Routine,True,2026-06-01
KMB-C00755,Frequent,True,2026-06-01
KMB-C00756,Occasional,False,2026-06-01
KMB-C00757,Routine,True,2026-06-01
KMB-C00758,Frequent,True,2026-06-01
KMB-C00759,Occasional,True,2026-06-01
KMB-C00760,Routine,False,2026-06-01
KMB-C00761,Frequent,True,2026-06-01
KMB-C00762,Occasional,True,2026-06-01
KMB-C00763,Routine,True,2026-06-01
KMB-C00764,Frequent,False,2026-06-01
KMB-C00765,Occasional,True,2026-06-01
KMB-C00766,Routine,True,2026-06-01
KMB-C00767,Frequent,True,2026-06-01
KMB-C00768,Occasional,False,2026-06-01
KMB-C00769,Routine,True,2026-06-01
KMB-C00770,Frequent,True,2026-06-01
KMB-C00771,Occasional,True,2026-06-01
KMB-C00772,Routine,False,2026-06-01
KMB-C00773,Frequent,True,2026-06-01
KMB-C00774,Occasional,True,2026-06-01
KMB-C00775,Routine,True,2026-06-01
KMB-C00776,Frequent,False,2026-06-01
KMB-C00777,Occasional,True,2026-06-01
KMB-C00778,Routine,True,2026-06-01
KMB-C00779,Frequent,True,2026-06-01
KMB-C00780,Occasional,False,2026-06-01
KMB-C00781,Routine,True,2026-06-01
KMB-C00782,Frequent,True,2026-06-01
KMB-C00783,Occasional,True,2026-06-01
KMB-C00784,Routine,False,2026-06-01
KMB-C00785,Frequent,True,2026-06-01
KMB-C00786,Occasional,True,2026-06-01
KMB-C00787,Routine,True,2026-06-01
KMB-C00788,Frequent,False,2026-06-01
KMB-C00789,Occasional,True,2026-06-01
KMB-C00790,Routine,True,2026-06-01
KMB-C00791,Frequent,True,2026-06-01
KMB-C00792,Occasional,False,2026-06-01
KMB-C00793,Routine,True,2026-06-01
KMB-C00794,Frequent,True,2026-06-01
KMB-C00795,Occasional,True,2026-06-01
KMB-C00796,Routine,False,2026-06-01
KMB-C00797,Frequent,True,2026-06-01
KMB-C00798,Occasional,True,2026-06-01
KMB-C00799,Routine,True,2026-06-01
KMB-C00800,Frequent,False,2026-06-01
KMB-C00801,Occasional,True,2026-06-01
KMB-C00802,Routine,True,2026-06-01
KMB-C00803,Frequent,True,2026-06-01
KMB-C00804,Occasional,False,2026-06-01
KMB-C00805,Routine,True,2026-06-01
KMB-C00806,Frequent,True,2026-06-01
KMB-C00807,Occasional,True,2026-06-01
KMB-C00808,Routine,False,2026-06-01
KMB-C00809,Frequent,True,2026-06-01
KMB-C00810,Occasional,True,2026-06-01
KMB-C00811,Routine,True,2026-06-01
KMB-C00812,Frequent,False,2026-06-01
KMB-C00813,Occasional,True,2026-06-01
KMB-C00814,Routine,True,2026-06-01
KMB-C00815,Frequent,True,2026-06-01
KMB-C00816,Occasional,False,2026-06-01
KMB-C00817,Routine,True,2026-06-01
KMB-C00818,Frequent,True,2026-06-01
KMB-C00819,Occasional,True,2026-06-01
KMB-C00820,Routine,False,2026-06-01
KMB-C00821,Frequent,True,2026-06-01
KMB-C00822,Occasional,True,2026-06-01
KMB-C00823,Routine,True,2026-06-01
KMB-C00824,Frequent,False,2026-06-01
KMB-C00825,Occasional,True,2026-06-01
KMB-C00826,Routine,True,2026-06-01
KMB-C00827,Frequent,True,2026-06-01
KMB-C00828,Occasional,False,2026-06-01
KMB-C00829,Routine,True,2026-06-01
KMB-C00830,Frequent,True,2026-06-01
KMB-C00831,Occasional,True,2026-06-01
KMB-C00832,Routine,False,2026-06-01
KMB-C00833,Frequent,True,2026-06-01
KMB-C00834,Occasional,True,2026-06-01
KMB-C00835,Routine,True,2026-06-01
KMB-C00836,Frequent,False,2026-06-01
KMB-C00837,Occasional,True,2026-06-01
KMB-C00838,Routine,True,2026-06-01
KMB-C00839,Frequent,True,2026-06-01
KMB-C00840,Occasional,False,2026-06-01
KMB-C00841,Routine,True,2026-06-01
KMB-C00842,Frequent,True,2026-06-01
KMB-C00843,Occasional,True,2026-06-01
KMB-C00844,Routine,False,2026-06-01
KMB-C00845,Frequent,True,2026-06-01
KMB-C00846,Occasional,True,2026-06-01
KMB-C00847,Routine,True,2026-06-01
KMB-C00848,Frequent,False,2026-06-01
KMB-C00849,Occasional,True,2026-06-01
KMB-C00850,Routine,True,2026-06-01
KMB-C00851,Frequent,True,2026-06-01
KMB-C00852,Occasional,False,2026-06-01
KMB-C00853,Routine,True,2026-06-01
KMB-C00854,Frequent,True,2026-06-01
KMB-C00855,Occasional,True,2026-06-01
KMB-C00856,Routine,False,2026-06-01
KMB-C00857,Frequent,True,2026-06-01
KMB-C00858,Occasional,True,2026-06-01
KMB-C00859,Routine,True,2026-06-01
KMB-C00860,Frequent,False,2026-06-01
KMB-C00861,Occasional,True,2026-06-01
KMB-C00862,Routine,True,2026-06-01
KMB-C00863,Frequent,True,2026-06-01
KMB-C00864,Occasional,False,2026-06-01
KMB-C00865,Routine,True,2026-06-01
KMB-C00866,Frequent,True,2026-06-01
KMB-C00867,Occasional,True,2026-06-01
KMB-C00868,Routine,False,2026-06-01
KMB-C00869,Frequent,True,2026-06-01
KMB-C00870,Occasional,True,2026-06-01
KMB-C00871,Routine,True,2026-06-01
KMB-C00872,Frequent,False,2026-06-01
KMB-C00873,Occasional,True,2026-06-01
KMB-C00874,Routine,True,2026-06-01
KMB-C00875,Frequent,True,2026-06-01
KMB-C00876,Occasional,False,2026-06-01
KMB-C00877,Routine,True,2026-06-01
KMB-C00878,Frequent,True,2026-06-01
KMB-C00879,Occasional,True,2026-06-01
KMB-C00880,Routine,False,2026-06-01
KMB-C00881,Frequent,True,2026-06-01
KMB-C00882,Occasional,True,2026-06-01
KMB-C00883,Routine,True,2026-06-01
KMB-C00884,Frequent,False,2026-06-01
KMB-C00885,Occasional,True,2026-06-01
KMB-C00886,Routine,True,2026-06-01
KMB-C00887,Frequent,True,2026-06-01
KMB-C00888,Occasional,False,2026-06-01
KMB-C00889,Routine,True,2026-06-01
KMB-C00890,Frequent,True,2026-06-01
KMB-C00891,Occasional,True,2026-06-01
KMB-C00892,Routine,False,2026-06-01
KMB-C00893,Frequent,True,2026-06-01
KMB-C00894,Occasional,True,2026-06-01
KMB-C00895,Routine,True,2026-06-01
KMB-C00896,Frequent,False,2026-06-01
KMB-C00897,Occasional,True,2026-06-01
KMB-C00898,Routine,True,2026-06-01
KMB-C00899,Frequent,True,2026-06-01
KMB-C00900,Occasional,False,2026-06-01
KMB-C00901,Routine,True,2026-06-01
KMB-C00902,Frequent,True,2026-06-01
KMB-C00903,Occasional,True,2026-06-01
KMB-C00904,Routine,False,2026-06-01
KMB-C00905,Frequent,True,2026-06-01
KMB-C00906,Occasional,True,2026-06-01
KMB-C00907,Routine,True,2026-06-01
KMB-C00908,Frequent,False,2026-06-01
KMB-C00909,Occasional,True,2026-06-01
KMB-C00910,Routine,True,2026-06-01
KMB-C00911,Frequent,True,2026-06-01
KMB-C00912,Occasional,False,2026-06-01
KMB-C00913,Routine,True,2026-06-01
KMB-C00914,Frequent,True,2026-06-01
KMB-C00915,Occasional,True,2026-06-01
KMB-C00916,Routine,False,2026-06-01
KMB-C00917,Frequent,True,2026-06-01
KMB-C00918,Occasional,True,2026-06-01
KMB-C00919,Routine,True,2026-06-01
KMB-C00920,Frequent,False,2026-06-01
KMB-C00921,Occasional,True,2026-06-01
KMB-C00922,Routine,True,2026-06-01
KMB-C00923,Frequent,True,2026-06-01
KMB-C00924,Occasional,False,2026-06-01
KMB-C00925,Routine,True,2026-06-01
KMB-C00926,Frequent,True,2026-06-01
KMB-C00927,Occasional,True,2026-06-01
KMB-C00928,Routine,False,2026-06-01
KMB-C00929,Frequent,True,2026-06-01
KMB-C00930,Occasional,True,2026-06-01
KMB-C00931,Routine,True,2026-06-01
KMB-C00932,Frequent,False,2026-06-01
KMB-C00933,Occasional,True,2026-06-01
KMB-C00934,Routine,True,2026-06-01
KMB-C00935,Frequent,True,2026-06-01
KMB-C00936,Occasional,False,2026-06-01
KMB-C00937,Routine,True,2026-06-01
KMB-C00938,Frequent,True,2026-06-01
KMB-C00939,Occasional,True,2026-06-01
KMB-C00940,Routine,False,2026-06-01
KMB-C00941,Frequent,True,2026-06-01
KMB-C00942,Occasional,True,2026-06-01
KMB-C00943,Routine,True,2026-06-01
KMB-C00944,Frequent,False,2026-06-01
KMB-C00945,Occasional,True,2026-06-01
KMB-C00946,Routine,True,2026-06-01
KMB-C00947,Frequent,True,2026-06-01
KMB-C00948,Occasional,False,2026-06-01
KMB-C00949,Routine,True,2026-06-01
KMB-C00950,Frequent,True,2026-06-01
KMB-C00951,Occasional,True,2026-06-01
KMB-C00952,Routine,False,2026-06-01
KMB-C00953,Frequent,True,2026-06-01
KMB-C00954,Occasional,True,2026-06-01
KMB-C00955,Routine,True,2026-06-01
KMB-C00956,Frequent,False,2026-06-01
KMB-C00957,Occasional,True,2026-06-01
KMB-C00958,Routine,True,2026-06-01
KMB-C00959,Frequent,True,2026-06-01
KMB-C00960,Occasional,False,2026-06-01
KMB-C00961,Routine,True,2026-06-01
KMB-C00962,Frequent,True,2026-06-01
KMB-C00963,Occasional,True,2026-06-01
KMB-C00964,Routine,False,2026-06-01
KMB-C00965,Frequent,True,2026-06-01
KMB-C00966,Occasional,True,2026-06-01
KMB-C00967,Routine,True,2026-06-01
KMB-C00968,Frequent,False,2026-06-01
KMB-C00969,Occasional,True,2026-06-01
KMB-C00970,Routine,True,2026-06-01
KMB-C00971,Frequent,True,2026-06-01
KMB-C00972,Occasional,False,2026-06-01
KMB-C00973,Routine,True,2026-06-01
KMB-C00974,Frequent,True,2026-06-01
KMB-C00975,Occasional,True,2026-06-01
KMB-C00976,Routine,False,2026-06-01
KMB-C00977,Frequent,True,2026-06-01
KMB-C00978,Occasional,True,2026-06-01
KMB-C00979,Routine,True,2026-06-01
KMB-C00980,Frequent,False,2026-06-01
KMB-C00981,Occasional,True,2026-06-01
KMB-C00982,Routine,True,2026-06-01
KMB-C00983,Frequent,True,2026-06-01
KMB-C00984,Occasional,False,2026-06-01
KMB-C00985,Routine,True,2026-06-01
KMB-C00986,Frequent,True,2026-06-01
KMB-C00987,Occasional,True,2026-06-01
KMB-C00988,Routine,False,2026-06-01
KMB-C00989,Frequent,True,2026-06-01
KMB-C00990,Occasional,True,2026-06-01
KMB-C00991,Routine,True,2026-06-01
KMB-C00992,Frequent,False,2026-06-01
KMB-C00993,Occasional,True,2026-06-01
KMB-C00994,Routine,True,2026-06-01
KMB-C00995,Frequent,True,2026-06-01
KMB-C00996,Occasional,False,2026-06-01
KMB-C00997,Routine,True,2026-06-01
KMB-C00998,Frequent,True,2026-06-01
KMB-C00999,Occasional,True,2026-06-01
KMB-C01000,Routine,False,2026-06-01
KMB-C01001,Frequent,True,2026-06-01
KMB-C01002,Occasional,True,2026-06-01
KMB-C01003,Routine,True,2026-06-01
KMB-C01004,Frequent,False,2026-06-01
KMB-C01005,Occasional,True,2026-06-01
KMB-C01006,Routine,True,2026-06-01
KMB-C01007,Frequent,True,2026-06-01
KMB-C01008,Occasional,False,2026-06-01
KMB-C01009,Routine,True,2026-06-01
KMB-C01010,Frequent,True,2026-06-01
KMB-C01011,Occasional,True,2026-06-01
KMB-C01012,Routine,False,2026-06-01
KMB-C01013,Frequent,True,2026-06-01
KMB-C01014,Occasional,True,2026-06-01
KMB-C01015,Routine,True,2026-06-01
KMB-C01016,Frequent,False,2026-06-01
KMB-C01017,Occasional,True,2026-06-01
KMB-C01018,Routine,True,2026-06-01
KMB-C01019,Frequent,True,2026-06-01
KMB-C01020,Occasional,False,2026-06-01
KMB-C01021,Routine,True,2026-06-01
KMB-C01022,Frequent,True,2026-06-01
KMB-C01023,Occasional,True,2026-06-01
KMB-C01024,Routine,False,2026-06-01
KMB-C01025,Frequent,True,2026-06-01
KMB-C01026,Occasional,True,2026-06-01
KMB-C01027,Routine,True,2026-06-01
KMB-C01028,Frequent,False,2026-06-01
KMB-C01029,Occasional,True,2026-06-01
KMB-C01030,Routine,True,2026-06-01
KMB-C01031,Frequent,True,2026-06-01
KMB-C01032,Occasional,False,2026-06-01
KMB-C01033,Routine,True,2026-06-01
KMB-C01034,Frequent,True,2026-06-01
KMB-C01035,Occasional,True,2026-06-01
KMB-C01036,Routine,False,2026-06-01
KMB-C01037,Frequent,True,2026-06-01
KMB-C01038,Occasional,True,2026-06-01
KMB-C01039,Routine,True,2026-06-01
KMB-C01040,Frequent,False,2026-06-01
KMB-C01041,Occasional,True,2026-06-01
KMB-C01042,Routine,True,2026-06-01
KMB-C01043,Frequent,True,2026-06-01
KMB-C01044,Occasional,False,2026-06-01
KMB-C01045,Routine,True,2026-06-01
KMB-C01046,Frequent,True,2026-06-01
KMB-C01047,Occasional,True,2026-06-01
KMB-C01048,Routine,False,2026-06-01
KMB-C01049,Frequent,True,2026-06-01
KMB-C01050,Occasional,True,2026-06-01
KMB-C01051,Routine,True,2026-06-01
KMB-C01052,Frequent,False,2026-06-01
KMB-C01053,Occasional,True,2026-06-01
KMB-C01054,Routine,True,2026-06-01
KMB-C01055,Frequent,True,2026-06-01
KMB-C01056,Occasional,False,2026-06-01
KMB-C01057,Routine,True,2026-06-01
KMB-C01058,Frequent,True,2026-06-01
KMB-C01059,Occasional,True,2026-06-01
KMB-C01060,Routine,False,2026-06-01
KMB-C01061,Frequent,True,2026-06-01
KMB-C01062,Occasional,True,2026-06-01
KMB-C01063,Routine,True,2026-06-01
KMB-C01064,Frequent,False,2026-06-01
KMB-C01065,Occasional,True,2026-06-01
KMB-C01066,Routine,True,2026-06-01
KMB-C01067,Frequent,True,2026-06-01
KMB-C01068,Occasional,False,2026-06-01
KMB-C01069,Routine,True,2026-06-01
KMB-C01070,Frequent,True,2026-06-01
KMB-C01071,Occasional,True,2026-06-01
KMB-C01072,Routine,False,2026-06-01
KMB-C01073,Frequent,True,2026-06-01
KMB-C01074,Occasional,True,2026-06-01
KMB-C01075,Routine,True,2026-06-01
KMB-C01076,Frequent,False,2026-06-01
KMB-C01077,Occasional,True,2026-06-01
KMB-C01078,Routine,True,2026-06-01
KMB-C01079,Frequent,True,2026-06-01
KMB-C01080,Occasional,False,2026-06-01
KMB-C01081,Routine,True,2026-06-01
KMB-C01082,Frequent,True,2026-06-01
KMB-C01083,Occasional,True,2026-06-01
KMB-C01084,Routine,False,2026-06-01
KMB-C01085,Frequent,True,2026-06-01
KMB-C01086,Occasional,True,2026-06-01
KMB-C01087,Routine,True,2026-06-01
KMB-C01088,Frequent,False,2026-06-01
KMB-C01089,Occasional,True,2026-06-01
KMB-C01090,Routine,True,2026-06-01
KMB-C01091,Frequent,True,2026-06-01
KMB-C01092,Occasional,False,2026-06-01
KMB-C01093,Routine,True,2026-06-01
KMB-C01094,Frequent,True,2026-06-01
KMB-C01095,Occasional,True,2026-06-01
KMB-C01096,Routine,False,2026-06-01
KMB-C01097,Frequent,True,2026-06-01
KMB-C01098,Occasional,True,2026-06-01
KMB-C01099,Routine,True,2026-06-01
KMB-C01100,Frequent,False,2026-06-01
KMB-C01101,Occasional,True,2026-06-01
KMB-C01102,Routine,True,2026-06-01
KMB-C01103,Frequent,True,2026-06-01
KMB-C01104,Occasional,False,2026-06-01
KMB-C01105,Routine,True,2026-06-01
KMB-C01106,Frequent,True,2026-06-01
KMB-C01107,Occasional,True,2026-06-01
KMB-C01108,Routine,False,2026-06-01
KMB-C01109,Frequent,True,2026-06-01
KMB-C01110,Occasional,True,2026-06-01
KMB-C01111,Routine,True,2026-06-01
KMB-C01112,Frequent,False,2026-06-01
KMB-C01113,Occasional,True,2026-06-01
KMB-C01114,Routine,True,2026-06-01
KMB-C01115,Frequent,True,2026-06-01
KMB-C01116,Occasional,False,2026-06-01
KMB-C01117,Routine,True,2026-06-01
KMB-C01118,Frequent,True,2026-06-01
KMB-C01119,Occasional,True,2026-06-01
KMB-C01120,Routine,False,2026-06-01
KMB-C01121,Frequent,True,2026-06-01
KMB-C01122,Occasional,True,2026-06-01
KMB-C01123,Routine,True,2026-06-01
KMB-C01124,Frequent,False,2026-06-01
KMB-C01125,Occasional,True,2026-06-01
KMB-C01126,Routine,True,2026-06-01
KMB-C01127,Frequent,True,2026-06-01
KMB-C01128,Occasional,False,2026-06-01
KMB-C01129,Routine,True,2026-06-01
KMB-C01130,Frequent,True,2026-06-01
KMB-C01131,Occasional,True,2026-06-01
KMB-C01132,Routine,False,2026-06-01
KMB-C01133,Frequent,True,2026-06-01
KMB-C01134,Occasional,True,2026-06-01
KMB-C01135,Routine,True,2026-06-01
KMB-C01136,Frequent,False,2026-06-01
KMB-C01137,Occasional,True,2026-06-01
KMB-C01138,Routine,True,2026-06-01
KMB-C01139,Frequent,True,2026-06-01
KMB-C01140,Occasional,False,2026-06-01
KMB-C01141,Routine,True,2026-06-01
KMB-C01142,Frequent,True,2026-06-01
KMB-C01143,Occasional,True,2026-06-01
KMB-C01144,Routine,False,2026-06-01
KMB-C01145,Frequent,True,2026-06-01
KMB-C01146,Occasional,True,2026-06-01
KMB-C01147,Routine,True,2026-06-01
KMB-C01148,Frequent,False,2026-06-01
KMB-C01149,Occasional,True,2026-06-01
KMB-C01150,Routine,True,2026-06-01
KMB-C01151,Frequent,True,2026-06-01
KMB-C01152,Occasional,False,2026-06-01
KMB-C01153,Routine,True,2026-06-01
KMB-C01154,Frequent,True,2026-06-01
KMB-C01155,Occasional,True,2026-06-01
KMB-C01156,Routine,False,2026-06-01
KMB-C01157,Frequent,True,2026-06-01
KMB-C01158,Occasional,True,2026-06-01
KMB-C01159,Routine,True,2026-06-01
KMB-C01160,Frequent,False,2026-06-01
KMB-C01161,Occasional,True,2026-06-01
KMB-C01162,Routine,True,2026-06-01
KMB-C01163,Frequent,True,2026-06-01
KMB-C01164,Occasional,False,2026-06-01
KMB-C01165,Routine,True,2026-06-01
KMB-C01166,Frequent,True,2026-06-01
KMB-C01167,Occasional,True,2026-06-01
KMB-C01168,Routine,False,2026-06-01
KMB-C01169,Frequent,True,2026-06-01
KMB-C01170,Occasional,True,2026-06-01
KMB-C01171,Routine,True,2026-06-01
KMB-C01172,Frequent,False,2026-06-01
KMB-C01173,Occasional,True,2026-06-01
KMB-C01174,Routine,True,2026-06-01
KMB-C01175,Frequent,True,2026-06-01
KMB-C01176,Occasional,False,2026-06-01
KMB-C01177,Routine,True,2026-06-01
KMB-C01178,Frequent,True,2026-06-01
KMB-C01179,Occasional,True,2026-06-01
KMB-C01180,Routine,False,2026-06-01
KMB-C01181,Frequent,True,2026-06-01
KMB-C01182,Occasional,True,2026-06-01
KMB-C01183,Routine,True,2026-06-01
KMB-C01184,Frequent,False,2026-06-01
KMB-C01185,Occasional,True,2026-06-01
KMB-C01186,Routine,True,2026-06-01
KMB-C01187,Frequent,True,2026-06-01
KMB-C01188,Occasional,False,2026-06-01
KMB-C01189,Routine,True,2026-06-01
KMB-C01190,Frequent,True,2026-06-01
KMB-C01191,Occasional,True,2026-06-01
KMB-C01192,Routine,False,2026-06-01
KMB-C01193,Frequent,True,2026-06-01
KMB-C01194,Occasional,True,2026-06-01
KMB-C01195,Routine,True,2026-06-01
KMB-C01196,Frequent,False,2026-06-01
KMB-C01197,Occasional,True,2026-06-01
KMB-C01198,Routine,True,2026-06-01
KMB-C01199,Frequent,True,2026-06-01
KMB-C01200,Occasional,False,2026-06-01
KMB-C01201,Routine,True,2026-06-01
KMB-C01202,Frequent,True,2026-06-01
KMB-C01203,Occasional,True,2026-06-01
KMB-C01204,Routine,False,2026-06-01
KMB-C01205,Frequent,True,2026-06-01
KMB-C01206,Occasional,True,2026-06-01
KMB-C01207,Routine,True,2026-06-01
KMB-C01208,Frequent,False,2026-06-01
KMB-C01209,Occasional,True,2026-06-01
KMB-C01210,Routine,True,2026-06-01
KMB-C01211,Frequent,True,2026-06-01
KMB-C01212,Occasional,False,2026-06-01
KMB-C01213,Routine,True,2026-06-01
KMB-C01214,Frequent,True,2026-06-01
KMB-C01215,Occasional,True,2026-06-01
KMB-C01216,Routine,False,2026-06-01
KMB-C01217,Frequent,True,2026-06-01
KMB-C01218,Occasional,True,2026-06-01
KMB-C01219,Routine,True,2026-06-01
KMB-C01220,Frequent,False,2026-06-01
KMB-C01221,Occasional,True,2026-06-01
KMB-C01222,Routine,True,2026-06-01
KMB-C01223,Frequent,True,2026-06-01
KMB-C01224,Occasional,False,2026-06-01
KMB-C01225,Routine,True,2026-06-01
KMB-C01226,Frequent,True,2026-06-01
KMB-C01227,Occasional,True,2026-06-01
KMB-C01228,Routine,False,2026-06-01
KMB-C01229,Frequent,True,2026-06-01
KMB-C01230,Occasional,True,2026-06-01
KMB-C01231,Routine,True,2026-06-01
KMB-C01232,Frequent,False,2026-06-01
KMB-C01233,Occasional,True,2026-06-01
KMB-C01234,Routine,True,2026-06-01
KMB-C01235,Frequent,True,2026-06-01
KMB-C01236,Occasional,False,2026-06-01
KMB-C01237,Routine,True,2026-06-01
KMB-C01238,Frequent,True,2026-06-01
KMB-C01239,Occasional,True,2026-06-01
KMB-C01240,Routine,False,2026-06-01
KMB-C01241,Frequent,True,2026-06-01
KMB-C01242,Occasional,True,2026-06-01
KMB-C01243,Routine,True,2026-06-01
KMB-C01244,Frequent,False,2026-06-01
KMB-C01245,Occasional,True,2026-06-01
KMB-C01246,Routine,True,2026-06-01
KMB-C01247,Frequent,True,2026-06-01
KMB-C01248,Occasional,False,2026-06-01
KMB-C01249,Routine,True,2026-06-01
KMB-C01250,Frequent,True,2026-06-01
KMB-C01251,Occasional,True,2026-06-01
KMB-C01252,Routine,False,2026-06-01
KMB-C01253,Frequent,True,2026-06-01
KMB-C01254,Occasional,True,2026-06-01
KMB-C01255,Routine,True,2026-06-01
KMB-C01256,Frequent,False,2026-06-01
KMB-C01257,Occasional,True,2026-06-01
KMB-C01258,Routine,True,2026-06-01
KMB-C01259,Frequent,True,2026-06-01
KMB-C01260,Occasional,False,2026-06-01
KMB-C01261,Routine,True,2026-06-01
KMB-C01262,Frequent,True,2026-06-01
KMB-C01263,Occasional,True,2026-06-01
KMB-C01264,Routine,False,2026-06-01
KMB-C01265,Frequent,True,2026-06-01
KMB-C01266,Occasional,True,2026-06-01
KMB-C01267,Routine,True,2026-06-01
KMB-C01268,Frequent,False,2026-06-01
KMB-C01269,Occasional,True,2026-06-01
KMB-C01270,Routine,True,2026-06-01
KMB-C01271,Frequent,True,2026-06-01
KMB-C01272,Occasional,False,2026-06-01
KMB-C01273,Routine,True,2026-06-01
KMB-C01274,Frequent,True,2026-06-01
KMB-C01275,Occasional,True,2026-06-01
KMB-C01276,Routine,False,2026-06-01
KMB-C01277,Frequent,True,2026-06-01
KMB-C01278,Occasional,True,2026-06-01
KMB-C01279,Routine,True,2026-06-01
KMB-C01280,Frequent,False,2026-06-01
KMB-C01281,Occasional,True,2026-06-01
KMB-C01282,Routine,True,2026-06-01
KMB-C01283,Frequent,True,2026-06-01
KMB-C01284,Occasional,False,2026-06-01
KMB-C01285,Routine,True,2026-06-01
KMB-C01286,Frequent,True,2026-06-01
KMB-C01287,Occasional,True,2026-06-01
KMB-C01288,Routine,False,2026-06-01
KMB-C01289,Frequent,True,2026-06-01
KMB-C01290,Occasional,True,2026-06-01
KMB-C01291,Routine,True,2026-06-01
KMB-C01292,Frequent,False,2026-06-01
KMB-C01293,Occasional,True,2026-06-01
KMB-C01294,Routine,True,2026-06-01
KMB-C01295,Frequent,True,2026-06-01
KMB-C01296,Occasional,False,2026-06-01
KMB-C01297,Routine,True,2026-06-01
KMB-C01298,Frequent,True,2026-06-01
KMB-C01299,Occasional,True,2026-06-01
KMB-C01300,Routine,False,2026-06-01
KMB-C01301,Frequent,True,2026-06-01
KMB-C01302,Occasional,True,2026-06-01
KMB-C01303,Routine,True,2026-06-01
KMB-C01304,Frequent,False,2026-06-01
KMB-C01305,Occasional,True,2026-06-01
KMB-C01306,Routine,True,2026-06-01
KMB-C01307,Frequent,True,2026-06-01
KMB-C01308,Occasional,False,2026-06-01
KMB-C01309,Routine,True,2026-06-01
KMB-C01310,Frequent,True,2026-06-01
KMB-C01311,Occasional,True,2026-06-01
KMB-C01312,Routine,False,2026-06-01
KMB-C01313,Frequent,True,2026-06-01
KMB-C01314,Occasional,True,2026-06-01
KMB-C01315,Routine,True,2026-06-01
KMB-C01316,Frequent,False,2026-06-01
KMB-C01317,Occasional,True,2026-06-01
KMB-C01318,Routine,True,2026-06-01
KMB-C01319,Frequent,True,2026-06-01
KMB-C01320,Occasional,False,2026-06-01
KMB-C01321,Routine,True,2026-06-01
KMB-C01322,Frequent,True,2026-06-01
KMB-C01323,Occasional,True,2026-06-01
KMB-C01324,Routine,False,2026-06-01
KMB-C01325,Frequent,True,2026-06-01
KMB-C01326,Occasional,True,2026-06-01
KMB-C01327,Routine,True,2026-06-01
KMB-C01328,Frequent,False,2026-06-01
KMB-C01329,Occasional,True,2026-06-01
KMB-C01330,Routine,True,2026-06-01
KMB-C01331,Frequent,True,2026-06-01
KMB-C01332,Occasional,False,2026-06-01
KMB-C01333,Routine,True,2026-06-01
KMB-C01334,Frequent,True,2026-06-01
KMB-C01335,Occasional,True,2026-06-01
KMB-C01336,Routine,False,2026-06-01
KMB-C01337,Frequent,True,2026-06-01
KMB-C01338,Occasional,True,2026-06-01
KMB-C01339,Routine,True,2026-06-01
KMB-C01340,Frequent,False,2026-06-01
KMB-C01341,Occasional,True,2026-06-01
KMB-C01342,Routine,True,2026-06-01
KMB-C01343,Frequent,True,2026-06-01
KMB-C01344,Occasional,False,2026-06-01
KMB-C01345,Routine,True,2026-06-01
KMB-C01346,Frequent,True,2026-06-01
KMB-C01347,Occasional,True,2026-06-01
KMB-C01348,Routine,False,2026-06-01
KMB-C01349,Frequent,True,2026-06-01
KMB-C01350,Occasional,True,2026-06-01
KMB-C01351,Routine,True,2026-06-01
KMB-C01352,Frequent,False,2026-06-01
KMB-C01353,Occasional,True,2026-06-01
KMB-C01354,Routine,True,2026-06-01
KMB-C01355,Frequent,True,2026-06-01
KMB-C01356,Occasional,False,2026-06-01
KMB-C01357,Routine,True,2026-06-01
KMB-C01358,Frequent,True,2026-06-01
KMB-C01359,Occasional,True,2026-06-01
KMB-C01360,Routine,False,2026-06-01
KMB-C01361,Frequent,True,2026-06-01
KMB-C01362,Occasional,True,2026-06-01
KMB-C01363,Routine,True,2026-06-01
KMB-C01364,Frequent,False,2026-06-01
KMB-C01365,Occasional,True,2026-06-01
KMB-C01366,Routine,True,2026-06-01
KMB-C01367,Frequent,True,2026-06-01
KMB-C01368,Occasional,False,2026-06-01
KMB-C01369,Routine,True,2026-06-01
KMB-C01370,Frequent,True,2026-06-01
KMB-C01371,Occasional,True,2026-06-01
KMB-C01372,Routine,False,2026-06-01
KMB-C01373,Frequent,True,2026-06-01
KMB-C01374,Occasional,True,2026-06-01
KMB-C01375,Routine,True,2026-06-01
KMB-C01376,Frequent,False,2026-06-01
KMB-C01377,Occasional,True,2026-06-01
KMB-C01378,Routine,True,2026-06-01
KMB-C01379,Frequent,True,2026-06-01
KMB-C01380,Occasional,False,2026-06-01
KMB-C01381,Routine,True,2026-06-01
KMB-C01382,Frequent,True,2026-06-01
KMB-C01383,Occasional,True,2026-06-01
KMB-C01384,Routine,False,2026-06-01
KMB-C01385,Frequent,True,2026-06-01
KMB-C01386,Occasional,True,2026-06-01
KMB-C01387,Routine,True,2026-06-01
KMB-C01388,Frequent,False,2026-06-01
KMB-C01389,Occasional,True,2026-06-01
KMB-C01390,Routine,True,2026-06-01
KMB-C01391,Frequent,True,2026-06-01
KMB-C01392,Occasional,False,2026-06-01
KMB-C01393,Routine,True,2026-06-01
KMB-C01394,Frequent,True,2026-06-01
KMB-C01395,Occasional,True,2026-06-01
KMB-C01396,Routine,False,2026-06-01
KMB-C01397,Frequent,True,2026-06-01
KMB-C01398,Occasional,True,2026-06-01
KMB-C01399,Routine,True,2026-06-01
KMB-C01400,Frequent,False,2026-06-01
KMB-C01401,Occasional,True,2026-06-01
KMB-C01402,Routine,True,2026-06-01
KMB-C01403,Frequent,True,2026-06-01
KMB-C01404,Occasional,False,2026-06-01
KMB-C01405,Routine,True,2026-06-01
KMB-C01406,Frequent,True,2026-06-01
KMB-C01407,Occasional,True,2026-06-01
KMB-C01408,Routine,False,2026-06-01
KMB-C01409,Frequent,True,2026-06-01
KMB-C01410,Occasional,True,2026-06-01
KMB-C01411,Routine,True,2026-06-01
KMB-C01412,Frequent,False,2026-06-01
KMB-C01413,Occasional,True,2026-06-01
KMB-C01414,Routine,True,2026-06-01
KMB-C01415,Frequent,True,2026-06-01
KMB-C01416,Occasional,False,2026-06-01
KMB-C01417,Routine,True,2026-06-01
KMB-C01418,Frequent,True,2026-06-01
KMB-C01419,Occasional,True,2026-06-01
KMB-C01420,Routine,False,2026-06-01
KMB-C01421,Frequent,True,2026-06-01
KMB-C01422,Occasional,True,2026-06-01
KMB-C01423,Routine,True,2026-06-01
KMB-C01424,Frequent,False,2026-06-01
KMB-C01425,Occasional,True,2026-06-01
KMB-C01426,Routine,True,2026-06-01
KMB-C01427,Frequent,True,2026-06-01
KMB-C01428,Occasional,False,2026-06-01
KMB-C01429,Routine,True,2026-06-01
KMB-C01430,Frequent,True,2026-06-01
KMB-C01431,Occasional,True,2026-06-01
KMB-C01432,Routine,False,2026-06-01
KMB-C01433,Frequent,True,2026-06-01
KMB-C01434,Occasional,True,2026-06-01
KMB-C01435,Routine,True,2026-06-01
KMB-C01436,Frequent,False,2026-06-01
KMB-C01437,Occasional,True,2026-06-01
KMB-C01438,Routine,True,2026-06-01
KMB-C01439,Frequent,True,2026-06-01
KMB-C01440,Occasional,False,2026-06-01
KMB-C01441,Routine,True,2026-06-01
KMB-C01442,Frequent,True,2026-06-01
KMB-C01443,Occasional,True,2026-06-01
KMB-C01444,Routine,False,2026-06-01
KMB-C01445,Frequent,True,2026-06-01
KMB-C01446,Occasional,True,2026-06-01
KMB-C01447,Routine,True,2026-06-01
KMB-C01448,Frequent,False,2026-06-01
KMB-C01449,Occasional,True,2026-06-01
KMB-C01450,Routine,True,2026-06-01
KMB-C01451,Frequent,True,2026-06-01
KMB-C01452,Occasional,False,2026-06-01
KMB-C01453,Routine,True,2026-06-01
KMB-C01454,Frequent,True,2026-06-01
KMB-C01455,Occasional,True,2026-06-01
KMB-C01456,Routine,False,2026-06-01
KMB-C01457,Frequent,True,2026-06-01
KMB-C01458,Occasional,True,2026-06-01
KMB-C01459,Routine,True,2026-06-01
KMB-C01460,Frequent,False,2026-06-01
KMB-C01461,Occasional,True,2026-06-01
KMB-C01462,Routine,True,2026-06-01
KMB-C01463,Frequent,True,2026-06-01
KMB-C01464,Occasional,False,2026-06-01
KMB-C01465,Routine,True,2026-06-01
KMB-C01466,Frequent,True,2026-06-01
KMB-C01467,Occasional,True,2026-06-01
KMB-C01468,Routine,False,2026-06-01
KMB-C01469,Frequent,True,2026-06-01
KMB-C01470,Occasional,True,2026-06-01
KMB-C01471,Routine,True,2026-06-01
KMB-C01472,Frequent,False,2026-06-01
KMB-C01473,Occasional,True,2026-06-01
KMB-C01474,Routine,True,2026-06-01
KMB-C01475,Frequent,True,2026-06-01
KMB-C01476,Occasional,False,2026-06-01
KMB-C01477,Routine,True,2026-06-01
KMB-C01478,Frequent,True,2026-06-01
KMB-C01479,Occasional,True,2026-06-01
KMB-C01480,Routine,False,2026-06-01
KMB-C01481,Frequent,True,2026-06-01
KMB-C01482,Occasional,True,2026-06-01
KMB-C01483,Routine,True,2026-06-01
KMB-C01484,Frequent,False,2026-06-01
KMB-C01485,Occasional,True,2026-06-01
KMB-C01486,Routine,True,2026-06-01
KMB-C01487,Frequent,True,2026-06-01
KMB-C01488,Occasional,False,2026-06-01
KMB-C01489,Routine,True,2026-06-01
KMB-C01490,Frequent,True,2026-06-01
KMB-C01491,Occasional,True,2026-06-01
KMB-C01492,Routine,False,2026-06-01
KMB-C01493,Frequent,True,2026-06-01
KMB-C01494,Occasional,True,2026-06-01
KMB-C01495,Routine,True,2026-06-01
KMB-C01496,Frequent,False,2026-06-01
KMB-C01497,Occasional,True,2026-06-01
KMB-C01498,Routine,True,2026-06-01
KMB-C01499,Frequent,True,2026-06-01
KMB-C01500,Occasional,False,2026-06-01
KMB-C01501,Routine,True,2026-06-01
KMB-C01502,Frequent,True,2026-06-01
KMB-C01503,Occasional,True,2026-06-01
KMB-C01504,Routine,False,2026-06-01
KMB-C01505,Frequent,True,2026-06-01
KMB-C01506,Occasional,True,2026-06-01
KMB-C01507,Routine,True,2026-06-01
KMB-C01508,Frequent,False,2026-06-01
KMB-C01509,Occasional,True,2026-06-01
KMB-C01510,Routine,True,2026-06-01
KMB-C01511,Frequent,True,2026-06-01
KMB-C01512,Occasional,False,2026-06-01
KMB-C01513,Routine,True,2026-06-01
KMB-C01514,Frequent,True,2026-06-01
KMB-C01515,Occasional,True,2026-06-01
KMB-C01516,Routine,False,2026-06-01
KMB-C01517,Frequent,True,2026-06-01
KMB-C01518,Occasional,True,2026-06-01
KMB-C01519,Routine,True,2026-06-01
KMB-C01520,Frequent,False,2026-06-01
KMB-C01521,Occasional,True,2026-06-01
KMB-C01522,Routine,True,2026-06-01
KMB-C01523,Frequent,True,2026-06-01
KMB-C01524,Occasional,False,2026-06-01
KMB-C01525,Routine,True,2026-06-01
KMB-C01526,Frequent,True,2026-06-01
KMB-C01527,Occasional,True,2026-06-01
KMB-C01528,Routine,False,2026-06-01
KMB-C01529,Frequent,True,2026-06-01
KMB-C01530,Occasional,True,2026-06-01
KMB-C01531,Routine,True,2026-06-01
KMB-C01532,Frequent,False,2026-06-01
KMB-C01533,Occasional,True,2026-06-01
KMB-C01534,Routine,True,2026-06-01
KMB-C01535,Frequent,True,2026-06-01
KMB-C01536,Occasional,False,2026-06-01
KMB-C01537,Routine,True,2026-06-01
KMB-C01538,Frequent,True,2026-06-01
KMB-C01539,Occasional,True,2026-06-01
KMB-C01540,Routine,False,2026-06-01
KMB-C01541,Frequent,True,2026-06-01
KMB-C01542,Occasional,True,2026-06-01
KMB-C01543,Routine,True,2026-06-01
KMB-C01544,Frequent,False,2026-06-01
KMB-C01545,Occasional,True,2026-06-01
KMB-C01546,Routine,True,2026-06-01
KMB-C01547,Frequent,True,2026-06-01
KMB-C01548,Occasional,False,2026-06-01
KMB-C01549,Routine,True,2026-06-01
KMB-C01550,Frequent,True,2026-06-01
KMB-C01551,Occasional,True,2026-06-01
KMB-C01552,Routine,False,2026-06-01
KMB-C01553,Frequent,True,2026-06-01
KMB-C01554,Occasional,True,2026-06-01
KMB-C01555,Routine,True,2026-06-01
KMB-C01556,Frequent,False,2026-06-01
KMB-C01557,Occasional,True,2026-06-01
KMB-C01558,Routine,True,2026-06-01
KMB-C01559,Frequent,True,2026-06-01
KMB-C01560,Occasional,False,2026-06-01
KMB-C01561,Routine,True,2026-06-01
KMB-C01562,Frequent,True,2026-06-01
KMB-C01563,Occasional,True,2026-06-01
KMB-C01564,Routine,False,2026-06-01
KMB-C01565,Frequent,True,2026-06-01
KMB-C01566,Occasional,True,2026-06-01
KMB-C01567,Routine,True,2026-06-01
KMB-C01568,Frequent,False,2026-06-01
KMB-C01569,Occasional,True,2026-06-01
KMB-C01570,Routine,True,2026-06-01
KMB-C01571,Frequent,True,2026-06-01
KMB-C01572,Occasional,False,2026-06-01
KMB-C01573,Routine,True,2026-06-01
KMB-C01574,Frequent,True,2026-06-01
KMB-C01575,Occasional,True,2026-06-01
KMB-C01576,Routine,False,2026-06-01
KMB-C01577,Frequent,True,2026-06-01
KMB-C01578,Occasional,True,2026-06-01
KMB-C01579,Routine,True,2026-06-01
KMB-C01580,Frequent,False,2026-06-01
KMB-C01581,Occasional,True,2026-06-01
KMB-C01582,Routine,True,2026-06-01
KMB-C01583,Frequent,True,2026-06-01
KMB-C01584,Occasional,False,2026-06-01
KMB-C01585,Routine,True,2026-06-01
KMB-C01586,Frequent,True,2026-06-01
KMB-C01587,Occasional,True,2026-06-01
KMB-C01588,Routine,False,2026-06-01
KMB-C01589,Frequent,True,2026-06-01
KMB-C01590,Occasional,True,2026-06-01
KMB-C01591,Routine,True,2026-06-01
KMB-C01592,Frequent,False,2026-06-01
KMB-C01593,Occasional,True,2026-06-01
KMB-C01594,Routine,True,2026-06-01
KMB-C01595,Frequent,True,2026-06-01
KMB-C01596,Occasional,False,2026-06-01
KMB-C01597,Routine,True,2026-06-01
KMB-C01598,Frequent,True,2026-06-01
KMB-C01599,Occasional,True,2026-06-01
KMB-C01600,Routine,False,2026-06-01
KMB-C01601,Frequent,True,2026-06-01
KMB-C01602,Occasional,True,2026-06-01
KMB-C01603,Routine,True,2026-06-01
KMB-C01604,Frequent,False,2026-06-01
KMB-C01605,Occasional,True,2026-06-01
KMB-C01606,Routine,True,2026-06-01
KMB-C01607,Frequent,True,2026-06-01
KMB-C01608,Occasional,False,2026-06-01
KMB-C01609,Routine,True,2026-06-01
KMB-C01610,Frequent,True,2026-06-01
KMB-C01611,Occasional,True,2026-06-01
KMB-C01612,Routine,False,2026-06-01
KMB-C01613,Frequent,True,2026-06-01
KMB-C01614,Occasional,True,2026-06-01
KMB-C01615,Routine,True,2026-06-01
KMB-C01616,Frequent,False,2026-06-01
KMB-C01617,Occasional,True,2026-06-01
KMB-C01618,Routine,True,2026-06-01
KMB-C01619,Frequent,True,2026-06-01
KMB-C01620,Occasional,False,2026-06-01
KMB-C01621,Routine,True,2026-06-01
KMB-C01622,Frequent,True,2026-06-01
KMB-C01623,Occasional,True,2026-06-01
KMB-C01624,Routine,False,2026-06-01
KMB-C01625,Frequent,True,2026-06-01
KMB-C01626,Occasional,True,2026-06-01
KMB-C01627,Routine,True,2026-06-01
KMB-C01628,Frequent,False,2026-06-01
KMB-C01629,Occasional,True,2026-06-01
KMB-C01630,Routine,True,2026-06-01
KMB-C01631,Frequent,True,2026-06-01
KMB-C01632,Occasional,False,2026-06-01
KMB-C01633,Routine,True,2026-06-01
KMB-C01634,Frequent,True,2026-06-01
KMB-C01635,Occasional,True,2026-06-01
KMB-C01636,Routine,False,2026-06-01
KMB-C01637,Frequent,True,2026-06-01
KMB-C01638,Occasional,True,2026-06-01
KMB-C01639,Routine,True,2026-06-01
KMB-C01640,Frequent,False,2026-06-01
KMB-C01641,Occasional,True,2026-06-01
KMB-C01642,Routine,True,2026-06-01
KMB-C01643,Frequent,True,2026-06-01
KMB-C01644,Occasional,False,2026-06-01
KMB-C01645,Routine,True,2026-06-01
KMB-C01646,Frequent,True,2026-06-01
KMB-C01647,Occasional,True,2026-06-01
KMB-C01648,Routine,False,2026-06-01
KMB-C01649,Frequent,True,2026-06-01
KMB-C01650,Occasional,True,2026-06-01
KMB-C01651,Routine,True,2026-06-01
KMB-C01652,Frequent,False,2026-06-01
KMB-C01653,Occasional,True,2026-06-01
KMB-C01654,Routine,True,2026-06-01
KMB-C01655,Frequent,True,2026-06-01
KMB-C01656,Occasional,False,2026-06-01
KMB-C01657,Routine,True,2026-06-01
KMB-C01658,Frequent,True,2026-06-01
KMB-C01659,Occasional,True,2026-06-01
KMB-C01660,Routine,False,2026-06-01
KMB-C01661,Frequent,True,2026-06-01
KMB-C01662,Occasional,True,2026-06-01
KMB-C01663,Routine,True,2026-06-01
KMB-C01664,Frequent,False,2026-06-01
KMB-C01665,Occasional,True,2026-06-01
KMB-C01666,Routine,True,2026-06-01
KMB-C01667,Frequent,True,2026-06-01
KMB-C01668,Occasional,False,2026-06-01
KMB-C01669,Routine,True,2026-06-01
KMB-C01670,Frequent,True,2026-06-01
KMB-C01671,Occasional,True,2026-06-01
KMB-C01672,Routine,False,2026-06-01
KMB-C01673,Frequent,True,2026-06-01
KMB-C01674,Occasional,True,2026-06-01
KMB-C01675,Routine,True,2026-06-01
KMB-C01676,Frequent,False,2026-06-01
KMB-C01677,Occasional,True,2026-06-01
KMB-C01678,Routine,True,2026-06-01
KMB-C01679,Frequent,True,2026-06-01
KMB-C01680,Occasional,False,2026-06-01
KMB-C01681,Routine,True,2026-06-01
KMB-C01682,Frequent,True,2026-06-01
KMB-C01683,Occasional,True,2026-06-01
KMB-C01684,Routine,False,2026-06-01
KMB-C01685,Frequent,True,2026-06-01
KMB-C01686,Occasional,True,2026-06-01
KMB-C01687,Routine,True,2026-06-01
KMB-C01688,Frequent,False,2026-06-01
KMB-C01689,Occasional,True,2026-06-01
KMB-C01690,Routine,True,2026-06-01
KMB-C01691,Frequent,True,2026-06-01
KMB-C01692,Occasional,False,2026-06-01
KMB-C01693,Routine,True,2026-06-01
KMB-C01694,Frequent,True,2026-06-01
KMB-C01695,Occasional,True,2026-06-01
KMB-C01696,Routine,False,2026-06-01
KMB-C01697,Frequent,True,2026-06-01
KMB-C01698,Occasional,True,2026-06-01
KMB-C01699,Routine,True,2026-06-01
KMB-C01700,Frequent,False,2026-06-01
KMB-C01701,Occasional,True,2026-06-01
KMB-C01702,Routine,True,2026-06-01
KMB-C01703,Frequent,True,2026-06-01
KMB-C01704,Occasional,False,2026-06-01
KMB-C01705,Routine,True,2026-06-01
KMB-C01706,Frequent,True,2026-06-01
KMB-C01707,Occasional,True,2026-06-01
KMB-C01708,Routine,False,2026-06-01
KMB-C01709,Frequent,True,2026-06-01
KMB-C01710,Occasional,True,2026-06-01
KMB-C01711,Routine,True,2026-06-01
KMB-C01712,Frequent,False,2026-06-01
KMB-C01713,Occasional,True,2026-06-01
KMB-C01714,Routine,True,2026-06-01
KMB-C01715,Frequent,True,2026-06-01
KMB-C01716,Occasional,False,2026-06-01
KMB-C01717,Routine,True,2026-06-01
KMB-C01718,Frequent,True,2026-06-01
KMB-C01719,Occasional,True,2026-06-01
KMB-C01720,Routine,False,2026-06-01
KMB-C01721,Frequent,True,2026-06-01
KMB-C01722,Occasional,True,2026-06-01
KMB-C01723,Routine,True,2026-06-01
KMB-C01724,Frequent,False,2026-06-01
KMB-C01725,Occasional,True,2026-06-01
KMB-C01726,Routine,True,2026-06-01
KMB-C01727,Frequent,True,2026-06-01
KMB-C01728,Occasional,False,2026-06-01
KMB-C01729,Routine,True,2026-06-01
KMB-C01730,Frequent,True,2026-06-01
KMB-C01731,Occasional,True,2026-06-01
KMB-C01732,Routine,False,2026-06-01
KMB-C01733,Frequent,True,2026-06-01
KMB-C01734,Occasional,True,2026-06-01
KMB-C01735,Routine,True,2026-06-01
KMB-C01736,Frequent,False,2026-06-01
KMB-C01737,Occasional,True,2026-06-01
KMB-C01738,Routine,True,2026-06-01
KMB-C01739,Frequent,True,2026-06-01
KMB-C01740,Occasional,False,2026-06-01
KMB-C01741,Routine,True,2026-06-01
KMB-C01742,Frequent,True,2026-06-01
KMB-C01743,Occasional,True,2026-06-01
KMB-C01744,Routine,False,2026-06-01
KMB-C01745,Frequent,True,2026-06-01
KMB-C01746,Occasional,True,2026-06-01
KMB-C01747,Routine,True,2026-06-01
KMB-C01748,Frequent,False,2026-06-01
KMB-C01749,Occasional,True,2026-06-01
KMB-C01750,Routine,True,2026-06-01
KMB-C01751,Frequent,True,2026-06-01
KMB-C01752,Occasional,False,2026-06-01
KMB-C01753,Routine,True,2026-06-01
KMB-C01754,Frequent,True,2026-06-01
KMB-C01755,Occasional,True,2026-06-01
KMB-C01756,Routine,False,2026-06-01
KMB-C01757,Frequent,True,2026-06-01
KMB-C01758,Occasional,True,2026-06-01
KMB-C01759,Routine,True,2026-06-01
KMB-C01760,Frequent,False,2026-06-01
KMB-C01761,Occasional,True,2026-06-01
KMB-C01762,Routine,True,2026-06-01
KMB-C01763,Frequent,True,2026-06-01
KMB-C01764,Occasional,False,2026-06-01
KMB-C01765,Routine,True,2026-06-01
KMB-C01766,Frequent,True,2026-06-01
KMB-C01767,Occasional,True,2026-06-01
KMB-C01768,Routine,False,2026-06-01
KMB-C01769,Frequent,True,2026-06-01
KMB-C01770,Occasional,True,2026-06-01
KMB-C01771,Routine,True,2026-06-01
KMB-C01772,Frequent,False,2026-06-01
KMB-C01773,Occasional,True,2026-06-01
KMB-C01774,Routine,True,2026-06-01
KMB-C01775,Frequent,True,2026-06-01
KMB-C01776,Occasional,False,2026-06-01
KMB-C01777,Routine,True,2026-06-01
KMB-C01778,Frequent,True,2026-06-01
KMB-C01779,Occasional,True,2026-06-01
KMB-C01780,Routine,False,2026-06-01
KMB-C01781,Frequent,True,2026-06-01
KMB-C01782,Occasional,True,2026-06-01
KMB-C01783,Routine,True,2026-06-01
KMB-C01784,Frequent,False,2026-06-01
KMB-C01785,Occasional,True,2026-06-01
KMB-C01786,Routine,True,2026-06-01
KMB-C01787,Frequent,True,2026-06-01
KMB-C01788,Occasional,False,2026-06-01
KMB-C01789,Routine,True,2026-06-01
KMB-C01790,Frequent,True,2026-06-01
KMB-C01791,Occasional,True,2026-06-01
KMB-C01792,Routine,False,2026-06-01
KMB-C01793,Frequent,True,2026-06-01
KMB-C01794,Occasional,True,2026-06-01
KMB-C01795,Routine,True,2026-06-01
KMB-C01796,Frequent,False,2026-06-01
KMB-C01797,Occasional,True,2026-06-01
KMB-C01798,Routine,True,2026-06-01
KMB-C01799,Frequent,True,2026-06-01
KMB-C01800,Occasional,False,2026-06-01
KMB-C01801,Routine,True,2026-06-01
KMB-C01802,Frequent,True,2026-06-01
KMB-C01803,Occasional,True,2026-06-01
KMB-C01804,Routine,False,2026-06-01
KMB-C01805,Frequent,True,2026-06-01
KMB-C01806,Occasional,True,2026-06-01
KMB-C01807,Routine,True,2026-06-01
KMB-C01808,Frequent,False,2026-06-01
KMB-C01809,Occasional,True,2026-06-01
KMB-C01810,Routine,True,2026-06-01
KMB-C01811,Frequent,True,2026-06-01
KMB-C01812,Occasional,False,2026-06-01
KMB-C01813,Routine,True,2026-06-01
KMB-C01814,Frequent,True,2026-06-01
KMB-C01815,Occasional,True,2026-06-01
KMB-C01816,Routine,False,2026-06-01
KMB-C01817,Frequent,True,2026-06-01
KMB-C01818,Occasional,True,2026-06-01
KMB-C01819,Routine,True,2026-06-01
KMB-C01820,Frequent,False,2026-06-01
KMB-C01821,Occasional,True,2026-06-01
KMB-C01822,Routine,True,2026-06-01
KMB-C01823,Frequent,True,2026-06-01
KMB-C01824,Occasional,False,2026-06-01
KMB-C01825,Routine,True,2026-06-01
KMB-C01826,Frequent,True,2026-06-01
KMB-C01827,Occasional,True,2026-06-01
KMB-C01828,Routine,False,2026-06-01
KMB-C01829,Frequent,True,2026-06-01
KMB-C01830,Occasional,True,2026-06-01
KMB-C01831,Routine,True,2026-06-01
KMB-C01832,Frequent,False,2026-06-01
KMB-C01833,Occasional,True,2026-06-01
KMB-C01834,Routine,True,2026-06-01
KMB-C01835,Frequent,True,2026-06-01
KMB-C01836,Occasional,False,2026-06-01
KMB-C01837,Routine,True,2026-06-01
KMB-C01838,Frequent,True,2026-06-01
KMB-C01839,Occasional,True,2026-06-01
KMB-C01840,Routine,False,2026-06-01
KMB-C01841,Frequent,True,2026-06-01
KMB-C01842,Occasional,True,2026-06-01
KMB-C01843,Routine,True,2026-06-01
KMB-C01844,Frequent,False,2026-06-01
KMB-C01845,Occasional,True,2026-06-01
KMB-C01846,Routine,True,2026-06-01
KMB-C01847,Frequent,True,2026-06-01
KMB-C01848,Occasional,False,2026-06-01
KMB-C01849,Routine,True,2026-06-01
KMB-C01850,Frequent,True,2026-06-01
KMB-C01851,Occasional,True,2026-06-01
KMB-C01852,Routine,False,2026-06-01
KMB-C01853,Frequent,True,2026-06-01
KMB-C01854,Occasional,True,2026-06-01
KMB-C01855,Routine,True,2026-06-01
KMB-C01856,Frequent,False,2026-06-01
KMB-C01857,Occasional,True,2026-06-01
KMB-C01858,Routine,True,2026-06-01
KMB-C01859,Frequent,True,2026-06-01
KMB-C01860,Occasional,False,2026-06-01
KMB-C01861,Routine,True,2026-06-01
KMB-C01862,Frequent,True,2026-06-01
KMB-C01863,Occasional,True,2026-06-01
KMB-C01864,Routine,False,2026-06-01
KMB-C01865,Frequent,True,2026-06-01
KMB-C01866,Occasional,True,2026-06-01
KMB-C01867,Routine,True,2026-06-01
KMB-C01868,Frequent,False,2026-06-01
KMB-C01869,Occasional,True,2026-06-01
KMB-C01870,Routine,True,2026-06-01
KMB-C01871,Frequent,True,2026-06-01
KMB-C01872,Occasional,False,2026-06-01
KMB-C01873,Routine,True,2026-06-01
KMB-C01874,Frequent,True,2026-06-01
KMB-C01875,Occasional,True,2026-06-01
KMB-C01876,Routine,False,2026-06-01
KMB-C01877,Frequent,True,2026-06-01
KMB-C01878,Occasional,True,2026-06-01
KMB-C01879,Routine,True,2026-06-01
KMB-C01880,Frequent,False,2026-06-01
KMB-C01881,Occasional,True,2026-06-01
KMB-C01882,Routine,True,2026-06-01
KMB-C01883,Frequent,True,2026-06-01
KMB-C01884,Occasional,False,2026-06-01
KMB-C01885,Routine,True,2026-06-01
KMB-C01886,Frequent,True,2026-06-01
KMB-C01887,Occasional,True,2026-06-01
KMB-C01888,Routine,False,2026-06-01
KMB-C01889,Frequent,True,2026-06-01
KMB-C01890,Occasional,True,2026-06-01
KMB-C01891,Routine,True,2026-06-01
KMB-C01892,Frequent,False,2026-06-01
KMB-C01893,Occasional,True,2026-06-01
KMB-C01894,Routine,True,2026-06-01
KMB-C01895,Frequent,True,2026-06-01
KMB-C01896,Occasional,False,2026-06-01
KMB-C01897,Routine,True,2026-06-01
KMB-C01898,Frequent,True,2026-06-01
KMB-C01899,Occasional,True,2026-06-01
KMB-C01900,Routine,False,2026-06-01
KMB-C01901,Frequent,True,2026-06-01
KMB-C01902,Occasional,True,2026-06-01
KMB-C01903,Routine,True,2026-06-01
KMB-C01904,Frequent,False,2026-06-01
KMB-C01905,Occasional,True,2026-06-01
KMB-C01906,Routine,True,2026-06-01
KMB-C01907,Frequent,True,2026-06-01
KMB-C01908,Occasional,False,2026-06-01
KMB-C01909,Routine,True,2026-06-01
KMB-C01910,Frequent,True,2026-06-01
KMB-C01911,Occasional,True,2026-06-01
KMB-C01912,Routine,False,2026-06-01
KMB-C01913,Frequent,True,2026-06-01
KMB-C01914,Occasional,True,2026-06-01
KMB-C01915,Routine,True,2026-06-01
KMB-C01916,Frequent,False,2026-06-01
KMB-C01917,Occasional,True,2026-06-01
KMB-C01918,Routine,True,2026-06-01
KMB-C01919,Frequent,True,2026-06-01
KMB-C01920,Occasional,False,2026-06-01
KMB-C01921,Routine,True,2026-06-01
KMB-C01922,Frequent,True,2026-06-01
KMB-C01923,Occasional,True,2026-06-01
KMB-C01924,Routine,False,2026-06-01
KMB-C01925,Frequent,True,2026-06-01
KMB-C01926,Occasional,True,2026-06-01
KMB-C01927,Routine,True,2026-06-01
KMB-C01928,Frequent,False,2026-06-01
KMB-C01929,Occasional,True,2026-06-01
KMB-C01930,Routine,True,2026-06-01
KMB-C01931,Frequent,True,2026-06-01
KMB-C01932,Occasional,False,2026-06-01
KMB-C01933,Routine,True,2026-06-01
KMB-C01934,Frequent,True,2026-06-01
KMB-C01935,Occasional,True,2026-06-01
KMB-C01936,Routine,False,2026-06-01
KMB-C01937,Frequent,True,2026-06-01
KMB-C01938,Occasional,True,2026-06-01
KMB-C01939,Routine,True,2026-06-01
KMB-C01940,Frequent,False,2026-06-01
KMB-C01941,Occasional,True,2026-06-01
KMB-C01942,Routine,True,2026-06-01
KMB-C01943,Frequent,True,2026-06-01
KMB-C01944,Occasional,False,2026-06-01
KMB-C01945,Routine,True,2026-06-01
KMB-C01946,Frequent,True,2026-06-01
KMB-C01947,Occasional,True,2026-06-01
KMB-C01948,Routine,False,2026-06-01
KMB-C01949,Frequent,True,2026-06-01
KMB-C01950,Occasional,True,2026-06-01
KMB-C01951,Routine,True,2026-06-01
KMB-C01952,Frequent,False,2026-06-01
KMB-C01953,Occasional,True,2026-06-01
KMB-C01954,Routine,True,2026-06-01
KMB-C01955,Frequent,True,2026-06-01
KMB-C01956,Occasional,False,2026-06-01
KMB-C01957,Routine,True,2026-06-01
KMB-C01958,Frequent,True,2026-06-01
KMB-C01959,Occasional,True,2026-06-01
KMB-C01960,Routine,False,2026-06-01
KMB-C01961,Frequent,True,2026-06-01
KMB-C01962,Occasional,True,2026-06-01
KMB-C01963,Routine,True,2026-06-01
KMB-C01964,Frequent,False,2026-06-01
KMB-C01965,Occasional,True,2026-06-01
KMB-C01966,Routine,True,2026-06-01
KMB-C01967,Frequent,True,2026-06-01
KMB-C01968,Occasional,False,2026-06-01
KMB-C01969,Routine,True,2026-06-01
KMB-C01970,Frequent,True,2026-06-01
KMB-C01971,Occasional,True,2026-06-01
KMB-C01972,Routine,False,2026-06-01
KMB-C01973,Frequent,True,2026-06-01
KMB-C01974,Occasional,True,2026-06-01
KMB-C01975,Routine,True,2026-06-01
KMB-C01976,Frequent,False,2026-06-01
KMB-C01977,Occasional,True,2026-06-01
KMB-C01978,Routine,True,2026-06-01
KMB-C01979,Frequent,True,2026-06-01
KMB-C01980,Occasional,False,2026-06-01
KMB-C01981,Routine,True,2026-06-01
KMB-C01982,Frequent,True,2026-06-01
KMB-C01983,Occasional,True,2026-06-01
KMB-C01984,Routine,False,2026-06-01
KMB-C01985,Frequent,True,2026-06-01
KMB-C01986,Occasional,True,2026-06-01
KMB-C01987,Routine,True,2026-06-01
KMB-C01988,Frequent,False,2026-06-01
KMB-C01989,Occasional,True,2026-06-01
KMB-C01990,Routine,True,2026-06-01
KMB-C01991,Frequent,True,2026-06-01
KMB-C01992,Occasional,False,2026-06-01
KMB-C01993,Routine,True,2026-06-01
KMB-C01994,Frequent,True,2026-06-01
KMB-C01995,Occasional,True,2026-06-01
KMB-C01996,Routine,False,2026-06-01
KMB-C01997,Frequent,True,2026-06-01
KMB-C01998,Occasional,True,2026-06-01
KMB-C01999,Routine,True,2026-06-01
KMB-C02000,Frequent,False,2026-06-01
KMB-C02001,Occasional,True,2026-06-01
KMB-C02002,Routine,True,2026-06-01
KMB-C02003,Frequent,True,2026-06-01
KMB-C02004,Occasional,False,2026-06-01
KMB-C02005,Routine,True,2026-06-01
KMB-C02006,Frequent,True,2026-06-01
KMB-C02007,Occasional,True,2026-06-01
KMB-C02008,Routine,False,2026-06-01
KMB-C02009,Frequent,True,2026-06-01
KMB-C02010,Occasional,True,2026-06-01
KMB-C02011,Routine,True,2026-06-01
KMB-C02012,Frequent,False,2026-06-01
KMB-C02013,Occasional,True,2026-06-01
KMB-C02014,Routine,True,2026-06-01
KMB-C02015,Frequent,True,2026-06-01
KMB-C02016,Occasional,False,2026-06-01
KMB-C02017,Routine,True,2026-06-01
KMB-C02018,Frequent,True,2026-06-01
KMB-C02019,Occasional,True,2026-06-01
KMB-C02020,Routine,False,2026-06-01
KMB-C02021,Frequent,True,2026-06-01
KMB-C02022,Occasional,True,2026-06-01
KMB-C02023,Routine,True,2026-06-01
KMB-C02024,Frequent,False,2026-06-01
KMB-C02025,Occasional,True,2026-06-01
KMB-C02026,Routine,True,2026-06-01
KMB-C02027,Frequent,True,2026-06-01
KMB-C02028,Occasional,False,2026-06-01
KMB-C02029,Routine,True,2026-06-01
KMB-C02030,Frequent,True,2026-06-01
KMB-C02031,Occasional,True,2026-06-01
KMB-C02032,Routine,False,2026-06-01
KMB-C02033,Frequent,True,2026-06-01
KMB-C02034,Occasional,True,2026-06-01
KMB-C02035,Routine,True,2026-06-01
KMB-C02036,Frequent,False,2026-06-01
KMB-C02037,Occasional,True,2026-06-01
KMB-C02038,Routine,True,2026-06-01
KMB-C02039,Frequent,True,2026-06-01
KMB-C02040,Occasional,False,2026-06-01
KMB-C02041,Routine,True,2026-06-01
KMB-C02042,Frequent,True,2026-06-01
KMB-C02043,Occasional,True,2026-06-01
KMB-C02044,Routine,False,2026-06-01
KMB-C02045,Frequent,True,2026-06-01
KMB-C02046,Occasional,True,2026-06-01
KMB-C02047,Routine,True,2026-06-01
KMB-C02048,Frequent,False,2026-06-01
KMB-C02049,Occasional,True,2026-06-01
KMB-C02050,Routine,True,2026-06-01
KMB-C02051,Frequent,True,2026-06-01
KMB-C02052,Occasional,False,2026-06-01
KMB-C02053,Routine,True,2026-06-01
KMB-C02054,Frequent,True,2026-06-01
KMB-C02055,Occasional,True,2026-06-01
KMB-C02056,Routine,False,2026-06-01
KMB-C02057,Frequent,True,2026-06-01
KMB-C02058,Occasional,True,2026-06-01
KMB-C02059,Routine,True,2026-06-01
KMB-C02060,Frequent,False,2026-06-01
KMB-C02061,Occasional,True,2026-06-01
KMB-C02062,Routine,True,2026-06-01
KMB-C02063,Frequent,True,2026-06-01
KMB-C02064,Occasional,False,2026-06-01
KMB-C02065,Routine,True,2026-06-01
KMB-C02066,Frequent,True,2026-06-01
KMB-C02067,Occasional,True,2026-06-01
KMB-C02068,Routine,False,2026-06-01
KMB-C02069,Frequent,True,2026-06-01
KMB-C02070,Occasional,True,2026-06-01
KMB-C02071,Routine,True,2026-06-01
KMB-C02072,Frequent,False,2026-06-01
KMB-C02073,Occasional,True,2026-06-01
KMB-C02074,Routine,True,2026-06-01
KMB-C02075,Frequent,True,2026-06-01
KMB-C02076,Occasional,False,2026-06-01
KMB-C02077,Routine,True,2026-06-01
KMB-C02078,Frequent,True,2026-06-01
KMB-C02079,Occasional,True,2026-06-01
KMB-C02080,Routine,False,2026-06-01
KMB-C02081,Frequent,True,2026-06-01
KMB-C02082,Occasional,True,2026-06-01
KMB-C02083,Routine,True,2026-06-01
KMB-C02084,Frequent,False,2026-06-01
KMB-C02085,Occasional,True,2026-06-01
KMB-C02086,Routine,True,2026-06-01
KMB-C02087,Frequent,True,2026-06-01
KMB-C02088,Occasional,False,2026-06-01
KMB-C02089,Routine,True,2026-06-01
KMB-C02090,Frequent,True,2026-06-01
KMB-C02091,Occasional,True,2026-06-01
KMB-C02092,Routine,False,2026-06-01
KMB-C02093,Frequent,True,2026-06-01
KMB-C02094,Occasional,True,2026-06-01
KMB-C02095,Routine,True,2026-06-01
KMB-C02096,Frequent,False,2026-06-01
KMB-C02097,Occasional,True,2026-06-01
KMB-C02098,Routine,True,2026-06-01
KMB-C02099,Frequent,True,2026-06-01
KMB-C02100,Occasional,False,2026-06-01
KMB-C02101,Routine,True,2026-06-01
KMB-C02102,Frequent,True,2026-06-01
KMB-C02103,Occasional,True,2026-06-01
KMB-C02104,Routine,False,2026-06-01
KMB-C02105,Frequent,True,2026-06-01
KMB-C02106,Occasional,True,2026-06-01
KMB-C02107,Routine,True,2026-06-01
KMB-C02108,Frequent,False,2026-06-01
KMB-C02109,Occasional,True,2026-06-01
KMB-C02110,Routine,True,2026-06-01
KMB-C02111,Frequent,True,2026-06-01
KMB-C02112,Occasional,False,2026-06-01
KMB-C02113,Routine,True,2026-06-01
KMB-C02114,Frequent,True,2026-06-01
KMB-C02115,Occasional,True,2026-06-01
KMB-C02116,Routine,False,2026-06-01
KMB-C02117,Frequent,True,2026-06-01
KMB-C02118,Occasional,True,2026-06-01
KMB-C02119,Routine,True,2026-06-01
KMB-C02120,Frequent,False,2026-06-01
KMB-C02121,Occasional,True,2026-06-01
KMB-C02122,Routine,True,2026-06-01
KMB-C02123,Frequent,True,2026-06-01
KMB-C02124,Occasional,False,2026-06-01
KMB-C02125,Routine,True,2026-06-01
KMB-C02126,Frequent,True,2026-06-01
KMB-C02127,Occasional,True,2026-06-01
KMB-C02128,Routine,False,2026-06-01
KMB-C02129,Frequent,True,2026-06-01
KMB-C02130,Occasional,True,2026-06-01
KMB-C02131,Routine,True,2026-06-01
KMB-C02132,Frequent,False,2026-06-01
KMB-C02133,Occasional,True,2026-06-01
KMB-C02134,Routine,True,2026-06-01
KMB-C02135,Frequent,True,2026-06-01
KMB-C02136,Occasional,False,2026-06-01
KMB-C02137,Routine,True,2026-06-01
KMB-C02138,Frequent,True,2026-06-01
KMB-C02139,Occasional,True,2026-06-01
KMB-C02140,Routine,False,2026-06-01
KMB-C02141,Frequent,True,2026-06-01
KMB-C02142,Occasional,True,2026-06-01
KMB-C02143,Routine,True,2026-06-01
KMB-C02144,Frequent,False,2026-06-01
KMB-C02145,Occasional,True,2026-06-01
KMB-C02146,Routine,True,2026-06-01
KMB-C02147,Frequent,True,2026-06-01
KMB-C02148,Occasional,False,2026-06-01
KMB-C02149,Routine,True,2026-06-01
KMB-C02150,Frequent,True,2026-06-01
KMB-C02151,Occasional,True,2026-06-01
KMB-C02152,Routine,False,2026-06-01
KMB-C02153,Frequent,True,2026-06-01
KMB-C02154,Occasional,True,2026-06-01
KMB-C02155,Routine,True,2026-06-01
KMB-C02156,Frequent,False,2026-06-01
KMB-C02157,Occasional,True,2026-06-01
KMB-C02158,Routine,True,2026-06-01
KMB-C02159,Frequent,True,2026-06-01
KMB-C02160,Occasional,False,2026-06-01
KMB-C02161,Routine,True,2026-06-01
KMB-C02162,Frequent,True,2026-06-01
KMB-C02163,Occasional,True,2026-06-01
KMB-C02164,Routine,False,2026-06-01
KMB-C02165,Frequent,True,2026-06-01
KMB-C02166,Occasional,True,2026-06-01
KMB-C02167,Routine,True,2026-06-01
KMB-C02168,Frequent,False,2026-06-01
KMB-C02169,Occasional,True,2026-06-01
KMB-C02170,Routine,True,2026-06-01
KMB-C02171,Frequent,True,2026-06-01
KMB-C02172,Occasional,False,2026-06-01
KMB-C02173,Routine,True,2026-06-01
KMB-C02174,Frequent,True,2026-06-01
KMB-C02175,Occasional,True,2026-06-01
KMB-C02176,Routine,False,2026-06-01
KMB-C02177,Frequent,True,2026-06-01
KMB-C02178,Occasional,True,2026-06-01
KMB-C02179,Routine,True,2026-06-01
KMB-C02180,Frequent,False,2026-06-01
KMB-C02181,Occasional,True,2026-06-01
KMB-C02182,Routine,True,2026-06-01
KMB-C02183,Frequent,True,2026-06-01
KMB-C02184,Occasional,False,2026-06-01
KMB-C02185,Routine,True,2026-06-01
KMB-C02186,Frequent,True,2026-06-01
KMB-C02187,Occasional,True,2026-06-01
KMB-C02188,Routine,False,2026-06-01
KMB-C02189,Frequent,True,2026-06-01
KMB-C02190,Occasional,True,2026-06-01
KMB-C02191,Routine,True,2026-06-01
KMB-C02192,Frequent,False,2026-06-01
KMB-C02193,Occasional,True,2026-06-01
KMB-C02194,Routine,True,2026-06-01
KMB-C02195,Frequent,True,2026-06-01
KMB-C02196,Occasional,False,2026-06-01
KMB-C02197,Routine,True,2026-06-01
KMB-C02198,Frequent,True,2026-06-01
KMB-C02199,Occasional,True,2026-06-01
KMB-C02200,Routine,False,2026-06-01
KMB-C02201,Frequent,True,2026-06-01
KMB-C02202,Occasional,True,2026-06-01
KMB-C02203,Routine,True,2026-06-01
KMB-C02204,Frequent,False,2026-06-01
KMB-C02205,Occasional,True,2026-06-01
KMB-C02206,Routine,True,2026-06-01
KMB-C02207,Frequent,True,2026-06-01
KMB-C02208,Occasional,False,2026-06-01
KMB-C02209,Routine,True,2026-06-01
KMB-C02210,Frequent,True,2026-06-01
KMB-C02211,Occasional,True,2026-06-01
KMB-C02212,Routine,False,2026-06-01
KMB-C02213,Frequent,True,2026-06-01
KMB-C02214,Occasional,True,2026-06-01
KMB-C02215,Routine,True,2026-06-01
KMB-C02216,Frequent,False,2026-06-01
KMB-C02217,Occasional,True,2026-06-01
KMB-C02218,Routine,True,2026-06-01
KMB-C02219,Frequent,True,2026-06-01
KMB-C02220,Occasional,False,2026-06-01
KMB-C02221,Routine,True,2026-06-01
KMB-C02222,Frequent,True,2026-06-01
KMB-C02223,Occasional,True,2026-06-01
KMB-C02224,Routine,False,2026-06-01
KMB-C02225,Frequent,True,2026-06-01
KMB-C02226,Occasional,True,2026-06-01
KMB-C02227,Routine,True,2026-06-01
KMB-C02228,Frequent,False,2026-06-01
KMB-C02229,Occasional,True,2026-06-01
KMB-C02230,Routine,True,2026-06-01
KMB-C02231,Frequent,True,2026-06-01
KMB-C02232,Occasional,False,2026-06-01
KMB-C02233,Routine,True,2026-06-01
KMB-C02234,Frequent,True,2026-06-01
KMB-C02235,Occasional,True,2026-06-01
KMB-C02236,Routine,False,2026-06-01
KMB-C02237,Frequent,True,2026-06-01
KMB-C02238,Occasional,True,2026-06-01
KMB-C02239,Routine,True,2026-06-01
KMB-C02240,Frequent,False,2026-06-01
KMB-C02241,Occasional,True,2026-06-01
KMB-C02242,Routine,True,2026-06-01
KMB-C02243,Frequent,True,2026-06-01
KMB-C02244,Occasional,False,2026-06-01
KMB-C02245,Routine,True,2026-06-01
KMB-C02246,Frequent,True,2026-06-01
KMB-C02247,Occasional,True,2026-06-01
KMB-C02248,Routine,False,2026-06-01
KMB-C02249,Frequent,True,2026-06-01
KMB-C02250,Occasional,True,2026-06-01
KMB-C02251,Routine,True,2026-06-01
KMB-C02252,Frequent,False,2026-06-01
KMB-C02253,Occasional,True,2026-06-01
KMB-C02254,Routine,True,2026-06-01
KMB-C02255,Frequent,True,2026-06-01
KMB-C02256,Occasional,False,2026-06-01
KMB-C02257,Routine,True,2026-06-01
KMB-C02258,Frequent,True,2026-06-01
KMB-C02259,Occasional,True,2026-06-01
KMB-C02260,Routine,False,2026-06-01
KMB-C02261,Frequent,True,2026-06-01
KMB-C02262,Occasional,True,2026-06-01
KMB-C02263,Routine,True,2026-06-01
KMB-C02264,Frequent,False,2026-06-01
KMB-C02265,Occasional,True,2026-06-01
KMB-C02266,Routine,True,2026-06-01
KMB-C02267,Frequent,True,2026-06-01
KMB-C02268,Occasional,False,2026-06-01
KMB-C02269,Routine,True,2026-06-01
KMB-C02270,Frequent,True,2026-06-01
KMB-C02271,Occasional,True,2026-06-01
KMB-C02272,Routine,False,2026-06-01
KMB-C02273,Frequent,True,2026-06-01
KMB-C02274,Occasional,True,2026-06-01
KMB-C02275,Routine,True,2026-06-01
KMB-C02276,Frequent,False,2026-06-01
KMB-C02277,Occasional,True,2026-06-01
KMB-C02278,Routine,True,2026-06-01
KMB-C02279,Frequent,True,2026-06-01
KMB-C02280,Occasional,False,2026-06-01
KMB-C02281,Routine,True,2026-06-01
KMB-C02282,Frequent,True,2026-06-01
KMB-C02283,Occasional,True,2026-06-01
KMB-C02284,Routine,False,2026-06-01
KMB-C02285,Frequent,True,2026-06-01
KMB-C02286,Occasional,True,2026-06-01
KMB-C02287,Routine,True,2026-06-01
KMB-C02288,Frequent,False,2026-06-01
KMB-C02289,Occasional,True,2026-06-01
KMB-C02290,Routine,True,2026-06-01
KMB-C02291,Frequent,True,2026-06-01
KMB-C02292,Occasional,False,2026-06-01
KMB-C02293,Routine,True,2026-06-01
KMB-C02294,Frequent,True,2026-06-01
KMB-C02295,Occasional,True,2026-06-01
KMB-C02296,Routine,False,2026-06-01
KMB-C02297,Frequent,True,2026-06-01
KMB-C02298,Occasional,True,2026-06-01
KMB-C02299,Routine,True,2026-06-01
KMB-C02300,Frequent,False,2026-06-01
KMB-C02301,Occasional,True,2026-06-01
KMB-C02302,Routine,True,2026-06-01
KMB-C02303,Frequent,True,2026-06-01
KMB-C02304,Occasional,False,2026-06-01
KMB-C02305,Routine,True,2026-06-01
KMB-C02306,Frequent,True,2026-06-01
KMB-C02307,Occasional,True,2026-06-01
KMB-C02308,Routine,False,2026-06-01
KMB-C02309,Frequent,True,2026-06-01
KMB-C02310,Occasional,True,2026-06-01
KMB-C02311,Routine,True,2026-06-01
KMB-C02312,Frequent,False,2026-06-01
KMB-C02313,Occasional,True,2026-06-01
KMB-C02314,Routine,True,2026-06-01
KMB-C02315,Frequent,True,2026-06-01
KMB-C02316,Occasional,False,2026-06-01
KMB-C02317,Routine,True,2026-06-01
KMB-C02318,Frequent,True,2026-06-01
KMB-C02319,Occasional,True,2026-06-01
KMB-C02320,Routine,False,2026-06-01
KMB-C02321,Frequent,True,2026-06-01
KMB-C02322,Occasional,True,2026-06-01
KMB-C02323,Routine,True,2026-06-01
KMB-C02324,Frequent,False,2026-06-01
KMB-C02325,Occasional,True,2026-06-01
KMB-C02326,Routine,True,2026-06-01
KMB-C02327,Frequent,True,2026-06-01
KMB-C02328,Occasional,False,2026-06-01
KMB-C02329,Routine,True,2026-06-01
KMB-C02330,Frequent,True,2026-06-01
KMB-C02331,Occasional,True,2026-06-01
KMB-C02332,Routine,False,2026-06-01
KMB-C02333,Frequent,True,2026-06-01
KMB-C02334,Occasional,True,2026-06-01
KMB-C02335,Routine,True,2026-06-01
KMB-C02336,Frequent,False,2026-06-01
KMB-C02337,Occasional,True,2026-06-01
KMB-C02338,Routine,True,2026-06-01
KMB-C02339,Frequent,True,2026-06-01
KMB-C02340,Occasional,False,2026-06-01
KMB-C02341,Routine,True,2026-06-01
KMB-C02342,Frequent,True,2026-06-01
KMB-C02343,Occasional,True,2026-06-01
KMB-C02344,Routine,False,2026-06-01
KMB-C02345,Frequent,True,2026-06-01
KMB-C02346,Occasional,True,2026-06-01
KMB-C02347,Routine,True,2026-06-01
KMB-C02348,Frequent,False,2026-06-01
KMB-C02349,Occasional,True,2026-06-01
KMB-C02350,Routine,True,2026-06-01
KMB-C02351,Frequent,True,2026-06-01
KMB-C02352,Occasional,False,2026-06-01
KMB-C02353,Routine,True,2026-06-01
KMB-C02354,Frequent,True,2026-06-01
KMB-C02355,Occasional,True,2026-06-01
KMB-C02356,Routine,False,2026-06-01
KMB-C02357,Frequent,True,2026-06-01
KMB-C02358,Occasional,True,2026-06-01
KMB-C02359,Routine,True,2026-06-01
KMB-C02360,Frequent,False,2026-06-01
KMB-C02361,Occasional,True,2026-06-01
KMB-C02362,Routine,True,2026-06-01
KMB-C02363,Frequent,True,2026-06-01
KMB-C02364,Occasional,False,2026-06-01
KMB-C02365,Routine,True,2026-06-01
KMB-C02366,Frequent,True,2026-06-01
KMB-C02367,Occasional,True,2026-06-01
KMB-C02368,Routine,False,2026-06-01
KMB-C02369,Frequent,True,2026-06-01
KMB-C02370,Occasional,True,2026-06-01
KMB-C02371,Routine,True,2026-06-01
KMB-C02372,Frequent,False,2026-06-01
KMB-C02373,Occasional,True,2026-06-01
KMB-C02374,Routine,True,2026-06-01
KMB-C02375,Frequent,True,2026-06-01
KMB-C02376,Occasional,False,2026-06-01
KMB-C02377,Routine,True,2026-06-01
KMB-C02378,Frequent,True,2026-06-01
KMB-C02379,Occasional,True,2026-06-01
KMB-C02380,Routine,False,2026-06-01
KMB-C02381,Frequent,True,2026-06-01
KMB-C02382,Occasional,True,2026-06-01
KMB-C02383,Routine,True,2026-06-01
KMB-C02384,Frequent,False,2026-06-01
KMB-C02385,Occasional,True,2026-06-01
KMB-C02386,Routine,True,2026-06-01
KMB-C02387,Frequent,True,2026-06-01
KMB-C02388,Occasional,False,2026-06-01
KMB-C02389,Routine,True,2026-06-01
KMB-C02390,Frequent,True,2026-06-01
KMB-C02391,Occasional,True,2026-06-01
KMB-C02392,Routine,False,2026-06-01
KMB-C02393,Frequent,True,2026-06-01
KMB-C02394,Occasional,True,2026-06-01
KMB-C02395,Routine,True,2026-06-01
KMB-C02396,Frequent,False,2026-06-01
KMB-C02397,Occasional,True,2026-06-01
KMB-C02398,Routine,True,2026-06-01
KMB-C02399,Frequent,True,2026-06-01
KMB-C02400,Occasional,False,2026-06-01
KMB-C02401,Routine,True,2026-06-01
KMB-C02402,Frequent,True,2026-06-01
KMB-C02403,Occasional,True,2026-06-01
KMB-C02404,Routine,False,2026-06-01
KMB-C02405,Frequent,True,2026-06-01
KMB-C02406,Occasional,True,2026-06-01
KMB-C02407,Routine,True,2026-06-01
KMB-C02408,Frequent,False,2026-06-01
KMB-C02409,Occasional,True,2026-06-01
KMB-C02410,Routine,True,2026-06-01
KMB-C02411,Frequent,True,2026-06-01
KMB-C02412,Occasional,False,2026-06-01
KMB-C02413,Routine,True,2026-06-01
KMB-C02414,Frequent,True,2026-06-01
KMB-C02415,Occasional,True,2026-06-01
KMB-C02416,Routine,False,2026-06-01
KMB-C02417,Frequent,True,2026-06-01
KMB-C02418,Occasional,True,2026-06-01
KMB-C02419,Routine,True,2026-06-01
KMB-C02420,Frequent,False,2026-06-01
KMB-C02421,Occasional,True,2026-06-01
KMB-C02422,Routine,True,2026-06-01
KMB-C02423,Frequent,True,2026-06-01
KMB-C02424,Occasional,False,2026-06-01
KMB-C02425,Routine,True,2026-06-01
KMB-C02426,Frequent,True,2026-06-01
KMB-C02427,Occasional,True,2026-06-01
KMB-C02428,Routine,False,2026-06-01
KMB-C02429,Frequent,True,2026-06-01
KMB-C02430,Occasional,True,2026-06-01
KMB-C02431,Routine,True,2026-06-01
KMB-C02432,Frequent,False,2026-06-01
KMB-C02433,Occasional,True,2026-06-01
KMB-C02434,Routine,True,2026-06-01
KMB-C02435,Frequent,True,2026-06-01
KMB-C02436,Occasional,False,2026-06-01
KMB-C02437,Routine,True,2026-06-01
KMB-C02438,Frequent,True,2026-06-01
KMB-C02439,Occasional,True,2026-06-01
KMB-C02440,Routine,False,2026-06-01
KMB-C02441,Frequent,True,2026-06-01
KMB-C02442,Occasional,True,2026-06-01
KMB-C02443,Routine,True,2026-06-01
KMB-C02444,Frequent,False,2026-06-01
KMB-C02445,Occasional,True,2026-06-01
KMB-C02446,Routine,True,2026-06-01
KMB-C02447,Frequent,True,2026-06-01
KMB-C02448,Occasional,False,2026-06-01
KMB-C02449,Routine,True,2026-06-01
KMB-C02450,Frequent,True,2026-06-01
KMB-C02451,Occasional,True,2026-06-01
KMB-C02452,Routine,False,2026-06-01
KMB-C02453,Frequent,True,2026-06-01
KMB-C02454,Occasional,True,2026-06-01
KMB-C02455,Routine,True,2026-06-01
KMB-C02456,Frequent,False,2026-06-01
KMB-C02457,Occasional,True,2026-06-01
KMB-C02458,Routine,True,2026-06-01
KMB-C02459,Frequent,True,2026-06-01
KMB-C02460,Occasional,False,2026-06-01
KMB-C02461,Routine,True,2026-06-01
KMB-C02462,Frequent,True,2026-06-01
KMB-C02463,Occasional,True,2026-06-01
KMB-C02464,Routine,False,2026-06-01
KMB-C02465,Frequent,True,2026-06-01
KMB-C02466,Occasional,True,2026-06-01
KMB-C02467,Routine,True,2026-06-01
KMB-C02468,Frequent,False,2026-06-01
KMB-C02469,Occasional,True,2026-06-01
KMB-C02470,Routine,True,2026-06-01
KMB-C02471,Frequent,True,2026-06-01
KMB-C02472,Occasional,False,2026-06-01
KMB-C02473,Routine,True,2026-06-01
KMB-C02474,Frequent,True,2026-06-01
KMB-C02475,Occasional,True,2026-06-01
KMB-C02476,Routine,False,2026-06-01
KMB-C02477,Frequent,True,2026-06-01
KMB-C02478,Occasional,True,2026-06-01
KMB-C02479,Routine,True,2026-06-01
KMB-C02480,Frequent,False,2026-06-01
KMB-C02481,Occasional,True,2026-06-01
KMB-C02482,Routine,True,2026-06-01
KMB-C02483,Frequent,True,2026-06-01
KMB-C02484,Occasional,False,2026-06-01
KMB-C02485,Routine,True,2026-06-01
KMB-C02486,Frequent,True,2026-06-01
KMB-C02487,Occasional,True,2026-06-01
KMB-C02488,Routine,False,2026-06-01
KMB-C02489,Frequent,True,2026-06-01
KMB-C02490,Occasional,True,2026-06-01
KMB-C02491,Routine,True,2026-06-01
KMB-C02492,Frequent,False,2026-06-01
KMB-C02493,Occasional,True,2026-06-01
KMB-C02494,Routine,True,2026-06-01
KMB-C02495,Frequent,True,2026-06-01
KMB-C02496,Occasional,False,2026-06-01
KMB-C02497,Routine,True,2026-06-01
KMB-C02498,Frequent,True,2026-06-01
KMB-C02499,Occasional,True,2026-06-01
KMB-C02500,Routine,False,2026-06-01
KMB-C02501,Frequent,True,2026-06-01
KMB-C02502,Occasional,True,2026-06-01
KMB-C02503,Routine,True,2026-06-01
KMB-C02504,Frequent,False,2026-06-01
KMB-C02505,Occasional,True,2026-06-01
KMB-C02506,Routine,True,2026-06-01
KMB-C02507,Frequent,True,2026-06-01
KMB-C02508,Occasional,False,2026-06-01
KMB-C02509,Routine,True,2026-06-01
KMB-C02510,Frequent,True,2026-06-01
KMB-C02511,Occasional,True,2026-06-01
KMB-C02512,Routine,False,2026-06-01
KMB-C02513,Frequent,True,2026-06-01
KMB-C02514,Occasional,True,2026-06-01
KMB-C02515,Routine,True,2026-06-01
KMB-C02516,Frequent,False,2026-06-01
KMB-C02517,Occasional,True,2026-06-01
KMB-C02518,Routine,True,2026-06-01
KMB-C02519,Frequent,True,2026-06-01
KMB-C02520,Occasional,False,2026-06-01
KMB-C02521,Routine,True,2026-06-01
KMB-C02522,Frequent,True,2026-06-01
KMB-C02523,Occasional,True,2026-06-01
KMB-C02524,Routine,False,2026-06-01
KMB-C02525,Frequent,True,2026-06-01
KMB-C02526,Occasional,True,2026-06-01
KMB-C02527,Routine,True,2026-06-01
KMB-C02528,Frequent,False,2026-06-01
KMB-C02529,Occasional,True,2026-06-01
KMB-C02530,Routine,True,2026-06-01
KMB-C02531,Frequent,True,2026-06-01
KMB-C02532,Occasional,False,2026-06-01
KMB-C02533,Routine,True,2026-06-01
KMB-C02534,Frequent,True,2026-06-01
KMB-C02535,Occasional,True,2026-06-01
KMB-C02536,Routine,False,2026-06-01
KMB-C02537,Frequent,True,2026-06-01
KMB-C02538,Occasional,True,2026-06-01
KMB-C02539,Routine,True,2026-06-01
KMB-C02540,Frequent,False,2026-06-01
KMB-C02541,Occasional,True,2026-06-01
KMB-C02542,Routine,True,2026-06-01
KMB-C02543,Frequent,True,2026-06-01
KMB-C02544,Occasional,False,2026-06-01
KMB-C02545,Routine,True,2026-06-01
KMB-C02546,Frequent,True,2026-06-01
KMB-C02547,Occasional,True,2026-06-01
KMB-C02548,Routine,False,2026-06-01
KMB-C02549,Frequent,True,2026-06-01
KMB-C02550,Occasional,True,2026-06-01
KMB-C02551,Routine,True,2026-06-01
KMB-C02552,Frequent,False,2026-06-01
KMB-C02553,Occasional,True,2026-06-01
KMB-C02554,Routine,True,2026-06-01
KMB-C02555,Frequent,True,2026-06-01
KMB-C02556,Occasional,False,2026-06-01
KMB-C02557,Routine,True,2026-06-01
KMB-C02558,Frequent,True,2026-06-01
KMB-C02559,Occasional,True,2026-06-01
KMB-C02560,Routine,False,2026-06-01
KMB-C02561,Frequent,True,2026-06-01
KMB-C02562,Occasional,True,2026-06-01
KMB-C02563,Routine,True,2026-06-01
KMB-C02564,Frequent,False,2026-06-01
KMB-C02565,Occasional,True,2026-06-01
KMB-C02566,Routine,True,2026-06-01
KMB-C02567,Frequent,True,2026-06-01
KMB-C02568,Occasional,False,2026-06-01
KMB-C02569,Routine,True,2026-06-01
KMB-C02570,Frequent,True,2026-06-01
KMB-C02571,Occasional,True,2026-06-01
KMB-C02572,Routine,False,2026-06-01
KMB-C02573,Frequent,True,2026-06-01
KMB-C02574,Occasional,True,2026-06-01
KMB-C02575,Routine,True,2026-06-01
KMB-C02576,Frequent,False,2026-06-01
KMB-C02577,Occasional,True,2026-06-01
KMB-C02578,Routine,True,2026-06-01
KMB-C02579,Frequent,True,2026-06-01
KMB-C02580,Occasional,False,2026-06-01
KMB-C02581,Routine,True,2026-06-01
KMB-C02582,Frequent,True,2026-06-01
KMB-C02583,Occasional,True,2026-06-01
KMB-C02584,Routine,False,2026-06-01
KMB-C02585,Frequent,True,2026-06-01
KMB-C02586,Occasional,True,2026-06-01
KMB-C02587,Routine,True,2026-06-01
KMB-C02588,Frequent,False,2026-06-01
KMB-C02589,Occasional,True,2026-06-01
KMB-C02590,Routine,True,2026-06-01
KMB-C02591,Frequent,True,2026-06-01
KMB-C02592,Occasional,False,2026-06-01
KMB-C02593,Routine,True,2026-06-01
KMB-C02594,Frequent,True,2026-06-01
KMB-C02595,Occasional,True,2026-06-01
KMB-C02596,Routine,False,2026-06-01
KMB-C02597,Frequent,True,2026-06-01
KMB-C02598,Occasional,True,2026-06-01
KMB-C02599,Routine,True,2026-06-01
KMB-C02600,Frequent,False,2026-06-01
KMB-C02601,Occasional,True,2026-06-01
KMB-C02602,Routine,True,2026-06-01
KMB-C02603,Frequent,True,2026-06-01
KMB-C02604,Occasional,False,2026-06-01
KMB-C02605,Routine,True,2026-06-01
KMB-C02606,Frequent,True,2026-06-01
KMB-C02607,Occasional,True,2026-06-01
KMB-C02608,Routine,False,2026-06-01
KMB-C02609,Frequent,True,2026-06-01
KMB-C02610,Occasional,True,2026-06-01
KMB-C02611,Routine,True,2026-06-01
KMB-C02612,Frequent,False,2026-06-01
KMB-C02613,Occasional,True,2026-06-01
KMB-C02614,Routine,True,2026-06-01
KMB-C02615,Frequent,True,2026-06-01
KMB-C02616,Occasional,False,2026-06-01
KMB-C02617,Routine,True,2026-06-01
KMB-C02618,Frequent,True,2026-06-01
KMB-C02619,Occasional,True,2026-06-01
KMB-C02620,Routine,False,2026-06-01
KMB-C02621,Frequent,True,2026-06-01
KMB-C02622,Occasional,True,2026-06-01
KMB-C02623,Routine,True,2026-06-01
KMB-C02624,Frequent,False,2026-06-01
KMB-C02625,Occasional,True,2026-06-01
KMB-C02626,Routine,True,2026-06-01
KMB-C02627,Frequent,True,2026-06-01
KMB-C02628,Occasional,False,2026-06-01
KMB-C02629,Routine,True,2026-06-01
KMB-C02630,Frequent,True,2026-06-01
KMB-C02631,Occasional,True,2026-06-01
KMB-C02632,Routine,False,2026-06-01
KMB-C02633,Frequent,True,2026-06-01
KMB-C02634,Occasional,True,2026-06-01
KMB-C02635,Routine,True,2026-06-01
KMB-C02636,Frequent,False,2026-06-01
KMB-C02637,Occasional,True,2026-06-01
KMB-C02638,Routine,True,2026-06-01
KMB-C02639,Frequent,True,2026-06-01
KMB-C02640,Occasional,False,2026-06-01
KMB-C02641,Routine,True,2026-06-01
KMB-C02642,Frequent,True,2026-06-01
KMB-C02643,Occasional,True,2026-06-01
KMB-C02644,Routine,False,2026-06-01
KMB-C02645,Frequent,True,2026-06-01
KMB-C02646,Occasional,True,2026-06-01
KMB-C02647,Routine,True,2026-06-01
KMB-C02648,Frequent,False,2026-06-01
KMB-C02649,Occasional,True,2026-06-01
KMB-C02650,Routine,True,2026-06-01
KMB-C02651,Frequent,True,2026-06-01
KMB-C02652,Occasional,False,2026-06-01
KMB-C02653,Routine,True,2026-06-01
KMB-C02654,Frequent,True,2026-06-01
KMB-C02655,Occasional,True,2026-06-01
KMB-C02656,Routine,False,2026-06-01
KMB-C02657,Frequent,True,2026-06-01
KMB-C02658,Occasional,True,2026-06-01
KMB-C02659,Routine,True,2026-06-01
KMB-C02660,Frequent,False,2026-06-01
KMB-C02661,Occasional,True,2026-06-01
KMB-C02662,Routine,True,2026-06-01
KMB-C02663,Frequent,True,2026-06-01
KMB-C02664,Occasional,False,2026-06-01
KMB-C02665,Routine,True,2026-06-01
KMB-C02666,Frequent,True,2026-06-01
KMB-C02667,Occasional,True,2026-06-01
KMB-C02668,Routine,False,2026-06-01
KMB-C02669,Frequent,True,2026-06-01
KMB-C02670,Occasional,True,2026-06-01
KMB-C02671,Routine,True,2026-06-01
KMB-C02672,Frequent,False,2026-06-01
KMB-C02673,Occasional,True,2026-06-01
KMB-C02674,Routine,True,2026-06-01
KMB-C02675,Frequent,True,2026-06-01
KMB-C02676,Occasional,False,2026-06-01
KMB-C02677,Routine,True,2026-06-01
KMB-C02678,Frequent,True,2026-06-01
KMB-C02679,Occasional,True,2026-06-01
KMB-C02680,Routine,False,2026-06-01
KMB-C02681,Frequent,True,2026-06-01
KMB-C02682,Occasional,True,2026-06-01
KMB-C02683,Routine,True,2026-06-01
KMB-C02684,Frequent,False,2026-06-01
KMB-C02685,Occasional,True,2026-06-01
KMB-C02686,Routine,True,2026-06-01
KMB-C02687,Frequent,True,2026-06-01
KMB-C02688,Occasional,False,2026-06-01
KMB-C02689,Routine,True,2026-06-01
KMB-C02690,Frequent,True,2026-06-01
KMB-C02691,Occasional,True,2026-06-01
KMB-C02692,Routine,False,2026-06-01
KMB-C02693,Frequent,True,2026-06-01
KMB-C02694,Occasional,True,2026-06-01
KMB-C02695,Routine,True,2026-06-01
KMB-C02696,Frequent,False,2026-06-01
KMB-C02697,Occasional,True,2026-06-01
KMB-C02698,Routine,True,2026-06-01
KMB-C02699,Frequent,True,2026-06-01
KMB-C02700,Occasional,False,2026-06-01
KMB-C02701,Routine,True,2026-06-01
KMB-C02702,Frequent,True,2026-06-01
KMB-C02703,Occasional,True,2026-06-01
KMB-C02704,Routine,False,2026-06-01
KMB-C02705,Frequent,True,2026-06-01
KMB-C02706,Occasional,True,2026-06-01
KMB-C02707,Routine,True,2026-06-01
KMB-C02708,Frequent,False,2026-06-01
KMB-C02709,Occasional,True,2026-06-01
KMB-C02710,Routine,True,2026-06-01
KMB-C02711,Frequent,True,2026-06-01
KMB-C02712,Occasional,False,2026-06-01
KMB-C02713,Routine,True,2026-06-01
KMB-C02714,Frequent,True,2026-06-01
KMB-C02715,Occasional,True,2026-06-01
KMB-C02716,Routine,False,2026-06-01
KMB-C02717,Frequent,True,2026-06-01
KMB-C02718,Occasional,True,2026-06-01
KMB-C02719,Routine,True,2026-06-01
KMB-C02720,Frequent,False,2026-06-01
KMB-C02721,Occasional,True,2026-06-01
KMB-C02722,Routine,True,2026-06-01
KMB-C02723,Frequent,True,2026-06-01
KMB-C02724,Occasional,False,2026-06-01
KMB-C02725,Routine,True,2026-06-01
KMB-C02726,Frequent,True,2026-06-01
KMB-C02727,Occasional,True,2026-06-01
KMB-C02728,Routine,False,2026-06-01
KMB-C02729,Frequent,True,2026-06-01
KMB-C02730,Occasional,True,2026-06-01
KMB-C02731,Routine,True,2026-06-01
KMB-C02732,Frequent,False,2026-06-01
KMB-C02733,Occasional,True,2026-06-01
KMB-C02734,Routine,True,2026-06-01
KMB-C02735,Frequent,True,2026-06-01
KMB-C02736,Occasional,False,2026-06-01
KMB-C02737,Routine,True,2026-06-01
KMB-C02738,Frequent,True,2026-06-01
KMB-C02739,Occasional,True,2026-06-01
KMB-C02740,Routine,False,2026-06-01
KMB-C02741,Frequent,True,2026-06-01
KMB-C02742,Occasional,True,2026-06-01
KMB-C02743,Routine,True,2026-06-01
KMB-C02744,Frequent,False,2026-06-01
KMB-C02745,Occasional,True,2026-06-01
KMB-C02746,Routine,True,2026-06-01
KMB-C02747,Frequent,True,2026-06-01
KMB-C02748,Occasional,False,2026-06-01
KMB-C02749,Routine,True,2026-06-01
KMB-C02750,Frequent,True,2026-06-01
KMB-C02751,Occasional,True,2026-06-01
KMB-C02752,Routine,False,2026-06-01
KMB-C02753,Frequent,True,2026-06-01
KMB-C02754,Occasional,True,2026-06-01
KMB-C02755,Routine,True,2026-06-01
KMB-C02756,Frequent,False,2026-06-01
KMB-C02757,Occasional,True,2026-06-01
KMB-C02758,Routine,True,2026-06-01
KMB-C02759,Frequent,True,2026-06-01
KMB-C02760,Occasional,False,2026-06-01
KMB-C02761,Routine,True,2026-06-01
KMB-C02762,Frequent,True,2026-06-01
KMB-C02763,Occasional,True,2026-06-01
KMB-C02764,Routine,False,2026-06-01
KMB-C02765,Frequent,True,2026-06-01
KMB-C02766,Occasional,True,2026-06-01
KMB-C02767,Routine,True,2026-06-01
KMB-C02768,Frequent,False,2026-06-01
KMB-C02769,Occasional,True,2026-06-01
KMB-C02770,Routine,True,2026-06-01
KMB-C02771,Frequent,True,2026-06-01
KMB-C02772,Occasional,False,2026-06-01
KMB-C02773,Routine,True,2026-06-01
KMB-C02774,Frequent,True,2026-06-01
KMB-C02775,Occasional,True,2026-06-01
KMB-C02776,Routine,False,2026-06-01
KMB-C02777,Frequent,True,2026-06-01
KMB-C02778,Occasional,True,2026-06-01
KMB-C02779,Routine,True,2026-06-01
KMB-C02780,Frequent,False,2026-06-01
KMB-C02781,Occasional,True,2026-06-01
KMB-C02782,Routine,True,2026-06-01
KMB-C02783,Frequent,True,2026-06-01
KMB-C02784,Occasional,False,2026-06-01
KMB-C02785,Routine,True,2026-06-01
KMB-C02786,Frequent,True,2026-06-01
KMB-C02787,Occasional,True,2026-06-01
KMB-C02788,Routine,False,2026-06-01
KMB-C02789,Frequent,True,2026-06-01
KMB-C02790,Occasional,True,2026-06-01
KMB-C02791,Routine,True,2026-06-01
KMB-C02792,Frequent,False,2026-06-01
KMB-C02793,Occasional,True,2026-06-01
KMB-C02794,Routine,True,2026-06-01
KMB-C02795,Frequent,True,2026-06-01
KMB-C02796,Occasional,False,2026-06-01
KMB-C02797,Routine,True,2026-06-01
KMB-C02798,Frequent,True,2026-06-01
KMB-C02799,Occasional,True,2026-06-01
KMB-C02800,Routine,False,2026-06-01
KMB-C02801,Frequent,True,2026-06-01
KMB-C02802,Occasional,True,2026-06-01
KMB-C02803,Routine,True,2026-06-01
KMB-C02804,Frequent,False,2026-06-01
KMB-C02805,Occasional,True,2026-06-01
KMB-C02806,Routine,True,2026-06-01
KMB-C02807,Frequent,True,2026-06-01
KMB-C02808,Occasional,False,2026-06-01
KMB-C02809,Routine,True,2026-06-01
KMB-C02810,Frequent,True,2026-06-01
KMB-C02811,Occasional,True,2026-06-01
KMB-C02812,Routine,False,2026-06-01
KMB-C02813,Frequent,True,2026-06-01
KMB-C02814,Occasional,True,2026-06-01
KMB-C02815,Routine,True,2026-06-01
KMB-C02816,Frequent,False,2026-06-01
KMB-C02817,Occasional,True,2026-06-01
KMB-C02818,Routine,True,2026-06-01
KMB-C02819,Frequent,True,2026-06-01
KMB-C02820,Occasional,False,2026-06-01
KMB-C02821,Routine,True,2026-06-01
KMB-C02822,Frequent,True,2026-06-01
KMB-C02823,Occasional,True,2026-06-01
KMB-C02824,Routine,False,2026-06-01
KMB-C02825,Frequent,True,2026-06-01
KMB-C02826,Occasional,True,2026-06-01
KMB-C02827,Routine,True,2026-06-01
KMB-C02828,Frequent,False,2026-06-01
KMB-C02829,Occasional,True,2026-06-01
KMB-C02830,Routine,True,2026-06-01
KMB-C02831,Frequent,True,2026-06-01
KMB-C02832,Occasional,False,2026-06-01
KMB-C02833,Routine,True,2026-06-01
KMB-C02834,Frequent,True,2026-06-01
KMB-C02835,Occasional,True,2026-06-01
KMB-C02836,Routine,False,2026-06-01
KMB-C02837,Frequent,True,2026-06-01
KMB-C02838,Occasional,True,2026-06-01
KMB-C02839,Routine,True,2026-06-01
KMB-C02840,Frequent,False,2026-06-01
KMB-C02841,Occasional,True,2026-06-01
KMB-C02842,Routine,True,2026-06-01
KMB-C02843,Frequent,True,2026-06-01
KMB-C02844,Occasional,False,2026-06-01
KMB-C02845,Routine,True,2026-06-01
KMB-C02846,Frequent,True,2026-06-01
KMB-C02847,Occasional,True,2026-06-01
KMB-C02848,Routine,False,2026-06-01
KMB-C02849,Frequent,True,2026-06-01
KMB-C02850,Occasional,True,2026-06-01
KMB-C02851,Routine,True,2026-06-01
KMB-C02852,Frequent,False,2026-06-01
KMB-C02853,Occasional,True,2026-06-01
KMB-C02854,Routine,True,2026-06-01
KMB-C02855,Frequent,True,2026-06-01
KMB-C02856,Occasional,False,2026-06-01
KMB-C02857,Routine,True,2026-06-01
KMB-C02858,Frequent,True,2026-06-01
KMB-C02859,Occasional,True,2026-06-01
KMB-C02860,Routine,False,2026-06-01
KMB-C02861,Frequent,True,2026-06-01
KMB-C02862,Occasional,True,2026-06-01
KMB-C02863,Routine,True,2026-06-01
KMB-C02864,Frequent,False,2026-06-01
KMB-C02865,Occasional,True,2026-06-01
KMB-C02866,Routine,True,2026-06-01
KMB-C02867,Frequent,True,2026-06-01
KMB-C02868,Occasional,False,2026-06-01
KMB-C02869,Routine,True,2026-06-01
KMB-C02870,Frequent,True,2026-06-01
KMB-C02871,Occasional,True,2026-06-01
KMB-C02872,Routine,False,2026-06-01
KMB-C02873,Frequent,True,2026-06-01
KMB-C02874,Occasional,True,2026-06-01
KMB-C02875,Routine,True,2026-06-01
KMB-C02876,Frequent,False,2026-06-01
KMB-C02877,Occasional,True,2026-06-01
KMB-C02878,Routine,True,2026-06-01
KMB-C02879,Frequent,True,2026-06-01
KMB-C02880,Occasional,False,2026-06-01
KMB-C02881,Routine,True,2026-06-01
KMB-C02882,Frequent,True,2026-06-01
KMB-C02883,Occasional,True,2026-06-01
KMB-C02884,Routine,False,2026-06-01
KMB-C02885,Frequent,True,2026-06-01
KMB-C02886,Occasional,True,2026-06-01
KMB-C02887,Routine,True,2026-06-01
KMB-C02888,Frequent,False,2026-06-01
KMB-C02889,Occasional,True,2026-06-01
KMB-C02890,Routine,True,2026-06-01
KMB-C02891,Frequent,True,2026-06-01
KMB-C02892,Occasional,False,2026-06-01
KMB-C02893,Routine,True,2026-06-01
KMB-C02894,Frequent,True,2026-06-01
KMB-C02895,Occasional,True,2026-06-01
KMB-C02896,Routine,False,2026-06-01
KMB-C02897,Frequent,True,2026-06-01
KMB-C02898,Occasional,True,2026-06-01
KMB-C02899,Routine,True,2026-06-01
KMB-C02900,Frequent,False,2026-06-01
KMB-C02901,Occasional,True,2026-06-01
KMB-C02902,Routine,True,2026-06-01
KMB-C02903,Frequent,True,2026-06-01
KMB-C02904,Occasional,False,2026-06-01
KMB-C02905,Routine,True,2026-06-01
KMB-C02906,Frequent,True,2026-06-01
KMB-C02907,Occasional,True,2026-06-01
KMB-C02908,Routine,False,2026-06-01
KMB-C02909,Frequent,True,2026-06-01
KMB-C02910,Occasional,True,2026-06-01
KMB-C02911,Routine,True,2026-06-01
KMB-C02912,Frequent,False,2026-06-01
KMB-C02913,Occasional,True,2026-06-01
KMB-C02914,Routine,True,2026-06-01
KMB-C02915,Frequent,True,2026-06-01
KMB-C02916,Occasional,False,2026-06-01
KMB-C02917,Routine,True,2026-06-01
KMB-C02918,Frequent,True,2026-06-01
KMB-C02919,Occasional,True,2026-06-01
KMB-C02920,Routine,False,2026-06-01
KMB-C02921,Frequent,True,2026-06-01
KMB-C02922,Occasional,True,2026-06-01
KMB-C02923,Routine,True,2026-06-01
KMB-C02924,Frequent,False,2026-06-01
KMB-C02925,Occasional,True,2026-06-01
KMB-C02926,Routine,True,2026-06-01
KMB-C02927,Frequent,True,2026-06-01
KMB-C02928,Occasional,False,2026-06-01
KMB-C02929,Routine,True,2026-06-01
KMB-C02930,Frequent,True,2026-06-01
KMB-C02931,Occasional,True,2026-06-01
KMB-C02932,Routine,False,2026-06-01
KMB-C02933,Frequent,True,2026-06-01
KMB-C02934,Occasional,True,2026-06-01
KMB-C02935,Routine,True,2026-06-01
KMB-C02936,Frequent,False,2026-06-01
KMB-C02937,Occasional,True,2026-06-01
KMB-C02938,Routine,True,2026-06-01
KMB-C02939,Frequent,True,2026-06-01
KMB-C02940,Occasional,False,2026-06-01
KMB-C02941,Routine,True,2026-06-01
KMB-C02942,Frequent,True,2026-06-01
KMB-C02943,Occasional,True,2026-06-01
KMB-C02944,Routine,False,2026-06-01
KMB-C02945,Frequent,True,2026-06-01
KMB-C02946,Occasional,True,2026-06-01
KMB-C02947,Routine,True,2026-06-01
KMB-C02948,Frequent,False,2026-06-01
KMB-C02949,Occasional,True,2026-06-01
KMB-C02950,Routine,True,2026-06-01
KMB-C02951,Frequent,True,2026-06-01
KMB-C02952,Occasional,False,2026-06-01
KMB-C02953,Routine,True,2026-06-01
KMB-C02954,Frequent,True,2026-06-01
KMB-C02955,Occasional,True,2026-06-01
KMB-C02956,Routine,False,2026-06-01
KMB-C02957,Frequent,True,2026-06-01
KMB-C02958,Occasional,True,2026-06-01
KMB-C02959,Routine,True,2026-06-01
KMB-C02960,Frequent,False,2026-06-01
KMB-C02961,Occasional,True,2026-06-01
KMB-C02962,Routine,True,2026-06-01
KMB-C02963,Frequent,True,2026-06-01
KMB-C02964,Occasional,False,2026-06-01
KMB-C02965,Routine,True,2026-06-01
KMB-C02966,Frequent,True,2026-06-01
KMB-C02967,Occasional,True,2026-06-01
KMB-C02968,Routine,False,2026-06-01
KMB-C02969,Frequent,True,2026-06-01
KMB-C02970,Occasional,True,2026-06-01
KMB-C02971,Routine,True,2026-06-01
KMB-C02972,Frequent,False,2026-06-01
KMB-C02973,Occasional,True,2026-06-01
KMB-C02974,Routine,True,2026-06-01
KMB-C02975,Frequent,True,2026-06-01
KMB-C02976,Occasional,False,2026-06-01
KMB-C02977,Routine,True,2026-06-01
KMB-C02978,Frequent,True,2026-06-01
KMB-C02979,Occasional,True,2026-06-01
KMB-C02980,Routine,False,2026-06-01
KMB-C02981,Frequent,True,2026-06-01
KMB-C02982,Occasional,True,2026-06-01
KMB-C02983,Routine,True,2026-06-01
KMB-C02984,Frequent,False,2026-06-01
KMB-C02985,Occasional,True,2026-06-01
KMB-C02986,Routine,True,2026-06-01
KMB-C02987,Frequent,True,2026-06-01
KMB-C02988,Occasional,False,2026-06-01
KMB-C02989,Routine,True,2026-06-01
KMB-C02990,Frequent,True,2026-06-01
KMB-C02991,Occasional,True,2026-06-01
KMB-C02992,Routine,False,2026-06-01
KMB-C02993,Frequent,True,2026-06-01
KMB-C02994,Occasional,True,2026-06-01
KMB-C02995,Routine,True,2026-06-01
KMB-C02996,Frequent,False,2026-06-01
KMB-C02997,Occasional,True,2026-06-01
KMB-C02998,Routine,True,2026-06-01
KMB-C02999,Frequent,True,2026-06-01
KMB-C03000,Occasional,False,2026-06-01
KMB-C03001,Routine,True,2026-06-01
KMB-C03002,Frequent,True,2026-06-01
KMB-C03003,Occasional,True,2026-06-01
KMB-C03004,Routine,False,2026-06-01
KMB-C03005,Frequent,True,2026-06-01
KMB-C03006,Occasional,True,2026-06-01
KMB-C03007,Routine,True,2026-06-01
KMB-C03008,Frequent,False,2026-06-01
KMB-C03009,Occasional,True,2026-06-01
KMB-C03010,Routine,True,2026-06-01
KMB-C03011,Frequent,True,2026-06-01
KMB-C03012,Occasional,False,2026-06-01
KMB-C03013,Routine,True,2026-06-01
KMB-C03014,Frequent,True,2026-06-01
KMB-C03015,Occasional,True,2026-06-01
KMB-C03016,Routine,False,2026-06-01
KMB-C03017,Frequent,True,2026-06-01
KMB-C03018,Occasional,True,2026-06-01
KMB-C03019,Routine,True,2026-06-01
KMB-C03020,Frequent,False,2026-06-01
KMB-C03021,Occasional,True,2026-06-01
KMB-C03022,Routine,True,2026-06-01
KMB-C03023,Frequent,True,2026-06-01
KMB-C03024,Occasional,False,2026-06-01
KMB-C03025,Routine,True,2026-06-01
KMB-C03026,Frequent,True,2026-06-01
KMB-C03027,Occasional,True,2026-06-01
KMB-C03028,Routine,False,2026-06-01
KMB-C03029,Frequent,True,2026-06-01
KMB-C03030,Occasional,True,2026-06-01
KMB-C03031,Routine,True,2026-06-01
KMB-C03032,Frequent,False,2026-06-01
KMB-C03033,Occasional,True,2026-06-01
KMB-C03034,Routine,True,2026-06-01
KMB-C03035,Frequent,True,2026-06-01
KMB-C03036,Occasional,False,2026-06-01
KMB-C03037,Routine,True,2026-06-01
KMB-C03038,Frequent,True,2026-06-01
KMB-C03039,Occasional,True,2026-06-01
KMB-C03040,Routine,False,2026-06-01
KMB-C03041,Frequent,True,2026-06-01
KMB-C03042,Occasional,True,2026-06-01
KMB-C03043,Routine,True,2026-06-01
KMB-C03044,Frequent,False,2026-06-01
KMB-C03045,Occasional,True,2026-06-01
KMB-C03046,Routine,True,2026-06-01
KMB-C03047,Frequent,True,2026-06-01
KMB-C03048,Occasional,False,2026-06-01
KMB-C03049,Routine,True,2026-06-01
KMB-C03050,Frequent,True,2026-06-01
KMB-C03051,Occasional,True,2026-06-01
KMB-C03052,Routine,False,2026-06-01
KMB-C03053,Frequent,True,2026-06-01
KMB-C03054,Occasional,True,2026-06-01
KMB-C03055,Routine,True,2026-06-01
KMB-C03056,Frequent,False,2026-06-01
KMB-C03057,Occasional,True,2026-06-01
KMB-C03058,Routine,True,2026-06-01
KMB-C03059,Frequent,True,2026-06-01
KMB-C03060,Occasional,False,2026-06-01
KMB-C03061,Routine,True,2026-06-01
KMB-C03062,Frequent,True,2026-06-01
KMB-C03063,Occasional,True,2026-06-01
KMB-C03064,Routine,False,2026-06-01
KMB-C03065,Frequent,True,2026-06-01
KMB-C03066,Occasional,True,2026-06-01
KMB-C03067,Routine,True,2026-06-01
KMB-C03068,Frequent,False,2026-06-01
KMB-C03069,Occasional,True,2026-06-01
KMB-C03070,Routine,True,2026-06-01
KMB-C03071,Frequent,True,2026-06-01
KMB-C03072,Occasional,False,2026-06-01
KMB-C03073,Routine,True,2026-06-01
KMB-C03074,Frequent,True,2026-06-01
KMB-C03075,Occasional,True,2026-06-01
KMB-C03076,Routine,False,2026-06-01
KMB-C03077,Frequent,True,2026-06-01
KMB-C03078,Occasional,True,2026-06-01
KMB-C03079,Routine,True,2026-06-01
KMB-C03080,Frequent,False,2026-06-01
KMB-C03081,Occasional,True,2026-06-01
KMB-C03082,Routine,True,2026-06-01
KMB-C03083,Frequent,True,2026-06-01
KMB-C03084,Occasional,False,2026-06-01
KMB-C03085,Routine,True,2026-06-01
KMB-C03086,Frequent,True,2026-06-01
KMB-C03087,Occasional,True,2026-06-01
KMB-C03088,Routine,False,2026-06-01
KMB-C03089,Frequent,True,2026-06-01
KMB-C03090,Occasional,True,2026-06-01
KMB-C03091,Routine,True,2026-06-01
KMB-C03092,Frequent,False,2026-06-01
KMB-C03093,Occasional,True,2026-06-01
KMB-C03094,Routine,True,2026-06-01
KMB-C03095,Frequent,True,2026-06-01
KMB-C03096,Occasional,False,2026-06-01
KMB-C03097,Routine,True,2026-06-01
KMB-C03098,Frequent,True,2026-06-01
KMB-C03099,Occasional,True,2026-06-01
KMB-C03100,Routine,False,2026-06-01
KMB-C03101,Frequent,True,2026-06-01
KMB-C03102,Occasional,True,2026-06-01
KMB-C03103,Routine,True,2026-06-01
KMB-C03104,Frequent,False,2026-06-01
KMB-C03105,Occasional,True,2026-06-01
KMB-C03106,Routine,True,2026-06-01
KMB-C03107,Frequent,True,2026-06-01
KMB-C03108,Occasional,False,2026-06-01
KMB-C03109,Routine,True,2026-06-01
KMB-C03110,Frequent,True,2026-06-01
KMB-C03111,Occasional,True,2026-06-01
KMB-C03112,Routine,False,2026-06-01
KMB-C03113,Frequent,True,2026-06-01
KMB-C03114,Occasional,True,2026-06-01
KMB-C03115,Routine,True,2026-06-01
KMB-C03116,Frequent,False,2026-06-01
KMB-C03117,Occasional,True,2026-06-01
KMB-C03118,Routine,True,2026-06-01
KMB-C03119,Frequent,True,2026-06-01
KMB-C03120,Occasional,False,2026-06-01
KMB-C03121,Routine,True,2026-06-01
KMB-C03122,Frequent,True,2026-06-01
KMB-C03123,Occasional,True,2026-06-01
KMB-C03124,Routine,False,2026-06-01
KMB-C03125,Frequent,True,2026-06-01
KMB-C03126,Occasional,True,2026-06-01
KMB-C03127,Routine,True,2026-06-01
KMB-C03128,Frequent,False,2026-06-01
KMB-C03129,Occasional,True,2026-06-01
KMB-C03130,Routine,True,2026-06-01
KMB-C03131,Frequent,True,2026-06-01
KMB-C03132,Occasional,False,2026-06-01
KMB-C03133,Routine,True,2026-06-01
KMB-C03134,Frequent,True,2026-06-01
KMB-C03135,Occasional,True,2026-06-01
KMB-C03136,Routine,False,2026-06-01
KMB-C03137,Frequent,True,2026-06-01
KMB-C03138,Occasional,True,2026-06-01
KMB-C03139,Routine,True,2026-06-01
KMB-C03140,Frequent,False,2026-06-01
KMB-C03141,Occasional,True,2026-06-01
KMB-C03142,Routine,True,2026-06-01
KMB-C03143,Frequent,True,2026-06-01
KMB-C03144,Occasional,False,2026-06-01
KMB-C03145,Routine,True,2026-06-01
KMB-C03146,Frequent,True,2026-06-01
KMB-C03147,Occasional,True,2026-06-01
KMB-C03148,Routine,False,2026-06-01
KMB-C03149,Frequent,True,2026-06-01
KMB-C03150,Occasional,True,2026-06-01
KMB-C03151,Routine,True,2026-06-01
KMB-C03152,Frequent,False,2026-06-01
KMB-C03153,Occasional,True,2026-06-01
KMB-C03154,Routine,True,2026-06-01
KMB-C03155,Frequent,True,2026-06-01
KMB-C03156,Occasional,False,2026-06-01
KMB-C03157,Routine,True,2026-06-01
KMB-C03158,Frequent,True,2026-06-01
KMB-C03159,Occasional,True,2026-06-01
KMB-C03160,Routine,False,2026-06-01
KMB-C03161,Frequent,True,2026-06-01
KMB-C03162,Occasional,True,2026-06-01
KMB-C03163,Routine,True,2026-06-01
KMB-C03164,Frequent,False,2026-06-01
KMB-C03165,Occasional,True,2026-06-01
KMB-C03166,Routine,True,2026-06-01
KMB-C03167,Frequent,True,2026-06-01
KMB-C03168,Occasional,False,2026-06-01
KMB-C03169,Routine,True,2026-06-01
KMB-C03170,Frequent,True,2026-06-01
KMB-C03171,Occasional,True,2026-06-01
KMB-C03172,Routine,False,2026-06-01
KMB-C03173,Frequent,True,2026-06-01
KMB-C03174,Occasional,True,2026-06-01
KMB-C03175,Routine,True,2026-06-01
KMB-C03176,Frequent,False,2026-06-01
KMB-C03177,Occasional,True,2026-06-01
KMB-C03178,Routine,True,2026-06-01
KMB-C03179,Frequent,True,2026-06-01
KMB-C03180,Occasional,False,2026-06-01
KMB-C03181,Routine,True,2026-06-01
KMB-C03182,Frequent,True,2026-06-01
KMB-C03183,Occasional,True,2026-06-01
KMB-C03184,Routine,False,2026-06-01
KMB-C03185,Frequent,True,2026-06-01
KMB-C03186,Occasional,True,2026-06-01
KMB-C03187,Routine,True,2026-06-01
KMB-C03188,Frequent,False,2026-06-01
KMB-C03189,Occasional,True,2026-06-01
KMB-C03190,Routine,True,2026-06-01
KMB-C03191,Frequent,True,2026-06-01
KMB-C03192,Occasional,False,2026-06-01
KMB-C03193,Routine,True,2026-06-01
KMB-C03194,Frequent,True,2026-06-01
KMB-C03195,Occasional,True,2026-06-01
KMB-C03196,Routine,False,2026-06-01
KMB-C03197,Frequent,True,2026-06-01
KMB-C03198,Occasional,True,2026-06-01
KMB-C03199,Routine,True,2026-06-01
KMB-C03200,Frequent,False,2026-06-01
KMB-C03201,Occasional,True,2026-06-01
KMB-C03202,Routine,True,2026-06-01
KMB-C03203,Frequent,True,2026-06-01
KMB-C03204,Occasional,False,2026-06-01
KMB-C03205,Routine,True,2026-06-01
KMB-C03206,Frequent,True,2026-06-01
KMB-C03207,Occasional,True,2026-06-01
KMB-C03208,Routine,False,2026-06-01
KMB-C03209,Frequent,True,2026-06-01
KMB-C03210,Occasional,True,2026-06-01
KMB-C03211,Routine,True,2026-06-01
KMB-C03212,Frequent,False,2026-06-01
KMB-C03213,Occasional,True,2026-06-01
KMB-C03214,Routine,True,2026-06-01
KMB-C03215,Frequent,True,2026-06-01
KMB-C03216,Occasional,False,2026-06-01
KMB-C03217,Routine,True,2026-06-01
KMB-C03218,Frequent,True,2026-06-01
KMB-C03219,Occasional,True,2026-06-01
KMB-C03220,Routine,False,2026-06-01
KMB-C03221,Frequent,True,2026-06-01
KMB-C03222,Occasional,True,2026-06-01
KMB-C03223,Routine,True,2026-06-01
KMB-C03224,Frequent,False,2026-06-01
KMB-C03225,Occasional,True,2026-06-01
KMB-C03226,Routine,True,2026-06-01
KMB-C03227,Frequent,True,2026-06-01
KMB-C03228,Occasional,False,2026-06-01
KMB-C03229,Routine,True,2026-06-01
KMB-C03230,Frequent,True,2026-06-01
KMB-C03231,Occasional,True,2026-06-01
KMB-C03232,Routine,False,2026-06-01
KMB-C03233,Frequent,True,2026-06-01
KMB-C03234,Occasional,True,2026-06-01
KMB-C03235,Routine,True,2026-06-01
KMB-C03236,Frequent,False,2026-06-01
KMB-C03237,Occasional,True,2026-06-01
KMB-C03238,Routine,True,2026-06-01
KMB-C03239,Frequent,True,2026-06-01
KMB-C03240,Occasional,False,2026-06-01
KMB-C03241,Routine,True,2026-06-01
KMB-C03242,Frequent,True,2026-06-01
KMB-C03243,Occasional,True,2026-06-01
KMB-C03244,Routine,False,2026-06-01
KMB-C03245,Frequent,True,2026-06-01
KMB-C03246,Occasional,True,2026-06-01
KMB-C03247,Routine,True,2026-06-01
KMB-C03248,Frequent,False,2026-06-01
KMB-C03249,Occasional,True,2026-06-01
KMB-C03250,Routine,True,2026-06-01
KMB-C03251,Frequent,True,2026-06-01
KMB-C03252,Occasional,False,2026-06-01
KMB-C03253,Routine,True,2026-06-01
KMB-C03254,Frequent,True,2026-06-01
KMB-C03255,Occasional,True,2026-06-01
KMB-C03256,Routine,False,2026-06-01
KMB-C03257,Frequent,True,2026-06-01
KMB-C03258,Occasional,True,2026-06-01
KMB-C03259,Routine,True,2026-06-01
KMB-C03260,Frequent,False,2026-06-01
KMB-C03261,Occasional,True,2026-06-01
KMB-C03262,Routine,True,2026-06-01
KMB-C03263,Frequent,True,2026-06-01
KMB-C03264,Occasional,False,2026-06-01
KMB-C03265,Routine,True,2026-06-01
KMB-C03266,Frequent,True,2026-06-01
KMB-C03267,Occasional,True,2026-06-01
KMB-C03268,Routine,False,2026-06-01
KMB-C03269,Frequent,True,2026-06-01
KMB-C03270,Occasional,True,2026-06-01
KMB-C03271,Routine,True,2026-06-01
KMB-C03272,Frequent,False,2026-06-01
KMB-C03273,Occasional,True,2026-06-01
KMB-C03274,Routine,True,2026-06-01
KMB-C03275,Frequent,True,2026-06-01
KMB-C03276,Occasional,False,2026-06-01
KMB-C03277,Routine,True,2026-06-01
KMB-C03278,Frequent,True,2026-06-01
KMB-C03279,Occasional,True,2026-06-01
KMB-C03280,Routine,False,2026-06-01
KMB-C03281,Frequent,True,2026-06-01
KMB-C03282,Occasional,True,2026-06-01
KMB-C03283,Routine,True,2026-06-01
KMB-C03284,Frequent,False,2026-06-01
KMB-C03285,Occasional,True,2026-06-01
KMB-C03286,Routine,True,2026-06-01
KMB-C03287,Frequent,True,2026-06-01
KMB-C03288,Occasional,False,2026-06-01
KMB-C03289,Routine,True,2026-06-01
KMB-C03290,Frequent,True,2026-06-01
KMB-C03291,Occasional,True,2026-06-01
KMB-C03292,Routine,False,2026-06-01
KMB-C03293,Frequent,True,2026-06-01
KMB-C03294,Occasional,True,2026-06-01
KMB-C03295,Routine,True,2026-06-01
KMB-C03296,Frequent,False,2026-06-01
KMB-C03297,Occasional,True,2026-06-01
KMB-C03298,Routine,True,2026-06-01
KMB-C03299,Frequent,True,2026-06-01
KMB-C03300,Occasional,False,2026-06-01
KMB-C03301,Routine,True,2026-06-01
KMB-C03302,Frequent,True,2026-06-01
KMB-C03303,Occasional,True,2026-06-01
KMB-C03304,Routine,False,2026-06-01
KMB-C03305,Frequent,True,2026-06-01
KMB-C03306,Occasional,True,2026-06-01
KMB-C03307,Routine,True,2026-06-01
KMB-C03308,Frequent,False,2026-06-01
KMB-C03309,Occasional,True,2026-06-01
KMB-C03310,Routine,True,2026-06-01
KMB-C03311,Frequent,True,2026-06-01
KMB-C03312,Occasional,False,2026-06-01
KMB-C03313,Routine,True,2026-06-01
KMB-C03314,Frequent,True,2026-06-01
KMB-C03315,Occasional,True,2026-06-01
KMB-C03316,Routine,False,2026-06-01
KMB-C03317,Frequent,True,2026-06-01
KMB-C03318,Occasional,True,2026-06-01
KMB-C03319,Routine,True,2026-06-01
KMB-C03320,Frequent,False,2026-06-01
KMB-C03321,Occasional,True,2026-06-01
KMB-C03322,Routine,True,2026-06-01
KMB-C03323,Frequent,True,2026-06-01
KMB-C03324,Occasional,False,2026-06-01
KMB-C03325,Routine,True,2026-06-01
KMB-C03326,Frequent,True,2026-06-01
KMB-C03327,Occasional,True,2026-06-01
KMB-C03328,Routine,False,2026-06-01
KMB-C03329,Frequent,True,2026-06-01
KMB-C03330,Occasional,True,2026-06-01
KMB-C03331,Routine,True,2026-06-01
KMB-C03332,Frequent,False,2026-06-01
KMB-C03333,Occasional,True,2026-06-01
KMB-C03334,Routine,True,2026-06-01
KMB-C03335,Frequent,True,2026-06-01
KMB-C03336,Occasional,False,2026-06-01
KMB-C03337,Routine,True,2026-06-01
KMB-C03338,Frequent,True,2026-06-01
KMB-C03339,Occasional,True,2026-06-01
KMB-C03340,Routine,False,2026-06-01
KMB-C03341,Frequent,True,2026-06-01
KMB-C03342,Occasional,True,2026-06-01
KMB-C03343,Routine,True,2026-06-01
KMB-C03344,Frequent,False,2026-06-01
KMB-C03345,Occasional,True,2026-06-01
KMB-C03346,Routine,True,2026-06-01
KMB-C03347,Frequent,True,2026-06-01
KMB-C03348,Occasional,False,2026-06-01
KMB-C03349,Routine,True,2026-06-01
KMB-C03350,Frequent,True,2026-06-01
KMB-C03351,Occasional,True,2026-06-01
KMB-C03352,Routine,False,2026-06-01
KMB-C03353,Frequent,True,2026-06-01
KMB-C03354,Occasional,True,2026-06-01
KMB-C03355,Routine,True,2026-06-01
KMB-C03356,Frequent,False,2026-06-01
KMB-C03357,Occasional,True,2026-06-01
KMB-C03358,Routine,True,2026-06-01
KMB-C03359,Frequent,True,2026-06-01
KMB-C03360,Occasional,False,2026-06-01
KMB-C03361,Routine,True,2026-06-01
KMB-C03362,Frequent,True,2026-06-01
KMB-C03363,Occasional,True,2026-06-01
KMB-C03364,Routine,False,2026-06-01
KMB-C03365,Frequent,True,2026-06-01
KMB-C03366,Occasional,True,2026-06-01
KMB-C03367,Routine,True,2026-06-01
KMB-C03368,Frequent,False,2026-06-01
KMB-C03369,Occasional,True,2026-06-01
KMB-C03370,Routine,True,2026-06-01
KMB-C03371,Frequent,True,2026-06-01
KMB-C03372,Occasional,False,2026-06-01
KMB-C03373,Routine,True,2026-06-01
KMB-C03374,Frequent,True,2026-06-01
KMB-C03375,Occasional,True,2026-06-01
KMB-C03376,Routine,False,2026-06-01
KMB-C03377,Frequent,True,2026-06-01
KMB-C03378,Occasional,True,2026-06-01
KMB-C03379,Routine,True,2026-06-01
KMB-C03380,Frequent,False,2026-06-01
KMB-C03381,Occasional,True,2026-06-01
KMB-C03382,Routine,True,2026-06-01
KMB-C03383,Frequent,True,2026-06-01
KMB-C03384,Occasional,False,2026-06-01
KMB-C03385,Routine,True,2026-06-01
KMB-C03386,Frequent,True,2026-06-01
KMB-C03387,Occasional,True,2026-06-01
KMB-C03388,Routine,False,2026-06-01
KMB-C03389,Frequent,True,2026-06-01
KMB-C03390,Occasional,True,2026-06-01
KMB-C03391,Routine,True,2026-06-01
KMB-C03392,Frequent,False,2026-06-01
KMB-C03393,Occasional,True,2026-06-01
KMB-C03394,Routine,True,2026-06-01
KMB-C03395,Frequent,True,2026-06-01
KMB-C03396,Occasional,False,2026-06-01
KMB-C03397,Routine,True,2026-06-01
KMB-C03398,Frequent,True,2026-06-01
KMB-C03399,Occasional,True,2026-06-01
KMB-C03400,Routine,False,2026-06-01
KMB-C03401,Frequent,True,2026-06-01
KMB-C03402,Occasional,True,2026-06-01
KMB-C03403,Routine,True,2026-06-01
KMB-C03404,Frequent,False,2026-06-01
KMB-C03405,Occasional,True,2026-06-01
KMB-C03406,Routine,True,2026-06-01
KMB-C03407,Frequent,True,2026-06-01
KMB-C03408,Occasional,False,2026-06-01
KMB-C03409,Routine,True,2026-06-01
KMB-C03410,Frequent,True,2026-06-01
KMB-C03411,Occasional,True,2026-06-01
KMB-C03412,Routine,False,2026-06-01
KMB-C03413,Frequent,True,2026-06-01
KMB-C03414,Occasional,True,2026-06-01
KMB-C03415,Routine,True,2026-06-01
KMB-C03416,Frequent,False,2026-06-01
KMB-C03417,Occasional,True,2026-06-01
KMB-C03418,Routine,True,2026-06-01
KMB-C03419,Frequent,True,2026-06-01
KMB-C03420,Occasional,False,2026-06-01
KMB-C03421,Routine,True,2026-06-01
KMB-C03422,Frequent,True,2026-06-01
KMB-C03423,Occasional,True,2026-06-01
KMB-C03424,Routine,False,2026-06-01
KMB-C03425,Frequent,True,2026-06-01
KMB-C03426,Occasional,True,2026-06-01
KMB-C03427,Routine,True,2026-06-01
KMB-C03428,Frequent,False,2026-06-01
KMB-C03429,Occasional,True,2026-06-01
KMB-C03430,Routine,True,2026-06-01
KMB-C03431,Frequent,True,2026-06-01
KMB-C03432,Occasional,False,2026-06-01
KMB-C03433,Routine,True,2026-06-01
KMB-C03434,Frequent,True,2026-06-01
KMB-C03435,Occasional,True,2026-06-01
KMB-C03436,Routine,False,2026-06-01
KMB-C03437,Frequent,True,2026-06-01
KMB-C03438,Occasional,True,2026-06-01
KMB-C03439,Routine,True,2026-06-01
KMB-C03440,Frequent,False,2026-06-01
KMB-C03441,Occasional,True,2026-06-01
KMB-C03442,Routine,True,2026-06-01
KMB-C03443,Frequent,True,2026-06-01
KMB-C03444,Occasional,False,2026-06-01
KMB-C03445,Routine,True,2026-06-01
KMB-C03446,Frequent,True,2026-06-01
KMB-C03447,Occasional,True,2026-06-01
KMB-C03448,Routine,False,2026-06-01
KMB-C03449,Frequent,True,2026-06-01
KMB-C03450,Occasional,True,2026-06-01
KMB-C03451,Routine,True,2026-06-01
KMB-C03452,Frequent,False,2026-06-01
KMB-C03453,Occasional,True,2026-06-01
KMB-C03454,Routine,True,2026-06-01
KMB-C03455,Frequent,True,2026-06-01
KMB-C03456,Occasional,False,2026-06-01
KMB-C03457,Routine,True,2026-06-01
KMB-C03458,Frequent,True,2026-06-01
KMB-C03459,Occasional,True,2026-06-01
KMB-C03460,Routine,False,2026-06-01
KMB-C03461,Frequent,True,2026-06-01
KMB-C03462,Occasional,True,2026-06-01
KMB-C03463,Routine,True,2026-06-01
KMB-C03464,Frequent,False,2026-06-01
KMB-C03465,Occasional,True,2026-06-01
KMB-C03466,Routine,True,2026-06-01
KMB-C03467,Frequent,True,2026-06-01
KMB-C03468,Occasional,False,2026-06-01
KMB-C03469,Routine,True,2026-06-01
KMB-C03470,Frequent,True,2026-06-01
KMB-C03471,Occasional,True,2026-06-01
KMB-C03472,Routine,False,2026-06-01
KMB-C03473,Frequent,True,2026-06-01
KMB-C03474,Occasional,True,2026-06-01
KMB-C03475,Routine,True,2026-06-01
KMB-C03476,Frequent,False,2026-06-01
KMB-C03477,Occasional,True,2026-06-01
KMB-C03478,Routine,True,2026-06-01
KMB-C03479,Frequent,True,2026-06-01
KMB-C03480,Occasional,False,2026-06-01
KMB-C03481,Routine,True,2026-06-01
KMB-C03482,Frequent,True,2026-06-01
KMB-C03483,Occasional,True,2026-06-01
KMB-C03484,Routine,False,2026-06-01
KMB-C03485,Frequent,True,2026-06-01
KMB-C03486,Occasional,True,2026-06-01
KMB-C03487,Routine,True,2026-06-01
KMB-C03488,Frequent,False,2026-06-01
KMB-C03489,Occasional,True,2026-06-01
KMB-C03490,Routine,True,2026-06-01
KMB-C03491,Frequent,True,2026-06-01
KMB-C03492,Occasional,False,2026-06-01
KMB-C03493,Routine,True,2026-06-01
KMB-C03494,Frequent,True,2026-06-01
KMB-C03495,Occasional,True,2026-06-01
KMB-C03496,Routine,False,2026-06-01
KMB-C03497,Frequent,True,2026-06-01
KMB-C03498,Occasional,True,2026-06-01
KMB-C03499,Routine,True,2026-06-01
KMB-C03500,Frequent,False,2026-06-01
KMB-C03501,Occasional,True,2026-06-01
KMB-C03502,Routine,True,2026-06-01
KMB-C03503,Frequent,True,2026-06-01
KMB-C03504,Occasional,False,2026-06-01
KMB-C03505,Routine,True,2026-06-01
KMB-C03506,Frequent,True,2026-06-01
KMB-C03507,Occasional,True,2026-06-01
KMB-C03508,Routine,False,2026-06-01
KMB-C03509,Frequent,True,2026-06-01
KMB-C03510,Occasional,True,2026-06-01
KMB-C03511,Routine,True,2026-06-01
KMB-C03512,Frequent,False,2026-06-01
KMB-C03513,Occasional,True,2026-06-01
KMB-C03514,Routine,True,2026-06-01
KMB-C03515,Frequent,True,2026-06-01
KMB-C03516,Occasional,False,2026-06-01
KMB-C03517,Routine,True,2026-06-01
KMB-C03518,Frequent,True,2026-06-01
KMB-C03519,Occasional,True,2026-06-01
KMB-C03520,Routine,False,2026-06-01
KMB-C03521,Frequent,True,2026-06-01
KMB-C03522,Occasional,True,2026-06-01
KMB-C03523,Routine,True,2026-06-01
KMB-C03524,Frequent,False,2026-06-01
KMB-C03525,Occasional,True,2026-06-01
KMB-C03526,Routine,True,2026-06-01
KMB-C03527,Frequent,True,2026-06-01
KMB-C03528,Occasional,False,2026-06-01
KMB-C03529,Routine,True,2026-06-01
KMB-C03530,Frequent,True,2026-06-01
KMB-C03531,Occasional,True,2026-06-01
KMB-C03532,Routine,False,2026-06-01
KMB-C03533,Frequent,True,2026-06-01
KMB-C03534,Occasional,True,2026-06-01
KMB-C03535,Routine,True,2026-06-01
KMB-C03536,Frequent,False,2026-06-01
KMB-C03537,Occasional,True,2026-06-01
KMB-C03538,Routine,True,2026-06-01
KMB-C03539,Frequent,True,2026-06-01
KMB-C03540,Occasional,False,2026-06-01
KMB-C03541,Routine,True,2026-06-01
KMB-C03542,Frequent,True,2026-06-01
KMB-C03543,Occasional,True,2026-06-01
KMB-C03544,Routine,False,2026-06-01
KMB-C03545,Frequent,True,2026-06-01
KMB-C03546,Occasional,True,2026-06-01
KMB-C03547,Routine,True,2026-06-01
KMB-C03548,Frequent,False,2026-06-01
KMB-C03549,Occasional,True,2026-06-01
KMB-C03550,Routine,True,2026-06-01
KMB-C03551,Frequent,True,2026-06-01
KMB-C03552,Occasional,False,2026-06-01
KMB-C03553,Routine,True,2026-06-01
KMB-C03554,Frequent,True,2026-06-01
KMB-C03555,Occasional,True,2026-06-01
KMB-C03556,Routine,False,2026-06-01
KMB-C03557,Frequent,True,2026-06-01
KMB-C03558,Occasional,True,2026-06-01
KMB-C03559,Routine,True,2026-06-01
KMB-C03560,Frequent,False,2026-06-01
KMB-C03561,Occasional,True,2026-06-01
KMB-C03562,Routine,True,2026-06-01
KMB-C03563,Frequent,True,2026-06-01
KMB-C03564,Occasional,False,2026-06-01
KMB-C03565,Routine,True,2026-06-01
KMB-C03566,Frequent,True,2026-06-01
KMB-C03567,Occasional,True,2026-06-01
KMB-C03568,Routine,False,2026-06-01
KMB-C03569,Frequent,True,2026-06-01
KMB-C03570,Occasional,True,2026-06-01
KMB-C03571,Routine,True,2026-06-01
KMB-C03572,Frequent,False,2026-06-01
KMB-C03573,Occasional,True,2026-06-01
KMB-C03574,Routine,True,2026-06-01
KMB-C03575,Frequent,True,2026-06-01
KMB-C03576,Occasional,False,2026-06-01
KMB-C03577,Routine,True,2026-06-01
KMB-C03578,Frequent,True,2026-06-01
KMB-C03579,Occasional,True,2026-06-01
KMB-C03580,Routine,False,2026-06-01
KMB-C03581,Frequent,True,2026-06-01
KMB-C03582,Occasional,True,2026-06-01
KMB-C03583,Routine,True,2026-06-01
KMB-C03584,Frequent,False,2026-06-01
KMB-C03585,Occasional,True,2026-06-01
KMB-C03586,Routine,True,2026-06-01
KMB-C03587,Frequent,True,2026-06-01
KMB-C03588,Occasional,False,2026-06-01
KMB-C03589,Routine,True,2026-06-01
KMB-C03590,Frequent,True,2026-06-01
KMB-C03591,Occasional,True,2026-06-01
KMB-C03592,Routine,False,2026-06-01
KMB-C03593,Frequent,True,2026-06-01
KMB-C03594,Occasional,True,2026-06-01
KMB-C03595,Routine,True,2026-06-01
KMB-C03596,Frequent,False,2026-06-01
KMB-C03597,Occasional,True,2026-06-01
KMB-C03598,Routine,True,2026-06-01
KMB-C03599,Frequent,True,2026-06-01
KMB-C03600,Occasional,False,2026-06-01
KMB-C03601,Routine,True,2026-06-01
KMB-C03602,Frequent,True,2026-06-01
KMB-C03603,Occasional,True,2026-06-01
KMB-C03604,Routine,False,2026-06-01
KMB-C03605,Frequent,True,2026-06-01
KMB-C03606,Occasional,True,2026-06-01
KMB-C03607,Routine,True,2026-06-01
KMB-C03608,Frequent,False,2026-06-01
KMB-C03609,Occasional,True,2026-06-01
KMB-C03610,Routine,True,2026-06-01
KMB-C03611,Frequent,True,2026-06-01
KMB-C03612,Occasional,False,2026-06-01
KMB-C03613,Routine,True,2026-06-01
KMB-C03614,Frequent,True,2026-06-01
KMB-C03615,Occasional,True,2026-06-01
KMB-C03616,Routine,False,2026-06-01
KMB-C03617,Frequent,True,2026-06-01
KMB-C03618,Occasional,True,2026-06-01
KMB-C03619,Routine,True,2026-06-01
KMB-C03620,Frequent,False,2026-06-01
KMB-C03621,Occasional,True,2026-06-01
KMB-C03622,Routine,True,2026-06-01
KMB-C03623,Frequent,True,2026-06-01
KMB-C03624,Occasional,False,2026-06-01
KMB-C03625,Routine,True,2026-06-01
KMB-C03626,Frequent,True,2026-06-01
KMB-C03627,Occasional,True,2026-06-01
KMB-C03628,Routine,False,2026-06-01
KMB-C03629,Frequent,True,2026-06-01
KMB-C03630,Occasional,True,2026-06-01
KMB-C03631,Routine,True,2026-06-01
KMB-C03632,Frequent,False,2026-06-01
KMB-C03633,Occasional,True,2026-06-01
KMB-C03634,Routine,True,2026-06-01
KMB-C03635,Frequent,True,2026-06-01
KMB-C03636,Occasional,False,2026-06-01
KMB-C03637,Routine,True,2026-06-01
KMB-C03638,Frequent,True,2026-06-01
KMB-C03639,Occasional,True,2026-06-01
KMB-C03640,Routine,False,2026-06-01
KMB-C03641,Frequent,True,2026-06-01
KMB-C03642,Occasional,True,2026-06-01
KMB-C03643,Routine,True,2026-06-01
KMB-C03644,Frequent,False,2026-06-01
KMB-C03645,Occasional,True,2026-06-01
KMB-C03646,Routine,True,2026-06-01
KMB-C03647,Frequent,True,2026-06-01
KMB-C03648,Occasional,False,2026-06-01
KMB-C03649,Routine,True,2026-06-01
KMB-C03650,Frequent,True,2026-06-01
KMB-C03651,Occasional,True,2026-06-01
KMB-C03652,Routine,False,2026-06-01
KMB-C03653,Frequent,True,2026-06-01
KMB-C03654,Occasional,True,2026-06-01
KMB-C03655,Routine,True,2026-06-01
KMB-C03656,Frequent,False,2026-06-01
KMB-C03657,Occasional,True,2026-06-01
KMB-C03658,Routine,True,2026-06-01
KMB-C03659,Frequent,True,2026-06-01
KMB-C03660,Occasional,False,2026-06-01
KMB-C03661,Routine,True,2026-06-01
KMB-C03662,Frequent,True,2026-06-01
KMB-C03663,Occasional,True,2026-06-01
KMB-C03664,Routine,False,2026-06-01
KMB-C03665,Frequent,True,2026-06-01
KMB-C03666,Occasional,True,2026-06-01
KMB-C03667,Routine,True,2026-06-01
KMB-C03668,Frequent,False,2026-06-01
KMB-C03669,Occasional,True,2026-06-01
KMB-C03670,Routine,True,2026-06-01
KMB-C03671,Frequent,True,2026-06-01
KMB-C03672,Occasional,False,2026-06-01
KMB-C03673,Routine,True,2026-06-01
KMB-C03674,Frequent,True,2026-06-01
KMB-C03675,Occasional,True,2026-06-01
KMB-C03676,Routine,False,2026-06-01
KMB-C03677,Frequent,True,2026-06-01
KMB-C03678,Occasional,True,2026-06-01
KMB-C03679,Routine,True,2026-06-01
KMB-C03680,Frequent,False,2026-06-01
KMB-C03681,Occasional,True,2026-06-01
KMB-C03682,Routine,True,2026-06-01
KMB-C03683,Frequent,True,2026-06-01
KMB-C03684,Occasional,False,2026-06-01
KMB-C03685,Routine,True,2026-06-01
KMB-C03686,Frequent,True,2026-06-01
KMB-C03687,Occasional,True,2026-06-01
KMB-C03688,Routine,False,2026-06-01
KMB-C03689,Frequent,True,2026-06-01
KMB-C03690,Occasional,True,2026-06-01
KMB-C03691,Routine,True,2026-06-01
KMB-C03692,Frequent,False,2026-06-01
KMB-C03693,Occasional,True,2026-06-01
KMB-C03694,Routine,True,2026-06-01
KMB-C03695,Frequent,True,2026-06-01
KMB-C03696,Occasional,False,2026-06-01
KMB-C03697,Routine,True,2026-06-01
KMB-C03698,Frequent,True,2026-06-01
KMB-C03699,Occasional,True,2026-06-01
KMB-C03700,Routine,False,2026-06-01
KMB-C03701,Frequent,True,2026-06-01
KMB-C03702,Occasional,True,2026-06-01
KMB-C03703,Routine,True,2026-06-01
KMB-C03704,Frequent,False,2026-06-01
KMB-C03705,Occasional,True,2026-06-01
KMB-C03706,Routine,True,2026-06-01
KMB-C03707,Frequent,True,2026-06-01
KMB-C03708,Occasional,False,2026-06-01
KMB-C03709,Routine,True,2026-06-01
KMB-C03710,Frequent,True,2026-06-01
KMB-C03711,Occasional,True,2026-06-01
KMB-C03712,Routine,False,2026-06-01
KMB-C03713,Frequent,True,2026-06-01
KMB-C03714,Occasional,True,2026-06-01
KMB-C03715,Routine,True,2026-06-01
KMB-C03716,Frequent,False,2026-06-01
KMB-C03717,Occasional,True,2026-06-01
KMB-C03718,Routine,True,2026-06-01
KMB-C03719,Frequent,True,2026-06-01
KMB-C03720,Occasional,False,2026-06-01
KMB-C03721,Routine,True,2026-06-01
KMB-C03722,Frequent,True,2026-06-01
KMB-C03723,Occasional,True,2026-06-01
KMB-C03724,Routine,False,2026-06-01
KMB-C03725,Frequent,True,2026-06-01
KMB-C03726,Occasional,True,2026-06-01
KMB-C03727,Routine,True,2026-06-01
KMB-C03728,Frequent,False,2026-06-01
KMB-C03729,Occasional,True,2026-06-01
KMB-C03730,Routine,True,2026-06-01
KMB-C03731,Frequent,True,2026-06-01
KMB-C03732,Occasional,False,2026-06-01
KMB-C03733,Routine,True,2026-06-01
KMB-C03734,Frequent,True,2026-06-01
KMB-C03735,Occasional,True,2026-06-01
KMB-C03736,Routine,False,2026-06-01
KMB-C03737,Frequent,True,2026-06-01
KMB-C03738,Occasional,True,2026-06-01
KMB-C03739,Routine,True,2026-06-01
KMB-C03740,Frequent,False,2026-06-01
KMB-C03741,Occasional,True,2026-06-01
KMB-C03742,Routine,True,2026-06-01
KMB-C03743,Frequent,True,2026-06-01
KMB-C03744,Occasional,False,2026-06-01
KMB-C03745,Routine,True,2026-06-01
KMB-C03746,Frequent,True,2026-06-01
KMB-C03747,Occasional,True,2026-06-01
KMB-C03748,Routine,False,2026-06-01
KMB-C03749,Frequent,True,2026-06-01
KMB-C03750,Occasional,True,2026-06-01
KMB-C03751,Routine,True,2026-06-01
KMB-C03752,Frequent,False,2026-06-01
KMB-C03753,Occasional,True,2026-06-01
KMB-C03754,Routine,True,2026-06-01
KMB-C03755,Frequent,True,2026-06-01
KMB-C03756,Occasional,False,2026-06-01
KMB-C03757,Routine,True,2026-06-01
KMB-C03758,Frequent,True,2026-06-01
KMB-C03759,Occasional,True,2026-06-01
KMB-C03760,Routine,False,2026-06-01
KMB-C03761,Frequent,True,2026-06-01
KMB-C03762,Occasional,True,2026-06-01
KMB-C03763,Routine,True,2026-06-01
KMB-C03764,Frequent,False,2026-06-01
KMB-C03765,Occasional,True,2026-06-01
KMB-C03766,Routine,True,2026-06-01
KMB-C03767,Frequent,True,2026-06-01
KMB-C03768,Occasional,False,2026-06-01
KMB-C03769,Routine,True,2026-06-01
KMB-C03770,Frequent,True,2026-06-01
KMB-C03771,Occasional,True,2026-06-01
KMB-C03772,Routine,False,2026-06-01
KMB-C03773,Frequent,True,2026-06-01
KMB-C03774,Occasional,True,2026-06-01
KMB-C03775,Routine,True,2026-06-01
KMB-C03776,Frequent,False,2026-06-01
KMB-C03777,Occasional,True,2026-06-01
KMB-C03778,Routine,True,2026-06-01
KMB-C03779,Frequent,True,2026-06-01
KMB-C03780,Occasional,False,2026-06-01
KMB-C03781,Routine,True,2026-06-01
KMB-C03782,Frequent,True,2026-06-01
KMB-C03783,Occasional,True,2026-06-01
KMB-C03784,Routine,False,2026-06-01
KMB-C03785,Frequent,True,2026-06-01
KMB-C03786,Occasional,True,2026-06-01
KMB-C03787,Routine,True,2026-06-01
KMB-C03788,Frequent,False,2026-06-01
KMB-C03789,Occasional,True,2026-06-01
KMB-C03790,Routine,True,2026-06-01
KMB-C03791,Frequent,True,2026-06-01
KMB-C03792,Occasional,False,2026-06-01
KMB-C03793,Routine,True,2026-06-01
KMB-C03794,Frequent,True,2026-06-01
KMB-C03795,Occasional,True,2026-06-01
KMB-C03796,Routine,False,2026-06-01
KMB-C03797,Frequent,True,2026-06-01
KMB-C03798,Occasional,True,2026-06-01
KMB-C03799,Routine,True,2026-06-01
KMB-C03800,Frequent,False,2026-06-01
KMB-C03801,Occasional,True,2026-06-01
KMB-C03802,Routine,True,2026-06-01
KMB-C03803,Frequent,True,2026-06-01
KMB-C03804,Occasional,False,2026-06-01
KMB-C03805,Routine,True,2026-06-01
KMB-C03806,Frequent,True,2026-06-01
KMB-C03807,Occasional,True,2026-06-01
KMB-C03808,Routine,False,2026-06-01
KMB-C03809,Frequent,True,2026-06-01
KMB-C03810,Occasional,True,2026-06-01
KMB-C03811,Routine,True,2026-06-01
KMB-C03812,Frequent,False,2026-06-01
KMB-C03813,Occasional,True,2026-06-01
KMB-C03814,Routine,True,2026-06-01
KMB-C03815,Frequent,True,2026-06-01
KMB-C03816,Occasional,False,2026-06-01
KMB-C03817,Routine,True,2026-06-01
KMB-C03818,Frequent,True,2026-06-01
KMB-C03819,Occasional,True,2026-06-01
KMB-C03820,Routine,False,2026-06-01
KMB-C03821,Frequent,True,2026-06-01
KMB-C03822,Occasional,True,2026-06-01
KMB-C03823,Routine,True,2026-06-01
KMB-C03824,Frequent,False,2026-06-01
KMB-C03825,Occasional,True,2026-06-01
KMB-C03826,Routine,True,2026-06-01
KMB-C03827,Frequent,True,2026-06-01
KMB-C03828,Occasional,False,2026-06-01
KMB-C03829,Routine,True,2026-06-01
KMB-C03830,Frequent,True,2026-06-01
KMB-C03831,Occasional,True,2026-06-01
KMB-C03832,Routine,False,2026-06-01
KMB-C03833,Frequent,True,2026-06-01
KMB-C03834,Occasional,True,2026-06-01
KMB-C03835,Routine,True,2026-06-01
KMB-C03836,Frequent,False,2026-06-01
KMB-C03837,Occasional,True,2026-06-01
KMB-C03838,Routine,True,2026-06-01
KMB-C03839,Frequent,True,2026-06-01
KMB-C03840,Occasional,False,2026-06-01
KMB-C03841,Routine,True,2026-06-01
KMB-C03842,Frequent,True,2026-06-01
KMB-C03843,Occasional,True,2026-06-01
KMB-C03844,Routine,False,2026-06-01
KMB-C03845,Frequent,True,2026-06-01
KMB-C03846,Occasional,True,2026-06-01
KMB-C03847,Routine,True,2026-06-01
KMB-C03848,Frequent,False,2026-06-01
KMB-C03849,Occasional,True,2026-06-01
KMB-C03850,Routine,True,2026-06-01
KMB-C03851,Frequent,True,2026-06-01
KMB-C03852,Occasional,False,2026-06-01
KMB-C03853,Routine,True,2026-06-01
KMB-C03854,Frequent,True,2026-06-01
KMB-C03855,Occasional,True,2026-06-01
KMB-C03856,Routine,False,2026-06-01
KMB-C03857,Frequent,True,2026-06-01
KMB-C03858,Occasional,True,2026-06-01
KMB-C03859,Routine,True,2026-06-01
KMB-C03860,Frequent,False,2026-06-01
KMB-C03861,Occasional,True,2026-06-01
KMB-C03862,Routine,True,2026-06-01
KMB-C03863,Frequent,True,2026-06-01
KMB-C03864,Occasional,False,2026-06-01
KMB-C03865,Routine,True,2026-06-01
KMB-C03866,Frequent,True,2026-06-01
KMB-C03867,Occasional,True,2026-06-01
KMB-C03868,Routine,False,2026-06-01
KMB-C03869,Frequent,True,2026-06-01
KMB-C03870,Occasional,True,2026-06-01
KMB-C03871,Routine,True,2026-06-01
KMB-C03872,Frequent,False,2026-06-01
KMB-C03873,Occasional,True,2026-06-01
KMB-C03874,Routine,True,2026-06-01
KMB-C03875,Frequent,True,2026-06-01
KMB-C03876,Occasional,False,2026-06-01
KMB-C03877,Routine,True,2026-06-01
KMB-C03878,Frequent,True,2026-06-01
KMB-C03879,Occasional,True,2026-06-01
KMB-C03880,Routine,False,2026-06-01
KMB-C03881,Frequent,True,2026-06-01
KMB-C03882,Occasional,True,2026-06-01
KMB-C03883,Routine,True,2026-06-01
KMB-C03884,Frequent,False,2026-06-01
KMB-C03885,Occasional,True,2026-06-01
KMB-C03886,Routine,True,2026-06-01
KMB-C03887,Frequent,True,2026-06-01
KMB-C03888,Occasional,False,2026-06-01
KMB-C03889,Routine,True,2026-06-01
KMB-C03890,Frequent,True,2026-06-01
KMB-C03891,Occasional,True,2026-06-01
KMB-C03892,Routine,False,2026-06-01
KMB-C03893,Frequent,True,2026-06-01
KMB-C03894,Occasional,True,2026-06-01
KMB-C03895,Routine,True,2026-06-01
KMB-C03896,Frequent,False,2026-06-01
KMB-C03897,Occasional,True,2026-06-01
KMB-C03898,Routine,True,2026-06-01
KMB-C03899,Frequent,True,2026-06-01
KMB-C03900,Occasional,False,2026-06-01
KMB-C03901,Routine,True,2026-06-01
KMB-C03902,Frequent,True,2026-06-01
KMB-C03903,Occasional,True,2026-06-01
KMB-C03904,Routine,False,2026-06-01
KMB-C03905,Frequent,True,2026-06-01
KMB-C03906,Occasional,True,2026-06-01
KMB-C03907,Routine,True,2026-06-01
KMB-C03908,Frequent,False,2026-06-01
KMB-C03909,Occasional,True,2026-06-01
KMB-C03910,Routine,True,2026-06-01
KMB-C03911,Frequent,True,2026-06-01
KMB-C03912,Occasional,False,2026-06-01
KMB-C03913,Routine,True,2026-06-01
KMB-C03914,Frequent,True,2026-06-01
KMB-C03915,Occasional,True,2026-06-01
KMB-C03916,Routine,False,2026-06-01
KMB-C03917,Frequent,True,2026-06-01
KMB-C03918,Occasional,True,2026-06-01
KMB-C03919,Routine,True,2026-06-01
KMB-C03920,Frequent,False,2026-06-01
KMB-C03921,Occasional,True,2026-06-01
KMB-C03922,Routine,True,2026-06-01
KMB-C03923,Frequent,True,2026-06-01
KMB-C03924,Occasional,False,2026-06-01
KMB-C03925,Routine,True,2026-06-01
KMB-C03926,Frequent,True,2026-06-01
KMB-C03927,Occasional,True,2026-06-01
KMB-C03928,Routine,False,2026-06-01
KMB-C03929,Frequent,True,2026-06-01
KMB-C03930,Occasional,True,2026-06-01
KMB-C03931,Routine,True,2026-06-01
KMB-C03932,Frequent,False,2026-06-01
KMB-C03933,Occasional,True,2026-06-01
KMB-C03934,Routine,True,2026-06-01
KMB-C03935,Frequent,True,2026-06-01
KMB-C03936,Occasional,False,2026-06-01
KMB-C03937,Routine,True,2026-06-01
KMB-C03938,Frequent,True,2026-06-01
KMB-C03939,Occasional,True,2026-06-01
KMB-C03940,Routine,False,2026-06-01
KMB-C03941,Frequent,True,2026-06-01
KMB-C03942,Occasional,True,2026-06-01
KMB-C03943,Routine,True,2026-06-01
KMB-C03944,Frequent,False,2026-06-01
KMB-C03945,Occasional,True,2026-06-01
KMB-C03946,Routine,True,2026-06-01
KMB-C03947,Frequent,True,2026-06-01
KMB-C03948,Occasional,False,2026-06-01
KMB-C03949,Routine,True,2026-06-01
KMB-C03950,Frequent,True,2026-06-01
KMB-C03951,Occasional,True,2026-06-01
KMB-C03952,Routine,False,2026-06-01
KMB-C03953,Frequent,True,2026-06-01
KMB-C03954,Occasional,True,2026-06-01
KMB-C03955,Routine,True,2026-06-01
KMB-C03956,Frequent,False,2026-06-01
KMB-C03957,Occasional,True,2026-06-01
KMB-C03958,Routine,True,2026-06-01
KMB-C03959,Frequent,True,2026-06-01
KMB-C03960,Occasional,False,2026-06-01
KMB-C03961,Routine,True,2026-06-01
KMB-C03962,Frequent,True,2026-06-01
KMB-C03963,Occasional,True,2026-06-01
KMB-C03964,Routine,False,2026-06-01
KMB-C03965,Frequent,True,2026-06-01
KMB-C03966,Occasional,True,2026-06-01
KMB-C03967,Routine,True,2026-06-01
KMB-C03968,Frequent,False,2026-06-01
KMB-C03969,Occasional,True,2026-06-01
KMB-C03970,Routine,True,2026-06-01
KMB-C03971,Frequent,True,2026-06-01
KMB-C03972,Occasional,False,2026-06-01
KMB-C03973,Routine,True,2026-06-01
KMB-C03974,Frequent,True,2026-06-01
KMB-C03975,Occasional,True,2026-06-01
KMB-C03976,Routine,False,2026-06-01
KMB-C03977,Frequent,True,2026-06-01
KMB-C03978,Occasional,True,2026-06-01
KMB-C03979,Routine,True,2026-06-01
KMB-C03980,Frequent,False,2026-06-01
KMB-C03981,Occasional,True,2026-06-01
KMB-C03982,Routine,True,2026-06-01
KMB-C03983,Frequent,True,2026-06-01
KMB-C03984,Occasional,False,2026-06-01
KMB-C03985,Routine,True,2026-06-01
KMB-C03986,Frequent,True,2026-06-01
KMB-C03987,Occasional,True,2026-06-01
KMB-C03988,Routine,False,2026-06-01
KMB-C03989,Frequent,True,2026-06-01
KMB-C03990,Occasional,True,2026-06-01
KMB-C03991,Routine,True,2026-06-01
KMB-C03992,Frequent,False,2026-06-01
KMB-C03993,Occasional,True,2026-06-01
KMB-C03994,Routine,True,2026-06-01
KMB-C03995,Frequent,True,2026-06-01
KMB-C03996,Occasional,False,2026-06-01
KMB-C03997,Routine,True,2026-06-01
KMB-C03998,Frequent,True,2026-06-01
KMB-C03999,Occasional,True,2026-06-01
KMB-C04000,Routine,False,2026-06-01
KMB-C04001,Frequent,True,2026-06-01
KMB-C04002,Occasional,True,2026-06-01
KMB-C04003,Routine,True,2026-06-01
KMB-C04004,Frequent,False,2026-06-01
KMB-C04005,Occasional,True,2026-06-01
KMB-C04006,Routine,True,2026-06-01
KMB-C04007,Frequent,True,2026-06-01
KMB-C04008,Occasional,False,2026-06-01
KMB-C04009,Routine,True,2026-06-01
KMB-C04010,Frequent,True,2026-06-01
KMB-C04011,Occasional,True,2026-06-01
KMB-C04012,Routine,False,2026-06-01
KMB-C04013,Frequent,True,2026-06-01
KMB-C04014,Occasional,True,2026-06-01
KMB-C04015,Routine,True,2026-06-01
KMB-C04016,Frequent,False,2026-06-01
KMB-C04017,Occasional,True,2026-06-01
KMB-C04018,Routine,True,2026-06-01
KMB-C04019,Frequent,True,2026-06-01
KMB-C04020,Occasional,False,2026-06-01
KMB-C04021,Routine,True,2026-06-01
KMB-C04022,Frequent,True,2026-06-01
KMB-C04023,Occasional,True,2026-06-01
KMB-C04024,Routine,False,2026-06-01
KMB-C04025,Frequent,True,2026-06-01
KMB-C04026,Occasional,True,2026-06-01
KMB-C04027,Routine,True,2026-06-01
KMB-C04028,Frequent,False,2026-06-01
KMB-C04029,Occasional,True,2026-06-01
KMB-C04030,Routine,True,2026-06-01
KMB-C04031,Frequent,True,2026-06-01
KMB-C04032,Occasional,False,2026-06-01
KMB-C04033,Routine,True,2026-06-01
KMB-C04034,Frequent,True,2026-06-01
KMB-C04035,Occasional,True,2026-06-01
KMB-C04036,Routine,False,2026-06-01
KMB-C04037,Frequent,True,2026-06-01
KMB-C04038,Occasional,True,2026-06-01
KMB-C04039,Routine,True,2026-06-01
KMB-C04040,Frequent,False,2026-06-01
KMB-C04041,Occasional,True,2026-06-01
KMB-C04042,Routine,True,2026-06-01
KMB-C04043,Frequent,True,2026-06-01
KMB-C04044,Occasional,False,2026-06-01
KMB-C04045,Routine,True,2026-06-01
KMB-C04046,Frequent,True,2026-06-01
KMB-C04047,Occasional,True,2026-06-01
KMB-C04048,Routine,False,2026-06-01
KMB-C04049,Frequent,True,2026-06-01
KMB-C04050,Occasional,True,2026-06-01
KMB-C04051,Routine,True,2026-06-01
KMB-C04052,Frequent,False,2026-06-01
KMB-C04053,Occasional,True,2026-06-01
KMB-C04054,Routine,True,2026-06-01
KMB-C04055,Frequent,True,2026-06-01
KMB-C04056,Occasional,False,2026-06-01
KMB-C04057,Routine,True,2026-06-01
KMB-C04058,Frequent,True,2026-06-01
KMB-C04059,Occasional,True,2026-06-01
KMB-C04060,Routine,False,2026-06-01
KMB-C04061,Frequent,True,2026-06-01
KMB-C04062,Occasional,True,2026-06-01
KMB-C04063,Routine,True,2026-06-01
KMB-C04064,Frequent,False,2026-06-01
KMB-C04065,Occasional,True,2026-06-01
KMB-C04066,Routine,True,2026-06-01
KMB-C04067,Frequent,True,2026-06-01
KMB-C04068,Occasional,False,2026-06-01
KMB-C04069,Routine,True,2026-06-01
KMB-C04070,Frequent,True,2026-06-01
KMB-C04071,Occasional,True,2026-06-01
KMB-C04072,Routine,False,2026-06-01
KMB-C04073,Frequent,True,2026-06-01
KMB-C04074,Occasional,True,2026-06-01
KMB-C04075,Routine,True,2026-06-01
KMB-C04076,Frequent,False,2026-06-01
KMB-C04077,Occasional,True,2026-06-01
KMB-C04078,Routine,True,2026-06-01
KMB-C04079,Frequent,True,2026-06-01
KMB-C04080,Occasional,False,2026-06-01
KMB-C04081,Routine,True,2026-06-01
KMB-C04082,Frequent,True,2026-06-01
KMB-C04083,Occasional,True,2026-06-01
KMB-C04084,Routine,False,2026-06-01
KMB-C04085,Frequent,True,2026-06-01
KMB-C04086,Occasional,True,2026-06-01
KMB-C04087,Routine,True,2026-06-01
KMB-C04088,Frequent,False,2026-06-01
KMB-C04089,Occasional,True,2026-06-01
KMB-C04090,Routine,True,2026-06-01
KMB-C04091,Frequent,True,2026-06-01
KMB-C04092,Occasional,False,2026-06-01
KMB-C04093,Routine,True,2026-06-01
KMB-C04094,Frequent,True,2026-06-01
KMB-C04095,Occasional,True,2026-06-01
KMB-C04096,Routine,False,2026-06-01
KMB-C04097,Frequent,True,2026-06-01
KMB-C04098,Occasional,True,2026-06-01
KMB-C04099,Routine,True,2026-06-01
