customer_id,name,phone,email,district,dob,gender,updated_at,verified_at,provenance
KMB-C00000,Fictional Member 00000,+256700050000,member.kmb0@example.invalid,Kampala,1970-05-15,male,2025-10-01,2026-06-28,SIMULATED customer confirmation
KMB-C00014,Fictional Member 00014,+256700050014,member.kmb14@example.invalid,Mbarara,1984-05-15,not_stated,2026-06-01,2026-06-28,SIMULATED customer confirmation
KMB-C00016,Fictional Member 00016,+256700050016,member.kmb16@example.invalid,Kampala,1986-05-15,female,2026-06-01,2026-06-28,SIMULATED customer confirmation
KMB-C00021,Fictional Member 00021,+256700050021,member.kmb21@example.invalid,Jinja,1991-05-15,male,2026-06-01,2026-06-28,SIMULATED customer confirmation
KMB-C00025,Fictional Member 00025,+256700050025,member.kmb25@example.invalid,Jinja,1995-05-15,female,2025-10-01,2026-06-28,SIMULATED customer confirmation
KMB-C00028,Fictional Member 00028,+256700050028,member.kmb28@example.invalid,Kampala,1998-05-15,female,2026-06-01,2026-06-28,SIMULATED customer confirmation
KMB-C00029,Fictional Member 00029,+256700050029,member.kmb29@example.invalid,Jinja,1999-05-15,not_stated,2026-06-01,2026-06-28,SIMULATED customer confirmation
KMB-C00032,Fictional Member 00032,+256700050032,member.kmb32@example.invalid,Kampala,2002-05-15,not_stated,2026-06-01,2026-06-28,SIMULATED customer confirmation
KMB-C00042,Fictional Member 00042,+256700050042,member.kmb42@example.invalid,Mbarara,1977-05-15,male,2026-06-01,2026-06-28,SIMULATED customer confirmation
KMB-C00048,Fictional Member 00048,+256700050048,member.kmb48@example.invalid,Kampala,1983-05-15,male,2026-06-01,2026-06-28,SIMULATED customer confirmation
KMB-C00050,Fictional Member 00050,+256700050050,member.kmb50@example.invalid,Mbarara,1985-05-15,not_stated,2025-10-01,2026-06-28,SIMULATED customer confirmation
KMB-C00056,Fictional Member 00056,+256700050056,member.kmb56@example.invalid,Kampala,1991-05-15,not_stated,2026-06-01,2026-06-28,SIMULATED customer confirmation
KMB-C00058,Fictional Member 00058,+256700050058,member.kmb58@example.invalid,Mbarara,1993-05-15,female,2026-06-01,2026-06-28,SIMULATED customer confirmation
KMB-C00063,Fictional Member 00063,+256700050063,member.kmb63@example.invalid,Gulu,1998-05-15,male,2026-06-01,2026-06-28,SIMULATED customer confirmation
KMB-C00064,Fictional Member 00064,+256700050064,member.kmb64@example.invalid,Kampala,1999-05-15,female,2026-06-01,2026-06-28,SIMULATED customer confirmation
KMB-C00070,Fictional Member 00070,+256700050070,member.kmb70@example.invalid,Mbarara,1970-05-15,female,2025-10-01,2026-06-28,SIMULATED customer confirmation
KMB-C00075,Fictional Member 00075,+256700050075,member.kmb75@example.invalid,Gulu,1975-05-15,male,2025-10-01,2026-06-28,SIMULATED customer confirmation
KMB-C00080,Fictional Member 00080,+256700050080,member.kmb80@example.invalid,Kampala,1980-05-15,not_stated,2025-10-01,2026-06-28,SIMULATED customer confirmation
KMB-C00084,Fictional Member 00084,+256700050084,member.kmb84@example.invalid,Kampala,1984-05-15,male,2026-06-01,2026-06-28,SIMULATED customer confirmation
KMB-C00087,Fictional Member 00087,+256700050087,member.kmb87@example.invalid,Gulu,1987-05-15,male,2026-06-01,2026-06-28,SIMULATED customer confirmation
KMB-C00096,Fictional Member 00096,+256700050096,member.kmb96@example.invalid,Kampala,1996-05-15,male,2026-06-01,2026-06-28,SIMULATED customer confirmation
KMB-C00098,Fictional Member 00098,+256700050098,member.kmb98@example.invalid,Mbarara,1998-05-15,not_stated,2026-06-01,2026-06-28,SIMULATED customer confirmation
KMB-C00100,Fictional Member 00100,+256700050100,member.kmb100@example.invalid,Kampala,2000-05-15,female,2025-10-01,2026-06-28,SIMULATED customer confirmation
KMB-C00105,Fictional Member 00105,+256700050105,member.kmb105@example.invalid,Jinja,1970-05-15,male,2025-10-01,2026-06-28,SIMULATED customer confirmation
KMB-C00112,Fictional Member 00112,+256700050112,member.kmb112@example.invalid,Kampala,1977-05-15,female,2026-06-01,2026-06-28,SIMULATED customer confirmation
KMB-C00116,Fictional Member 00116,+256700050116,member.kmb116@example.invalid,Kampala,1981-05-15,not_stated,2026-06-01,2026-06-28,SIMULATED customer confirmation
KMB-C00125,Fictional Member 00125,+256700050125,member.kmb125@example.invalid,Jinja,1990-05-15,not_stated,2025-10-01,2026-06-28,SIMULATED customer confirmation
KMB-C00126,Fictional Member 00126,+256700050126,member.kmb126@example.invalid,Mbarara,1991-05-15,male,2026-06-01,2026-06-28,SIMULATED customer confirmation
KMB-C00128,Fictional Member 00128,+256700050128,member.kmb128@example.invalid,Kampala,1993-05-15,not_stated,2026-06-01,2026-06-28,SIMULATED customer confirmation
KMB-C00140,Fictional Member 00140,+256700050140,member.kmb140@example.invalid,Kampala,1970-05-15,not_stated,2025-10-01,2026-06-28,SIMULATED customer confirmation
KMB-C00144,Fictional Member 00144,+256700050144,member.kmb144@example.invalid,Kampala,1974-05-15,male,2026-06-01,2026-06-28,SIMULATED customer confirmation
KMB-C00145,Fictional Member 00145,+256700050145,member.kmb145@example.invalid,Jinja,1975-05-15,female,2025-10-01,2026-06-28,SIMULATED customer confirmation
KMB-C00147,Fictional Member 00147,+256700050147,member.kmb147@example.invalid,Gulu,1977-05-15,male,2026-06-01,2026-06-28,SIMULATED customer confirmation
KMB-C00150,Fictional Member 00150,+256700050150,member.kmb150@example.invalid,Mbarara,1980-05-15,male,2025-10-01,2026-06-28,SIMULATED customer confirmation
KMB-C00154,Fictional Member 00154,+256700050154,member.kmb154@example.invalid,Mbarara,1984-05-15,female,2026-06-01,2026-06-28,SIMULATED customer confirmation
KMB-C00160,Fictional Member 00160,+256700050160,member.kmb160@example.invalid,Kampala,1990-05-15,female,2025-10-01,2026-06-28,SIMULATED customer confirmation
KMB-C00168,Fictional Member 00168,+256700050168,member.kmb168@example.invalid,Kampala,1998-05-15,male,2026-06-01,2026-06-28,SIMULATED customer confirmation
KMB-C00174,Fictional Member 00174,+256700050174,member.kmb174@example.invalid,Mbarara,2004-05-15,male,2026-06-01,2026-06-28,SIMULATED customer confirmation
KMB-C00175,Fictional Member 00175,+256700050175,member.kmb175@example.invalid,Gulu,1970-05-15,female,2025-10-01,2026-06-28,SIMULATED customer confirmation
KMB-C00176,Fictional Member 00176,+256700050176,member.kmb176@example.invalid,Kampala,1971-05-15,not_stated,2026-06-01,2026-06-28,SIMULATED customer confirmation
KMB-C00182,Fictional Member 00182,+256700050182,member.kmb182@example.invalid,Mbarara,1977-05-15,not_stated,2026-06-01,2026-06-28,SIMULATED customer confirmation
KMB-C00189,Fictional Member 00189,+256700050189,member.kmb189@example.invalid,Jinja,1984-05-15,male,2026-06-01,2026-06-28,SIMULATED customer confirmation
KMB-C00192,Fictional Member 00192,+256700050192,member.kmb192@example.invalid,Kampala,1987-05-15,male,2026-06-01,2026-06-28,SIMULATED customer confirmation
KMB-C00196,Fictional Member 00196,+256700050196,member.kmb196@example.invalid,Kampala,1991-05-15,female,2026-06-01,2026-06-28,SIMULATED customer confirmation
KMB-C00200,Fictional Member 00200,+256700050200,member.kmb200@example.invalid,Kampala,1995-05-15,not_stated,2025-10-01,2026-06-28,SIMULATED customer confirmation
KMB-C00203,Fictional Member 00203,+256700050203,member.kmb203@example.invalid,Gulu,1998-05-15,not_stated,2026-06-01,2026-06-28,SIMULATED customer confirmation
KMB-C00208,Fictional Member 00208,+256700050208,member.kmb208@example.invalid,Kampala,2003-05-15,female,2026-06-01,2026-06-28,SIMULATED customer confirmation
KMB-C00210,Fictional Member 00210,+256700050210,member.kmb210@example.invalid,Mbarara,1970-05-15,male,2025-10-01,2026-06-28,SIMULATED customer confirmation
KMB-C00224,Fictional Member 00224,+256700050224,member.kmb224@example.invalid,Kampala,1984-05-15,not_stated,2026-06-01,2026-06-28,SIMULATED customer confirmation
KMB-C00225,Fictional Member 00225,+256700050225,member.kmb225@example.invalid,Jinja,1985-05-15,male,2025-10-01,2026-06-28,SIMULATED customer confirmation
KMB-C00231,Fictional Member 00231,+256700050231,member.kmb231@example.invalid,Gulu,1991-05-15,male,2026-06-01,2026-06-28,SIMULATED customer confirmation
KMB-C00232,Fictional Member 00232,+256700050232,member.kmb232@example.invalid,Kampala,1992-05-15,female,2026-06-01,2026-06-28,SIMULATED customer confirmation
KMB-C00238,Fictional Member 00238,+256700050238,member.kmb238@example.invalid,Mbarara,1998-05-15,female,2026-06-01,2026-06-28,SIMULATED customer confirmation
KMB-C00240,Fictional Member 00240,+256700050240,member.kmb240@example.invalid,Kampala,2000-05-15,male,2025-10-01,2026-06-28,SIMULATED customer confirmation
KMB-C00250,Fictional Member 00250,+256700050250,member.kmb250@example.invalid,Mbarara,1975-05-15,female,2025-10-01,2026-06-28,SIMULATED customer confirmation
KMB-C00252,Fictional Member 00252,+256700050252,member.kmb252@example.invalid,Kampala,1977-05-15,male,2026-06-01,2026-06-28,SIMULATED customer confirmation
KMB-C00256,Fictional Member 00256,+256700050256,member.kmb256@example.invalid,Kampala,1981-05-15,female,2026-06-01,2026-06-28,SIMULATED customer confirmation
KMB-C00261,Fictional Member 00261,+256700050261,member.kmb261@example.invalid,Jinja,1986-05-15,male,2026-06-01,2026-06-28,SIMULATED customer confirmation
KMB-C00266,Fictional Member 00266,+256700050266,member.kmb266@example.invalid,Mbarara,1991-05-15,not_stated,2026-06-01,2026-06-28,SIMULATED customer confirmation
KMB-C00272,Fictional Member 00272,+256700050272,member.kmb272@example.invalid,Kampala,1997-05-15,not_stated,2026-06-01,2026-06-28,SIMULATED customer confirmation
KMB-C00273,Fictional Member 00273,+256700050273,member.kmb273@example.invalid,Jinja,1998-05-15,male,2026-06-01,2026-06-28,SIMULATED customer confirmation
KMB-C00275,Fictional Member 00275,+256700050275,member.kmb275@example.invalid,Gulu,2000-05-15,not_stated,2025-10-01,2026-06-28,SIMULATED customer confirmation
KMB-C00280,Fictional Member 00280,+256700050280,member.kmb280@example.invalid,Kampala,1970-05-15,female,2025-10-01,2026-06-28,SIMULATED customer confirmation
KMB-C00288,Fictional Member 00288,+256700050288,member.kmb288@example.invalid,Kampala,1978-05-15,male,2026-06-01,2026-06-28,SIMULATED customer confirmation
KMB-C00290,Fictional Member 00290,+256700050290,member.kmb290@example.invalid,Mbarara,1980-05-15,not_stated,2025-10-01,2026-06-28,SIMULATED customer confirmation
KMB-C00294,Fictional Member 00294,+256700050294,member.kmb294@example.invalid,Mbarara,1984-05-15,male,2026-06-01,2026-06-28,SIMULATED customer confirmation
KMB-C00300,Fictional Member 00300,+256700050300,member.kmb300@example.invalid,Kampala,1990-05-15,male,2025-10-01,2026-06-28,SIMULATED customer confirmation
KMB-C00304,Fictional Member 00304,+256700050304,member.kmb304@example.invalid,Kampala,1994-05-15,female,2026-06-01,2026-06-28,SIMULATED customer confirmation
KMB-C00308,Fictional Member 00308,+256700050308,member.kmb308@example.invalid,Kampala,1998-05-15,not_stated,2026-06-01,2026-06-28,SIMULATED customer confirmation
KMB-C00315,Fictional Member 00315,+256700050315,member.kmb315@example.invalid,Gulu,1970-05-15,male,2025-10-01,2026-06-28,SIMULATED customer confirmation
KMB-C00319,Fictional Member 00319,+256700050319,member.kmb319@example.invalid,Gulu,1974-05-15,female,2026-06-01,2026-06-28,SIMULATED customer confirmation
KMB-C00320,Fictional Member 00320,+256700050320,member.kmb320@example.invalid,Kampala,1975-05-15,not_stated,2025-10-01,2026-06-28,SIMULATED customer confirmation
KMB-C00322,Fictional Member 00322,+256700050322,member.kmb322@example.invalid,Mbarara,1977-05-15,female,2026-06-01,2026-06-28,SIMULATED customer confirmation
KMB-C00325,Fictional Member 00325,+256700050325,member.kmb325@example.invalid,Jinja,1980-05-15,female,2025-10-01,2026-06-28,SIMULATED customer confirmation
KMB-C00336,Fictional Member 00336,+256700050336,member.kmb336@example.invalid,Kampala,1991-05-15,male,2026-06-01,2026-06-28,SIMULATED customer confirmation
KMB-C00348,Fictional Member 00348,+256700050348,member.kmb348@example.invalid,Kampala,2003-05-15,male,2026-06-01,2026-06-28,SIMULATED customer confirmation
KMB-C00350,Fictional Member 00350,+256700050350,member.kmb350@example.invalid,Mbarara,1970-05-15,not_stated,2025-10-01,2026-06-28,SIMULATED customer confirmation
KMB-C00352,Fictional Member 00352,+256700050352,member.kmb352@example.invalid,Kampala,1972-05-15,female,2026-06-01,2026-06-28,SIMULATED customer confirmation
KMB-C00357,Fictional Member 00357,+256700050357,member.kmb357@example.invalid,Jinja,1977-05-15,male,2026-06-01,2026-06-28,SIMULATED customer confirmation
KMB-C00364,Fictional Member 00364,+256700050364,member.kmb364@example.invalid,Kampala,1984-05-15,female,2026-06-01,2026-06-28,SIMULATED customer confirmation
KMB-C00368,Fictional Member 00368,+256700050368,member.kmb368@example.invalid,Kampala,1988-05-15,not_stated,2026-06-01,2026-06-28,SIMULATED customer confirmation
KMB-C00375,Fictional Member 00375,+256700050375,member.kmb375@example.invalid,Gulu,1995-05-15,male,2025-10-01,2026-06-28,SIMULATED customer confirmation
KMB-C00377,Fictional Member 00377,+256700050377,member.kmb377@example.invalid,Jinja,1997-05-15,not_stated,2026-06-01,2026-06-28,SIMULATED customer confirmation
KMB-C00378,Fictional Member 00378,+256700050378,member.kmb378@example.invalid,Mbarara,1998-05-15,male,2026-06-01,2026-06-28,SIMULATED customer confirmation
KMB-C00384,Fictional Member 00384,+256700050384,member.kmb384@example.invalid,Kampala,2004-05-15,male,2026-06-01,2026-06-28,SIMULATED customer confirmation
KMB-C00392,Fictional Member 00392,+256700050392,member.kmb392@example.invalid,Kampala,1977-05-15,not_stated,2026-06-01,2026-06-28,SIMULATED customer confirmation
KMB-C00399,Fictional Member 00399,+256700050399,member.kmb399@example.invalid,Gulu,1984-05-15,male,2026-06-01,2026-06-28,SIMULATED customer confirmation
KMB-C00400,Fictional Member 00400,+256700050400,member.kmb400@example.invalid,Kampala,1985-05-15,female,2025-10-01,2026-06-28,SIMULATED customer confirmation
KMB-C00406,Fictional Member 00406,+256700050406,member.kmb406@example.invalid,Mbarara,1991-05-15,female,2026-06-01,2026-06-28,SIMULATED customer confirmation
KMB-C00416,Fictional Member 00416,+256700050416,member.kmb416@example.invalid,Kampala,2001-05-15,not_stated,2026-06-01,2026-06-28,SIMULATED customer confirmation
KMB-C00420,Fictional Member 00420,+256700050420,member.kmb420@example.invalid,Kampala,1970-05-15,male,2025-10-01,2026-06-28,SIMULATED customer confirmation
KMB-C00425,Fictional Member 00425,+256700050425,member.kmb425@example.invalid,Jinja,1975-05-15,not_stated,2025-10-01,2026-06-28,SIMULATED customer confirmation
KMB-C00432,Fictional Member 00432,+256700050432,member.kmb432@example.invalid,Kampala,1982-05-15,male,2026-06-01,2026-06-28,SIMULATED customer confirmation
KMB-C00434,Fictional Member 00434,+256700050434,member.kmb434@example.invalid,Mbarara,1984-05-15,not_stated,2026-06-01,2026-06-28,SIMULATED customer confirmation
KMB-C00435,Fictional Member 00435,+256700050435,member.kmb435@example.invalid,Gulu,1985-05-15,male,2025-10-01,2026-06-28,SIMULATED customer confirmation
KMB-C00441,Fictional Member 00441,+256700050441,member.kmb441@example.invalid,Jinja,1991-05-15,male,2026-06-01,2026-06-28,SIMULATED customer confirmation
KMB-C00448,Fictional Member 00448,+256700050448,member.kmb448@example.invalid,Kampala,1998-05-15,female,2026-06-01,2026-06-28,SIMULATED customer confirmation
KMB-C00450,Fictional Member 00450,+256700050450,member.kmb450@example.invalid,Mbarara,2000-05-15,male,2025-10-01,2026-06-28,SIMULATED customer confirmation
KMB-C00462,Fictional Member 00462,+256700050462,member.kmb462@example.invalid,Mbarara,1977-05-15,male,2026-06-01,2026-06-28,SIMULATED customer confirmation
KMB-C00464,Fictional Member 00464,+256700050464,member.kmb464@example.invalid,Kampala,1979-05-15,not_stated,2026-06-01,2026-06-28,SIMULATED customer confirmation
KMB-C00475,Fictional Member 00475,+256700050475,member.kmb475@example.invalid,Gulu,1990-05-15,female,2025-10-01,2026-06-28,SIMULATED customer confirmation
KMB-C00476,Fictional Member 00476,+256700050476,member.kmb476@example.invalid,Kampala,1991-05-15,not_stated,2026-06-01,2026-06-28,SIMULATED customer confirmation
KMB-C00480,Fictional Member 00480,+256700050480,member.kmb480@example.invalid,Kampala,1995-05-15,male,2025-10-01,2026-06-28,SIMULATED customer confirmation
KMB-C00483,Fictional Member 00483,+256700050483,member.kmb483@example.invalid,Gulu,1998-05-15,male,2026-06-01,2026-06-28,SIMULATED customer confirmation
KMB-C00490,Fictional Member 00490,+256700050490,member.kmb490@example.invalid,Mbarara,1970-05-15,female,2025-10-01,2026-06-28,SIMULATED customer confirmation
KMB-C00493,Fictional Member 00493,+256700050493,member.kmb493@example.invalid,Jinja,1973-05-15,female,2026-06-01,2026-06-28,SIMULATED customer confirmation
KMB-C00496,Fictional Member 00496,+256700050496,member.kmb496@example.invalid,Kampala,1976-05-15,female,2026-06-01,2026-06-28,SIMULATED customer confirmation
KMB-C00500,Fictional Member 00500,+256700050500,member.kmb500@example.invalid,Kampala,1980-05-15,not_stated,2025-10-01,2026-06-28,SIMULATED customer confirmation
KMB-C00504,Fictional Member 00504,+256700050504,member.kmb504@example.invalid,Kampala,1984-05-15,male,2026-06-01,2026-06-28,SIMULATED customer confirmation
KMB-C00512,Fictional Member 00512,+256700050512,member.kmb512@example.invalid,Kampala,1992-05-15,not_stated,2026-06-01,2026-06-28,SIMULATED customer confirmation
KMB-C00518,Fictional Member 00518,+256700050518,member.kmb518@example.invalid,Mbarara,1998-05-15,not_stated,2026-06-01,2026-06-28,SIMULATED customer confirmation
KMB-C00522,Fictional Member 00522,+256700050522,member.kmb522@example.invalid,Mbarara,2002-05-15,male,2026-06-01,2026-06-28,SIMULATED customer confirmation
KMB-C00525,Fictional Member 00525,+256700050525,member.kmb525@example.invalid,Jinja,1970-05-15,male,2025-10-01,2026-06-28,SIMULATED customer confirmation
KMB-C00528,Fictional Member 00528,+256700050528,member.kmb528@example.invalid,Kampala,1973-05-15,male,2026-06-01,2026-06-28,SIMULATED customer confirmation
KMB-C00532,Fictional Member 00532,+256700050532,member.kmb532@example.invalid,Kampala,1977-05-15,female,2026-06-01,2026-06-28,SIMULATED customer confirmation
KMB-C00544,Fictional Member 00544,+256700050544,member.kmb544@example.invalid,Kampala,1989-05-15,female,2026-06-01,2026-06-28,SIMULATED customer confirmation
KMB-C00546,Fictional Member 00546,+256700050546,member.kmb546@example.invalid,Mbarara,1991-05-15,male,2026-06-01,2026-06-28,SIMULATED customer confirmation
KMB-C00550,Fictional Member 00550,+256700050550,member.kmb550@example.invalid,Mbarara,1995-05-15,female,2025-10-01,2026-06-28,SIMULATED customer confirmation
KMB-C00551,Fictional Member 00551,+256700050551,member.kmb551@example.invalid,Gulu,1996-05-15,not_stated,2026-06-01,2026-06-28,SIMULATED customer confirmation
KMB-C00560,Fictional Member 00560,+256700050560,member.kmb560@example.invalid,Kampala,1970-05-15,not_stated,2025-10-01,2026-06-28,SIMULATED customer confirmation
KMB-C00567,Fictional Member 00567,+256700050567,member.kmb567@example.invalid,Gulu,1977-05-15,male,2026-06-01,2026-06-28,SIMULATED customer confirmation
KMB-C00574,Fictional Member 00574,+256700050574,member.kmb574@example.invalid,Mbarara,1984-05-15,female,2026-06-01,2026-06-28,SIMULATED customer confirmation
KMB-C00575,Fictional Member 00575,+256700050575,member.kmb575@example.invalid,Gulu,1985-05-15,not_stated,2025-10-01,2026-06-28,SIMULATED customer confirmation
KMB-C00576,Fictional Member 00576,+256700050576,member.kmb576@example.invalid,Kampala,1986-05-15,male,2026-06-01,2026-06-28,SIMULATED customer confirmation
KMB-C00580,Fictional Member 00580,+256700050580,member.kmb580@example.invalid,Kampala,1990-05-15,female,2025-10-01,2026-06-28,SIMULATED customer confirmation
KMB-C00588,Fictional Member 00588,+256700050588,member.kmb588@example.invalid,Kampala,1998-05-15,male,2026-06-01,2026-06-28,SIMULATED customer confirmation
KMB-C00592,Fictional Member 00592,+256700050592,member.kmb592@example.invalid,Kampala,2002-05-15,female,2026-06-01,2026-06-28,SIMULATED customer confirmation
KMB-C00600,Fictional Member 00600,+256700050600,member.kmb600@example.invalid,Kampala,1975-05-15,male,2025-10-01,2026-06-28,SIMULATED customer confirmation
KMB-C00602,Fictional Member 00602,+256700050602,member.kmb602@example.invalid,Mbarara,1977-05-15,not_stated,2026-06-01,2026-06-28,SIMULATED customer confirmation
KMB-C00608,Fictional Member 00608,+256700050608,member.kmb608@example.invalid,Kampala,1983-05-15,not_stated,2026-06-01,2026-06-28,SIMULATED customer confirmation
KMB-C00609,Fictional Member 00609,+256700050609,member.kmb609@example.invalid,Jinja,1984-05-15,male,2026-06-01,2026-06-28,SIMULATED customer confirmation
KMB-C00616,Fictional Member 00616,+256700050616,member.kmb616@example.invalid,Kampala,1991-05-15,female,2026-06-01,2026-06-28,SIMULATED customer confirmation
KMB-C00624,Fictional Member 00624,+256700050624,member.kmb624@example.invalid,Kampala,1999-05-15,male,2026-06-01,2026-06-28,SIMULATED customer confirmation
KMB-C00625,Fictional Member 00625,+256700050625,member.kmb625@example.invalid,Jinja,2000-05-15,female,2025-10-01,2026-06-28,SIMULATED customer confirmation
KMB-C00630,Fictional Member 00630,+256700050630,member.kmb630@example.invalid,Mbarara,1970-05-15,male,2025-10-01,2026-06-28,SIMULATED customer confirmation
KMB-C00638,Fictional Member 00638,+256700050638,member.kmb638@example.invalid,Mbarara,1978-05-15,not_stated,2026-06-01,2026-06-28,SIMULATED customer confirmation
KMB-C00640,Fictional Member 00640,+256700050640,member.kmb640@example.invalid,Kampala,1980-05-15,female,2025-10-01,2026-06-28,SIMULATED customer confirmation
KMB-C00644,Fictional Member 00644,+256700050644,member.kmb644@example.invalid,Kampala,1984-05-15,not_stated,2026-06-01,2026-06-28,SIMULATED customer confirmation
KMB-C00650,Fictional Member 00650,+256700050650,member.kmb650@example.invalid,Mbarara,1990-05-15,not_stated,2025-10-01,2026-06-28,SIMULATED customer confirmation
KMB-C00651,Fictional Member 00651,+256700050651,member.kmb651@example.invalid,Gulu,1991-05-15,male,2026-06-01,2026-06-28,SIMULATED customer confirmation
KMB-C00656,Fictional Member 00656,+256700050656,member.kmb656@example.invalid,Kampala,1996-05-15,not_stated,2026-06-01,2026-06-28,SIMULATED customer confirmation
KMB-C00658,Fictional Member 00658,+256700050658,member.kmb658@example.invalid,Mbarara,1998-05-15,female,2026-06-01,2026-06-28,SIMULATED customer confirmation
KMB-C00667,Fictional Member 00667,+256700050667,member.kmb667@example.invalid,Gulu,1972-05-15,female,2026-06-01,2026-06-28,SIMULATED customer confirmation
KMB-C00672,Fictional Member 00672,+256700050672,member.kmb672@example.invalid,Kampala,1977-05-15,male,2026-06-01,2026-06-28,SIMULATED customer confirmation
KMB-C00675,Fictional Member 00675,+256700050675,member.kmb675@example.invalid,Gulu,1980-05-15,male,2025-10-01,2026-06-28,SIMULATED customer confirmation
KMB-C00686,Fictional Member 00686,+256700050686,member.kmb686@example.invalid,Mbarara,1991-05-15,not_stated,2026-06-01,2026-06-28,SIMULATED customer confirmation
KMB-C00688,Fictional Member 00688,+256700050688,member.kmb688@example.invalid,Kampala,1993-05-15,female,2026-06-01,2026-06-28,SIMULATED customer confirmation
KMB-C00693,Fictional Member 00693,+256700050693,member.kmb693@example.invalid,Jinja,1998-05-15,male,2026-06-01,2026-06-28,SIMULATED customer confirmation
KMB-C00696,Fictional Member 00696,+256700050696,member.kmb696@example.invalid,Kampala,2001-05-15,male,2026-06-01,2026-06-28,SIMULATED customer confirmation
KMB-C00700,Fictional Member 00700,+256700050700,member.kmb700@example.invalid,Kampala,1970-05-15,female,2025-10-01,2026-06-28,SIMULATED customer confirmation
KMB-C00704,Fictional Member 00704,+256700050704,member.kmb704@example.invalid,Kampala,1974-05-15,not_stated,2026-06-01,2026-06-28,SIMULATED customer confirmation
KMB-C00714,Fictional Member 00714,+256700050714,member.kmb714@example.invalid,Mbarara,1984-05-15,male,2026-06-01,2026-06-28,SIMULATED customer confirmation
KMB-C00720,Fictional Member 00720,+256700050720,member.kmb720@example.invalid,Kampala,1990-05-15,male,2025-10-01,2026-06-28,SIMULATED customer confirmation
KMB-C00725,Fictional Member 00725,+256700050725,member.kmb725@example.invalid,Jinja,1995-05-15,not_stated,2025-10-01,2026-06-28,SIMULATED customer confirmation
KMB-C00728,Fictional Member 00728,+256700050728,member.kmb728@example.invalid,Kampala,1998-05-15,not_stated,2026-06-01,2026-06-28,SIMULATED customer confirmation
KMB-C00735,Fictional Member 00735,+256700050735,member.kmb735@example.invalid,Gulu,1970-05-15,male,2025-10-01,2026-06-28,SIMULATED customer confirmation
KMB-C00736,Fictional Member 00736,+256700050736,member.kmb736@example.invalid,Kampala,1971-05-15,female,2026-06-01,2026-06-28,SIMULATED customer confirmation
KMB-C00742,Fictional Member 00742,+256700050742,member.kmb742@example.invalid,Mbarara,1977-05-15,female,2026-06-01,2026-06-28,SIMULATED customer confirmation
KMB-C00750,Fictional Member 00750,+256700050750,member.kmb750@example.invalid,Mbarara,1985-05-15,male,2025-10-01,2026-06-28,SIMULATED customer confirmation
KMB-C00752,Fictional Member 00752,+256700050752,member.kmb752@example.invalid,Kampala,1987-05-15,not_stated,2026-06-01,2026-06-28,SIMULATED customer confirmation
KMB-C00754,Fictional Member 00754,+256700050754,member.kmb754@example.invalid,Mbarara,1989-05-15,female,2026-06-01,2026-06-28,SIMULATED customer confirmation
KMB-C00756,Fictional Member 00756,+256700050756,member.kmb756@example.invalid,Kampala,1991-05-15,male,2026-06-01,2026-06-28,SIMULATED customer confirmation
KMB-C00768,Fictional Member 00768,+256700050768,member.kmb768@example.invalid,Kampala,2003-05-15,male,2026-06-01,2026-06-28,SIMULATED customer confirmation
KMB-C00770,Fictional Member 00770,+256700050770,member.kmb770@example.invalid,Mbarara,1970-05-15,not_stated,2025-10-01,2026-06-28,SIMULATED customer confirmation
KMB-C00775,Fictional Member 00775,+256700050775,member.kmb775@example.invalid,Gulu,1975-05-15,female,2025-10-01,2026-06-28,SIMULATED customer confirmation
KMB-C00777,Fictional Member 00777,+256700050777,member.kmb777@example.invalid,Jinja,1977-05-15,male,2026-06-01,2026-06-28,SIMULATED customer confirmation
KMB-C00783,Fictional Member 00783,+256700050783,member.kmb783@example.invalid,Gulu,1983-05-15,male,2026-06-01,2026-06-28,SIMULATED customer confirmation
KMB-C00784,Fictional Member 00784,+256700050784,member.kmb784@example.invalid,Kampala,1984-05-15,female,2026-06-01,2026-06-28,SIMULATED customer confirmation
KMB-C00798,Fictional Member 00798,+256700050798,member.kmb798@example.invalid,Mbarara,1998-05-15,male,2026-06-01,2026-06-28,SIMULATED customer confirmation
KMB-C00800,Fictional Member 00800,+256700050800,member.kmb800@example.invalid,Kampala,2000-05-15,not_stated,2025-10-01,2026-06-28,SIMULATED customer confirmation
KMB-C00812,Fictional Member 00812,+256700050812,member.kmb812@example.invalid,Kampala,1977-05-15,not_stated,2026-06-01,2026-06-28,SIMULATED customer confirmation
KMB-C00816,Fictional Member 00816,+256700050816,member.kmb816@example.invalid,Kampala,1981-05-15,male,2026-06-01,2026-06-28,SIMULATED customer confirmation
KMB-C00819,Fictional Member 00819,+256700050819,member.kmb819@example.invalid,Gulu,1984-05-15,male,2026-06-01,2026-06-28,SIMULATED customer confirmation
KMB-C00825,Fictional Member 00825,+256700050825,member.kmb825@example.invalid,Jinja,1990-05-15,male,2025-10-01,2026-06-28,SIMULATED customer confirmation
KMB-C00826,Fictional Member 00826,+256700050826,member.kmb826@example.invalid,Mbarara,1991-05-15,female,2026-06-01,2026-06-28,SIMULATED customer confirmation
KMB-C00832,Fictional Member 00832,+256700050832,member.kmb832@example.invalid,Kampala,1997-05-15,female,2026-06-01,2026-06-28,SIMULATED customer confirmation
KMB-C00840,Fictional Member 00840,+256700050840,member.kmb840@example.invalid,Kampala,1970-05-15,male,2025-10-01,2026-06-28,SIMULATED customer confirmation
KMB-C00841,Fictional Member 00841,+256700050841,member.kmb841@example.invalid,Jinja,1971-05-15,female,2026-06-01,2026-06-28,SIMULATED customer confirmation
KMB-C00848,Fictional Member 00848,+256700050848,member.kmb848@example.invalid,Kampala,1978-05-15,not_stated,2026-06-01,2026-06-28,SIMULATED customer confirmation
KMB-C00850,Fictional Member 00850,+256700050850,member.kmb850@example.invalid,Mbarara,1980-05-15,female,2025-10-01,2026-06-28,SIMULATED customer confirmation
KMB-C00854,Fictional Member 00854,+256700050854,member.kmb854@example.invalid,Mbarara,1984-05-15,not_stated,2026-06-01,2026-06-28,SIMULATED customer confirmation
KMB-C00861,Fictional Member 00861,+256700050861,member.kmb861@example.invalid,Jinja,1991-05-15,male,2026-06-01,2026-06-28,SIMULATED customer confirmation
KMB-C00864,Fictional Member 00864,+256700050864,member.kmb864@example.invalid,Kampala,1994-05-15,male,2026-06-01,2026-06-28,SIMULATED customer confirmation
KMB-C00868,Fictional Member 00868,+256700050868,member.kmb868@example.invalid,Kampala,1998-05-15,female,2026-06-01,2026-06-28,SIMULATED customer confirmation
KMB-C00870,Fictional Member 00870,+256700050870,member.kmb870@example.invalid,Mbarara,2000-05-15,male,2025-10-01,2026-06-28,SIMULATED customer confirmation
KMB-C00875,Fictional Member 00875,+256700050875,member.kmb875@example.invalid,Gulu,1970-05-15,not_stated,2025-10-01,2026-06-28,SIMULATED customer confirmation
KMB-C00880,Fictional Member 00880,+256700050880,member.kmb880@example.invalid,Kampala,1975-05-15,female,2025-10-01,2026-06-28,SIMULATED customer confirmation
KMB-C00882,Fictional Member 00882,+256700050882,member.kmb882@example.invalid,Mbarara,1977-05-15,male,2026-06-01,2026-06-28,SIMULATED customer confirmation
KMB-C00896,Fictional Member 00896,+256700050896,member.kmb896@example.invalid,Kampala,1991-05-15,not_stated,2026-06-01,2026-06-28,SIMULATED customer confirmation
KMB-C00899,Fictional Member 00899,+256700050899,member.kmb899@example.invalid,Gulu,1994-05-15,not_stated,2026-06-01,2026-06-28,SIMULATED customer confirmation
KMB-C00900,Fictional Member 00900,+256700050900,member.kmb900@example.invalid,Kampala,1995-05-15,male,2025-10-01,2026-06-28,SIMULATED customer confirmation
KMB-C00903,Fictional Member 00903,+256700050903,member.kmb903@example.invalid,Gulu,1998-05-15,male,2026-06-01,2026-06-28,SIMULATED customer confirmation
KMB-C00910,Fictional Member 00910,+256700050910,member.kmb910@example.invalid,Mbarara,1970-05-15,female,2025-10-01,2026-06-28,SIMULATED customer confirmation
KMB-C00912,Fictional Member 00912,+256700050912,member.kmb912@example.invalid,Kampala,1972-05-15,male,2026-06-01,2026-06-28,SIMULATED customer confirmation
KMB-C00924,Fictional Member 00924,+256700050924,member.kmb924@example.invalid,Kampala,1984-05-15,male,2026-06-01,2026-06-28,SIMULATED customer confirmation
KMB-C00925,Fictional Member 00925,+256700050925,member.kmb925@example.invalid,Jinja,1985-05-15,female,2025-10-01,2026-06-28,SIMULATED customer confirmation
KMB-C00928,Fictional Member 00928,+256700050928,member.kmb928@example.invalid,Kampala,1988-05-15,female,2026-06-01,2026-06-28,SIMULATED customer confirmation
KMB-C00938,Fictional Member 00938,+256700050938,member.kmb938@example.invalid,Mbarara,1998-05-15,not_stated,2026-06-01,2026-06-28,SIMULATED customer confirmation
KMB-C00944,Fictional Member 00944,+256700050944,member.kmb944@example.invalid,Kampala,2004-05-15,not_stated,2026-06-01,2026-06-28,SIMULATED customer confirmation
KMB-C00945,Fictional Member 00945,+256700050945,member.kmb945@example.invalid,Jinja,1970-05-15,male,2025-10-01,2026-06-28,SIMULATED customer confirmation
KMB-C00950,Fictional Member 00950,+256700050950,member.kmb950@example.invalid,Mbarara,1975-05-15,not_stated,2025-10-01,2026-06-28,SIMULATED customer confirmation
KMB-C00952,Fictional Member 00952,+256700050952,member.kmb952@example.invalid,Kampala,1977-05-15,female,2026-06-01,2026-06-28,SIMULATED customer confirmation
KMB-C00957,Fictional Member 00957,+256700050957,member.kmb957@example.invalid,Jinja,1982-05-15,male,2026-06-01,2026-06-28,SIMULATED customer confirmation
KMB-C00960,Fictional Member 00960,+256700050960,member.kmb960@example.invalid,Kampala,1985-05-15,male,2025-10-01,2026-06-28,SIMULATED customer confirmation
KMB-C00966,Fictional Member 00966,+256700050966,member.kmb966@example.invalid,Mbarara,1991-05-15,male,2026-06-01,2026-06-28,SIMULATED customer confirmation
KMB-C00975,Fictional Member 00975,+256700050975,member.kmb975@example.invalid,Gulu,2000-05-15,male,2025-10-01,2026-06-28,SIMULATED customer confirmation
KMB-C00976,Fictional Member 00976,+256700050976,member.kmb976@example.invalid,Kampala,2001-05-15,female,2026-06-01,2026-06-28,SIMULATED customer confirmation
KMB-C00980,Fictional Member 00980,+256700050980,member.kmb980@example.invalid,Kampala,1970-05-15,not_stated,2025-10-01,2026-06-28,SIMULATED customer confirmation
KMB-C00986,Fictional Member 00986,+256700050986,member.kmb986@example.invalid,Mbarara,1976-05-15,not_stated,2026-06-01,2026-06-28,SIMULATED customer confirmation
KMB-C00987,Fictional Member 00987,+256700050987,member.kmb987@example.invalid,Gulu,1977-05-15,male,2026-06-01,2026-06-28,SIMULATED customer confirmation
KMB-C00992,Fictional Member 00992,+256700050992,member.kmb992@example.invalid,Kampala,1982-05-15,not_stated,2026-06-01,2026-06-28,SIMULATED customer confirmation
KMB-C00994,Fictional Member 00994,+256700050994,member.kmb994@example.invalid,Mbarara,1984-05-15,female,2026-06-01,2026-06-28,SIMULATED customer confirmation
KMB-C01000,Fictional Member 01000,+256700051000,member.kmb1000@example.invalid,Kampala,1990-05-15,female,2025-10-01,2026-06-28,SIMULATED customer confirmation
KMB-C01008,Fictional Member 01008,+256700051008,member.kmb1008@example.invalid,Kampala,1998-05-15,male,2026-06-01,2026-06-28,SIMULATED customer confirmation
KMB-C01015,Fictional Member 01015,+256700051015,member.kmb1015@example.invalid,Gulu,1970-05-15,female,2025-10-01,2026-06-28,SIMULATED customer confirmation
KMB-C01022,Fictional Member 01022,+256700051022,member.kmb1022@example.invalid,Mbarara,1977-05-15,not_stated,2026-06-01,2026-06-28,SIMULATED customer confirmation
KMB-C01024,Fictional Member 01024,+256700051024,member.kmb1024@example.invalid,Kampala,1979-05-15,female,2026-06-01,2026-06-28,SIMULATED customer confirmation
KMB-C01025,Fictional Member 01025,+256700051025,member.kmb1025@example.invalid,Jinja,1980-05-15,not_stated,2025-10-01,2026-06-28,SIMULATED customer confirmation
KMB-C01029,Fictional Member 01029,+256700051029,member.kmb1029@example.invalid,Jinja,1984-05-15,male,2026-06-01,2026-06-28,SIMULATED customer confirmation
KMB-C01036,Fictional Member 01036,+256700051036,member.kmb1036@example.invalid,Kampala,1991-05-15,female,2026-06-01,2026-06-28,SIMULATED customer confirmation
KMB-C01040,Fictional Member 01040,+256700051040,member.kmb1040@example.invalid,Kampala,1995-05-15,not_stated,2025-10-01,2026-06-28,SIMULATED customer confirmation
KMB-C01044,Fictional Member 01044,+256700051044,member.kmb1044@example.invalid,Kampala,1999-05-15,male,2026-06-01,2026-06-28,SIMULATED customer confirmation
KMB-C01050,Fictional Member 01050,+256700051050,member.kmb1050@example.invalid,Mbarara,1970-05-15,male,2025-10-01,2026-06-28,SIMULATED customer confirmation
KMB-C01056,Fictional Member 01056,+256700051056,member.kmb1056@example.invalid,Kampala,1976-05-15,male,2026-06-01,2026-06-28,SIMULATED customer confirmation
KMB-C01064,Fictional Member 01064,+256700051064,member.kmb1064@example.invalid,Kampala,1984-05-15,not_stated,2026-06-01,2026-06-28,SIMULATED customer confirmation
KMB-C01071,Fictional Member 01071,+256700051071,member.kmb1071@example.invalid,Gulu,1991-05-15,male,2026-06-01,2026-06-28,SIMULATED customer confirmation
KMB-C01072,Fictional Member 01072,+256700051072,member.kmb1072@example.invalid,Kampala,1992-05-15,female,2026-06-01,2026-06-28,SIMULATED customer confirmation
KMB-C01073,Fictional Member 01073,+256700051073,member.kmb1073@example.invalid,Jinja,1993-05-15,not_stated,2026-06-01,2026-06-28,SIMULATED customer confirmation
KMB-C01075,Fictional Member 01075,+256700051075,member.kmb1075@example.invalid,Gulu,1995-05-15,female,2025-10-01,2026-06-28,SIMULATED customer confirmation
KMB-C01078,Fictional Member 01078,+256700051078,member.kmb1078@example.invalid,Mbarara,1998-05-15,female,2026-06-01,2026-06-28,SIMULATED customer confirmation
KMB-C01088,Fictional Member 01088,+256700051088,member.kmb1088@example.invalid,Kampala,1973-05-15,not_stated,2026-06-01,2026-06-28,SIMULATED customer confirmation
KMB-C01092,Fictional Member 01092,+256700051092,member.kmb1092@example.invalid,Kampala,1977-05-15,male,2026-06-01,2026-06-28,SIMULATED customer confirmation
KMB-C01100,Fictional Member 01100,+256700051100,member.kmb1100@example.invalid,Kampala,1985-05-15,not_stated,2025-10-01,2026-06-28,SIMULATED customer confirmation
KMB-C01102,Fictional Member 01102,+256700051102,member.kmb1102@example.invalid,Mbarara,1987-05-15,female,2026-06-01,2026-06-28,SIMULATED customer confirmation
KMB-C01104,Fictional Member 01104,+256700051104,member.kmb1104@example.invalid,Kampala,1989-05-15,male,2026-06-01,2026-06-28,SIMULATED customer confirmation
KMB-C01106,Fictional Member 01106,+256700051106,member.kmb1106@example.invalid,Mbarara,1991-05-15,not_stated,2026-06-01,2026-06-28,SIMULATED customer confirmation
KMB-C01113,Fictional Member 01113,+256700051113,member.kmb1113@example.invalid,Jinja,1998-05-15,male,2026-06-01,2026-06-28,SIMULATED customer confirmation
KMB-C01120,Fictional Member 01120,+256700051120,member.kmb1120@example.invalid,Kampala,1970-05-15,female,2025-10-01,2026-06-28,SIMULATED customer confirmation
KMB-C01125,Fictional Member 01125,+256700051125,member.kmb1125@example.invalid,Jinja,1975-05-15,male,2025-10-01,2026-06-28,SIMULATED customer confirmation
KMB-C01131,Fictional Member 01131,+256700051131,member.kmb1131@example.invalid,Gulu,1981-05-15,male,2026-06-01,2026-06-28,SIMULATED customer confirmation
KMB-C01134,Fictional Member 01134,+256700051134,member.kmb1134@example.invalid,Mbarara,1984-05-15,male,2026-06-01,2026-06-28,SIMULATED customer confirmation
KMB-C01136,Fictional Member 01136,+256700051136,member.kmb1136@example.invalid,Kampala,1986-05-15,not_stated,2026-06-01,2026-06-28,SIMULATED customer confirmation
KMB-C01148,Fictional Member 01148,+256700051148,member.kmb1148@example.invalid,Kampala,1998-05-15,not_stated,2026-06-01,2026-06-28,SIMULATED customer confirmation
KMB-C01150,Fictional Member 01150,+256700051150,member.kmb1150@example.invalid,Mbarara,2000-05-15,female,2025-10-01,2026-06-28,SIMULATED customer confirmation
KMB-C01152,Fictional Member 01152,+256700051152,member.kmb1152@example.invalid,Kampala,2002-05-15,male,2026-06-01,2026-06-28,SIMULATED customer confirmation
KMB-C01155,Fictional Member 01155,+256700051155,member.kmb1155@example.invalid,Gulu,1970-05-15,male,2025-10-01,2026-06-28,SIMULATED customer confirmation
KMB-C01160,Fictional Member 01160,+256700051160,member.kmb1160@example.invalid,Kampala,1975-05-15,not_stated,2025-10-01,2026-06-28,SIMULATED customer confirmation
KMB-C01162,Fictional Member 01162,+256700051162,member.kmb1162@example.invalid,Mbarara,1977-05-15,female,2026-06-01,2026-06-28,SIMULATED customer confirmation
KMB-C01168,Fictional Member 01168,+256700051168,member.kmb1168@example.invalid,Kampala,1983-05-15,female,2026-06-01,2026-06-28,SIMULATED customer confirmation
KMB-C01175,Fictional Member 01175,+256700051175,member.kmb1175@example.invalid,Gulu,1990-05-15,not_stated,2025-10-01,2026-06-28,SIMULATED customer confirmation
KMB-C01176,Fictional Member 01176,+256700051176,member.kmb1176@example.invalid,Kampala,1991-05-15,male,2026-06-01,2026-06-28,SIMULATED customer confirmation
KMB-C01184,Fictional Member 01184,+256700051184,member.kmb1184@example.invalid,Kampala,1999-05-15,not_stated,2026-06-01,2026-06-28,SIMULATED customer confirmation
KMB-C01189,Fictional Member 01189,+256700051189,member.kmb1189@example.invalid,Jinja,2004-05-15,female,2026-06-01,2026-06-28,SIMULATED customer confirmation
KMB-C01190,Fictional Member 01190,+256700051190,member.kmb1190@example.invalid,Mbarara,1970-05-15,not_stated,2025-10-01,2026-06-28,SIMULATED customer confirmation
KMB-C01197,Fictional Member 01197,+256700051197,member.kmb1197@example.invalid,Jinja,1977-05-15,male,2026-06-01,2026-06-28,SIMULATED customer confirmation
KMB-C01200,Fictional Member 01200,+256700051200,member.kmb1200@example.invalid,Kampala,1980-05-15,male,2025-10-01,2026-06-28,SIMULATED customer confirmation
KMB-C01204,Fictional Member 01204,+256700051204,member.kmb1204@example.invalid,Kampala,1984-05-15,female,2026-06-01,2026-06-28,SIMULATED customer confirmation
KMB-C01216,Fictional Member 01216,+256700051216,member.kmb1216@example.invalid,Kampala,1996-05-15,female,2026-06-01,2026-06-28,SIMULATED customer confirmation
KMB-C01218,Fictional Member 01218,+256700051218,member.kmb1218@example.invalid,Mbarara,1998-05-15,male,2026-06-01,2026-06-28,SIMULATED customer confirmation
KMB-C01225,Fictional Member 01225,+256700051225,member.kmb1225@example.invalid,Jinja,1970-05-15,female,2025-10-01,2026-06-28,SIMULATED customer confirmation
KMB-C01232,Fictional Member 01232,+256700051232,member.kmb1232@example.invalid,Kampala,1977-05-15,not_stated,2026-06-01,2026-06-28,SIMULATED customer confirmation
KMB-C01239,Fictional Member 01239,+256700051239,member.kmb1239@example.invalid,Gulu,1984-05-15,male,2026-06-01,2026-06-28,SIMULATED customer confirmation
KMB-C01246,Fictional Member 01246,+256700051246,member.kmb1246@example.invalid,Mbarara,1991-05-15,female,2026-06-01,2026-06-28,SIMULATED customer confirmation
KMB-C01247,Fictional Member 01247,+256700051247,member.kmb1247@example.invalid,Gulu,1992-05-15,not_stated,2026-06-01,2026-06-28,SIMULATED customer confirmation
KMB-C01248,Fictional Member 01248,+256700051248,member.kmb1248@example.invalid,Kampala,1993-05-15,male,2026-06-01,2026-06-28,SIMULATED customer confirmation
KMB-C01250,Fictional Member 01250,+256700051250,member.kmb1250@example.invalid,Mbarara,1995-05-15,not_stated,2025-10-01,2026-06-28,SIMULATED customer confirmation
KMB-C01260,Fictional Member 01260,+256700051260,member.kmb1260@example.invalid,Kampala,1970-05-15,male,2025-10-01,2026-06-28,SIMULATED customer confirmation
KMB-C01264,Fictional Member 01264,+256700051264,member.kmb1264@example.invalid,Kampala,1974-05-15,female,2026-06-01,2026-06-28,SIMULATED customer confirmation
KMB-C01274,Fictional Member 01274,+256700051274,member.kmb1274@example.invalid,Mbarara,1984-05-15,not_stated,2026-06-01,2026-06-28,SIMULATED customer confirmation
KMB-C01275,Fictional Member 01275,+256700051275,member.kmb1275@example.invalid,Gulu,1985-05-15,male,2025-10-01,2026-06-28,SIMULATED customer confirmation
KMB-C01276,Fictional Member 01276,+256700051276,member.kmb1276@example.invalid,Kampala,1986-05-15,female,2026-06-01,2026-06-28,SIMULATED customer confirmation
KMB-C01280,Fictional Member 01280,+256700051280,member.kmb1280@example.invalid,Kampala,1990-05-15,not_stated,2025-10-01,2026-06-28,SIMULATED customer confirmation
KMB-C01281,Fictional Member 01281,+256700051281,member.kmb1281@example.invalid,Jinja,1991-05-15,male,2026-06-01,2026-06-28,SIMULATED customer confirmation
KMB-C01288,Fictional Member 01288,+256700051288,member.kmb1288@example.invalid,Kampala,1998-05-15,female,2026-06-01,2026-06-28,SIMULATED customer confirmation
KMB-C01296,Fictional Member 01296,+256700051296,member.kmb1296@example.invalid,Kampala,1971-05-15,male,2026-06-01,2026-06-28,SIMULATED customer confirmation
KMB-C01300,Fictional Member 01300,+256700051300,member.kmb1300@example.invalid,Kampala,1975-05-15,female,2025-10-01,2026-06-28,SIMULATED customer confirmation
KMB-C01302,Fictional Member 01302,+256700051302,member.kmb1302@example.invalid,Mbarara,1977-05-15,male,2026-06-01,2026-06-28,SIMULATED customer confirmation
KMB-C01305,Fictional Member 01305,+256700051305,member.kmb1305@example.invalid,Jinja,1980-05-15,male,2025-10-01,2026-06-28,SIMULATED customer confirmation
KMB-C01312,Fictional Member 01312,+256700051312,member.kmb1312@example.invalid,Kampala,1987-05-15,female,2026-06-01,2026-06-28,SIMULATED customer confirmation
KMB-C01316,Fictional Member 01316,+256700051316,member.kmb1316@example.invalid,Kampala,1991-05-15,not_stated,2026-06-01,2026-06-28,SIMULATED customer confirmation
KMB-C01323,Fictional Member 01323,+256700051323,member.kmb1323@example.invalid,Gulu,1998-05-15,male,2026-06-01,2026-06-28,SIMULATED customer confirmation
KMB-C01325,Fictional Member 01325,+256700051325,member.kmb1325@example.invalid,Jinja,2000-05-15,not_stated,2025-10-01,2026-06-28,SIMULATED customer confirmation
KMB-C01328,Fictional Member 01328,+256700051328,member.kmb1328@example.invalid,Kampala,2003-05-15,not_stated,2026-06-01,2026-06-28,SIMULATED customer confirmation
KMB-C01330,Fictional Member 01330,+256700051330,member.kmb1330@example.invalid,Mbarara,1970-05-15,female,2025-10-01,2026-06-28,SIMULATED customer confirmation
KMB-C01334,Fictional Member 01334,+256700051334,member.kmb1334@example.invalid,Mbarara,1974-05-15,not_stated,2026-06-01,2026-06-28,SIMULATED customer confirmation
KMB-C01344,Fictional Member 01344,+256700051344,member.kmb1344@example.invalid,Kampala,1984-05-15,male,2026-06-01,2026-06-28,SIMULATED customer confirmation
KMB-C01350,Fictional Member 01350,+256700051350,member.kmb1350@example.invalid,Mbarara,1990-05-15,male,2025-10-01,2026-06-28,SIMULATED customer confirmation
KMB-C01358,Fictional Member 01358,+256700051358,member.kmb1358@example.invalid,Mbarara,1998-05-15,not_stated,2026-06-01,2026-06-28,SIMULATED customer confirmation
KMB-C01360,Fictional Member 01360,+256700051360,member.kmb1360@example.invalid,Kampala,2000-05-15,female,2025-10-01,2026-06-28,SIMULATED customer confirmation
KMB-C01363,Fictional Member 01363,+256700051363,member.kmb1363@example.invalid,Gulu,2003-05-15,female,2026-06-01,2026-06-28,SIMULATED customer confirmation
KMB-C01365,Fictional Member 01365,+256700051365,member.kmb1365@example.invalid,Jinja,1970-05-15,male,2025-10-01,2026-06-28,SIMULATED customer confirmation
KMB-C01372,Fictional Member 01372,+256700051372,member.kmb1372@example.invalid,Kampala,1977-05-15,female,2026-06-01,2026-06-28,SIMULATED customer confirmation
KMB-C01375,Fictional Member 01375,+256700051375,member.kmb1375@example.invalid,Gulu,1980-05-15,female,2025-10-01,2026-06-28,SIMULATED customer confirmation
KMB-C01376,Fictional Member 01376,+256700051376,member.kmb1376@example.invalid,Kampala,1981-05-15,not_stated,2026-06-01,2026-06-28,SIMULATED customer confirmation
KMB-C01386,Fictional Member 01386,+256700051386,member.kmb1386@example.invalid,Mbarara,1991-05-15,male,2026-06-01,2026-06-28,SIMULATED customer confirmation
KMB-C01392,Fictional Member 01392,+256700051392,member.kmb1392@example.invalid,Kampala,1997-05-15,male,2026-06-01,2026-06-28,SIMULATED customer confirmation
KMB-C01400,Fictional Member 01400,+256700051400,member.kmb1400@example.invalid,Kampala,1970-05-15,not_stated,2025-10-01,2026-06-28,SIMULATED customer confirmation
KMB-C01407,Fictional Member 01407,+256700051407,member.kmb1407@example.invalid,Gulu,1977-05-15,male,2026-06-01,2026-06-28,SIMULATED customer confirmation
KMB-C01408,Fictional Member 01408,+256700051408,member.kmb1408@example.invalid,Kampala,1978-05-15,female,2026-06-01,2026-06-28,SIMULATED customer confirmation
KMB-C01414,Fictional Member 01414,+256700051414,member.kmb1414@example.invalid,Mbarara,1984-05-15,female,2026-06-01,2026-06-28,SIMULATED customer confirmation
KMB-C01421,Fictional Member 01421,+256700051421,member.kmb1421@example.invalid,Jinja,1991-05-15,not_stated,2026-06-01,2026-06-28,SIMULATED customer confirmation
KMB-C01424,Fictional Member 01424,+256700051424,member.kmb1424@example.invalid,Kampala,1994-05-15,not_stated,2026-06-01,2026-06-28,SIMULATED customer confirmation
KMB-C01425,Fictional Member 01425,+256700051425,member.kmb1425@example.invalid,Jinja,1995-05-15,male,2025-10-01,2026-06-28,SIMULATED customer confirmation
KMB-C01428,Fictional Member 01428,+256700051428,member.kmb1428@example.invalid,Kampala,1998-05-15,male,2026-06-01,2026-06-28,SIMULATED customer confirmation
KMB-C01440,Fictional Member 01440,+256700051440,member.kmb1440@example.invalid,Kampala,1975-05-15,male,2025-10-01,2026-06-28,SIMULATED customer confirmation
KMB-C01442,Fictional Member 01442,+256700051442,member.kmb1442@example.invalid,Mbarara,1977-05-15,not_stated,2026-06-01,2026-06-28,SIMULATED customer confirmation
KMB-C01449,Fictional Member 01449,+256700051449,member.kmb1449@example.invalid,Jinja,1984-05-15,male,2026-06-01,2026-06-28,SIMULATED customer confirmation
KMB-C01450,Fictional Member 01450,+256700051450,member.kmb1450@example.invalid,Mbarara,1985-05-15,female,2025-10-01,2026-06-28,SIMULATED customer confirmation
KMB-C01456,Fictional Member 01456,+256700051456,member.kmb1456@example.invalid,Kampala,1991-05-15,female,2026-06-01,2026-06-28,SIMULATED customer confirmation
KMB-C01470,Fictional Member 01470,+256700051470,member.kmb1470@example.invalid,Mbarara,1970-05-15,male,2025-10-01,2026-06-28,SIMULATED customer confirmation
KMB-C01472,Fictional Member 01472,+256700051472,member.kmb1472@example.invalid,Kampala,1972-05-15,not_stated,2026-06-01,2026-06-28,SIMULATED customer confirmation
KMB-C01475,Fictional Member 01475,+256700051475,member.kmb1475@example.invalid,Gulu,1975-05-15,not_stated,2025-10-01,2026-06-28,SIMULATED customer confirmation
KMB-C01479,Fictional Member 01479,+256700051479,member.kmb1479@example.invalid,Gulu,1979-05-15,male,2026-06-01,2026-06-28,SIMULATED customer confirmation
KMB-C01484,Fictional Member 01484,+256700051484,member.kmb1484@example.invalid,Kampala,1984-05-15,not_stated,2026-06-01,2026-06-28,SIMULATED customer confirmation
KMB-C01488,Fictional Member 01488,+256700051488,member.kmb1488@example.invalid,Kampala,1988-05-15,male,2026-06-01,2026-06-28,SIMULATED customer confirmation
KMB-C01491,Fictional Member 01491,+256700051491,member.kmb1491@example.invalid,Gulu,1991-05-15,male,2026-06-01,2026-06-28,SIMULATED customer confirmation
KMB-C01498,Fictional Member 01498,+256700051498,member.kmb1498@example.invalid,Mbarara,1998-05-15,female,2026-06-01,2026-06-28,SIMULATED customer confirmation
KMB-C01500,Fictional Member 01500,+256700051500,member.kmb1500@example.invalid,Kampala,2000-05-15,male,2025-10-01,2026-06-28,SIMULATED customer confirmation
KMB-C01504,Fictional Member 01504,+256700051504,member.kmb1504@example.invalid,Kampala,2004-05-15,female,2026-06-01,2026-06-28,SIMULATED customer confirmation
KMB-C01508,Fictional Member 01508,+256700051508,member.kmb1508@example.invalid,Kampala,1973-05-15,not_stated,2026-06-01,2026-06-28,SIMULATED customer confirmation
KMB-C01512,Fictional Member 01512,+256700051512,member.kmb1512@example.invalid,Kampala,1977-05-15,male,2026-06-01,2026-06-28,SIMULATED customer confirmation
KMB-C01520,Fictional Member 01520,+256700051520,member.kmb1520@example.invalid,Kampala,1985-05-15,not_stated,2025-10-01,2026-06-28,SIMULATED customer confirmation
KMB-C01525,Fictional Member 01525,+256700051525,member.kmb1525@example.invalid,Jinja,1990-05-15,female,2025-10-01,2026-06-28,SIMULATED customer confirmation
KMB-C01526,Fictional Member 01526,+256700051526,member.kmb1526@example.invalid,Mbarara,1991-05-15,not_stated,2026-06-01,2026-06-28,SIMULATED customer confirmation
KMB-C01533,Fictional Member 01533,+256700051533,member.kmb1533@example.invalid,Jinja,1998-05-15,male,2026-06-01,2026-06-28,SIMULATED customer confirmation
KMB-C01536,Fictional Member 01536,+256700051536,member.kmb1536@example.invalid,Kampala,2001-05-15,male,2026-06-01,2026-06-28,SIMULATED customer confirmation
KMB-C01537,Fictional Member 01537,+256700051537,member.kmb1537@example.invalid,Jinja,2002-05-15,female,2026-06-01,2026-06-28,SIMULATED customer confirmation
KMB-C01540,Fictional Member 01540,+256700051540,member.kmb1540@example.invalid,Kampala,1970-05-15,female,2025-10-01,2026-06-28,SIMULATED customer confirmation
KMB-C01550,Fictional Member 01550,+256700051550,member.kmb1550@example.invalid,Mbarara,1980-05-15,not_stated,2025-10-01,2026-06-28,SIMULATED customer confirmation
KMB-C01552,Fictional Member 01552,+256700051552,member.kmb1552@example.invalid,Kampala,1982-05-15,female,2026-06-01,2026-06-28,SIMULATED customer confirmation
KMB-C01554,Fictional Member 01554,+256700051554,member.kmb1554@example.invalid,Mbarara,1984-05-15,male,2026-06-01,2026-06-28,SIMULATED customer confirmation
KMB-C01566,Fictional Member 01566,+256700051566,member.kmb1566@example.invalid,Mbarara,1996-05-15,male,2026-06-01,2026-06-28,SIMULATED customer confirmation
KMB-C01568,Fictional Member 01568,+256700051568,member.kmb1568@example.invalid,Kampala,1998-05-15,not_stated,2026-06-01,2026-06-28,SIMULATED customer confirmation
KMB-C01575,Fictional Member 01575,+256700051575,member.kmb1575@example.invalid,Gulu,1970-05-15,male,2025-10-01,2026-06-28,SIMULATED customer confirmation
KMB-C01582,Fictional Member 01582,+256700051582,member.kmb1582@example.invalid,Mbarara,1977-05-15,female,2026-06-01,2026-06-28,SIMULATED customer confirmation
KMB-C01584,Fictional Member 01584,+256700051584,member.kmb1584@example.invalid,Kampala,1979-05-15,male,2026-06-01,2026-06-28,SIMULATED customer confirmation
KMB-C01595,Fictional Member 01595,+256700051595,member.kmb1595@example.invalid,Gulu,1990-05-15,not_stated,2025-10-01,2026-06-28,SIMULATED customer confirmation
KMB-C01596,Fictional Member 01596,+256700051596,member.kmb1596@example.invalid,Kampala,1991-05-15,male,2026-06-01,2026-06-28,SIMULATED customer confirmation
KMB-C01600,Fictional Member 01600,+256700051600,member.kmb1600@example.invalid,Kampala,1995-05-15,female,2025-10-01,2026-06-28,SIMULATED customer confirmation
KMB-C01610,Fictional Member 01610,+256700051610,member.kmb1610@example.invalid,Mbarara,1970-05-15,not_stated,2025-10-01,2026-06-28,SIMULATED customer confirmation
KMB-C01616,Fictional Member 01616,+256700051616,member.kmb1616@example.invalid,Kampala,1976-05-15,not_stated,2026-06-01,2026-06-28,SIMULATED customer confirmation
KMB-C01617,Fictional Member 01617,+256700051617,member.kmb1617@example.invalid,Jinja,1977-05-15,male,2026-06-01,2026-06-28,SIMULATED customer confirmation
KMB-C01624,Fictional Member 01624,+256700051624,member.kmb1624@example.invalid,Kampala,1984-05-15,female,2026-06-01,2026-06-28,SIMULATED customer confirmation
KMB-C01625,Fictional Member 01625,+256700051625,member.kmb1625@example.invalid,Jinja,1985-05-15,not_stated,2025-10-01,2026-06-28,SIMULATED customer confirmation
KMB-C01632,Fictional Member 01632,+256700051632,member.kmb1632@example.invalid,Kampala,1992-05-15,male,2026-06-01,2026-06-28,SIMULATED customer confirmation
KMB-C01638,Fictional Member 01638,+256700051638,member.kmb1638@example.invalid,Mbarara,1998-05-15,male,2026-06-01,2026-06-28,SIMULATED customer confirmation
KMB-C01648,Fictional Member 01648,+256700051648,member.kmb1648@example.invalid,Kampala,1973-05-15,female,2026-06-01,2026-06-28,SIMULATED customer confirmation
KMB-C01650,Fictional Member 01650,+256700051650,member.kmb1650@example.invalid,Mbarara,1975-05-15,male,2025-10-01,2026-06-28,SIMULATED customer confirmation
KMB-C01652,Fictional Member 01652,+256700051652,member.kmb1652@example.invalid,Kampala,1977-05-15,not_stated,2026-06-01,2026-06-28,SIMULATED customer confirmation
KMB-C01653,Fictional Member 01653,+256700051653,member.kmb1653@example.invalid,Jinja,1978-05-15,male,2026-06-01,2026-06-28,SIMULATED customer confirmation
KMB-C01659,Fictional Member 01659,+256700051659,member.kmb1659@example.invalid,Gulu,1984-05-15,male,2026-06-01,2026-06-28,SIMULATED customer confirmation
KMB-C01664,Fictional Member 01664,+256700051664,member.kmb1664@example.invalid,Kampala,1989-05-15,not_stated,2026-06-01,2026-06-28,SIMULATED customer confirmation
KMB-C01666,Fictional Member 01666,+256700051666,member.kmb1666@example.invalid,Mbarara,1991-05-15,female,2026-06-01,2026-06-28,SIMULATED customer confirmation
KMB-C01675,Fictional Member 01675,+256700051675,member.kmb1675@example.invalid,Gulu,2000-05-15,female,2025-10-01,2026-06-28,SIMULATED customer confirmation
KMB-C01680,Fictional Member 01680,+256700051680,member.kmb1680@example.invalid,Kampala,1970-05-15,male,2025-10-01,2026-06-28,SIMULATED customer confirmation
KMB-C01682,Fictional Member 01682,+256700051682,member.kmb1682@example.invalid,Mbarara,1972-05-15,not_stated,2026-06-01,2026-06-28,SIMULATED customer confirmation
KMB-C01694,Fictional Member 01694,+256700051694,member.kmb1694@example.invalid,Mbarara,1984-05-15,not_stated,2026-06-01,2026-06-28,SIMULATED customer confirmation
KMB-C01696,Fictional Member 01696,+256700051696,member.kmb1696@example.invalid,Kampala,1986-05-15,female,2026-06-01,2026-06-28,SIMULATED customer confirmation
KMB-C01700,Fictional Member 01700,+256700051700,member.kmb1700@example.invalid,Kampala,1990-05-15,not_stated,2025-10-01,2026-06-28,SIMULATED customer confirmation
KMB-C01701,Fictional Member 01701,+256700051701,member.kmb1701@example.invalid,Jinja,1991-05-15,male,2026-06-01,2026-06-28,SIMULATED customer confirmation
KMB-C01708,Fictional Member 01708,+256700051708,member.kmb1708@example.invalid,Kampala,1998-05-15,female,2026-06-01,2026-06-28,SIMULATED customer confirmation
KMB-C01711,Fictional Member 01711,+256700051711,member.kmb1711@example.invalid,Gulu,2001-05-15,female,2026-06-01,2026-06-28,SIMULATED customer confirmation
KMB-C01712,Fictional Member 01712,+256700051712,member.kmb1712@example.invalid,Kampala,2002-05-15,not_stated,2026-06-01,2026-06-28,SIMULATED customer confirmation
KMB-C01722,Fictional Member 01722,+256700051722,member.kmb1722@example.invalid,Mbarara,1977-05-15,male,2026-06-01,2026-06-28,SIMULATED customer confirmation
KMB-C01725,Fictional Member 01725,+256700051725,member.kmb1725@example.invalid,Jinja,1980-05-15,male,2025-10-01,2026-06-28,SIMULATED customer confirmation
KMB-C01728,Fictional Member 01728,+256700051728,member.kmb1728@example.invalid,Kampala,1983-05-15,male,2026-06-01,2026-06-28,SIMULATED customer confirmation
KMB-C01736,Fictional Member 01736,+256700051736,member.kmb1736@example.invalid,Kampala,1991-05-15,not_stated,2026-06-01,2026-06-28,SIMULATED customer confirmation
KMB-C01740,Fictional Member 01740,+256700051740,member.kmb1740@example.invalid,Kampala,1995-05-15,male,2025-10-01,2026-06-28,SIMULATED customer confirmation
KMB-C01743,Fictional Member 01743,+256700051743,member.kmb1743@example.invalid,Gulu,1998-05-15,male,2026-06-01,2026-06-28,SIMULATED customer confirmation
KMB-C01744,Fictional Member 01744,+256700051744,member.kmb1744@example.invalid,Kampala,1999-05-15,female,2026-06-01,2026-06-28,SIMULATED customer confirmation
KMB-C01750,Fictional Member 01750,+256700051750,member.kmb1750@example.invalid,Mbarara,1970-05-15,female,2025-10-01,2026-06-28,SIMULATED customer confirmation
KMB-C01760,Fictional Member 01760,+256700051760,member.kmb1760@example.invalid,Kampala,1980-05-15,not_stated,2025-10-01,2026-06-28,SIMULATED customer confirmation
KMB-C01764,Fictional Member 01764,+256700051764,member.kmb1764@example.invalid,Kampala,1984-05-15,male,2026-06-01,2026-06-28,SIMULATED customer confirmation
KMB-C01769,Fictional Member 01769,+256700051769,member.kmb1769@example.invalid,Jinja,1989-05-15,not_stated,2026-06-01,2026-06-28,SIMULATED customer confirmation
KMB-C01775,Fictional Member 01775,+256700051775,member.kmb1775@example.invalid,Gulu,1995-05-15,not_stated,2025-10-01,2026-06-28,SIMULATED customer confirmation
KMB-C01776,Fictional Member 01776,+256700051776,member.kmb1776@example.invalid,Kampala,1996-05-15,male,2026-06-01,2026-06-28,SIMULATED customer confirmation
KMB-C01778,Fictional Member 01778,+256700051778,member.kmb1778@example.invalid,Mbarara,1998-05-15,not_stated,2026-06-01,2026-06-28,SIMULATED customer confirmation
KMB-C01785,Fictional Member 01785,+256700051785,member.kmb1785@example.invalid,Jinja,1970-05-15,male,2025-10-01,2026-06-28,SIMULATED customer confirmation
KMB-C01792,Fictional Member 01792,+256700051792,member.kmb1792@example.invalid,Kampala,1977-05-15,female,2026-06-01,2026-06-28,SIMULATED customer confirmation
KMB-C01798,Fictional Member 01798,+256700051798,member.kmb1798@example.invalid,Mbarara,1983-05-15,female,2026-06-01,2026-06-28,SIMULATED customer confirmation
KMB-C01800,Fictional Member 01800,+256700051800,member.kmb1800@example.invalid,Kampala,1985-05-15,male,2025-10-01,2026-06-28,SIMULATED customer confirmation
KMB-C01806,Fictional Member 01806,+256700051806,member.kmb1806@example.invalid,Mbarara,1991-05-15,male,2026-06-01,2026-06-28,SIMULATED customer confirmation
KMB-C01808,Fictional Member 01808,+256700051808,member.kmb1808@example.invalid,Kampala,1993-05-15,not_stated,2026-06-01,2026-06-28,SIMULATED customer confirmation
KMB-C01820,Fictional Member 01820,+256700051820,member.kmb1820@example.invalid,Kampala,1970-05-15,not_stated,2025-10-01,2026-06-28,SIMULATED customer confirmation
KMB-C01824,Fictional Member 01824,+256700051824,member.kmb1824@example.invalid,Kampala,1974-05-15,male,2026-06-01,2026-06-28,SIMULATED customer confirmation
KMB-C01825,Fictional Member 01825,+256700051825,member.kmb1825@example.invalid,Jinja,1975-05-15,female,2025-10-01,2026-06-28,SIMULATED customer confirmation
KMB-C01827,Fictional Member 01827,+256700051827,member.kmb1827@example.invalid,Gulu,1977-05-15,male,2026-06-01,2026-06-28,SIMULATED customer confirmation
KMB-C01834,Fictional Member 01834,+256700051834,member.kmb1834@example.invalid,Mbarara,1984-05-15,female,2026-06-01,2026-06-28,SIMULATED customer confirmation
KMB-C01840,Fictional Member 01840,+256700051840,member.kmb1840@example.invalid,Kampala,1990-05-15,female,2025-10-01,2026-06-28,SIMULATED customer confirmation
KMB-C01848,Fictional Member 01848,+256700051848,member.kmb1848@example.invalid,Kampala,1998-05-15,male,2026-06-01,2026-06-28,SIMULATED customer confirmation
KMB-C01850,Fictional Member 01850,+256700051850,member.kmb1850@example.invalid,Mbarara,2000-05-15,not_stated,2025-10-01,2026-06-28,SIMULATED customer confirmation
KMB-C01856,Fictional Member 01856,+256700051856,member.kmb1856@example.invalid,Kampala,1971-05-15,not_stated,2026-06-01,2026-06-28,SIMULATED customer confirmation
KMB-C01862,Fictional Member 01862,+256700051862,member.kmb1862@example.invalid,Mbarara,1977-05-15,not_stated,2026-06-01,2026-06-28,SIMULATED customer confirmation
KMB-C01869,Fictional Member 01869,+256700051869,member.kmb1869@example.invalid,Jinja,1984-05-15,male,2026-06-01,2026-06-28,SIMULATED customer confirmation
KMB-C01872,Fictional Member 01872,+256700051872,member.kmb1872@example.invalid,Kampala,1987-05-15,male,2026-06-01,2026-06-28,SIMULATED customer confirmation
KMB-C01875,Fictional Member 01875,+256700051875,member.kmb1875@example.invalid,Gulu,1990-05-15,male,2025-10-01,2026-06-28,SIMULATED customer confirmation
KMB-C01876,Fictional Member 01876,+256700051876,member.kmb1876@example.invalid,Kampala,1991-05-15,female,2026-06-01,2026-06-28,SIMULATED customer confirmation
KMB-C01885,Fictional Member 01885,+256700051885,member.kmb1885@example.invalid,Jinja,2000-05-15,female,2025-10-01,2026-06-28,SIMULATED customer confirmation
KMB-C01888,Fictional Member 01888,+256700051888,member.kmb1888@example.invalid,Kampala,2003-05-15,female,2026-06-01,2026-06-28,SIMULATED customer confirmation
KMB-C01890,Fictional Member 01890,+256700051890,member.kmb1890@example.invalid,Mbarara,1970-05-15,male,2025-10-01,2026-06-28,SIMULATED customer confirmation
KMB-C01900,Fictional Member 01900,+256700051900,member.kmb1900@example.invalid,Kampala,1980-05-15,female,2025-10-01,2026-06-28,SIMULATED customer confirmation
KMB-C01904,Fictional Member 01904,+256700051904,member.kmb1904@example.invalid,Kampala,1984-05-15,not_stated,2026-06-01,2026-06-28,SIMULATED customer confirmation
KMB-C01911,Fictional Member 01911,+256700051911,member.kmb1911@example.invalid,Gulu,1991-05-15,male,2026-06-01,2026-06-28,SIMULATED customer confirmation
KMB-C01914,Fictional Member 01914,+256700051914,member.kmb1914@example.invalid,Mbarara,1994-05-15,male,2026-06-01,2026-06-28,SIMULATED customer confirmation
KMB-C01918,Fictional Member 01918,+256700051918,member.kmb1918@example.invalid,Mbarara,1998-05-15,female,2026-06-01,2026-06-28,SIMULATED customer confirmation
KMB-C01920,Fictional Member 01920,+256700051920,member.kmb1920@example.invalid,Kampala,2000-05-15,male,2025-10-01,2026-06-28,SIMULATED customer confirmation
KMB-C01925,Fictional Member 01925,+256700051925,member.kmb1925@example.invalid,Jinja,1970-05-15,not_stated,2025-10-01,2026-06-28,SIMULATED customer confirmation
KMB-C01932,Fictional Member 01932,+256700051932,member.kmb1932@example.invalid,Kampala,1977-05-15,male,2026-06-01,2026-06-28,SIMULATED customer confirmation
KMB-C01936,Fictional Member 01936,+256700051936,member.kmb1936@example.invalid,Kampala,1981-05-15,female,2026-06-01,2026-06-28,SIMULATED customer confirmation
KMB-C01943,Fictional Member 01943,+256700051943,member.kmb1943@example.invalid,Gulu,1988-05-15,not_stated,2026-06-01,2026-06-28,SIMULATED customer confirmation
KMB-C01946,Fictional Member 01946,+256700051946,member.kmb1946@example.invalid,Mbarara,1991-05-15,not_stated,2026-06-01,2026-06-28,SIMULATED customer confirmation
KMB-C01950,Fictional Member 01950,+256700051950,member.kmb1950@example.invalid,Mbarara,1995-05-15,male,2025-10-01,2026-06-28,SIMULATED customer confirmation
KMB-C01952,Fictional Member 01952,+256700051952,member.kmb1952@example.invalid,Kampala,1997-05-15,not_stated,2026-06-01,2026-06-28,SIMULATED customer confirmation
KMB-C01953,Fictional Member 01953,+256700051953,member.kmb1953@example.invalid,Jinja,1998-05-15,male,2026-06-01,2026-06-28,SIMULATED customer confirmation
KMB-C01960,Fictional Member 01960,+256700051960,member.kmb1960@example.invalid,Kampala,1970-05-15,female,2025-10-01,2026-06-28,SIMULATED customer confirmation
KMB-C01968,Fictional Member 01968,+256700051968,member.kmb1968@example.invalid,Kampala,1978-05-15,male,2026-06-01,2026-06-28,SIMULATED customer confirmation
KMB-C01972,Fictional Member 01972,+256700051972,member.kmb1972@example.invalid,Kampala,1982-05-15,female,2026-06-01,2026-06-28,SIMULATED customer confirmation
KMB-C01974,Fictional Member 01974,+256700051974,member.kmb1974@example.invalid,Mbarara,1984-05-15,male,2026-06-01,2026-06-28,SIMULATED customer confirmation
KMB-C01975,Fictional Member 01975,+256700051975,member.kmb1975@example.invalid,Gulu,1985-05-15,female,2025-10-01,2026-06-28,SIMULATED customer confirmation
KMB-C01984,Fictional Member 01984,+256700051984,member.kmb1984@example.invalid,Kampala,1994-05-15,female,2026-06-01,2026-06-28,SIMULATED customer confirmation
KMB-C01988,Fictional Member 01988,+256700051988,member.kmb1988@example.invalid,Kampala,1998-05-15,not_stated,2026-06-01,2026-06-28,SIMULATED customer confirmation
KMB-C01995,Fictional Member 01995,+256700051995,member.kmb1995@example.invalid,Gulu,1970-05-15,male,2025-10-01,2026-06-28,SIMULATED customer confirmation
KMB-C02000,Fictional Member 02000,+256700052000,member.kmb2000@example.invalid,Kampala,1975-05-15,not_stated,2025-10-01,2026-06-28,SIMULATED customer confirmation
KMB-C02001,Fictional Member 02001,+256700052001,member.kmb2001@example.invalid,Jinja,1976-05-15,male,2026-06-01,2026-06-28,SIMULATED customer confirmation
KMB-C02002,Fictional Member 02002,+256700052002,member.kmb2002@example.invalid,Mbarara,1977-05-15,female,2026-06-01,2026-06-28,SIMULATED customer confirmation
KMB-C02016,Fictional Member 02016,+256700052016,member.kmb2016@example.invalid,Kampala,1991-05-15,male,2026-06-01,2026-06-28,SIMULATED customer confirmation
KMB-C02025,Fictional Member 02025,+256700052025,member.kmb2025@example.invalid,Jinja,2000-05-15,male,2025-10-01,2026-06-28,SIMULATED customer confirmation
KMB-C02030,Fictional Member 02030,+256700052030,member.kmb2030@example.invalid,Mbarara,1970-05-15,not_stated,2025-10-01,2026-06-28,SIMULATED customer confirmation
KMB-C02032,Fictional Member 02032,+256700052032,member.kmb2032@example.invalid,Kampala,1972-05-15,female,2026-06-01,2026-06-28,SIMULATED customer confirmation
KMB-C02037,Fictional Member 02037,+256700052037,member.kmb2037@example.invalid,Jinja,1977-05-15,male,2026-06-01,2026-06-28,SIMULATED customer confirmation
KMB-C02044,Fictional Member 02044,+256700052044,member.kmb2044@example.invalid,Kampala,1984-05-15,female,2026-06-01,2026-06-28,SIMULATED customer confirmation
KMB-C02048,Fictional Member 02048,+256700052048,member.kmb2048@example.invalid,Kampala,1988-05-15,not_stated,2026-06-01,2026-06-28,SIMULATED customer confirmation
KMB-C02050,Fictional Member 02050,+256700052050,member.kmb2050@example.invalid,Mbarara,1990-05-15,female,2025-10-01,2026-06-28,SIMULATED customer confirmation
KMB-C02058,Fictional Member 02058,+256700052058,member.kmb2058@example.invalid,Mbarara,1998-05-15,male,2026-06-01,2026-06-28,SIMULATED customer confirmation
KMB-C02059,Fictional Member 02059,+256700052059,member.kmb2059@example.invalid,Gulu,1999-05-15,female,2026-06-01,2026-06-28,SIMULATED customer confirmation
KMB-C02064,Fictional Member 02064,+256700052064,member.kmb2064@example.invalid,Kampala,2004-05-15,male,2026-06-01,2026-06-28,SIMULATED customer confirmation
KMB-C02072,Fictional Member 02072,+256700052072,member.kmb2072@example.invalid,Kampala,1977-05-15,not_stated,2026-06-01,2026-06-28,SIMULATED customer confirmation
KMB-C02075,Fictional Member 02075,+256700052075,member.kmb2075@example.invalid,Gulu,1980-05-15,not_stated,2025-10-01,2026-06-28,SIMULATED customer confirmation
KMB-C02079,Fictional Member 02079,+256700052079,member.kmb2079@example.invalid,Gulu,1984-05-15,male,2026-06-01,2026-06-28,SIMULATED customer confirmation
KMB-C02080,Fictional Member 02080,+256700052080,member.kmb2080@example.invalid,Kampala,1985-05-15,female,2025-10-01,2026-06-28,SIMULATED customer confirmation
KMB-C02086,Fictional Member 02086,+256700052086,member.kmb2086@example.invalid,Mbarara,1991-05-15,female,2026-06-01,2026-06-28,SIMULATED customer confirmation
KMB-C02088,Fictional Member 02088,+256700052088,member.kmb2088@example.invalid,Kampala,1993-05-15,male,2026-06-01,2026-06-28,SIMULATED customer confirmation
KMB-C02096,Fictional Member 02096,+256700052096,member.kmb2096@example.invalid,Kampala,2001-05-15,not_stated,2026-06-01,2026-06-28,SIMULATED customer confirmation
KMB-C02100,Fictional Member 02100,+256700052100,member.kmb2100@example.invalid,Kampala,1970-05-15,male,2025-10-01,2026-06-28,SIMULATED customer confirmation
KMB-C02112,Fictional Member 02112,+256700052112,member.kmb2112@example.invalid,Kampala,1982-05-15,male,2026-06-01,2026-06-28,SIMULATED customer confirmation
KMB-C02114,Fictional Member 02114,+256700052114,member.kmb2114@example.invalid,Mbarara,1984-05-15,not_stated,2026-06-01,2026-06-28,SIMULATED customer confirmation
KMB-C02117,Fictional Member 02117,+256700052117,member.kmb2117@example.invalid,Jinja,1987-05-15,not_stated,2026-06-01,2026-06-28,SIMULATED customer confirmation
KMB-C02121,Fictional Member 02121,+256700052121,member.kmb2121@example.invalid,Jinja,1991-05-15,male,2026-06-01,2026-06-28,SIMULATED customer confirmation
KMB-C02125,Fictional Member 02125,+256700052125,member.kmb2125@example.invalid,Jinja,1995-05-15,female,2025-10-01,2026-06-28,SIMULATED customer confirmation
KMB-C02128,Fictional Member 02128,+256700052128,member.kmb2128@example.invalid,Kampala,1998-05-15,female,2026-06-01,2026-06-28,SIMULATED customer confirmation
KMB-C02142,Fictional Member 02142,+256700052142,member.kmb2142@example.invalid,Mbarara,1977-05-15,male,2026-06-01,2026-06-28,SIMULATED customer confirmation
KMB-C02144,Fictional Member 02144,+256700052144,member.kmb2144@example.invalid,Kampala,1979-05-15,not_stated,2026-06-01,2026-06-28,SIMULATED customer confirmation
KMB-C02146,Fictional Member 02146,+256700052146,member.kmb2146@example.invalid,Mbarara,1981-05-15,female,2026-06-01,2026-06-28,SIMULATED customer confirmation
KMB-C02150,Fictional Member 02150,+256700052150,member.kmb2150@example.invalid,Mbarara,1985-05-15,not_stated,2025-10-01,2026-06-28,SIMULATED customer confirmation
KMB-C02156,Fictional Member 02156,+256700052156,member.kmb2156@example.invalid,Kampala,1991-05-15,not_stated,2026-06-01,2026-06-28,SIMULATED customer confirmation
KMB-C02160,Fictional Member 02160,+256700052160,member.kmb2160@example.invalid,Kampala,1995-05-15,male,2025-10-01,2026-06-28,SIMULATED customer confirmation
KMB-C02163,Fictional Member 02163,+256700052163,member.kmb2163@example.invalid,Gulu,1998-05-15,male,2026-06-01,2026-06-28,SIMULATED customer confirmation
KMB-C02170,Fictional Member 02170,+256700052170,member.kmb2170@example.invalid,Mbarara,1970-05-15,female,2025-10-01,2026-06-28,SIMULATED customer confirmation
KMB-C02175,Fictional Member 02175,+256700052175,member.kmb2175@example.invalid,Gulu,1975-05-15,male,2025-10-01,2026-06-28,SIMULATED customer confirmation
KMB-C02176,Fictional Member 02176,+256700052176,member.kmb2176@example.invalid,Kampala,1976-05-15,female,2026-06-01,2026-06-28,SIMULATED customer confirmation
KMB-C02184,Fictional Member 02184,+256700052184,member.kmb2184@example.invalid,Kampala,1984-05-15,male,2026-06-01,2026-06-28,SIMULATED customer confirmation
KMB-C02192,Fictional Member 02192,+256700052192,member.kmb2192@example.invalid,Kampala,1992-05-15,not_stated,2026-06-01,2026-06-28,SIMULATED customer confirmation
KMB-C02198,Fictional Member 02198,+256700052198,member.kmb2198@example.invalid,Mbarara,1998-05-15,not_stated,2026-06-01,2026-06-28,SIMULATED customer confirmation
KMB-C02200,Fictional Member 02200,+256700052200,member.kmb2200@example.invalid,Kampala,2000-05-15,female,2025-10-01,2026-06-28,SIMULATED customer confirmation
KMB-C02204,Fictional Member 02204,+256700052204,member.kmb2204@example.invalid,Kampala,2004-05-15,not_stated,2026-06-01,2026-06-28,SIMULATED customer confirmation
KMB-C02205,Fictional Member 02205,+256700052205,member.kmb2205@example.invalid,Jinja,1970-05-15,male,2025-10-01,2026-06-28,SIMULATED customer confirmation
KMB-C02208,Fictional Member 02208,+256700052208,member.kmb2208@example.invalid,Kampala,1973-05-15,male,2026-06-01,2026-06-28,SIMULATED customer confirmation
KMB-C02212,Fictional Member 02212,+256700052212,member.kmb2212@example.invalid,Kampala,1977-05-15,female,2026-06-01,2026-06-28,SIMULATED customer confirmation
KMB-C02224,Fictional Member 02224,+256700052224,member.kmb2224@example.invalid,Kampala,1989-05-15,female,2026-06-01,2026-06-28,SIMULATED customer confirmation
KMB-C02225,Fictional Member 02225,+256700052225,member.kmb2225@example.invalid,Jinja,1990-05-15,not_stated,2025-10-01,2026-06-28,SIMULATED customer confirmation
KMB-C02226,Fictional Member 02226,+256700052226,member.kmb2226@example.invalid,Mbarara,1991-05-15,male,2026-06-01,2026-06-28,SIMULATED customer confirmation
KMB-C02233,Fictional Member 02233,+256700052233,member.kmb2233@example.invalid,Jinja,1998-05-15,female,2026-06-01,2026-06-28,SIMULATED customer confirmation
KMB-C02240,Fictional Member 02240,+256700052240,member.kmb2240@example.invalid,Kampala,1970-05-15,not_stated,2025-10-01,2026-06-28,SIMULATED customer confirmation
KMB-C02247,Fictional Member 02247,+256700052247,member.kmb2247@example.invalid,Gulu,1977-05-15,male,2026-06-01,2026-06-28,SIMULATED customer confirmation
KMB-C02250,Fictional Member 02250,+256700052250,member.kmb2250@example.invalid,Mbarara,1980-05-15,male,2025-10-01,2026-06-28,SIMULATED customer confirmation
KMB-C02254,Fictional Member 02254,+256700052254,member.kmb2254@example.invalid,Mbarara,1984-05-15,female,2026-06-01,2026-06-28,SIMULATED customer confirmation
KMB-C02256,Fictional Member 02256,+256700052256,member.kmb2256@example.invalid,Kampala,1986-05-15,male,2026-06-01,2026-06-28,SIMULATED customer confirmation
KMB-C02262,Fictional Member 02262,+256700052262,member.kmb2262@example.invalid,Mbarara,1992-05-15,male,2026-06-01,2026-06-28,SIMULATED customer confirmation
KMB-C02268,Fictional Member 02268,+256700052268,member.kmb2268@example.invalid,Kampala,1998-05-15,male,2026-06-01,2026-06-28,SIMULATED customer confirmation
KMB-C02272,Fictional Member 02272,+256700052272,member.kmb2272@example.invalid,Kampala,2002-05-15,female,2026-06-01,2026-06-28,SIMULATED customer confirmation
KMB-C02275,Fictional Member 02275,+256700052275,member.kmb2275@example.invalid,Gulu,1970-05-15,female,2025-10-01,2026-06-28,SIMULATED customer confirmation
KMB-C02282,Fictional Member 02282,+256700052282,member.kmb2282@example.invalid,Mbarara,1977-05-15,not_stated,2026-06-01,2026-06-28,SIMULATED customer confirmation
KMB-C02288,Fictional Member 02288,+256700052288,member.kmb2288@example.invalid,Kampala,1983-05-15,not_stated,2026-06-01,2026-06-28,SIMULATED customer confirmation
KMB-C02289,Fictional Member 02289,+256700052289,member.kmb2289@example.invalid,Jinja,1984-05-15,male,2026-06-01,2026-06-28,SIMULATED customer confirmation
KMB-C02291,Fictional Member 02291,+256700052291,member.kmb2291@example.invalid,Gulu,1986-05-15,not_stated,2026-06-01,2026-06-28,SIMULATED customer confirmation
KMB-C02296,Fictional Member 02296,+256700052296,member.kmb2296@example.invalid,Kampala,1991-05-15,female,2026-06-01,2026-06-28,SIMULATED customer confirmation
KMB-C02300,Fictional Member 02300,+256700052300,member.kmb2300@example.invalid,Kampala,1995-05-15,not_stated,2025-10-01,2026-06-28,SIMULATED customer confirmation
KMB-C02304,Fictional Member 02304,+256700052304,member.kmb2304@example.invalid,Kampala,1999-05-15,male,2026-06-01,2026-06-28,SIMULATED customer confirmation
KMB-C02310,Fictional Member 02310,+256700052310,member.kmb2310@example.invalid,Mbarara,1970-05-15,male,2025-10-01,2026-06-28,SIMULATED customer confirmation
KMB-C02320,Fictional Member 02320,+256700052320,member.kmb2320@example.invalid,Kampala,1980-05-15,female,2025-10-01,2026-06-28,SIMULATED customer confirmation
KMB-C02324,Fictional Member 02324,+256700052324,member.kmb2324@example.invalid,Kampala,1984-05-15,not_stated,2026-06-01,2026-06-28,SIMULATED customer confirmation
KMB-C02325,Fictional Member 02325,+256700052325,member.kmb2325@example.invalid,Jinja,1985-05-15,male,2025-10-01,2026-06-28,SIMULATED customer confirmation
KMB-C02331,Fictional Member 02331,+256700052331,member.kmb2331@example.invalid,Gulu,1991-05-15,male,2026-06-01,2026-06-28,SIMULATED customer confirmation
KMB-C02336,Fictional Member 02336,+256700052336,member.kmb2336@example.invalid,Kampala,1996-05-15,not_stated,2026-06-01,2026-06-28,SIMULATED customer confirmation
KMB-C02338,Fictional Member 02338,+256700052338,member.kmb2338@example.invalid,Mbarara,1998-05-15,female,2026-06-01,2026-06-28,SIMULATED customer confirmation
KMB-C02349,Fictional Member 02349,+256700052349,member.kmb2349@example.invalid,Jinja,1974-05-15,male,2026-06-01,2026-06-28,SIMULATED customer confirmation
KMB-C02350,Fictional Member 02350,+256700052350,member.kmb2350@example.invalid,Mbarara,1975-05-15,female,2025-10-01,2026-06-28,SIMULATED customer confirmation
KMB-C02352,Fictional Member 02352,+256700052352,member.kmb2352@example.invalid,Kampala,1977-05-15,male,2026-06-01,2026-06-28,SIMULATED customer confirmation
KMB-C02366,Fictional Member 02366,+256700052366,member.kmb2366@example.invalid,Mbarara,1991-05-15,not_stated,2026-06-01,2026-06-28,SIMULATED customer confirmation
KMB-C02368,Fictional Member 02368,+256700052368,member.kmb2368@example.invalid,Kampala,1993-05-15,female,2026-06-01,2026-06-28,SIMULATED customer confirmation
KMB-C02373,Fictional Member 02373,+256700052373,member.kmb2373@example.invalid,Jinja,1998-05-15,male,2026-06-01,2026-06-28,SIMULATED customer confirmation
KMB-C02375,Fictional Member 02375,+256700052375,member.kmb2375@example.invalid,Gulu,2000-05-15,not_stated,2025-10-01,2026-06-28,SIMULATED customer confirmation
KMB-C02378,Fictional Member 02378,+256700052378,member.kmb2378@example.invalid,Mbarara,2003-05-15,not_stated,2026-06-01,2026-06-28,SIMULATED customer confirmation
KMB-C02380,Fictional Member 02380,+256700052380,member.kmb2380@example.invalid,Kampala,1970-05-15,female,2025-10-01,2026-06-28,SIMULATED customer confirmation
KMB-C02384,Fictional Member 02384,+256700052384,member.kmb2384@example.invalid,Kampala,1974-05-15,not_stated,2026-06-01,2026-06-28,SIMULATED customer confirmation
KMB-C02394,Fictional Member 02394,+256700052394,member.kmb2394@example.invalid,Mbarara,1984-05-15,male,2026-06-01,2026-06-28,SIMULATED customer confirmation
KMB-C02400,Fictional Member 02400,+256700052400,member.kmb2400@example.invalid,Kampala,1990-05-15,male,2025-10-01,2026-06-28,SIMULATED customer confirmation
KMB-C02407,Fictional Member 02407,+256700052407,member.kmb2407@example.invalid,Gulu,1997-05-15,female,2026-06-01,2026-06-28,SIMULATED customer confirmation
KMB-C02408,Fictional Member 02408,+256700052408,member.kmb2408@example.invalid,Kampala,1998-05-15,not_stated,2026-06-01,2026-06-28,SIMULATED customer confirmation
KMB-C02415,Fictional Member 02415,+256700052415,member.kmb2415@example.invalid,Gulu,1970-05-15,male,2025-10-01,2026-06-28,SIMULATED customer confirmation
KMB-C02416,Fictional Member 02416,+256700052416,member.kmb2416@example.invalid,Kampala,1971-05-15,female,2026-06-01,2026-06-28,SIMULATED customer confirmation
KMB-C02422,Fictional Member 02422,+256700052422,member.kmb2422@example.invalid,Mbarara,1977-05-15,female,2026-06-01,2026-06-28,SIMULATED customer confirmation
KMB-C02425,Fictional Member 02425,+256700052425,member.kmb2425@example.invalid,Jinja,1980-05-15,female,2025-10-01,2026-06-28,SIMULATED customer confirmation
KMB-C02432,Fictional Member 02432,+256700052432,member.kmb2432@example.invalid,Kampala,1987-05-15,not_stated,2026-06-01,2026-06-28,SIMULATED customer confirmation
KMB-C02436,Fictional Member 02436,+256700052436,member.kmb2436@example.invalid,Kampala,1991-05-15,male,2026-06-01,2026-06-28,SIMULATED customer confirmation
KMB-C02448,Fictional Member 02448,+256700052448,member.kmb2448@example.invalid,Kampala,2003-05-15,male,2026-06-01,2026-06-28,SIMULATED customer confirmation
KMB-C02450,Fictional Member 02450,+256700052450,member.kmb2450@example.invalid,Mbarara,1970-05-15,not_stated,2025-10-01,2026-06-28,SIMULATED customer confirmation
KMB-C02457,Fictional Member 02457,+256700052457,member.kmb2457@example.invalid,Jinja,1977-05-15,male,2026-06-01,2026-06-28,SIMULATED customer confirmation
KMB-C02464,Fictional Member 02464,+256700052464,member.kmb2464@example.invalid,Kampala,1984-05-15,female,2026-06-01,2026-06-28,SIMULATED customer confirmation
KMB-C02465,Fictional Member 02465,+256700052465,member.kmb2465@example.invalid,Jinja,1985-05-15,not_stated,2025-10-01,2026-06-28,SIMULATED customer confirmation
KMB-C02475,Fictional Member 02475,+256700052475,member.kmb2475@example.invalid,Gulu,1995-05-15,male,2025-10-01,2026-06-28,SIMULATED customer confirmation
KMB-C02478,Fictional Member 02478,+256700052478,member.kmb2478@example.invalid,Mbarara,1998-05-15,male,2026-06-01,2026-06-28,SIMULATED customer confirmation
KMB-C02480,Fictional Member 02480,+256700052480,member.kmb2480@example.invalid,Kampala,2000-05-15,not_stated,2025-10-01,2026-06-28,SIMULATED customer confirmation
KMB-C02492,Fictional Member 02492,+256700052492,member.kmb2492@example.invalid,Kampala,1977-05-15,not_stated,2026-06-01,2026-06-28,SIMULATED customer confirmation
KMB-C02494,Fictional Member 02494,+256700052494,member.kmb2494@example.invalid,Mbarara,1979-05-15,female,2026-06-01,2026-06-28,SIMULATED customer confirmation
KMB-C02496,Fictional Member 02496,+256700052496,member.kmb2496@example.invalid,Kampala,1981-05-15,male,2026-06-01,2026-06-28,SIMULATED customer confirmation
KMB-C02499,Fictional Member 02499,+256700052499,member.kmb2499@example.invalid,Gulu,1984-05-15,male,2026-06-01,2026-06-28,SIMULATED customer confirmation
KMB-C02500,Fictional Member 02500,+256700052500,member.kmb2500@example.invalid,Kampala,1985-05-15,female,2025-10-01,2026-06-28,SIMULATED customer confirmation
KMB-C02506,Fictional Member 02506,+256700052506,member.kmb2506@example.invalid,Mbarara,1991-05-15,female,2026-06-01,2026-06-28,SIMULATED customer confirmation
KMB-C02512,Fictional Member 02512,+256700052512,member.kmb2512@example.invalid,Kampala,1997-05-15,female,2026-06-01,2026-06-28,SIMULATED customer confirmation
KMB-C02520,Fictional Member 02520,+256700052520,member.kmb2520@example.invalid,Kampala,1970-05-15,male,2025-10-01,2026-06-28,SIMULATED customer confirmation
KMB-C02523,Fictional Member 02523,+256700052523,member.kmb2523@example.invalid,Gulu,1973-05-15,male,2026-06-01,2026-06-28,SIMULATED customer confirmation
KMB-C02525,Fictional Member 02525,+256700052525,member.kmb2525@example.invalid,Jinja,1975-05-15,not_stated,2025-10-01,2026-06-28,SIMULATED customer confirmation
KMB-C02528,Fictional Member 02528,+256700052528,member.kmb2528@example.invalid,Kampala,1978-05-15,not_stated,2026-06-01,2026-06-28,SIMULATED customer confirmation
KMB-C02534,Fictional Member 02534,+256700052534,member.kmb2534@example.invalid,Mbarara,1984-05-15,not_stated,2026-06-01,2026-06-28,SIMULATED customer confirmation
KMB-C02541,Fictional Member 02541,+256700052541,member.kmb2541@example.invalid,Jinja,1991-05-15,male,2026-06-01,2026-06-28,SIMULATED customer confirmation
KMB-C02544,Fictional Member 02544,+256700052544,member.kmb2544@example.invalid,Kampala,1994-05-15,male,2026-06-01,2026-06-28,SIMULATED customer confirmation
KMB-C02548,Fictional Member 02548,+256700052548,member.kmb2548@example.invalid,Kampala,1998-05-15,female,2026-06-01,2026-06-28,SIMULATED customer confirmation
KMB-C02550,Fictional Member 02550,+256700052550,member.kmb2550@example.invalid,Mbarara,2000-05-15,male,2025-10-01,2026-06-28,SIMULATED customer confirmation
KMB-C02552,Fictional Member 02552,+256700052552,member.kmb2552@example.invalid,Kampala,2002-05-15,not_stated,2026-06-01,2026-06-28,SIMULATED customer confirmation
KMB-C02560,Fictional Member 02560,+256700052560,member.kmb2560@example.invalid,Kampala,1975-05-15,female,2025-10-01,2026-06-28,SIMULATED customer confirmation
KMB-C02562,Fictional Member 02562,+256700052562,member.kmb2562@example.invalid,Mbarara,1977-05-15,male,2026-06-01,2026-06-28,SIMULATED customer confirmation
KMB-C02575,Fictional Member 02575,+256700052575,member.kmb2575@example.invalid,Gulu,1990-05-15,female,2025-10-01,2026-06-28,SIMULATED customer confirmation
KMB-C02576,Fictional Member 02576,+256700052576,member.kmb2576@example.invalid,Kampala,1991-05-15,not_stated,2026-06-01,2026-06-28,SIMULATED customer confirmation
KMB-C02581,Fictional Member 02581,+256700052581,member.kmb2581@example.invalid,Jinja,1996-05-15,female,2026-06-01,2026-06-28,SIMULATED customer confirmation
KMB-C02583,Fictional Member 02583,+256700052583,member.kmb2583@example.invalid,Gulu,1998-05-15,male,2026-06-01,2026-06-28,SIMULATED customer confirmation
KMB-C02590,Fictional Member 02590,+256700052590,member.kmb2590@example.invalid,Mbarara,1970-05-15,female,2025-10-01,2026-06-28,SIMULATED customer confirmation
KMB-C02592,Fictional Member 02592,+256700052592,member.kmb2592@example.invalid,Kampala,1972-05-15,male,2026-06-01,2026-06-28,SIMULATED customer confirmation
KMB-C02600,Fictional Member 02600,+256700052600,member.kmb2600@example.invalid,Kampala,1980-05-15,not_stated,2025-10-01,2026-06-28,SIMULATED customer confirmation
KMB-C02604,Fictional Member 02604,+256700052604,member.kmb2604@example.invalid,Kampala,1984-05-15,male,2026-06-01,2026-06-28,SIMULATED customer confirmation
KMB-C02608,Fictional Member 02608,+256700052608,member.kmb2608@example.invalid,Kampala,1988-05-15,female,2026-06-01,2026-06-28,SIMULATED customer confirmation
KMB-C02610,Fictional Member 02610,+256700052610,member.kmb2610@example.invalid,Mbarara,1990-05-15,male,2025-10-01,2026-06-28,SIMULATED customer confirmation
KMB-C02618,Fictional Member 02618,+256700052618,member.kmb2618@example.invalid,Mbarara,1998-05-15,not_stated,2026-06-01,2026-06-28,SIMULATED customer confirmation
KMB-C02624,Fictional Member 02624,+256700052624,member.kmb2624@example.invalid,Kampala,2004-05-15,not_stated,2026-06-01,2026-06-28,SIMULATED customer confirmation
KMB-C02625,Fictional Member 02625,+256700052625,member.kmb2625@example.invalid,Jinja,1970-05-15,male,2025-10-01,2026-06-28,SIMULATED customer confirmation
KMB-C02632,Fictional Member 02632,+256700052632,member.kmb2632@example.invalid,Kampala,1977-05-15,female,2026-06-01,2026-06-28,SIMULATED customer confirmation
KMB-C02639,Fictional Member 02639,+256700052639,member.kmb2639@example.invalid,Gulu,1984-05-15,not_stated,2026-06-01,2026-06-28,SIMULATED customer confirmation
KMB-C02640,Fictional Member 02640,+256700052640,member.kmb2640@example.invalid,Kampala,1985-05-15,male,2025-10-01,2026-06-28,SIMULATED customer confirmation
KMB-C02646,Fictional Member 02646,+256700052646,member.kmb2646@example.invalid,Mbarara,1991-05-15,male,2026-06-01,2026-06-28,SIMULATED customer confirmation
KMB-C02650,Fictional Member 02650,+256700052650,member.kmb2650@example.invalid,Mbarara,1995-05-15,female,2025-10-01,2026-06-28,SIMULATED customer confirmation
KMB-C02656,Fictional Member 02656,+256700052656,member.kmb2656@example.invalid,Kampala,2001-05-15,female,2026-06-01,2026-06-28,SIMULATED customer confirmation
KMB-C02660,Fictional Member 02660,+256700052660,member.kmb2660@example.invalid,Kampala,1970-05-15,not_stated,2025-10-01,2026-06-28,SIMULATED customer confirmation
KMB-C02667,Fictional Member 02667,+256700052667,member.kmb2667@example.invalid,Gulu,1977-05-15,male,2026-06-01,2026-06-28,SIMULATED customer confirmation
KMB-C02668,Fictional Member 02668,+256700052668,member.kmb2668@example.invalid,Kampala,1978-05-15,female,2026-06-01,2026-06-28,SIMULATED customer confirmation
KMB-C02672,Fictional Member 02672,+256700052672,member.kmb2672@example.invalid,Kampala,1982-05-15,not_stated,2026-06-01,2026-06-28,SIMULATED customer confirmation
KMB-C02674,Fictional Member 02674,+256700052674,member.kmb2674@example.invalid,Mbarara,1984-05-15,female,2026-06-01,2026-06-28,SIMULATED customer confirmation
KMB-C02675,Fictional Member 02675,+256700052675,member.kmb2675@example.invalid,Gulu,1985-05-15,not_stated,2025-10-01,2026-06-28,SIMULATED customer confirmation
KMB-C02688,Fictional Member 02688,+256700052688,member.kmb2688@example.invalid,Kampala,1998-05-15,male,2026-06-01,2026-06-28,SIMULATED customer confirmation
KMB-C02697,Fictional Member 02697,+256700052697,member.kmb2697@example.invalid,Jinja,1972-05-15,male,2026-06-01,2026-06-28,SIMULATED customer confirmation
KMB-C02700,Fictional Member 02700,+256700052700,member.kmb2700@example.invalid,Kampala,1975-05-15,male,2025-10-01,2026-06-28,SIMULATED customer confirmation
KMB-C02702,Fictional Member 02702,+256700052702,member.kmb2702@example.invalid,Mbarara,1977-05-15,not_stated,2026-06-01,2026-06-28,SIMULATED customer confirmation
KMB-C02704,Fictional Member 02704,+256700052704,member.kmb2704@example.invalid,Kampala,1979-05-15,female,2026-06-01,2026-06-28,SIMULATED customer confirmation
KMB-C02709,Fictional Member 02709,+256700052709,member.kmb2709@example.invalid,Jinja,1984-05-15,male,2026-06-01,2026-06-28,SIMULATED customer confirmation
KMB-C02716,Fictional Member 02716,+256700052716,member.kmb2716@example.invalid,Kampala,1991-05-15,female,2026-06-01,2026-06-28,SIMULATED customer confirmation
KMB-C02720,Fictional Member 02720,+256700052720,member.kmb2720@example.invalid,Kampala,1995-05-15,not_stated,2025-10-01,2026-06-28,SIMULATED customer confirmation
KMB-C02725,Fictional Member 02725,+256700052725,member.kmb2725@example.invalid,Jinja,2000-05-15,female,2025-10-01,2026-06-28,SIMULATED customer confirmation
KMB-C02726,Fictional Member 02726,+256700052726,member.kmb2726@example.invalid,Mbarara,2001-05-15,not_stated,2026-06-01,2026-06-28,SIMULATED customer confirmation
KMB-C02730,Fictional Member 02730,+256700052730,member.kmb2730@example.invalid,Mbarara,1970-05-15,male,2025-10-01,2026-06-28,SIMULATED customer confirmation
KMB-C02736,Fictional Member 02736,+256700052736,member.kmb2736@example.invalid,Kampala,1976-05-15,male,2026-06-01,2026-06-28,SIMULATED customer confirmation
KMB-C02744,Fictional Member 02744,+256700052744,member.kmb2744@example.invalid,Kampala,1984-05-15,not_stated,2026-06-01,2026-06-28,SIMULATED customer confirmation
KMB-C02750,Fictional Member 02750,+256700052750,member.kmb2750@example.invalid,Mbarara,1990-05-15,not_stated,2025-10-01,2026-06-28,SIMULATED customer confirmation
KMB-C02751,Fictional Member 02751,+256700052751,member.kmb2751@example.invalid,Gulu,1991-05-15,male,2026-06-01,2026-06-28,SIMULATED customer confirmation
KMB-C02752,Fictional Member 02752,+256700052752,member.kmb2752@example.invalid,Kampala,1992-05-15,female,2026-06-01,2026-06-28,SIMULATED customer confirmation
KMB-C02755,Fictional Member 02755,+256700052755,member.kmb2755@example.invalid,Gulu,1995-05-15,female,2025-10-01,2026-06-28,SIMULATED customer confirmation
KMB-C02758,Fictional Member 02758,+256700052758,member.kmb2758@example.invalid,Mbarara,1998-05-15,female,2026-06-01,2026-06-28,SIMULATED customer confirmation
KMB-C02768,Fictional Member 02768,+256700052768,member.kmb2768@example.invalid,Kampala,1973-05-15,not_stated,2026-06-01,2026-06-28,SIMULATED customer confirmation
KMB-C02772,Fictional Member 02772,+256700052772,member.kmb2772@example.invalid,Kampala,1977-05-15,male,2026-06-01,2026-06-28,SIMULATED customer confirmation
KMB-C02775,Fictional Member 02775,+256700052775,member.kmb2775@example.invalid,Gulu,1980-05-15,male,2025-10-01,2026-06-28,SIMULATED customer confirmation
KMB-C02784,Fictional Member 02784,+256700052784,member.kmb2784@example.invalid,Kampala,1989-05-15,male,2026-06-01,2026-06-28,SIMULATED customer confirmation
KMB-C02786,Fictional Member 02786,+256700052786,member.kmb2786@example.invalid,Mbarara,1991-05-15,not_stated,2026-06-01,2026-06-28,SIMULATED customer confirmation
KMB-C02793,Fictional Member 02793,+256700052793,member.kmb2793@example.invalid,Jinja,1998-05-15,male,2026-06-01,2026-06-28,SIMULATED customer confirmation
KMB-C02800,Fictional Member 02800,+256700052800,member.kmb2800@example.invalid,Kampala,1970-05-15,female,2025-10-01,2026-06-28,SIMULATED customer confirmation
KMB-C02813,Fictional Member 02813,+256700052813,member.kmb2813@example.invalid,Jinja,1983-05-15,not_stated,2026-06-01,2026-06-28,SIMULATED customer confirmation
KMB-C02814,Fictional Member 02814,+256700052814,member.kmb2814@example.invalid,Mbarara,1984-05-15,male,2026-06-01,2026-06-28,SIMULATED customer confirmation
KMB-C02816,Fictional Member 02816,+256700052816,member.kmb2816@example.invalid,Kampala,1986-05-15,not_stated,2026-06-01,2026-06-28,SIMULATED customer confirmation
KMB-C02825,Fictional Member 02825,+256700052825,member.kmb2825@example.invalid,Jinja,1995-05-15,not_stated,2025-10-01,2026-06-28,SIMULATED customer confirmation
KMB-C02828,Fictional Member 02828,+256700052828,member.kmb2828@example.invalid,Kampala,1998-05-15,not_stated,2026-06-01,2026-06-28,SIMULATED customer confirmation
KMB-C02832,Fictional Member 02832,+256700052832,member.kmb2832@example.invalid,Kampala,2002-05-15,male,2026-06-01,2026-06-28,SIMULATED customer confirmation
KMB-C02835,Fictional Member 02835,+256700052835,member.kmb2835@example.invalid,Gulu,1970-05-15,male,2025-10-01,2026-06-28,SIMULATED customer confirmation
KMB-C02842,Fictional Member 02842,+256700052842,member.kmb2842@example.invalid,Mbarara,1977-05-15,female,2026-06-01,2026-06-28,SIMULATED customer confirmation
KMB-C02848,Fictional Member 02848,+256700052848,member.kmb2848@example.invalid,Kampala,1983-05-15,female,2026-06-01,2026-06-28,SIMULATED customer confirmation
KMB-C02850,Fictional Member 02850,+256700052850,member.kmb2850@example.invalid,Mbarara,1985-05-15,male,2025-10-01,2026-06-28,SIMULATED customer confirmation
KMB-C02856,Fictional Member 02856,+256700052856,member.kmb2856@example.invalid,Kampala,1991-05-15,male,2026-06-01,2026-06-28,SIMULATED customer confirmation
KMB-C02864,Fictional Member 02864,+256700052864,member.kmb2864@example.invalid,Kampala,1999-05-15,not_stated,2026-06-01,2026-06-28,SIMULATED customer confirmation
KMB-C02870,Fictional Member 02870,+256700052870,member.kmb2870@example.invalid,Mbarara,1970-05-15,not_stated,2025-10-01,2026-06-28,SIMULATED customer confirmation
KMB-C02871,Fictional Member 02871,+256700052871,member.kmb2871@example.invalid,Gulu,1971-05-15,male,2026-06-01,2026-06-28,SIMULATED customer confirmation
KMB-C02875,Fictional Member 02875,+256700052875,member.kmb2875@example.invalid,Gulu,1975-05-15,female,2025-10-01,2026-06-28,SIMULATED customer confirmation
KMB-C02877,Fictional Member 02877,+256700052877,member.kmb2877@example.invalid,Jinja,1977-05-15,male,2026-06-01,2026-06-28,SIMULATED customer confirmation
KMB-C02880,Fictional Member 02880,+256700052880,member.kmb2880@example.invalid,Kampala,1980-05-15,male,2025-10-01,2026-06-28,SIMULATED customer confirmation
KMB-C02884,Fictional Member 02884,+256700052884,member.kmb2884@example.invalid,Kampala,1984-05-15,female,2026-06-01,2026-06-28,SIMULATED customer confirmation
KMB-C02896,Fictional Member 02896,+256700052896,member.kmb2896@example.invalid,Kampala,1996-05-15,female,2026-06-01,2026-06-28,SIMULATED customer confirmation
KMB-C02898,Fictional Member 02898,+256700052898,member.kmb2898@example.invalid,Mbarara,1998-05-15,male,2026-06-01,2026-06-28,SIMULATED customer confirmation
KMB-C02900,Fictional Member 02900,+256700052900,member.kmb2900@example.invalid,Kampala,2000-05-15,not_stated,2025-10-01,2026-06-28,SIMULATED customer confirmation
KMB-C02912,Fictional Member 02912,+256700052912,member.kmb2912@example.invalid,Kampala,1977-05-15,not_stated,2026-06-01,2026-06-28,SIMULATED customer confirmation
KMB-C02919,Fictional Member 02919,+256700052919,member.kmb2919@example.invalid,Gulu,1984-05-15,male,2026-06-01,2026-06-28,SIMULATED customer confirmation
KMB-C02925,Fictional Member 02925,+256700052925,member.kmb2925@example.invalid,Jinja,1990-05-15,male,2025-10-01,2026-06-28,SIMULATED customer confirmation
KMB-C02926,Fictional Member 02926,+256700052926,member.kmb2926@example.invalid,Mbarara,1991-05-15,female,2026-06-01,2026-06-28,SIMULATED customer confirmation
KMB-C02928,Fictional Member 02928,+256700052928,member.kmb2928@example.invalid,Kampala,1993-05-15,male,2026-06-01,2026-06-28,SIMULATED customer confirmation
KMB-C02929,Fictional Member 02929,+256700052929,member.kmb2929@example.invalid,Jinja,1994-05-15,female,2026-06-01,2026-06-28,SIMULATED customer confirmation
KMB-C02940,Fictional Member 02940,+256700052940,member.kmb2940@example.invalid,Kampala,1970-05-15,male,2025-10-01,2026-06-28,SIMULATED customer confirmation
KMB-C02944,Fictional Member 02944,+256700052944,member.kmb2944@example.invalid,Kampala,1974-05-15,female,2026-06-01,2026-06-28,SIMULATED customer confirmation
KMB-C02950,Fictional Member 02950,+256700052950,member.kmb2950@example.invalid,Mbarara,1980-05-15,female,2025-10-01,2026-06-28,SIMULATED customer confirmation
KMB-C02954,Fictional Member 02954,+256700052954,member.kmb2954@example.invalid,Mbarara,1984-05-15,not_stated,2026-06-01,2026-06-28,SIMULATED customer confirmation
KMB-C02958,Fictional Member 02958,+256700052958,member.kmb2958@example.invalid,Mbarara,1988-05-15,male,2026-06-01,2026-06-28,SIMULATED customer confirmation
KMB-C02960,Fictional Member 02960,+256700052960,member.kmb2960@example.invalid,Kampala,1990-05-15,not_stated,2025-10-01,2026-06-28,SIMULATED customer confirmation
KMB-C02961,Fictional Member 02961,+256700052961,member.kmb2961@example.invalid,Jinja,1991-05-15,male,2026-06-01,2026-06-28,SIMULATED customer confirmation
KMB-C02968,Fictional Member 02968,+256700052968,member.kmb2968@example.invalid,Kampala,1998-05-15,female,2026-06-01,2026-06-28,SIMULATED customer confirmation
KMB-C02975,Fictional Member 02975,+256700052975,member.kmb2975@example.invalid,Gulu,1970-05-15,not_stated,2025-10-01,2026-06-28,SIMULATED customer confirmation
KMB-C02976,Fictional Member 02976,+256700052976,member.kmb2976@example.invalid,Kampala,1971-05-15,male,2026-06-01,2026-06-28,SIMULATED customer confirmation
KMB-C02982,Fictional Member 02982,+256700052982,member.kmb2982@example.invalid,Mbarara,1977-05-15,male,2026-06-01,2026-06-28,SIMULATED customer confirmation
KMB-C02987,Fictional Member 02987,+256700052987,member.kmb2987@example.invalid,Gulu,1982-05-15,not_stated,2026-06-01,2026-06-28,SIMULATED customer confirmation
KMB-C02992,Fictional Member 02992,+256700052992,member.kmb2992@example.invalid,Kampala,1987-05-15,female,2026-06-01,2026-06-28,SIMULATED customer confirmation
KMB-C02996,Fictional Member 02996,+256700052996,member.kmb2996@example.invalid,Kampala,1991-05-15,not_stated,2026-06-01,2026-06-28,SIMULATED customer confirmation
KMB-C03000,Fictional Member 03000,+256700053000,member.kmb3000@example.invalid,Kampala,1995-05-15,male,2025-10-01,2026-06-28,SIMULATED customer confirmation
KMB-C03003,Fictional Member 03003,+256700053003,member.kmb3003@example.invalid,Gulu,1998-05-15,male,2026-06-01,2026-06-28,SIMULATED customer confirmation
KMB-C03008,Fictional Member 03008,+256700053008,member.kmb3008@example.invalid,Kampala,2003-05-15,not_stated,2026-06-01,2026-06-28,SIMULATED customer confirmation
KMB-C03010,Fictional Member 03010,+256700053010,member.kmb3010@example.invalid,Mbarara,1970-05-15,female,2025-10-01,2026-06-28,SIMULATED customer confirmation
KMB-C03016,Fictional Member 03016,+256700053016,member.kmb3016@example.invalid,Kampala,1976-05-15,female,2026-06-01,2026-06-28,SIMULATED customer confirmation
KMB-C03024,Fictional Member 03024,+256700053024,member.kmb3024@example.invalid,Kampala,1984-05-15,male,2026-06-01,2026-06-28,SIMULATED customer confirmation
KMB-C03025,Fictional Member 03025,+256700053025,member.kmb3025@example.invalid,Jinja,1985-05-15,female,2025-10-01,2026-06-28,SIMULATED customer confirmation
KMB-C03038,Fictional Member 03038,+256700053038,member.kmb3038@example.invalid,Mbarara,1998-05-15,not_stated,2026-06-01,2026-06-28,SIMULATED customer confirmation
KMB-C03040,Fictional Member 03040,+256700053040,member.kmb3040@example.invalid,Kampala,2000-05-15,female,2025-10-01,2026-06-28,SIMULATED customer confirmation
KMB-C03045,Fictional Member 03045,+256700053045,member.kmb3045@example.invalid,Jinja,1970-05-15,male,2025-10-01,2026-06-28,SIMULATED customer confirmation
KMB-C03050,Fictional Member 03050,+256700053050,member.kmb3050@example.invalid,Mbarara,1975-05-15,not_stated,2025-10-01,2026-06-28,SIMULATED customer confirmation
KMB-C03052,Fictional Member 03052,+256700053052,member.kmb3052@example.invalid,Kampala,1977-05-15,female,2026-06-01,2026-06-28,SIMULATED customer confirmation
KMB-C03056,Fictional Member 03056,+256700053056,member.kmb3056@example.invalid,Kampala,1981-05-15,not_stated,2026-06-01,2026-06-28,SIMULATED customer confirmation
KMB-C03066,Fictional Member 03066,+256700053066,member.kmb3066@example.invalid,Mbarara,1991-05-15,male,2026-06-01,2026-06-28,SIMULATED customer confirmation
KMB-C03072,Fictional Member 03072,+256700053072,member.kmb3072@example.invalid,Kampala,1997-05-15,male,2026-06-01,2026-06-28,SIMULATED customer confirmation
KMB-C03074,Fictional Member 03074,+256700053074,member.kmb3074@example.invalid,Mbarara,1999-05-15,not_stated,2026-06-01,2026-06-28,SIMULATED customer confirmation
KMB-C03075,Fictional Member 03075,+256700053075,member.kmb3075@example.invalid,Gulu,2000-05-15,male,2025-10-01,2026-06-28,SIMULATED customer confirmation
KMB-C03080,Fictional Member 03080,+256700053080,member.kmb3080@example.invalid,Kampala,1970-05-15,not_stated,2025-10-01,2026-06-28,SIMULATED customer confirmation
KMB-C03087,Fictional Member 03087,+256700053087,member.kmb3087@example.invalid,Gulu,1977-05-15,male,2026-06-01,2026-06-28,SIMULATED customer confirmation
KMB-C03088,Fictional Member 03088,+256700053088,member.kmb3088@example.invalid,Kampala,1978-05-15,female,2026-06-01,2026-06-28,SIMULATED customer confirmation
KMB-C03094,Fictional Member 03094,+256700053094,member.kmb3094@example.invalid,Mbarara,1984-05-15,female,2026-06-01,2026-06-28,SIMULATED customer confirmation
KMB-C03100,Fictional Member 03100,+256700053100,member.kmb3100@example.invalid,Kampala,1990-05-15,female,2025-10-01,2026-06-28,SIMULATED customer confirmation
KMB-C03103,Fictional Member 03103,+256700053103,member.kmb3103@example.invalid,Gulu,1993-05-15,female,2026-06-01,2026-06-28,SIMULATED customer confirmation
KMB-C03104,Fictional Member 03104,+256700053104,member.kmb3104@example.invalid,Kampala,1994-05-15,not_stated,2026-06-01,2026-06-28,SIMULATED customer confirmation
KMB-C03108,Fictional Member 03108,+256700053108,member.kmb3108@example.invalid,Kampala,1998-05-15,male,2026-06-01,2026-06-28,SIMULATED customer confirmation
KMB-C03120,Fictional Member 03120,+256700053120,member.kmb3120@example.invalid,Kampala,1975-05-15,male,2025-10-01,2026-06-28,SIMULATED customer confirmation
KMB-C03122,Fictional Member 03122,+256700053122,member.kmb3122@example.invalid,Mbarara,1977-05-15,not_stated,2026-06-01,2026-06-28,SIMULATED customer confirmation
KMB-C03125,Fictional Member 03125,+256700053125,member.kmb3125@example.invalid,Jinja,1980-05-15,not_stated,2025-10-01,2026-06-28,SIMULATED customer confirmation
KMB-C03129,Fictional Member 03129,+256700053129,member.kmb3129@example.invalid,Jinja,1984-05-15,male,2026-06-01,2026-06-28,SIMULATED customer confirmation
KMB-C03132,Fictional Member 03132,+256700053132,member.kmb3132@example.invalid,Kampala,1987-05-15,male,2026-06-01,2026-06-28,SIMULATED customer confirmation
KMB-C03136,Fictional Member 03136,+256700053136,member.kmb3136@example.invalid,Kampala,1991-05-15,female,2026-06-01,2026-06-28,SIMULATED customer confirmation
KMB-C03150,Fictional Member 03150,+256700053150,member.kmb3150@example.invalid,Mbarara,1970-05-15,male,2025-10-01,2026-06-28,SIMULATED customer confirmation
KMB-C03152,Fictional Member 03152,+256700053152,member.kmb3152@example.invalid,Kampala,1972-05-15,not_stated,2026-06-01,2026-06-28,SIMULATED customer confirmation
KMB-C03161,Fictional Member 03161,+256700053161,member.kmb3161@example.invalid,Jinja,1981-05-15,not_stated,2026-06-01,2026-06-28,SIMULATED customer confirmation
KMB-C03164,Fictional Member 03164,+256700053164,member.kmb3164@example.invalid,Kampala,1984-05-15,not_stated,2026-06-01,2026-06-28,SIMULATED customer confirmation
KMB-C03168,Fictional Member 03168,+256700053168,member.kmb3168@example.invalid,Kampala,1988-05-15,male,2026-06-01,2026-06-28,SIMULATED customer confirmation
KMB-C03171,Fictional Member 03171,+256700053171,member.kmb3171@example.invalid,Gulu,1991-05-15,male,2026-06-01,2026-06-28,SIMULATED customer confirmation
KMB-C03175,Fictional Member 03175,+256700053175,member.kmb3175@example.invalid,Gulu,1995-05-15,female,2025-10-01,2026-06-28,SIMULATED customer confirmation
KMB-C03178,Fictional Member 03178,+256700053178,member.kmb3178@example.invalid,Mbarara,1998-05-15,female,2026-06-01,2026-06-28,SIMULATED customer confirmation
KMB-C03184,Fictional Member 03184,+256700053184,member.kmb3184@example.invalid,Kampala,2004-05-15,female,2026-06-01,2026-06-28,SIMULATED customer confirmation
KMB-C03190,Fictional Member 03190,+256700053190,member.kmb3190@example.invalid,Mbarara,1975-05-15,female,2025-10-01,2026-06-28,SIMULATED customer confirmation
KMB-C03192,Fictional Member 03192,+256700053192,member.kmb3192@example.invalid,Kampala,1977-05-15,male,2026-06-01,2026-06-28,SIMULATED customer confirmation
KMB-C03200,Fictional Member 03200,+256700053200,member.kmb3200@example.invalid,Kampala,1985-05-15,not_stated,2025-10-01,2026-06-28,SIMULATED customer confirmation
KMB-C03206,Fictional Member 03206,+256700053206,member.kmb3206@example.invalid,Mbarara,1991-05-15,not_stated,2026-06-01,2026-06-28,SIMULATED customer confirmation
KMB-C03213,Fictional Member 03213,+256700053213,member.kmb3213@example.invalid,Jinja,1998-05-15,male,2026-06-01,2026-06-28,SIMULATED customer confirmation
KMB-C03216,Fictional Member 03216,+256700053216,member.kmb3216@example.invalid,Kampala,2001-05-15,male,2026-06-01,2026-06-28,SIMULATED customer confirmation
KMB-C03219,Fictional Member 03219,+256700053219,member.kmb3219@example.invalid,Gulu,2004-05-15,male,2026-06-01,2026-06-28,SIMULATED customer confirmation
KMB-C03220,Fictional Member 03220,+256700053220,member.kmb3220@example.invalid,Kampala,1970-05-15,female,2025-10-01,2026-06-28,SIMULATED customer confirmation
KMB-C03225,Fictional Member 03225,+256700053225,member.kmb3225@example.invalid,Jinja,1975-05-15,male,2025-10-01,2026-06-28,SIMULATED customer confirmation
KMB-C03232,Fictional Member 03232,+256700053232,member.kmb3232@example.invalid,Kampala,1982-05-15,female,2026-06-01,2026-06-28,SIMULATED customer confirmation
KMB-C03234,Fictional Member 03234,+256700053234,member.kmb3234@example.invalid,Mbarara,1984-05-15,male,2026-06-01,2026-06-28,SIMULATED customer confirmation
KMB-C03248,Fictional Member 03248,+256700053248,member.kmb3248@example.invalid,Kampala,1998-05-15,not_stated,2026-06-01,2026-06-28,SIMULATED customer confirmation
KMB-C03250,Fictional Member 03250,+256700053250,member.kmb3250@example.invalid,Mbarara,2000-05-15,female,2025-10-01,2026-06-28,SIMULATED customer confirmation
KMB-C03255,Fictional Member 03255,+256700053255,member.kmb3255@example.invalid,Gulu,1970-05-15,male,2025-10-01,2026-06-28,SIMULATED customer confirmation
KMB-C03262,Fictional Member 03262,+256700053262,member.kmb3262@example.invalid,Mbarara,1977-05-15,female,2026-06-01,2026-06-28,SIMULATED customer confirmation
KMB-C03264,Fictional Member 03264,+256700053264,member.kmb3264@example.invalid,Kampala,1979-05-15,male,2026-06-01,2026-06-28,SIMULATED customer confirmation
KMB-C03275,Fictional Member 03275,+256700053275,member.kmb3275@example.invalid,Gulu,1990-05-15,not_stated,2025-10-01,2026-06-28,SIMULATED customer confirmation
KMB-C03276,Fictional Member 03276,+256700053276,member.kmb3276@example.invalid,Kampala,1991-05-15,male,2026-06-01,2026-06-28,SIMULATED customer confirmation
KMB-C03277,Fictional Member 03277,+256700053277,member.kmb3277@example.invalid,Jinja,1992-05-15,female,2026-06-01,2026-06-28,SIMULATED customer confirmation
KMB-C03280,Fictional Member 03280,+256700053280,member.kmb3280@example.invalid,Kampala,1995-05-15,female,2025-10-01,2026-06-28,SIMULATED customer confirmation
KMB-C03290,Fictional Member 03290,+256700053290,member.kmb3290@example.invalid,Mbarara,1970-05-15,not_stated,2025-10-01,2026-06-28,SIMULATED customer confirmation
KMB-C03296,Fictional Member 03296,+256700053296,member.kmb3296@example.invalid,Kampala,1976-05-15,not_stated,2026-06-01,2026-06-28,SIMULATED customer confirmation
KMB-C03297,Fictional Member 03297,+256700053297,member.kmb3297@example.invalid,Jinja,1977-05-15,male,2026-06-01,2026-06-28,SIMULATED customer confirmation
KMB-C03300,Fictional Member 03300,+256700053300,member.kmb3300@example.invalid,Kampala,1980-05-15,male,2025-10-01,2026-06-28,SIMULATED customer confirmation
KMB-C03304,Fictional Member 03304,+256700053304,member.kmb3304@example.invalid,Kampala,1984-05-15,female,2026-06-01,2026-06-28,SIMULATED customer confirmation
KMB-C03306,Fictional Member 03306,+256700053306,member.kmb3306@example.invalid,Mbarara,1986-05-15,male,2026-06-01,2026-06-28,SIMULATED customer confirmation
KMB-C03312,Fictional Member 03312,+256700053312,member.kmb3312@example.invalid,Kampala,1992-05-15,male,2026-06-01,2026-06-28,SIMULATED customer confirmation
KMB-C03318,Fictional Member 03318,+256700053318,member.kmb3318@example.invalid,Mbarara,1998-05-15,male,2026-06-01,2026-06-28,SIMULATED customer confirmation
KMB-C03325,Fictional Member 03325,+256700053325,member.kmb3325@example.invalid,Jinja,1970-05-15,female,2025-10-01,2026-06-28,SIMULATED customer confirmation
KMB-C03328,Fictional Member 03328,+256700053328,member.kmb3328@example.invalid,Kampala,1973-05-15,female,2026-06-01,2026-06-28,SIMULATED customer confirmation
KMB-C03332,Fictional Member 03332,+256700053332,member.kmb3332@example.invalid,Kampala,1977-05-15,not_stated,2026-06-01,2026-06-28,SIMULATED customer confirmation
KMB-C03335,Fictional Member 03335,+256700053335,member.kmb3335@example.invalid,Gulu,1980-05-15,not_stated,2025-10-01,2026-06-28,SIMULATED customer confirmation
KMB-C03339,Fictional Member 03339,+256700053339,member.kmb3339@example.invalid,Gulu,1984-05-15,male,2026-06-01,2026-06-28,SIMULATED customer confirmation
KMB-C03344,Fictional Member 03344,+256700053344,member.kmb3344@example.invalid,Kampala,1989-05-15,not_stated,2026-06-01,2026-06-28,SIMULATED customer confirmation
KMB-C03346,Fictional Member 03346,+256700053346,member.kmb3346@example.invalid,Mbarara,1991-05-15,female,2026-06-01,2026-06-28,SIMULATED customer confirmation
KMB-C03350,Fictional Member 03350,+256700053350,member.kmb3350@example.invalid,Mbarara,1995-05-15,not_stated,2025-10-01,2026-06-28,SIMULATED customer confirmation
KMB-C03360,Fictional Member 03360,+256700053360,member.kmb3360@example.invalid,Kampala,1970-05-15,male,2025-10-01,2026-06-28,SIMULATED customer confirmation
KMB-C03364,Fictional Member 03364,+256700053364,member.kmb3364@example.invalid,Kampala,1974-05-15,female,2026-06-01,2026-06-28,SIMULATED customer confirmation
KMB-C03374,Fictional Member 03374,+256700053374,member.kmb3374@example.invalid,Mbarara,1984-05-15,not_stated,2026-06-01,2026-06-28,SIMULATED customer confirmation
KMB-C03375,Fictional Member 03375,+256700053375,member.kmb3375@example.invalid,Gulu,1985-05-15,male,2025-10-01,2026-06-28,SIMULATED customer confirmation
KMB-C03376,Fictional Member 03376,+256700053376,member.kmb3376@example.invalid,Kampala,1986-05-15,female,2026-06-01,2026-06-28,SIMULATED customer confirmation
KMB-C03381,Fictional Member 03381,+256700053381,member.kmb3381@example.invalid,Jinja,1991-05-15,male,2026-06-01,2026-06-28,SIMULATED customer confirmation
KMB-C03388,Fictional Member 03388,+256700053388,member.kmb3388@example.invalid,Kampala,1998-05-15,female,2026-06-01,2026-06-28,SIMULATED customer confirmation
KMB-C03392,Fictional Member 03392,+256700053392,member.kmb3392@example.invalid,Kampala,2002-05-15,not_stated,2026-06-01,2026-06-28,SIMULATED customer confirmation
KMB-C03393,Fictional Member 03393,+256700053393,member.kmb3393@example.invalid,Jinja,2003-05-15,male,2026-06-01,2026-06-28,SIMULATED customer confirmation
KMB-C03400,Fictional Member 03400,+256700053400,member.kmb3400@example.invalid,Kampala,1975-05-15,female,2025-10-01,2026-06-28,SIMULATED customer confirmation
KMB-C03402,Fictional Member 03402,+256700053402,member.kmb3402@example.invalid,Mbarara,1977-05-15,male,2026-06-01,2026-06-28,SIMULATED customer confirmation
KMB-C03408,Fictional Member 03408,+256700053408,member.kmb3408@example.invalid,Kampala,1983-05-15,male,2026-06-01,2026-06-28,SIMULATED customer confirmation
KMB-C03416,Fictional Member 03416,+256700053416,member.kmb3416@example.invalid,Kampala,1991-05-15,not_stated,2026-06-01,2026-06-28,SIMULATED customer confirmation
KMB-C03422,Fictional Member 03422,+256700053422,member.kmb3422@example.invalid,Mbarara,1997-05-15,not_stated,2026-06-01,2026-06-28,SIMULATED customer confirmation
KMB-C03423,Fictional Member 03423,+256700053423,member.kmb3423@example.invalid,Gulu,1998-05-15,male,2026-06-01,2026-06-28,SIMULATED customer confirmation
KMB-C03424,Fictional Member 03424,+256700053424,member.kmb3424@example.invalid,Kampala,1999-05-15,female,2026-06-01,2026-06-28,SIMULATED customer confirmation
KMB-C03425,Fictional Member 03425,+256700053425,member.kmb3425@example.invalid,Jinja,2000-05-15,not_stated,2025-10-01,2026-06-28,SIMULATED customer confirmation
KMB-C03430,Fictional Member 03430,+256700053430,member.kmb3430@example.invalid,Mbarara,1970-05-15,female,2025-10-01,2026-06-28,SIMULATED customer confirmation
KMB-C03440,Fictional Member 03440,+256700053440,member.kmb3440@example.invalid,Kampala,1980-05-15,not_stated,2025-10-01,2026-06-28,SIMULATED customer confirmation
KMB-C03444,Fictional Member 03444,+256700053444,member.kmb3444@example.invalid,Kampala,1984-05-15,male,2026-06-01,2026-06-28,SIMULATED customer confirmation
KMB-C03450,Fictional Member 03450,+256700053450,member.kmb3450@example.invalid,Mbarara,1990-05-15,male,2025-10-01,2026-06-28,SIMULATED customer confirmation
KMB-C03451,Fictional Member 03451,+256700053451,member.kmb3451@example.invalid,Gulu,1991-05-15,female,2026-06-01,2026-06-28,SIMULATED customer confirmation
KMB-C03456,Fictional Member 03456,+256700053456,member.kmb3456@example.invalid,Kampala,1996-05-15,male,2026-06-01,2026-06-28,SIMULATED customer confirmation
KMB-C03458,Fictional Member 03458,+256700053458,member.kmb3458@example.invalid,Mbarara,1998-05-15,not_stated,2026-06-01,2026-06-28,SIMULATED customer confirmation
KMB-C03465,Fictional Member 03465,+256700053465,member.kmb3465@example.invalid,Jinja,1970-05-15,male,2025-10-01,2026-06-28,SIMULATED customer confirmation
KMB-C03472,Fictional Member 03472,+256700053472,member.kmb3472@example.invalid,Kampala,1977-05-15,female,2026-06-01,2026-06-28,SIMULATED customer confirmation
KMB-C03475,Fictional Member 03475,+256700053475,member.kmb3475@example.invalid,Gulu,1980-05-15,female,2025-10-01,2026-06-28,SIMULATED customer confirmation
KMB-C03480,Fictional Member 03480,+256700053480,member.kmb3480@example.invalid,Kampala,1985-05-15,male,2025-10-01,2026-06-28,SIMULATED customer confirmation
KMB-C03486,Fictional Member 03486,+256700053486,member.kmb3486@example.invalid,Mbarara,1991-05-15,male,2026-06-01,2026-06-28,SIMULATED customer confirmation
KMB-C03488,Fictional Member 03488,+256700053488,member.kmb3488@example.invalid,Kampala,1993-05-15,not_stated,2026-06-01,2026-06-28,SIMULATED customer confirmation
KMB-C03500,Fictional Member 03500,+256700053500,member.kmb3500@example.invalid,Kampala,1970-05-15,not_stated,2025-10-01,2026-06-28,SIMULATED customer confirmation
KMB-C03504,Fictional Member 03504,+256700053504,member.kmb3504@example.invalid,Kampala,1974-05-15,male,2026-06-01,2026-06-28,SIMULATED customer confirmation
KMB-C03507,Fictional Member 03507,+256700053507,member.kmb3507@example.invalid,Gulu,1977-05-15,male,2026-06-01,2026-06-28,SIMULATED customer confirmation
KMB-C03509,Fictional Member 03509,+256700053509,member.kmb3509@example.invalid,Jinja,1979-05-15,not_stated,2026-06-01,2026-06-28,SIMULATED customer confirmation
KMB-C03514,Fictional Member 03514,+256700053514,member.kmb3514@example.invalid,Mbarara,1984-05-15,female,2026-06-01,2026-06-28,SIMULATED customer confirmation
KMB-C03520,Fictional Member 03520,+256700053520,member.kmb3520@example.invalid,Kampala,1990-05-15,female,2025-10-01,2026-06-28,SIMULATED customer confirmation
KMB-C03525,Fictional Member 03525,+256700053525,member.kmb3525@example.invalid,Jinja,1995-05-15,male,2025-10-01,2026-06-28,SIMULATED customer confirmation
KMB-C03528,Fictional Member 03528,+256700053528,member.kmb3528@example.invalid,Kampala,1998-05-15,male,2026-06-01,2026-06-28,SIMULATED customer confirmation
KMB-C03536,Fictional Member 03536,+256700053536,member.kmb3536@example.invalid,Kampala,1971-05-15,not_stated,2026-06-01,2026-06-28,SIMULATED customer confirmation
KMB-C03538,Fictional Member 03538,+256700053538,member.kmb3538@example.invalid,Mbarara,1973-05-15,female,2026-06-01,2026-06-28,SIMULATED customer confirmation
KMB-C03542,Fictional Member 03542,+256700053542,member.kmb3542@example.invalid,Mbarara,1977-05-15,not_stated,2026-06-01,2026-06-28,SIMULATED customer confirmation
KMB-C03549,Fictional Member 03549,+256700053549,member.kmb3549@example.invalid,Jinja,1984-05-15,male,2026-06-01,2026-06-28,SIMULATED customer confirmation
KMB-C03550,Fictional Member 03550,+256700053550,member.kmb3550@example.invalid,Mbarara,1985-05-15,female,2025-10-01,2026-06-28,SIMULATED customer confirmation
KMB-C03552,Fictional Member 03552,+256700053552,member.kmb3552@example.invalid,Kampala,1987-05-15,male,2026-06-01,2026-06-28,SIMULATED customer confirmation
KMB-C03556,Fictional Member 03556,+256700053556,member.kmb3556@example.invalid,Kampala,1991-05-15,female,2026-06-01,2026-06-28,SIMULATED customer confirmation
KMB-C03567,Fictional Member 03567,+256700053567,member.kmb3567@example.invalid,Gulu,2002-05-15,male,2026-06-01,2026-06-28,SIMULATED customer confirmation
KMB-C03568,Fictional Member 03568,+256700053568,member.kmb3568@example.invalid,Kampala,2003-05-15,female,2026-06-01,2026-06-28,SIMULATED customer confirmation
KMB-C03570,Fictional Member 03570,+256700053570,member.kmb3570@example.invalid,Mbarara,1970-05-15,male,2025-10-01,2026-06-28,SIMULATED customer confirmation
KMB-C03575,Fictional Member 03575,+256700053575,member.kmb3575@example.invalid,Gulu,1975-05-15,not_stated,2025-10-01,2026-06-28,SIMULATED customer confirmation
KMB-C03584,Fictional Member 03584,+256700053584,member.kmb3584@example.invalid,Kampala,1984-05-15,not_stated,2026-06-01,2026-06-28,SIMULATED customer confirmation
KMB-C03591,Fictional Member 03591,+256700053591,member.kmb3591@example.invalid,Gulu,1991-05-15,male,2026-06-01,2026-06-28,SIMULATED customer confirmation
KMB-C03596,Fictional Member 03596,+256700053596,member.kmb3596@example.invalid,Kampala,1996-05-15,not_stated,2026-06-01,2026-06-28,SIMULATED customer confirmation
KMB-C03598,Fictional Member 03598,+256700053598,member.kmb3598@example.invalid,Mbarara,1998-05-15,female,2026-06-01,2026-06-28,SIMULATED customer confirmation
KMB-C03600,Fictional Member 03600,+256700053600,member.kmb3600@example.invalid,Kampala,2000-05-15,male,2025-10-01,2026-06-28,SIMULATED customer confirmation
KMB-C03612,Fictional Member 03612,+256700053612,member.kmb3612@example.invalid,Kampala,1977-05-15,male,2026-06-01,2026-06-28,SIMULATED customer confirmation
KMB-C03616,Fictional Member 03616,+256700053616,member.kmb3616@example.invalid,Kampala,1981-05-15,female,2026-06-01,2026-06-28,SIMULATED customer confirmation
KMB-C03625,Fictional Member 03625,+256700053625,member.kmb3625@example.invalid,Jinja,1990-05-15,female,2025-10-01,2026-06-28,SIMULATED customer confirmation
KMB-C03626,Fictional Member 03626,+256700053626,member.kmb3626@example.invalid,Mbarara,1991-05-15,not_stated,2026-06-01,2026-06-28,SIMULATED customer confirmation
KMB-C03632,Fictional Member 03632,+256700053632,member.kmb3632@example.invalid,Kampala,1997-05-15,not_stated,2026-06-01,2026-06-28,SIMULATED customer confirmation
KMB-C03633,Fictional Member 03633,+256700053633,member.kmb3633@example.invalid,Jinja,1998-05-15,male,2026-06-01,2026-06-28,SIMULATED customer confirmation
KMB-C03640,Fictional Member 03640,+256700053640,member.kmb3640@example.invalid,Kampala,1970-05-15,female,2025-10-01,2026-06-28,SIMULATED customer confirmation
KMB-C03648,Fictional Member 03648,+256700053648,member.kmb3648@example.invalid,Kampala,1978-05-15,male,2026-06-01,2026-06-28,SIMULATED customer confirmation
KMB-C03650,Fictional Member 03650,+256700053650,member.kmb3650@example.invalid,Mbarara,1980-05-15,not_stated,2025-10-01,2026-06-28,SIMULATED customer confirmation
KMB-C03654,Fictional Member 03654,+256700053654,member.kmb3654@example.invalid,Mbarara,1984-05-15,male,2026-06-01,2026-06-28,SIMULATED customer confirmation
KMB-C03664,Fictional Member 03664,+256700053664,member.kmb3664@example.invalid,Kampala,1994-05-15,female,2026-06-01,2026-06-28,SIMULATED customer confirmation
KMB-C03668,Fictional Member 03668,+256700053668,member.kmb3668@example.invalid,Kampala,1998-05-15,not_stated,2026-06-01,2026-06-28,SIMULATED customer confirmation
KMB-C03675,Fictional Member 03675,+256700053675,member.kmb3675@example.invalid,Gulu,1970-05-15,male,2025-10-01,2026-06-28,SIMULATED customer confirmation
KMB-C03680,Fictional Member 03680,+256700053680,member.kmb3680@example.invalid,Kampala,1975-05-15,not_stated,2025-10-01,2026-06-28,SIMULATED customer confirmation
KMB-C03682,Fictional Member 03682,+256700053682,member.kmb3682@example.invalid,Mbarara,1977-05-15,female,2026-06-01,2026-06-28,SIMULATED customer confirmation
KMB-C03683,Fictional Member 03683,+256700053683,member.kmb3683@example.invalid,Gulu,1978-05-15,not_stated,2026-06-01,2026-06-28,SIMULATED customer confirmation
KMB-C03696,Fictional Member 03696,+256700053696,member.kmb3696@example.invalid,Kampala,1991-05-15,male,2026-06-01,2026-06-28,SIMULATED customer confirmation
KMB-C03700,Fictional Member 03700,+256700053700,member.kmb3700@example.invalid,Kampala,1995-05-15,female,2025-10-01,2026-06-28,SIMULATED customer confirmation
KMB-C03710,Fictional Member 03710,+256700053710,member.kmb3710@example.invalid,Mbarara,1970-05-15,not_stated,2025-10-01,2026-06-28,SIMULATED customer confirmation
KMB-C03712,Fictional Member 03712,+256700053712,member.kmb3712@example.invalid,Kampala,1972-05-15,female,2026-06-01,2026-06-28,SIMULATED customer confirmation
KMB-C03717,Fictional Member 03717,+256700053717,member.kmb3717@example.invalid,Jinja,1977-05-15,male,2026-06-01,2026-06-28,SIMULATED customer confirmation
KMB-C03724,Fictional Member 03724,+256700053724,member.kmb3724@example.invalid,Kampala,1984-05-15,female,2026-06-01,2026-06-28,SIMULATED customer confirmation
KMB-C03725,Fictional Member 03725,+256700053725,member.kmb3725@example.invalid,Jinja,1985-05-15,not_stated,2025-10-01,2026-06-28,SIMULATED customer confirmation
KMB-C03728,Fictional Member 03728,+256700053728,member.kmb3728@example.invalid,Kampala,1988-05-15,not_stated,2026-06-01,2026-06-28,SIMULATED customer confirmation
KMB-C03738,Fictional Member 03738,+256700053738,member.kmb3738@example.invalid,Mbarara,1998-05-15,male,2026-06-01,2026-06-28,SIMULATED customer confirmation
KMB-C03741,Fictional Member 03741,+256700053741,member.kmb3741@example.invalid,Jinja,2001-05-15,male,2026-06-01,2026-06-28,SIMULATED customer confirmation
KMB-C03744,Fictional Member 03744,+256700053744,member.kmb3744@example.invalid,Kampala,2004-05-15,male,2026-06-01,2026-06-28,SIMULATED customer confirmation
KMB-C03750,Fictional Member 03750,+256700053750,member.kmb3750@example.invalid,Mbarara,1975-05-15,male,2025-10-01,2026-06-28,SIMULATED customer confirmation
KMB-C03752,Fictional Member 03752,+256700053752,member.kmb3752@example.invalid,Kampala,1977-05-15,not_stated,2026-06-01,2026-06-28,SIMULATED customer confirmation
KMB-C03759,Fictional Member 03759,+256700053759,member.kmb3759@example.invalid,Gulu,1984-05-15,male,2026-06-01,2026-06-28,SIMULATED customer confirmation
KMB-C03760,Fictional Member 03760,+256700053760,member.kmb3760@example.invalid,Kampala,1985-05-15,female,2025-10-01,2026-06-28,SIMULATED customer confirmation
KMB-C03766,Fictional Member 03766,+256700053766,member.kmb3766@example.invalid,Mbarara,1991-05-15,female,2026-06-01,2026-06-28,SIMULATED customer confirmation
KMB-C03770,Fictional Member 03770,+256700053770,member.kmb3770@example.invalid,Mbarara,1995-05-15,not_stated,2025-10-01,2026-06-28,SIMULATED customer confirmation
KMB-C03775,Fictional Member 03775,+256700053775,member.kmb3775@example.invalid,Gulu,2000-05-15,female,2025-10-01,2026-06-28,SIMULATED customer confirmation
KMB-C03776,Fictional Member 03776,+256700053776,member.kmb3776@example.invalid,Kampala,2001-05-15,not_stated,2026-06-01,2026-06-28,SIMULATED customer confirmation
KMB-C03780,Fictional Member 03780,+256700053780,member.kmb3780@example.invalid,Kampala,1970-05-15,male,2025-10-01,2026-06-28,SIMULATED customer confirmation
KMB-C03792,Fictional Member 03792,+256700053792,member.kmb3792@example.invalid,Kampala,1982-05-15,male,2026-06-01,2026-06-28,SIMULATED customer confirmation
KMB-C03794,Fictional Member 03794,+256700053794,member.kmb3794@example.invalid,Mbarara,1984-05-15,not_stated,2026-06-01,2026-06-28,SIMULATED customer confirmation
KMB-C03799,Fictional Member 03799,+256700053799,member.kmb3799@example.invalid,Gulu,1989-05-15,female,2026-06-01,2026-06-28,SIMULATED customer confirmation
KMB-C03800,Fictional Member 03800,+256700053800,member.kmb3800@example.invalid,Kampala,1990-05-15,not_stated,2025-10-01,2026-06-28,SIMULATED customer confirmation
KMB-C03801,Fictional Member 03801,+256700053801,member.kmb3801@example.invalid,Jinja,1991-05-15,male,2026-06-01,2026-06-28,SIMULATED customer confirmation
KMB-C03808,Fictional Member 03808,+256700053808,member.kmb3808@example.invalid,Kampala,1998-05-15,female,2026-06-01,2026-06-28,SIMULATED customer confirmation
KMB-C03822,Fictional Member 03822,+256700053822,member.kmb3822@example.invalid,Mbarara,1977-05-15,male,2026-06-01,2026-06-28,SIMULATED customer confirmation
KMB-C03824,Fictional Member 03824,+256700053824,member.kmb3824@example.invalid,Kampala,1979-05-15,not_stated,2026-06-01,2026-06-28,SIMULATED customer confirmation
KMB-C03825,Fictional Member 03825,+256700053825,member.kmb3825@example.invalid,Jinja,1980-05-15,male,2025-10-01,2026-06-28,SIMULATED customer confirmation
KMB-C03828,Fictional Member 03828,+256700053828,member.kmb3828@example.invalid,Kampala,1983-05-15,male,2026-06-01,2026-06-28,SIMULATED customer confirmation
KMB-C03836,Fictional Member 03836,+256700053836,member.kmb3836@example.invalid,Kampala,1991-05-15,not_stated,2026-06-01,2026-06-28,SIMULATED customer confirmation
KMB-C03840,Fictional Member 03840,+256700053840,member.kmb3840@example.invalid,Kampala,1995-05-15,male,2025-10-01,2026-06-28,SIMULATED customer confirmation
KMB-C03843,Fictional Member 03843,+256700053843,member.kmb3843@example.invalid,Gulu,1998-05-15,male,2026-06-01,2026-06-28,SIMULATED customer confirmation
KMB-C03850,Fictional Member 03850,+256700053850,member.kmb3850@example.invalid,Mbarara,1970-05-15,female,2025-10-01,2026-06-28,SIMULATED customer confirmation
KMB-C03856,Fictional Member 03856,+256700053856,member.kmb3856@example.invalid,Kampala,1976-05-15,female,2026-06-01,2026-06-28,SIMULATED customer confirmation
KMB-C03857,Fictional Member 03857,+256700053857,member.kmb3857@example.invalid,Jinja,1977-05-15,not_stated,2026-06-01,2026-06-28,SIMULATED customer confirmation
KMB-C03864,Fictional Member 03864,+256700053864,member.kmb3864@example.invalid,Kampala,1984-05-15,male,2026-06-01,2026-06-28,SIMULATED customer confirmation
KMB-C03872,Fictional Member 03872,+256700053872,member.kmb3872@example.invalid,Kampala,1992-05-15,not_stated,2026-06-01,2026-06-28,SIMULATED customer confirmation
KMB-C03875,Fictional Member 03875,+256700053875,member.kmb3875@example.invalid,Gulu,1995-05-15,not_stated,2025-10-01,2026-06-28,SIMULATED customer confirmation
KMB-C03878,Fictional Member 03878,+256700053878,member.kmb3878@example.invalid,Mbarara,1998-05-15,not_stated,2026-06-01,2026-06-28,SIMULATED customer confirmation
KMB-C03885,Fictional Member 03885,+256700053885,member.kmb3885@example.invalid,Jinja,1970-05-15,male,2025-10-01,2026-06-28,SIMULATED customer confirmation
KMB-C03886,Fictional Member 03886,+256700053886,member.kmb3886@example.invalid,Mbarara,1971-05-15,female,2026-06-01,2026-06-28,SIMULATED customer confirmation
KMB-C03888,Fictional Member 03888,+256700053888,member.kmb3888@example.invalid,Kampala,1973-05-15,male,2026-06-01,2026-06-28,SIMULATED customer confirmation
KMB-C03892,Fictional Member 03892,+256700053892,member.kmb3892@example.invalid,Kampala,1977-05-15,female,2026-06-01,2026-06-28,SIMULATED customer confirmation
KMB-C03900,Fictional Member 03900,+256700053900,member.kmb3900@example.invalid,Kampala,1985-05-15,male,2025-10-01,2026-06-28,SIMULATED customer confirmation
KMB-C03904,Fictional Member 03904,+256700053904,member.kmb3904@example.invalid,Kampala,1989-05-15,female,2026-06-01,2026-06-28,SIMULATED customer confirmation
KMB-C03906,Fictional Member 03906,+256700053906,member.kmb3906@example.invalid,Mbarara,1991-05-15,male,2026-06-01,2026-06-28,SIMULATED customer confirmation
KMB-C03915,Fictional Member 03915,+256700053915,member.kmb3915@example.invalid,Gulu,2000-05-15,male,2025-10-01,2026-06-28,SIMULATED customer confirmation
KMB-C03920,Fictional Member 03920,+256700053920,member.kmb3920@example.invalid,Kampala,1970-05-15,not_stated,2025-10-01,2026-06-28,SIMULATED customer confirmation
KMB-C03925,Fictional Member 03925,+256700053925,member.kmb3925@example.invalid,Jinja,1975-05-15,female,2025-10-01,2026-06-28,SIMULATED customer confirmation
KMB-C03927,Fictional Member 03927,+256700053927,member.kmb3927@example.invalid,Gulu,1977-05-15,male,2026-06-01,2026-06-28,SIMULATED customer confirmation
KMB-C03934,Fictional Member 03934,+256700053934,member.kmb3934@example.invalid,Mbarara,1984-05-15,female,2026-06-01,2026-06-28,SIMULATED customer confirmation
KMB-C03936,Fictional Member 03936,+256700053936,member.kmb3936@example.invalid,Kampala,1986-05-15,male,2026-06-01,2026-06-28,SIMULATED customer confirmation
KMB-C03944,Fictional Member 03944,+256700053944,member.kmb3944@example.invalid,Kampala,1994-05-15,not_stated,2026-06-01,2026-06-28,SIMULATED customer confirmation
KMB-C03948,Fictional Member 03948,+256700053948,member.kmb3948@example.invalid,Kampala,1998-05-15,male,2026-06-01,2026-06-28,SIMULATED customer confirmation
KMB-C03950,Fictional Member 03950,+256700053950,member.kmb3950@example.invalid,Mbarara,2000-05-15,not_stated,2025-10-01,2026-06-28,SIMULATED customer confirmation
KMB-C03952,Fictional Member 03952,+256700053952,member.kmb3952@example.invalid,Kampala,2002-05-15,female,2026-06-01,2026-06-28,SIMULATED customer confirmation
KMB-C03962,Fictional Member 03962,+256700053962,member.kmb3962@example.invalid,Mbarara,1977-05-15,not_stated,2026-06-01,2026-06-28,SIMULATED customer confirmation
KMB-C03968,Fictional Member 03968,+256700053968,member.kmb3968@example.invalid,Kampala,1983-05-15,not_stated,2026-06-01,2026-06-28,SIMULATED customer confirmation
KMB-C03969,Fictional Member 03969,+256700053969,member.kmb3969@example.invalid,Jinja,1984-05-15,male,2026-06-01,2026-06-28,SIMULATED customer confirmation
KMB-C03973,Fictional Member 03973,+256700053973,member.kmb3973@example.invalid,Jinja,1988-05-15,female,2026-06-01,2026-06-28,SIMULATED customer confirmation
KMB-C03975,Fictional Member 03975,+256700053975,member.kmb3975@example.invalid,Gulu,1990-05-15,male,2025-10-01,2026-06-28,SIMULATED customer confirmation
KMB-C03976,Fictional Member 03976,+256700053976,member.kmb3976@example.invalid,Kampala,1991-05-15,female,2026-06-01,2026-06-28,SIMULATED customer confirmation
KMB-C03984,Fictional Member 03984,+256700053984,member.kmb3984@example.invalid,Kampala,1999-05-15,male,2026-06-01,2026-06-28,SIMULATED customer confirmation
KMB-C03990,Fictional Member 03990,+256700053990,member.kmb3990@example.invalid,Mbarara,1970-05-15,male,2025-10-01,2026-06-28,SIMULATED customer confirmation
KMB-C04000,Fictional Member 04000,+256700054000,member.kmb4000@example.invalid,Kampala,1980-05-15,female,2025-10-01,2026-06-28,SIMULATED customer confirmation
KMB-C04002,Fictional Member 04002,+256700054002,member.kmb4002@example.invalid,Mbarara,1982-05-15,male,2026-06-01,2026-06-28,SIMULATED customer confirmation
KMB-C04004,Fictional Member 04004,+256700054004,member.kmb4004@example.invalid,Kampala,1984-05-15,not_stated,2026-06-01,2026-06-28,SIMULATED customer confirmation
KMB-C04011,Fictional Member 04011,+256700054011,member.kmb4011@example.invalid,Gulu,1991-05-15,male,2026-06-01,2026-06-28,SIMULATED customer confirmation
KMB-C04016,Fictional Member 04016,+256700054016,member.kmb4016@example.invalid,Kampala,1996-05-15,not_stated,2026-06-01,2026-06-28,SIMULATED customer confirmation
KMB-C04018,Fictional Member 04018,+256700054018,member.kmb4018@example.invalid,Mbarara,1998-05-15,female,2026-06-01,2026-06-28,SIMULATED customer confirmation
KMB-C04025,Fictional Member 04025,+256700054025,member.kmb4025@example.invalid,Jinja,1970-05-15,not_stated,2025-10-01,2026-06-28,SIMULATED customer confirmation
KMB-C04031,Fictional Member 04031,+256700054031,member.kmb4031@example.invalid,Gulu,1976-05-15,not_stated,2026-06-01,2026-06-28,SIMULATED customer confirmation
KMB-C04032,Fictional Member 04032,+256700054032,member.kmb4032@example.invalid,Kampala,1977-05-15,male,2026-06-01,2026-06-28,SIMULATED customer confirmation
KMB-C04046,Fictional Member 04046,+256700054046,member.kmb4046@example.invalid,Mbarara,1991-05-15,not_stated,2026-06-01,2026-06-28,SIMULATED customer confirmation
KMB-C04048,Fictional Member 04048,+256700054048,member.kmb4048@example.invalid,Kampala,1993-05-15,female,2026-06-01,2026-06-28,SIMULATED customer confirmation
KMB-C04050,Fictional Member 04050,+256700054050,member.kmb4050@example.invalid,Mbarara,1995-05-15,male,2025-10-01,2026-06-28,SIMULATED customer confirmation
KMB-C04053,Fictional Member 04053,+256700054053,member.kmb4053@example.invalid,Jinja,1998-05-15,male,2026-06-01,2026-06-28,SIMULATED customer confirmation
KMB-C04060,Fictional Member 04060,+256700054060,member.kmb4060@example.invalid,Kampala,1970-05-15,female,2025-10-01,2026-06-28,SIMULATED customer confirmation
KMB-C04064,Fictional Member 04064,+256700054064,member.kmb4064@example.invalid,Kampala,1974-05-15,not_stated,2026-06-01,2026-06-28,SIMULATED customer confirmation
KMB-C04074,Fictional Member 04074,+256700054074,member.kmb4074@example.invalid,Mbarara,1984-05-15,male,2026-06-01,2026-06-28,SIMULATED customer confirmation
KMB-C04075,Fictional Member 04075,+256700054075,member.kmb4075@example.invalid,Gulu,1985-05-15,female,2025-10-01,2026-06-28,SIMULATED customer confirmation
KMB-C04080,Fictional Member 04080,+256700054080,member.kmb4080@example.invalid,Kampala,1990-05-15,male,2025-10-01,2026-06-28,SIMULATED customer confirmation
KMB-C04088,Fictional Member 04088,+256700054088,member.kmb4088@example.invalid,Kampala,1998-05-15,not_stated,2026-06-01,2026-06-28,SIMULATED customer confirmation
KMB-C04089,Fictional Member 04089,+256700054089,member.kmb4089@example.invalid,Jinja,1999-05-15,male,2026-06-01,2026-06-28,SIMULATED customer confirmation
KMB-C04095,Fictional Member 04095,+256700054095,member.kmb4095@example.invalid,Gulu,1970-05-15,male,2025-10-01,2026-06-28,SIMULATED customer confirmation
KMB-C04096,Fictional Member 04096,+256700054096,member.kmb4096@example.invalid,Kampala,1971-05-15,female,2026-06-01,2026-06-28,SIMULATED customer confirmation
