customer_token,district
dea15024500ed8427402762c27a00e86404225e59aa59021a42a15f6132a0be8,Kampala
e74cf5d7832dce67a4a3c11fef7ef71e7491dba961dcdee02447157683c852a6,Jinja
0fd3f63e46d7020349b140ec72e2e3dbaae471c59b1f17aa56cd5305f9f0c2f5,Mbarara
09a974a064aa6ac90b0b794924b0ac7e43ea657865b689eb83ddd23bd79446cf,Gulu
ccf692ca19b13e9d1ddd0ca36a90f8b5d51a6abbfdaddfe8e4bef6c203d76d92,Kampala
78984b62be4e5f7e9ccbe57e447ab15090cd0501276296f194c6fee58e1e5670,Jinja
03c4df419ad9973d7fa74700980c294f334da18afdcbd3a88effc50b986c99e6,Mbarara
8161016ab368abf5badc9726330fd8deae2e34a8b6325051ad868ba7b7217bdc,Gulu
135bd87f8893cae6648f997845910d4a16ab1cfd2c11350001d83749809c1a50,Kampala
d66741611364f1c5b9af7ac72507f15994f08036356dfce091adab50d4f9e4fc,Jinja
84f0e81e6ba2292326d5e2a273a8ba8d81754756f4962f0d626fca7f39a6fdad,Mbarara
d59e1bf45899f40509105f323be1608e122f670f70b4edc6aa61b549c39db054,Gulu
1509c86d4bf1f652ff71694d09e6cc600344dad1b23cd1b5376188289627a40d,Kampala
340d917f09248947ae2cd3898698d3cd9569612579a81743c292636b1cd3f53d,Jinja
0731ce389c2dfa7b4eaeb2d6de7f66b0f07b78c91f2b35b1b9076d029f640859,Mbarara
9392465bbb766469351b1e69c5c308c05385a2579fbf1e13e0847a617cdf8e8a,Gulu
0e7ce5cab2d7697c2d5505f69e629ec4f075c0032edb9324d23f34cb90cb0268,Kampala
4c03b9562263570b4eb2486c24ac78912c6bfe570ac16ca41f645f2d13b75011,Jinja
7e898078f85e0e01c7364390114fb8e33f174c71a0ba8bc1581b8420ae1e5c57,Mbarara
fcc4dbf27833924b3e862981c7e65d5928aa41ab51903f4bf4d6a40297ddb11c,Gulu
1e2be17436e1a8f7490176dd09529e7b67212df2704da11d66eb19376229d95f,Kampala
a31c2de8c47b725c531e5999df4686a43f394bb81ec2b09b7b471e0441e0305d,Jinja
ec8ec4abe933c400d335958b33b2f03e8bc4cda84f368453adca39b66e1e6629,Mbarara
12ad055e0857fff4b600a6aab5cbd5f6c7e37a1f4d87eb2e9fc52d0a70030c17,Gulu
5fe4d512a266a0fa070b437a0be790c2d5c2defdce4c43b4db7ca36a12cf1ed0,Kampala
601e34e244a8d1d470685a48c6eb4a0c6d0c9b720a01ec2950160f0f67a37d31,Jinja
6dbc74d31b28416cddfe87d5091a0a25864d518e38fe21fee6513787e5e45a1c,Mbarara
dc4f6348a693f657ef1585d9bf5999ae83eedc148ec3c638796c401e42f94edc,Gulu
23010fd54e4eed0c3441eeb17a8caa916058a6097eb32ae0a43a57861a7dc304,Kampala
bb9765cad527f19f35ea33ce4848b9146a6b913199c73f7fe9a6b0ba1a29a53b,Jinja
88cb3b4808537fd67528627eb30f26b4aa5d4e7e580a3c820038b8c6e2f71159,Mbarara
e465271aa4641e665b96a6ef5acf0aa73b31b0beba17ae1561db8dbcdd8da202,Gulu
003b9906bad8dc5fc4bff2302192415cbac88e3f0efddb4ae707b55baed9a10b,Kampala
f3261aad71a7e22082bc1c7f74b1afe1aa90f90d1c0459a1f28c43d0aab3fb3d,Jinja
659d4f5c9a56cd6b9acd2e9c49c78bc35c1aa5c296b1412db09d9a9c491f86fb,Mbarara
f11bfa61928aead4764255eecd88d807d832507620aa6863bc3efebeecedbeb5,Gulu
ff2f5c9ee25170c2feff62c3c0258d8451edd15563fa0fedb6d04ba1ba454d36,Kampala
da8c7b5bed866c6eb013a795b2675dc1709ab754009b85799bb5360ecee0114c,Jinja
c1e6827001e5db983aa6175a34a27e495b45d37058a2d9884abbccd99f8fedf6,Mbarara
8a679613b6b2a36da70c39b76f550ad16951c1f1b66d261060f2c2f930228f6a,Gulu
791ea8483806abe9f4d67eaf6780a36e4615e6941fc73ec08f04c1bacd0d8fed,Kampala
49a7a030179359d349ca0738f755bf2055ac9c218d4c8820af3b4b5c021ae988,Jinja
a284307ae6b357bfec9e17b9c201623d95d2ab7b80dd8f9bf92b8d355eb56218,Mbarara
2d07fe43e0e07dc109afeaa2d8bc4dfbdaa78bde9f24a33a25c3b85a869b7171,Gulu
abda280e94d400cf9a3859660fd6204aae849335df3eb07eac2ebe11b00268ae,Kampala
e053516506df7b0ba7d6bd081fdb6b5d7aa752022d1893098a9098fd6f94624c,Jinja
f7cfc407cf9451a24544f160294c07d446b9bba6e611658f235e4fca7269faaf,Mbarara
fbb1fa6d8a604dda06ce1dfc38dedfb44a829f80df652b7158e81c405eb7e333,Gulu
29ca459b898da675d9a61df0b7370b19b706fc2b09e42c015b852479a92c0490,Kampala
b4a513f0cd8716283f820f58ab8efca6ce36dd6612c7302906fd574b1584c046,Jinja
f8cd88ab5816353368549c2740a091fcc636ec7722af0b985b45fd33ba6e12c9,Mbarara
ed8fc838f85847a409d8e2a80daf474b9fb1332f7cf2549189ecbc0351b95bec,Gulu
dbbb44e5cd24545bb237847b357cffe5b64ef7538ba20b6d349be611f1e05548,Kampala
2c17ea363b2762e999d912b877d40ac0b5fcf977eaecf83d203c6eaac88cc526,Jinja
f8289719cf5f3b52469e4a90efdb42f69ee3bfb77d020d16611689ced5022a54,Mbarara
fa0ffe59d196f43bac1990176710a541a028f1dbadbb012744919567b9292d02,Gulu
9173a878a21d75e905ca90e8b5d641fa9a9f6eef1893c02bd696ced5d7dbd867,Kampala
249be261f17b1ec169ecdce51b8c36dd67f8c53e37f91d1ace5fa39202b81352,Jinja
5aa1d508e6dab6d7ab9c34aedb8c656fac4772813efd5c396d78fa7e217e08aa,Mbarara
c147cc1e394eda8b49971741d258513aebfa6cb8355b42c28f246e4dc03e6e90,Gulu
ec2a94d42703f1faa843f7d2119c1db8f1b02d37301d660883b446a6131a545a,Kampala
933017d6b6d49c7acc37c4181234d013d2a1bda88adb3b5302d6acd8c0d0074a,Jinja
aac33d4d168648e17429460391f7327b274b0633afea37e2696ed01459c510f0,Mbarara
5296bed6ea74fabee78e4e3d263a45eb26f735e3bf222aaeb481579ca48f9a8a,Gulu
38564f2a894f650a534a3887dc382db6e0c3530613b12cb4dc416ff262e12ba7,Kampala
dfcd81495add9d14674b236c3a288e71687c80ec992effad371d4ab7f0218cfd,Jinja
6fba379cf1e240e07e457afec0bffbfd2eaef43b95ac86cbeaef16ad990d59b4,Mbarara
b4342c47f0986a60a5317626826ccbadfa42d0f9d5ccf96c595acc1c4c3cda58,Gulu
de521c65aa8000cf7f25564652293f647ea9c56c09646cafe057e88fb303752d,Kampala
7da8ca5583443370ff0a2d0123dac5b1a5f364b3712702dc893a692ec6ae8d87,Jinja
8d45f03c0317c2c1abe488792b2af0fad9ae9353936d68c3a371155e1e0712f4,Mbarara
92aefa0426918d20e77e9c672a3675dca0836d0b39a352fea5af2e775db3741d,Gulu
59a8beab5ef459aa298023bae468ec152fb32479bc035d15d7b25238f0af1be0,Kampala
1584eb000e6124b3f7ec64e8ea0bfec000b7faba2718d86ca8847162d5f956ae,Jinja
c0462b5d9b07dfee98371ca70f598efc2cffb9d60edc64b18d1decb996dafdcf,Mbarara
851adcd54249ff34226272601020c72507835a9d1f127ef589e90f40ca88f686,Gulu
7e7e0db3d9bc6d208ba48bc2c12dd31cb4d97c34dd989ac826500cc468463064,Kampala
5207850019492f82c5d72ed799849b5447ff046ca60c88c4d3261bdf89484280,Jinja
d01275bc3c02ec26a39e3eda07bc60beb46393184485fbcd3e46b569a617e962,Mbarara
13ec2c612fccf6597688989faecf757cc1c50b033474829e05157747158e7410,Gulu
329d55c29d192e9bdf66820d0e969356ee76448f867b36596085f1697e533c44,Kampala
3217617724c4e63ce4c77b6e3e29090d74f75ce88c9ae52dd7957d1cdd750eb9,Jinja
b2c49500a2c6ac8dbf7181ed1a4f1aa567b32ad95cea500b156cd441473a7827,Mbarara
e1c75c76e3f50638a2854ce0197f5a938a99f6ff4f519a3a44e6d91e56e8ba2a,Gulu
dd30e2ee956239dececa82f627b7884c1f0a734b0718af087635135349bf26c7,Kampala
e2af132126c78639a9e058e44833253f1db13801baafc3c2b871158d88b9133f,Jinja
10ca51c161c55dd0689040ecd19110e83cc51ee75f8e024a116d68b99f4795a8,Mbarara
b17d0a6e3016d6f3165c20d2dfb4ad1556c03aefb41cc694e5385beba83fe6ce,Gulu
c58aee3259f7eb42d8b5ecdd37563ca68f21a83541f8a9b52a49116869acd75b,Kampala
9a2c92f8ba0879da01bfecb78e84b8c6006853bd51cb9bad79cb7e8a9be372b9,Jinja
fa3908867afbd8b1d38f79cc3ac6d4b2214f3a0d66a8c92f89c6e82dfa46672d,Mbarara
51ec4f73f296bbeea4ed115a016616031522b66846563d0a5bb89e273863c896,Gulu
2e9ff1a83a2f4c8a6a04c21857238b654ba446e51fa56d7ab94a44084eff644a,Kampala
eda6640589667db974f4716e069df5a836cef7139e2605ccbbd30d6705b8ae22,Jinja
cc8eb269242b7ef407ee1b173a72f4159da93d8cde8ac5eb41cdb2185f920963,Mbarara
a56896f2be5894faf52b9ea4d9d2ac73979bd337cfa0c1d3dcbffc1710172e99,Gulu
d6345a6ca2f66e319b3248304e03e6112c37f5cc047da0af5dfbec8239414ea3,Kampala
51ae38326ea7cab7dce9795b978da0431813a3ec4c6a87ed2ba93e2540fb677a,Jinja
0550f667972557ab86f853ae1f535d3af7facbc8794000b5fba5d5b7c968377d,Mbarara
df664ffac05b4091ae65a8a862f4883f99f8ac485a83310b06040022b7709c66,Gulu
64e7e871e877c710668eb6eb063a67ef08f7de776b0b5ad2b842b6e5bb383fd5,Kampala
04644ad44a06930281d0701d6231c179a90aa96db446fa20b669f8ff9d428c06,Jinja
bcba808746f708d8d5cec10a52afef9762603f13ba1846857f241eb008381b4a,Mbarara
987b1e1d192e9528b507524386204d8f1fdfbf2781db4090c786a78aaef0d7cc,Gulu
32136efdb6acb72c5d7e152bd9341eaba246edd63855d08d294f7b14bcfb6f5b,Kampala
1eb77f35c4f10315bdb0f1bf135dbcd7a5b844c079bad5c33718aa3706cbbb95,Jinja
912d12f17e1dc8e5bd55199259bad5e5fd1c1be7aa619d6ffa1858577828b330,Mbarara
2b4d74193ec0a4e57570dc831647c1fab70be034da5d0832d2f5def1097d29af,Gulu
0ad3e0cf5e534450f3e510bd4acf9734fdab0d4ff3ce1c73384abd0efa2945cd,Kampala
3e55df698155c46890929e0382cfe439935da2f23ecab8365b00201ecb71dfb3,Jinja
4bb8bc5989b13d2b34328f9f71b2e74da0fb0400fd111999bea08fbea80ebab6,Mbarara
aad720fa4c8f941c0529780739289ee709d70d82aa1162ce91b2ea3c5ab13be0,Gulu
c02650dd92b0e1a7e2eac0ce9f6735eacaab97537eba91163db0acd84db81591,Kampala
d6194c7f4cbbdeb3fb97fa2d2312f7603e38089af3f186fed1735fd1117e6657,Jinja
63d1f5d683c5408a6e3eee8313425da2b8c05b30ced1e35dec7447524611117e,Mbarara
6b93680997035ba0cca0feff4ec8695eb4e76d5fd4cccf825157b5d93e006c0b,Gulu
d2a5d278b47f82de7ec994877ea58997eeb7d1fb775268268e66dcd864248bea,Kampala
811da5005b617643e82cc5db628fef1f36ba231bc91115fb8c3d7ba3be4227bb,Jinja
689f03f583e739c7a153cdaaa5ad3fb66c31b26caff186dc088e974c7e8fbe09,Mbarara
bbb1810ae61744d9a309372ea17faff8f11890cf4eb642bc212827a1af42bb92,Gulu
a64f0a5473913419b0c4993d4e6f6946dbfab273f9ab4268e54ad2c3877a94c7,Kampala
509b5532965e49e5ce883dc5ed4413643d0278b0f950b9d7cfeb1cf6c8816e41,Jinja
eb40259db27229f7597c4ba0ca1da846674f30fa0ec4bce45bf9aeeee948583b,Mbarara
b724384cad69b2af226598acd8cb9b31ef971a5270d75d7931b587a75cf71746,Gulu
5549b3901775ac1702087d7fc52abacccfb9588c7067aedfaab8c54ff1263db2,Kampala
3adcba8dcaa8d476c4164b554f67e3fbb2aace2bdd2b7aca1a05a94a0fb04b9c,Jinja
cb007f47dcadb2511b0232695fe608be87ff3a46b07226b2e565c7faad84c725,Mbarara
a1e92aa4e1da62483342fbd50b38a0c261e9d093630e66e05f6960b446b3029b,Gulu
a28ddcccdf8a4a3927877fddf2548572ff8c998060c8d85dbb026b8c121ce22d,Kampala
95e723ecbd12e93e4a03cb700b20fd93d1252eb761b641988fcf5ecf376e2bca,Jinja
16a3a4fc33f8a9076ffd2c1893c6c2bbc3e83fe5ad40f6c5684819d385ffbc23,Mbarara
3999d41f35197605e7836aaa89b0e71f42f25441dd459fbfa7ae1dadc70299c2,Gulu
ac66302eb54e11d2748af25484669c684e178bb0b7fb206e863095c8e952d86f,Kampala
f80d5a51417144fc79796114917aa8fa91731198d3283866b0e9c908b5898f15,Jinja
92982ba244eae1cec3a82a93eb08a82b8364f05a17b376e58724bccfedf51a67,Mbarara
b44e4083e74ff3e48bdb16c283b3acc17c15df6745e065ef348022cafee35517,Gulu
a98c3d8deef10c8a0aefbbc6be1ecfdba05d80d541164b1bb7a073f399f51eb9,Kampala
a708e972742f014c959012f83a7dac6c3d72147d77558a4023cef2fe268e7e11,Jinja
984d5e48fbef713ad23d112193edd11d46b2bb3fd2fe0d4b3eee3ef5e2b78ede,Mbarara
63de4eaa4c2996244c9c4fca2ba62b4c7208a31d14ad8ac75573ef1d752d9f44,Gulu
0d5c8b6a088379e480f927db4119db5b1fe0414fa360c478eecbdb25498b78d5,Kampala
1b2b9725b5e3691ef41a0b7f5b3283c511bd09831921e612b24f696227139198,Jinja
663c9016e8fba73a0c279f539356c03fb9499e37952700e4679160ab75317218,Mbarara
fd24ba1fabc841a79f6779fd202451338b0df971c06db30fc1a03bf7ac194131,Gulu
89c3297ec5d798d8281086670b7808278a26348bdaa849bf0c5c228fe2ed2e93,Kampala
751208d7b5f20093d07788d0cab834206a79eae137da395f51c5e0979bdede65,Jinja
1885f296985483524955b24624b03726efd0232e65b7d47f6905febbd3f7a3d0,Mbarara
aa429fa25891d969839a25ecbfc2e0ba1b4f12bd6ac21a43fde535dcd3cb9770,Gulu
33fe3f2b5851df342b1f52e4c1f7cc431d2e2c7957c9aa73fa415e954fad49ce,Kampala
e582cf771dfe9007396143612a5f281b02f961880e12edad022387eb47dfb586,Jinja
3e2c10ebf9d6965501ed143a030fed26cf06d251632f4080cdcfbf8c1ba50808,Mbarara
6dbf2aed76b65ee696e2981b0b078da45b823fd8cae7ccd20bc439fc39bdc53a,Gulu
0ec654cd0975cb35544f0277f364c2a3c16d37892a31c6fe157d5375e761fec6,Kampala
a6f2e513e9164c861ec1f615364ce9cc6293fc92fcdbc0c7d5324141f1acdbdc,Jinja
d7c027aba33a560738cb95fa20b2df45605fe33ec871041597fd6f82baad92a0,Mbarara
43b643b51d3ef2ed179b4c862300abc01303c9b7bb4bf3ed6823a4dac9540030,Gulu
1d21ef9f457015c8aeb0ecaaf08bbab23886864e0c39c2a94fb9e447c466a4ed,Kampala
5162e85cc6cc17e590ae3f7443576e1923f30668a83fcb5f4ce533ea74d2f3cb,Jinja
c2b6889b8993eab8a4554579d6bf0e6378f1feb30e88d7e3861a7c1d5a0c107d,Mbarara
8e35d85da78d724b76d1cb11c336c800305f296ac41516f065dd03ac8929f80a,Gulu
78d9595e5308046d85035bd76c7db4b96e2cec08df71322d862a98f6b26460f7,Kampala
1dd401b3b68f028b77f920d4958b87b2c45f2a75aef36a776605add14bcbe19a,Jinja
eacc1115fd8d6e4cd0b0765393c68fec43e0012f21599e9e3a0d4b633d2ed864,Mbarara
701bf0a3a88dc154397200b4fc9dfe907a8cc86ac86f087ce7f516cb7c448e5a,Gulu
30a9019a31b87507451eccb96b31dbdccee89a8b09a89e646580f117f9ee1ffb,Kampala
d68e857d51486281724b7de831f9681837b3760db1bd96a25acb472f4ce68bd1,Jinja
b74af3502a21eea620e5e9d19b79ff312d97f1abc63e229e513da18236295379,Mbarara
bf59d0399f0016e9de4ac4929ff9dd130bbab47915d5cbc4b2186764ce733fce,Gulu
e797ad99609cf3901d8c80398a11d482197403bf01e42ab59d7dab72f8276091,Kampala
1753be31b3642c3dd4b5bb995e8e96a9f851da1f7263a1db0e57c026f701f4f3,Jinja
7e05edc310af0def73544b97f655105f20466800859659093680ddd66fdd6000,Mbarara
ef16c0831a8c2f9c05c93b7f2b961140352ab930067bd1f3d7801a7668dac054,Gulu
bccd83d914feec84014d6c1586ec1389f3647c7ad0d077e9f7e837e2da54c3c6,Kampala
8d74f100758193f20699e1a54122cca7654ea816bd8560c4e847701d58f98f2d,Jinja
5c3d2ae34e07be8c1cfa33fb7d7bcea97f21f2e9c5f2fed34c32d2de09bf1086,Mbarara
0391df2a3590cfc093565419d8acf380d7c5e17ab85f65d78f7d01567076dd44,Gulu
7d10a474f99b656b01cebde093699d50b52f2f88a6eb65227e59ce9cbea5a025,Kampala
39ae32d6415debdd0f385271ae0667e52d516045560d5d9aee8a21b3bcd70b48,Jinja
8837387bf31cef947fe1896f07b3d668b3360b10316d70003eddc7ff12245680,Mbarara
9e79767d509106813afd066134b9412cdb087342e3346e88869118a4c8ed91e5,Gulu
9f0b6627141036e1d486dac2d6bafa077518f1dc17b8015a90513cd7b59b1b1f,Kampala
676d9f86afedb56400911c27dae8f200be7dd7736be26b78ef9700637f44a641,Jinja
b9e1186fdefc0e36abf8208437cce78efadfb17f1b6caf13556db09c7e32f179,Mbarara
9d4abcf50e7a7e8553773664a9d98093decbcccf0b91b87c5e53c4e1524003f5,Gulu
201c680875c608bf916ca9e08631252390215c93fe3bf143bf82987933d4cbf7,Kampala
d096d9db0b3617636dbcd2603ab349618169d328d0cb7d968ef75ebee4473ceb,Jinja
debe1d3adb2a1be14a1417264f4f8e5542eaacd808c1366761e5b79fa3493adc,Mbarara
91e140d59ef090ad1e991ecc889719891ccd1b2badc078592f0113c01413b343,Gulu
f2d4182d9b8c9d8d44d65c2c6118446316953f7ecb01212f138c498a563d35d4,Kampala
97aed27f2c80fcb357c832ce8ea0500a21d0af9133133c50200b6e60c85d7fc7,Jinja
ea4dc088fcde03f78ad71b3fba3c8c8b6dba9152d280cb89b825facf06f7ecb4,Mbarara
f3807c6cbd140331d780c88439cea455d445f5e041d8083f8ef05d36275c7fd8,Gulu
ae80296a06321f54d513d15c8e65aee463e638e68af0a4652c9da3002c62dc41,Kampala
6cb0ea3abda032d5587e1ee305b5e942785fbc4b521134c2150bd0592b2e000c,Jinja
55b9d356dc558e0b0d6f931823f1a59c2be30c9c909db39cc194601def3d9eea,Mbarara
e00762bdd174f965ee9272d73c6762d4149bc34178d56132735aeeaf0a36c491,Gulu
0163af614fcbcdae074215e6d776ed8b7239fc85efa232f26a0131a52c9ba2d0,Kampala
9dd36326747a3356c60725336777b69e70b8d512f9a6c8b95e2e8ebea43c758d,Jinja
064e1ed25beb6acc3179c025e9faaeb01f379b6f85f140c94878bf9d4fad518c,Mbarara
792aeb54160361c5ec42410a5c442e9b784acbbadeb521c9f09da2f67181062c,Gulu
ae77fdd546737d3871caed6d32f69e6cfe235aed6c2807ded6f97ab9e274b76c,Kampala
82063c0cf33459c6edfa65a01ccea2e94d9225435519a5f06339349758c7fc9d,Jinja
343b1d7806d72b66191a72a9025f084795db31dea5cb8378789e7eb97631232b,Mbarara
81fca936b2d28c514312c80b5432695858cbc8faeb36bb32f85037404ae24b31,Gulu
c7dc92a686c1b1a4f10b1281f5b8d78ca75047bca69e273d81457e73f853040e,Kampala
85fe36e3d230b7ecda0a458c645783f444c8d25ce99dadb2b93e284e2b34f869,Jinja
4316ff23271bea354473f7fbde52f09fe743456c998665eb7aaabd52fb3953b7,Mbarara
64003766332b1a4b481771f27d1b63e774988eccc8447dbb36e1a7c85f746107,Gulu
fa91e8426222f9888b10ca310ea0d9e77a03e859a85d154befc426148097fec0,Kampala
57e16c773bdbb3cc64b3cab919f14f14eeb88202e8503564ef7799be64d93feb,Jinja
413ecbd91fc23c6f60ef1185aebc39ee3791d0b100ceb62ef072a92cf3705d55,Mbarara
3fac77edd8bda48642eba332d3c3c5549c126898bea77953eb92845a9d34d8ec,Gulu
216c42376fd2e15c41e5b5a3a65e04a4c226e6e97b6f43d9e545a85719cee898,Kampala
e5bd1419d4b82c396288b917cfc295367bb3ac0ff1f3af82641a44964d6f5bc7,Jinja
f2023614cca09f555d8552eef6828480948ae0a5caa01318c011bede8f38cca5,Mbarara
801bc964586bbee61448b03e0a504a0df09611de5bb265fb18bdce2cd3ff8572,Gulu
87ddd578fb1592216cc4cc64a2835b5d8fa65a596a68305498745ed6f78b637b,Kampala
4e00be663f1e6e84548170950210b41070a33be0cbc5423e34021718c158f6ce,Jinja
cbd6b5d152988ce2d3356258b70ac93dd94a0c1508d1a42b06525c1438ce7283,Mbarara
9391e1f959932ba626ab1ba2777a44eff124274715a9b27ab45fe84360d9ac76,Gulu
e462180146006106fe514f272d63fa3038f10561d8148e890c86581bd6eb9dbe,Kampala
1f89380b78224dfa117cd1e1849bd7f732e867a7a386f0a9e19fa82eaa809895,Jinja
8ca3d2ab2e344a7f1a6b94950ad336cec680b065faa9ccb6c8caebc35b9e9356,Mbarara
831d5a89fd7c577b4781b8afb5a38238deda0ff3ebcd1a9136080bdbeed23f08,Gulu
320475a99e4e1218f34600a941f9700dda7fd26a67ada5cc70365e90e8e64622,Kampala
0570a9de48472575f09af47aa46cf4644ed8b32a25e598d2fef3506b521db1f1,Jinja
3c5446c62bf46d579dfad3b2c1d1df63ec8c77ce0c0a16dbb69d1cf60c81423c,Mbarara
ac8351c68abdee9fd36d0663abfda3c4ec8c246fa2aa26da15e800846471f1b4,Gulu
7ee390483cca84c8eb409b9e8ead42bf208185fca4593092ce3089e3f28a9c84,Kampala
e7f12a5cd7dad658dc10d8fd197e95f1ed277a059b672ecc5df4045a535622c6,Jinja
145f57c5482ff59a4f774d8f5e4507219aa55a2190c1ed7416433a4bfc5f7fd5,Mbarara
f2c6c477235351b48ae5bd6edead894fe65743f063e107ab762b9f32713b4c04,Gulu
0e8a23f35f1225ff6a92f0d9178415dfb501f1deaa058aa54f7fe48b373e38cd,Kampala
d738696b516d07f575c2e9836b83bbc1297dbde8aefcc1e9c83e9808101962af,Jinja
b9eba6dd321ca8cc6b92b605437dd13cb49a84fa0b00f5b18b8d3a15370328aa,Mbarara
7f7bfd2a3aa517351f5e3d3b6188a9e94de3af234807333a80132d7e788a2fb6,Gulu
3f5034ee855a1bd7cbeb81c711f3d059953997ee88880188407aa7a2664c28f1,Kampala
1060bb5a336e3a46ddf081090f0b5e9b283a2f3d39128ed897d10473906064b4,Jinja
2d005f240ac20bf40d824c535fa9b5acd56a1c277e5a4c38d0398e16f3259c2e,Mbarara
927e9ec2d963acbd62adbb06877fee98680493ef1e37d03932bd740389fb49f6,Gulu
ee3b94adbbe32e5e82e7a4a1c21e53f5fa58443a3cf6461d0b32db6274224740,Kampala
8a40f59afb0c89fd210cd3b2e968161dfd59446d00fb8706738ae17fff7aa42a,Jinja
cfee13deebc9af607bf76ea2108d6d9efd7624ee8fc04484f415ffadc07a95e1,Mbarara
b1eb69ae715b2b84963252a717df40a0a18d39a9ab0a9407e125c148f2694452,Gulu
b0319a4d3e4a3b939daaade775de92af6eea258aa2a97add79f9826cfe271958,Kampala
1f44cafe35d7145547e8c06cefbf19e20d524fc94e7e9781f34a4e1c7f110c21,Jinja
c2dd473f34fd9c6648b8a9d698e8b518ae3bba549c3ed777cabe32131e4d3f41,Mbarara
338c50b6af0bfc531cf8a38400e2eb142a00eac14fc1a6a3249b2afa8eb49eb8,Gulu
46618a0b9cb334c148ce79608974676750b57dad1d62d8467492b3678a3637be,Kampala
3f24914f5b7fea060cb53dfccedc4691153ccfe792da65b2c67164521a9b3cc0,Jinja
93935f4545d79356698aa3a61668bc8f1bab63ba07ab10fccb17f486a0d1b965,Mbarara
82f93ee1963291ca5d2967b83d2a6c8a3983f5feb710f430948af60265666326,Gulu
96db3edd3ba6897f04da1f17c5da7efd8c974770bf5f0192db13c8caafd51785,Kampala
03352a5790d0364be751d80ee451e17c0d9f19a5dc6a4a498c8d0adb2c8626cf,Jinja
52e3c96feb47fd2632e3213c6c5b561187f8addcf83b09da6af0dace5508fade,Mbarara
95783c4898f5e53f1fcd6d2eb5bc7a50edb0252cfe1a4a90257504009540ef57,Gulu
428dced8846fc2351c2786a580b9c2498d0e669d8abe280641364289fd78ce58,Kampala
e1d05fbbac89117bef4c95ac18d68545eb9ba8ed8c695e7bd594069b694a8dd0,Jinja
9795fdacd5edcfd457befff3a4162cd5358e854c29368cb9f9b5e6a283f5052e,Mbarara
a87e27aa794983b55e0c4214c931a412485288792829fa2061afad907aab0642,Gulu
84cb610270381a935aa16c243020cd95547f5986ce5368f646277a7765521c51,Kampala
23033b93388bc2b5692e4b756c5ba5111e32955839172862bc19f73779d7d474,Jinja
b6cd009dda849c1e88a5c30305f389563a93b3e8128e90e4a2d71b5be7491520,Mbarara
1a2b0af267f58c405a55ec804af3a0f7ed41526a868196bc71e54fa2b3a94a27,Gulu
63ffee6964cf5d158bc3d10d30a87e009727e02c72e6e56c32a13c9b61cfcc95,Kampala
097e9417572ab5e60a87f62aed2e189e25765ecbf5af09aa7e0943e10109557e,Jinja
e38438484d0f3c3f68231870b8f1826beaa2533e9beb184d928d5b69f9a142ca,Mbarara
39c78fd92e7ba431d0140de90ecafe06dee4ccde08fa903faefc5c839f852043,Gulu
dd28bf478293d2969043404d6f4615d42837de0b1396ad4d5c4a52dbfca83cbf,Kampala
4663306f9df96b5a90993015758169e49acb2b1690e9a40e8f5f65584e8bf685,Jinja
bc7e2d215a2c9c341300cd92be9235979f0f089a191b5ddf22ca79a53dc6490c,Mbarara
faf807d33d4f50cadd5eaca0c5309f78a607399f4c70a16b79dca15c3cbcc78d,Gulu
6115a0b30a7947cf04b18b9148aebd78107dbdb41c0c04afd2dac7bedf99b367,Kampala
751360adc4f85457c4fb59784c596cd3c2ce124a1da8ff0d1c2bd81e405fa85c,Jinja
9c300246175eb68b11f6cf8aa2103a9575565a39c71535c843eac43c42e76435,Mbarara
4b2d227b9a593820829ce2544aa09192b7498b2efa138be66259abf2ded0e10d,Gulu
ce5ccf40d4167dbae4c59cca309fde0b60f0316d0942c402d325124a128048a7,Kampala
f32c6105730e81e5c1546d7889edfb9b5415da5ed665dcecf8cbb5211a0d048d,Jinja
3c981b0f3092ed5187025b341e0143440297a9ea2ccca60aa359fa234de467a2,Mbarara
aa449832e6a84b26c49ca677fd4ac1d67bd8f9546d309be55710234e2ea47496,Gulu
de13f7cddbe17b0387653de79979c3552ba30dd39952aea524c717dbb03fe3f5,Kampala
d21ee6f57e7af165d759f7e2536c84758d317bc29d53282298b9f212f92a99a1,Jinja
f1f55145f8b72dd0ca94b4d4dd8666dd08886a2729e43a1838c04a6cd9c9d4a2,Mbarara
3a2b2b1bc137bb4e2328ab594ff059c4b21178c2275911eeda9d9c815bcdbbd9,Gulu
d5d29a106782f11bc1a6fc8705f0e5e57e4053cac3895137de4cbb43bbb50a50,Kampala
262a25e302a5bb0eef49ce80264623d8a95899899be33cc061c00eecb692276a,Jinja
a2153768ef0fa1f93038c702d92a4d5dfa831eaceb160608cf29c68f76bbee61,Mbarara
93e01429b1683acd4620ae59c0746c47ece77062322b4b5069e65c35c423251b,Gulu
0ab24c78784b9a99b9e88b9966209ad834c7c5d0b23c507291a6325502c541e0,Kampala
9f73b7a08c846bbd0ff9c4be8554cc94e7d412dbca104179f390736d9b28cb06,Jinja
e274a6b5ae777b212b07fa78e2cf197c6a26e2129823a083864605c698a5627e,Mbarara
5d1f6682addfeb6d0311e6ade81749de0d4121ce3df5476b0eb177a1f00a96ce,Gulu
da850e67746e62bea7452450b125e4ff3bf5b3c09e71af04a2fc72e7b09d9363,Kampala
b1081f105304b905db4442c15488d4c3eea7c1f961205df67bfbc83cfeee2c2e,Jinja
97959031de813b1663a5c700c63688eb50361c2a97c596126a3b86275fcb99da,Mbarara
a01c6fc6f83a7454f4a59f8194489859c469417c68ad89e63d91a5f6168d95bc,Gulu
53e3d42edd3197f10ecf265bdb3d71750c1df72e1724174951e7e2dfc21648f0,Kampala
91862d60ed3530f4faf90150615a54771a1d6a9057cd194bd8024cddbaa1c67d,Jinja
dd861c0c223a5eb84d060025393e2ab5bcb1c6eff9fc16103b7c2fef2364c5ce,Mbarara
3a0addb47ed5fbe1c6dfd65e153f3dedb7ab2dbfa79e8d1a0d3225da2137fa1c,Gulu
8ce7aea937cb056886587e8958c01db18e4ba98f103237c55d9ed62120675bef,Kampala
08b792a0b83d28b428b86d8f5c41e5139548dbe49e7abcbc34ba1a8f6a025b31,Jinja
1b9a0d071335bea4355bf4c3afaf5714fa376ea1e374cad44bf1206ac0bfc3be,Mbarara
95796f8610f96e3966767c20187f81f53c1e6e91ce1d681dce7c69f8e3816dcb,Gulu
2816f801374dbea6b091900e48023b9081eb09903d1a59a2d8f272ebf3a2237a,Kampala
7585042dde0a76d99f48ab412d53b8c033ca18856bc297192789aa28f7837696,Jinja
07e354e65282ee751f6d5c512633b789fd2b93fbee9fec4a257f0abecedbfce0,Mbarara
dece7d5c685406b1a8b8345b143edd8c6db40e151861c8653a711782c5536fce,Gulu
4af962f459580e176960a6b7a75ab8d41555f3e8da46c06daeef5e4164890082,Kampala
88ce437227ab127c9dda14a72db6909192fbffe8befd64e764ea318c3cf87566,Jinja
c2a25bf5dd35dc0f657852981f90cbcdd3bece036aad2f0a554eba0dccb654f7,Mbarara
4a8dce129b55c42efd6199e6a1142bd5ff95a701db33568df1de06d6468c9e45,Gulu
0d427a3181f516af0d4bf88db538a62bf7c52a0ba0eb1760873a30178aebff32,Kampala
d5b1fe29dc7aae6bd1ba6c4cbc22b645a0acf75fb5fa8d77d95738682eabee29,Jinja
320049e45a662361704126b52c2d7e0eaf677d435e472ef64074c55ff3362209,Mbarara
bed42aa414b17e5eb76eb806bb5e669fd01bb463fe22beaf185aa07d41b0be1f,Gulu
83d837efe1a40a3a7f68bd502abc13986c1603db8125a17d0e5bea58cd1ac986,Kampala
88036733fb6b8f9706b839f619838763a45080d27fa7413da299766532557ade,Jinja
59538ab291826205b77ac1ea96e1e5ab4b5a2e4e0b70bad693c9fb7fcb187c6d,Mbarara
c3ad00e17dd991007784a93781bcd5d4e3b619c49a209ca73974b960403c6b55,Gulu
949d260e45689771bc150da97aaa5217b64da54d785c271ae42a088a863b0510,Kampala
ea2ee1ba2b60b70cae2117d193611a47a3269935e5b5e673f5218c872134e03d,Jinja
25dad102888312e4f9d843e03210398c9cc0f31e3dce58a123e0414487af4ab4,Mbarara
8138dbf49883e991c0b161138ba90197f2c75ed3deca7eb1db899caf365cf14b,Gulu
7ec5c96bf5e3b1b7fab32696203ed69793b7e7358b57c35169a11c218de73dcb,Kampala
4fdae6ab0e6786c5b857c4b6ceee9bce82b4caefb443aa33da92082a91e4e15a,Jinja
f8e84befe778bf7bfb30372f7b6152e5fe59fce9faec80ae133ab7add67e9b24,Mbarara
5c653534b936be82e25fdfa17b0441ecba3a0479fc90a90e220a65fb740ab532,Gulu
494fdcaab9018b08e975a57bc1c46f79738b3668e42341a0c8d7fb59ead3418b,Kampala
246f8a6fbb3ff0db58414d1e8a471077156fe65683f752cc3b7a8f1fb50a8cd6,Jinja
5a61b9a85fcdff87fcc10dfe05a3a1d05aa3d06b5dfb0a3af6260be1cedeb840,Mbarara
dff1edae8ea540ad885d780942dd717bddad734d3aa033d5e9d315502336e4e0,Gulu
2bf28c28fcd44e3a34a0409a31df853a9bb45a577a3ee12a5adf18a1d09c2382,Kampala
da815592b326848cb6323f71369beda925afbaf1a964ef3002be15b26f24e23a,Jinja
32de1944963f090ca95121e27a28a52739b0a42264676a91bac065f50d867fcb,Mbarara
e42aaef5c1d04e4f46f98b32f6e9e1a4dee08222c67054972e8af4e1e2d888fc,Gulu
c2c610b3cf75f8e0367012e870a58bbd7a40af2edf49f1832174a65f2f4ddd0d,Kampala
e94eecb2b43ccce8cdf0a9474c0f32c213e3d04265adf54bcaf54c0c0a7844a5,Jinja
cef1ce5696103de709fc9c0c38b135c2987b5668114af8861563a985f811023f,Mbarara
87bae94178eecb10f8a13e75d712272c31af7aa3ce8dbe280547290009489bb5,Gulu
efa9d46347ce80360f53188bfa795b5fb4a78794444a561c36f52cda581f688d,Kampala
2341cb9d2d0415ed6e4b0cad672b27a390c5be01de2ee1a80187ab58ff3da1bc,Jinja
4dc245de76ad5ef66e91a2c9fad7a3d697f31b0f0f96e7ba348daf72992f2fe4,Mbarara
73b6fbe13db3f1e141fe7854036e8f1ee5007336ffc4312ca478ae0781c2ecff,Gulu
334dfcec9de69c4cc3e557833329a89733787ce5d8b9402e65fcf1dd39f7dae5,Kampala
0176476b6e09cfb442f4e09b69ae7825594655d7ec0592cd6de8c338e8aa2f51,Jinja
d0dc6157164e1e1a7ebfaee9fe9127e61fc9e92b94663eadc1c7cc1b79c7413e,Mbarara
c10fd5b4566a659f6e31b1f3360b2618b9d204501460fb250376e1b2626ebf92,Gulu
65d884ab81918702962aae2e93e22787541372fb9873d3390087d5bb9d2aa514,Kampala
6a565f9d8892e8f353401e76d5cb92a26a45b71fe554689c662c534865336a62,Jinja
fb75660dfe1265bf9bd9515bf8884d997e1ab8e40d55a322685825a98e8ff1da,Mbarara
9f34bfef77dee71802038262ee716d1b70d5b94a21a3b2915cbd87f0efaa5e2d,Gulu
81a89650fcb57cfd499905bfb89f0da3178c3162a3327938c0da8341c040f65f,Kampala
23ff3eb0a6d019bb3589ec2800158ad40aa5358cbdeb44845cb44122cf268151,Jinja
270c21fa7e9757760f99f408ff5d652468ceecf66524781c466b73d11cfaf9ac,Mbarara
64d94224aece053c5671d89c2a6497bbf68bd3d7fb57da8a7f1d4ffd22e79673,Gulu
8356edb468520b039a2272f8f868b82698c0eec33b0d43842d59b2ea9a7e2870,Kampala
699a931a135f224d8e4c6ad89524eac065dd877f996cbb898a1642b1f36fbcca,Jinja
cc13647b5785eca1052511a694804485c72c831d22e6ab69d3001f2b6f00f972,Mbarara
69a6008bb0fc8d11f495ede668b2e74314d9973aebee8f251c7ebaf559655a1b,Gulu
cbcdb9ba4b03e796813d2c809f3ecc453ccaa23873f86e438ea5a99b16d17008,Kampala
5287e8c48dac0c5cfecd23cb367935e8e0dc1e6b0a089eac186366542a2d3d81,Jinja
2258218127741050e5d3c84211c0c3a366cbb2a4b02b71aa786757b1b66fe17b,Mbarara
a4fe22a1d455de3b15f6d0c369c1544d7ea831d27d4529af68add2af77173d71,Gulu
0ba78bd4a15b3dd037280c129deeaceb27968d9216d45117c2deb9368faf7b26,Kampala
741d5bb1f39628ee4e3bdc7bda7b9c53ffe323f6d8345a94fbc3206bd17cdc82,Jinja
c960b196465e1e5c92fc1aca27e3adacf4877d1efb6fc3b8e08c63f2bc4af99f,Mbarara
8d612c935ca7317eabbc71a5eb67fe82a6d69e23f67f7a9d306f78d0ee2cbca1,Gulu
6c9484f651b1e4b5ca56cc3645d7616f43c1b60debcc92cd2ee44d46f975ede2,Kampala
5e8d18aaaf969361035d19f84572edc03a42d6eaa2078655ef17471eafb3f6fc,Jinja
40a2d5823236adb283b325f51812dda034fff25c7677ae4aa73d66ae7b71dcd3,Mbarara
55dbc235771edb94e099b973493ff6a891ed2fec1576672b244e18cb7f65fee7,Gulu
1fe68edaa637fa423fd01fbae3365e5a94a629cceb5080b3ff4852aede322086,Kampala
8985d977cbdd44bbb9e6d624f9c867bb2bcdf9dc64eff19a7c2f7914b9277ac7,Jinja
28780060f7cdd68defe41607144b49a6c0df2375432ec83204b16989002342d0,Mbarara
c627ac067a118c533b5207800cbd8182b949032a34b2289a6cbd0a2fc6b3d87e,Gulu
9c085d1667db8514150146b790613cbf9f4c2f7ea6eb956de9cd527424a4f54c,Kampala
ba0ff935926a8d23f284818e237d6c965c78972f7448dec830501c1e1903334e,Jinja
215dd1bc54b4ee8ef20482da1291a0aa543ce51aab214fbd446df7a032f8e78b,Mbarara
3246ab84db3f9d763ae82434023041998291ab4f8b7339824758e77eefc5cb25,Gulu
884bac7264d4667ee1e077076f787098572feb1b0ad68522882ff6f93d4134eb,Kampala
cbcd8b152739f06314f39640fb1257d433f2184850b390153005b80e64e7d4f1,Jinja
2a017a9ba7034904ff0a0c1ad432eb2eeaaab0864f0818f941e08b2bd60584ec,Mbarara
fe74abc37833f51f1c1581774c347f39038ea62981d9444a7b75d167b3e36336,Gulu
7e9c0dc1c49a673b4c3875880ea7a789a0433574c711f18654466187224de3a1,Kampala
60efa091eea02f9cc58e0330a56853fec1d718641095c37b02e132e518624440,Jinja
45f9941f131ed23f9f09051230516f174c261361468249d70037f573a1cd9d8b,Mbarara
dfe360fdc153f0d954fc39da3c5efc851560f50fc0ee373bed76642024187341,Gulu
b83b2adf7a9d947a04829c6b253176631f5700fcb568d80876bea5b4ac131db7,Kampala
2b4cdf82182eed89173cf749da86b61fd54bba8ae1b5a66b070e5696b3facc57,Jinja
400bb5450271961c02632c2ec34d8aab082f92c3371911bb5557cf3f047e70b9,Mbarara
49a86a77391eae2a5b6376f2d7e6e34c32d53c2908e99ee871b5a8c43a5e8e41,Gulu
be9735fd06a628d1cf5fbe8a2ce7b71e1c43c7fb558a1738c2a05088ac846d19,Kampala
15b034ab6cd55737700b78f3bd23c91f6a89003c390182b07bcda22fa11b7e98,Jinja
92b25d7660040926b6a97a393e167d6fbfad605858741040e8ce0cd8dd3902e9,Mbarara
c465c486a78b68fb9bddcd077a21d2eeee3dde80c40b2c8ab647e4487cc57b05,Gulu
a1dabae5433b2dd4d2105bed128af0714e4e61008c6c8da7697603e43db1a27a,Kampala
0b647f7e5d8fdf44692db18a03d8b01cc95fabdf6f351b8a5c6ce8af18b3b780,Jinja
818ab7417e28fa786c647172a2de0a91613c03f4509f0334cbe1c598417d2bcd,Mbarara
1e465b69ba2fd76280a06f8226b8c9b69a9efb12b38ede61937f5a023a04dc39,Gulu
9d61e9cdf9e23e94b29769520e479c040c4b476c9efa5013678fe70d46c8fda3,Kampala
c5bb149fdcd7ba76805d11492e79541543c38596c75c5c3e5d9c0ba7d1689e8d,Jinja
577649f19f4e89aab6e3f9df6885e3353a004ff38d56268ac8fb613783293318,Mbarara
8a63f46c321a11f624047b5204badda1729323bb0a32c4d3e80ecd6080b9b242,Gulu
4968bc56fa4e16054c39775759f065928a901cd94ad434717dcde60739ad55b7,Kampala
afb204505145ad2123690b11c85b40ac9c0ce2f6d917f18cfcea8c22c0e73db3,Jinja
ebdba738d54e13afee1794974db734c4925a7d3e3d9a7d860d19e005507c02f6,Mbarara
c5cc24ecbd81be0a090eb6bdba47e29bdbf35745b7ce589def544a02e36b503d,Gulu
81c04ba0db6b01cf23100aa98f1077815065ab119fcec589be0879809380697b,Kampala
60128b2031a648a43838ae481717d2908c726ef2cd7da5e2b007bef60b5168e4,Jinja
3744ad916bd8483dbeba9b6d325db32f25782b40b6f3ce579860eac7074af191,Mbarara
8d67ea9f0299a8861cb50ea4b0f79d5406b7b63cbb388fd4c21758c202b0aced,Gulu
0f591f53f44559a31491ec4c2780361778d72c9ffb0fabce8bbcb5538eb5e26a,Kampala
16b824b9cb2204b817bc0a83ee0ebfacddb348967208edae201e1c94dbe60423,Jinja
02c744154a8a36f66bf139372cdd47baf69c29172b4fc8c0a8c4f81cb245c0b3,Mbarara
7b72dbd776aef3a7bce26c42729b182443fc97b649bce927028bae84cad896fb,Gulu
4a368a7516b46c9f5a9fd7356d65471808ec4d5ff0421efb2d39257ec6b9c838,Kampala
2384bc351ad0f16cc09ecb91839207b6e8e188286366be78e8cd060b3f99dc85,Jinja
82e5eb2bdfb0a8228d5a5fa6e102efcc7542d383fc1b54d342815fa4d32a171e,Mbarara
20de2158f404279e6f8b5f0ab00ee8ce1999c417c94b521a3af5e4f3d51ab719,Gulu
8e4413e8996933954a8135167e8eee4e0ec275d7f9ca4b2dafd0934c6be672d6,Kampala
8cdc21baf653a89c59bca74ffb9a95e0c6fdd4d4fbcb563e2298877f71432f95,Jinja
7d2e95c759dad669df931dd51d0191e5a6bffbed1fbd2ec041aad449f91c2bf9,Mbarara
9ce463d37d7140e3d88ba2f384a7b1b8fe15697306b3087c2cd461c82f5f060c,Gulu
497fea6664994c9b0ce4d61dc3ced04286fa58ca83f57e5c0908612599e0c8ba,Kampala
1d0ea68a95761ca0d56daccc8fd6e82299ec959619735cd81b9bbbfb7ad41a8c,Jinja
91350b7d1406d02845ed6343eaefa03b6344ae38334de0484dac968652950cf3,Mbarara
2937c818e252c3af83fa33e3c4daa19fa5189be1039a4b070831b8a376ae78d6,Gulu
d0c4fe4d0a5a4f044d5dee4ee629ac62c3c47a7ba281f0ebbf9894a75237a3e8,Kampala
cbe182d6a7f59c4cdc520c0eb969ebb489f936f2318cb951eb9c5a4d86dc0b16,Jinja
c831ccc2e707ab62692c5bdf23fe721b3b95fd94d8b1f6dcddf5f3f6892a0bca,Mbarara
59179ed10db2c84fb018929c99b49e9fffdc6d157f2f182a333a090fe7959715,Gulu
8a42a2875b709ad0966c4c5280e47078c08ee77910248656568c1221c78b50f7,Kampala
5a8800e308fa63f28049f94f5a6c4876ecadd3a056282ad9091b7a91111fd009,Jinja
fb500b6b28fc3ba1abf9fbf0aaeee641a7aff254af83c9a48ecbf96c33979070,Mbarara
d4d5a35b048178337a3f54a357f6f7c109ad7931bec783bd5b37d62132f35a07,Gulu
3487df8b083cef208a517a69f804d11f035041d9e756d50ac96b5d4ae6311144,Kampala
0bdff707a25a3633188875fbaeb45f0bb5250e3e75aab38462087aa9ff93fc4f,Jinja
1347b9789a356035e0d46e0133a8478d7e03b46c6bea83b3b6fb64e7314d1129,Mbarara
a713c4ab0d37a48ac824f29c4fe9a3c1a68f8c5d30379b324d3cecc3f2f5e8aa,Gulu
2f3ae85517c489a9fc6ddb57e1e19f4045835a3198057d294f05ab934bb99544,Kampala
f7143879e019543bd02618cec999c0f07d48d2653b404152d915280ea77193f4,Jinja
049a15497535a60f75326d47b9abe01ff9f62899696cf2f0341569648917bce6,Mbarara
815bcbeef9c987f062a531a62f56744eee4f435f36deed09ab52ae54a5657507,Gulu
de3156628b432e73901dae11db72b7f91f11f0f8020ad322f3c62a85aec5bfee,Kampala
d46bb845a3e9346a70e1e0db386b062c6d5495e8c6cb843a8d76a1d4dfb5fe9c,Jinja
9e177d3bec7173afff5fd9c937d9621507cc905595fcc540d13729348f70da80,Mbarara
790f5bbc2eb261d10352873d2ca7c2683116661d9e45dbce851bb48d424326bf,Gulu
78196084ec4353fcb82f6629fe4cc54b374021112211e223c61879663af18fe5,Kampala
ad773040faabc5a6348564588dc06795a3379b8043a3447f0d42de3846907e90,Jinja
a654a4aeab9d47db843d9b19059bc52ce5013b2efde5529df372b37a7727fc30,Mbarara
acff67c16e50499270dcc31bd4f535e70f6b329b6558e53d6d769b988535a201,Gulu
c8dd5f75fd441f7c97b970160ee979225f4b6683dafa1b0108f023f3c0398920,Kampala
33a14db44fe9f041a1bde4347f4e1a82e4d46231976fa74fed65d69e5feda49f,Jinja
d8c6ffe54b260cd6e5abfac7d3b38bed2116a2aea36d75e187f0289eba8fc0a3,Mbarara
3d8f06f2c423a07fc297e9564d3a0afdd460ca8efa1bee4b448be09fae762311,Gulu
1dcd97e50d8f3c113bb15a10b0baed8bed2eca68bd52bb3a1c3d2c5fbb6f892a,Kampala
a135f2fd99079b33510f4670eea443acf1497dc1bd12b4c0e3482e5ce3ab0b5f,Jinja
0980f502fa9305a5fd8af98e836bcaa27d4987eb71e64eb2ab7e92c92ef1b294,Mbarara
6b65ffd4fbe6cb300957909fc2787f6ec603d0a8248bcb0a65c272b581896d2f,Gulu
4b09b601a8f7bbcc6452a3172fd721d61b0dd172b8eee9851082b07d23c348fc,Kampala
04934d7f83b833eb8a2a0fffb4496f33a2e34547012d25fd6df90e80b7314abb,Jinja
61db5cbffb5b9116375c30d1f5649be39ffab148de5c38b1bbd3c0b0c1d67f9d,Mbarara
96952a0c25763f02daae5b9fcadb2cd2534ce430db39ef3117fc46bfff711f3d,Gulu
6ae9c0b749039482826895fd670df20069d47d87c2cb48fc8bb50f354ab48381,Kampala
81ad5fd2fb9821066d780bb6bb0859f4a36e27823608c14f9f15dc7c79011370,Jinja
97f1ab289d74d227bdcaac5b424e590bb81cac88cb390f76fb3205f854d4506f,Mbarara
122c448925a8e24703d72dd3193b788e54ec9c06c6d669dc8add2257aeeae873,Gulu
abdff69b7bbe3ba891c1f68538dc832d6bf2c02f97546067a0cc73f37aa27bf5,Kampala
0e41cd28915eeeb9bf8fa22b8f42992ac81ef43fa35740f8821c538995d1a1b7,Jinja
213dd8a06a24f90452dfd51312624ca6179e110c5a51f658c04d95cee1254adc,Mbarara
ad302697be44f80e0068bfa9737fef740f6b9864ffaaaeac52953bf0d20e7d28,Gulu
1e07b7b970ec9d18045534e70bd684aed4413a25deec14a02935dc4a11fcf2cb,Kampala
34aa803573fe5d95968afffcd6ab89fcc227d8f98f1d1cdf3873db7af40ea17e,Jinja
04c30a72d7931d52b495f23f7959caec9186fc96b5ac00f20fe832815d038ac5,Mbarara
1388551512b48e723bbc2e033c1baa2ad31a28b97d296421c3c8d9afce27fc07,Gulu
70586edaabc65227334928b702fd67b48bdbf376d971d869456933573288d0ee,Kampala
eee9976da6a7e679d4c18e1d1bc66d89a88c44e8e8c3b1fd197568eee5ffa7ea,Jinja
991436cd1eb493fd8eb7830663a9a611089f8bad602868388c274e8c39e8ad3d,Mbarara
5b4bce32d5d1a2c9e0480aeb98f3aba414057dd00e701a1646a6cf570c2efb48,Gulu
f4e63cff242a73668dad7b033135c083c7755c6b4220b6437552a17a24ad0acc,Kampala
45e2cb13b62878e37617e762c21ebd60c9e763634457ea77d4fa26b6948b6ace,Jinja
b58530ada27ebd4c569b7d95031070de03ecd418361cd7a114965c4a8846a36a,Mbarara
cb03a283326eb9e71b52a04541f7c2384c24dc4c01aab3789197ea289fb2da63,Gulu
5b81830a0403a5e94545f2633aca60129a7ee66c32f7ad70e560325f77ff12b3,Kampala
04e17d0c8a1d40a37c8ef7cbcba808e7db6e34e238f498fb659625a4571f6df0,Jinja
844e696da071d5fb302574abfc1de0a81f1c395d8677da29cda6f5b6f3e94b10,Mbarara
cbdad146fac3d503bd7470471813648c8fcb0ee4969127c4b323b25768446d1a,Gulu
11f5fe007aed6d4cd193ca098ac2afe72a0f1c0449c21d9f0b2151500ab30629,Kampala
afe72076995567ac6b5c6ecdc2c46ea747be93513d630eadfaeaac93957ac451,Jinja
97d6e05a81ae1e340f2c819dea93a56c26dcf19622bb95f9038599b9e2eefd24,Mbarara
36ea522f1909cf1ab433757d914c0fe06fb5ee69f65506db77c70dacec069118,Gulu
68e7723b36dd02cb4dc82a21a1cfcf6f3b5bf37ba873b7ccca48e06aef94fa83,Kampala
e34550a863eb00687b80c72f3aa2f7f20af6c4c4ddceccaa4fc2ee7a3b0867b3,Jinja
cad300577b041fa4dc401f5bdb614e85e8269c9d667824747541ff66c5fad199,Mbarara
c8915f6a4bca6a4153995862dfd59d1f81cc39a5079369bf651f3f09bda9b150,Gulu
11b59330858f19d2f8925590d743af603b144e892a1196e0e7eb6b6fe223529c,Kampala
7ee145aa95d8a37078bda6885ce26f1e1229069c5e62b3293ded483847a3b251,Jinja
090e642d776f801dc8b8d3e4225aec1f52e978baac23264e638212d03c1afd6f,Mbarara
062300fa893893ecd64f91e3f23ecb9cbcbd7e28bb2dcefe80e42e5ae496f17c,Gulu
5db007fa24937ab827c818a2b433e5032cddd4eaa4aa6513ef6d0c1d5e0e2ac0,Kampala
74463cdaa6983192bc8a6a652a032cc88b58508b7cb3b80358a4de58f608397c,Jinja
90a4106e1c67354aa51e17a08482e520d6773b4d14d63602a0a3e09124ae6877,Mbarara
f3ebc6f96fb0340e4e77c66ab06d5876e342646a03117b767be68fb689b42819,Gulu
66f4c2a35b00c5cf22dfde2b5e530ee2557b561526e677897156992e784a97d8,Kampala
897491051171a196c456fea403dd3671814b418deef41477cc5052308be462c3,Jinja
5d4e78ad848732967898f0fde809781b631926e045fd0f2d3c8f5aa47ff4873a,Mbarara
be49600ef1f986101afb148a62b4050bf6a2d00ff8abf621c896cc3e8d20d70e,Gulu
a8c81e48569141f89675c09c9e906b9d49672f01062aa19c11704fc397ddae87,Kampala
b187af355703c04335bc61d9a74bfc013ebdfd54674e195eb7e0afb1ffc75c5b,Jinja
9672a6d38e359568c61242730633aae2e9894edff540d96cefeb7ed5e394083e,Mbarara
4b5750d8aae15ace7f019ff15d9c2a6eeb4f411649f48b6b59a3956c0df4ad70,Gulu
9ff34abaa6d0384f05c002489ab19d19f043235db82d05b225a424fba6fc4364,Kampala
d76df9edf8e96bcb62e9af589066681ee9a9d1a50aa4d81b4b8a391fee398c57,Jinja
57b5923862fe2ecaf7622a24c34676ff4feb77ee4b768b3c07de05e8f605e9ce,Mbarara
915a5a5f9bd2ab84b3cc768afdcd9ffc3f6bca96f618a8106752889b60ba8603,Gulu
f9657408d2f60668fcad20b059ab54cccc6f5ccdaaf0e084fd09a000b2393496,Kampala
c6d8e52a2376bb76fc35c32994a3e81492666bcbec29018817b4eefe5824520b,Jinja
8137ceb12d8be65d519243fd740ab7f0bae37616bd54fb83f4d64c6182d98ddb,Mbarara
30552f84b36a09bf2e636735a7c9958651134b7218e51c74aebccb81b6b6d672,Gulu
d0f538f56bf3fc65881805648511c140bc6634c3b609d69eb084daf89d01b9ba,Kampala
ef80115ea06240cad3456a0343b974eac61cc0bee7daea2c458220e229938842,Jinja
8715bc8534be3112add26282bf2bfb3391c93a4c75b8dcc0cdfbdc72f169b230,Mbarara
edad641347fa7cbb74d79a9986e0f94137a85d4ef5f4902231d165497e9f34b4,Gulu
b0fc50c00ca2a86e8d0a9d90fdd88a522f4ea81a25dcb6f250372ba3c33168cd,Kampala
894d026363fbc1f933286ab2bb3b3f78b72426a4748b1475511fac5e2d78d121,Jinja
f8a1e5a31136d0da45f056337141e3fb85e5713168f458dd8e9eb942db47c477,Mbarara
3b7f99f42dce565d3bb6c90efd3dff27f71803d7b28a6fdca1e85e1122a1943d,Gulu
bf6f3dbf2d8d13bc2b69684bb33b1b8ef1d83f23f78d13df84408137808a4597,Kampala
a9b469e418659cd6d7018fbb8fd536953b200b14b0b98262c4922eb311465308,Jinja
d907c1805cd26ec85f47129a2762ca20780f9fa4cf3b14709be441f480c9b92e,Mbarara
124459a6a4904849e6d8e1d53cc0a1ee570185b3b40b288c4adfddbaa0073012,Gulu
329a19315d8c267a154b1aa687901d2fe10c3f1e0d7850516e3541443477b360,Kampala
4e33171d005fd0455a6e24fb24b2fdfa9f2cac8f1b3cb36b353e9572ba2d3e54,Jinja
b9f535e69ab95ca8c85186ae59e30fc3f6e64763ca5523fa754845b03f2b91d7,Mbarara
65ca1bb3d1b97239f2820d635e0b031b0618baaaf2f5bd03cff69c10a15270d9,Gulu
a4cd98c19fe8fbae753df3661b1a6f543e3713a6cee7aae880d9039404d2a3d7,Kampala
5f80dee87e2bd13904a14275e5be432fdbab6578f133575d6c12f5c7c33b8dbe,Jinja
fb9bb8dcde2c12cf7d034016cd09369db6d73e459dfd2d9b2b9dbc62a0475edc,Mbarara
43458d5fbc29382a3d36dba026a7735b8a63aa63cc8073c88b5b94eb52149926,Gulu
1c5e0b3d583b8111a44e24d726f82645b9dc94370c3e49773ad89bedab8a66fb,Kampala
836c4a21fe9bb362d03963f9d8230c8cb44eb536871167f2edcf896f794996bb,Jinja
d3963a21978fbc9b990d31972d45969a9eadde52de5e6e078910afeaf5eca7d1,Mbarara
41fdabefcc3b64357e5a9b420aef56db4ae791f035c5fe00b9707aeb366717c2,Gulu
ca6a5eafd587e20a8ab610d77758da4a6767999006aec01c4832089f80c0bd7f,Kampala
a79253099c046a7d44752d5e24dff747897dd7e8e950a13dea40eb34465eed3e,Jinja
eff6640ca9202992843a9036f616aeb5e34f9a61e63b722e0d2a3bec93cd2f93,Mbarara
55c23646c10c25ceb5f2314a3b8d2f9f1f2c2be257fd172ddf4fb1e2449b8b47,Gulu
1069268cac709cb1f622e3b44777fc44d525fad3b466793a7afabacc0fab6a00,Kampala
76955096b35b82b3987e6bd782f6bfe75221d33bddd7d34b30e4c5c23044361a,Jinja
54c0458de9b68424c2f21a89c42a2937a2e80b3dd1d1177a485cee4067189ad2,Mbarara
0eb840043e8f63fd9d011f2a32fbc05515041f12a66c8b8a74e07081fbccd4f2,Gulu
73817a4815fe2806b02411d69c6a6a51644912e0d18b0bda5e030c5a8df855fa,Kampala
913f1d737880a051b5f6db400757d901496c3eb20effc8922b4d1f5bc9f83a76,Jinja
8438e7effda92bd421c25a642e768a5619404f8445a093bfabf1ad9837f94c32,Mbarara
f43b272cf7951c3b0da3d5ead3572c1725355e640970d7889ec824f3d22663c5,Gulu
90e3f58b62c90f0f3131451443165978cc03f575e94d4371664c4ee248188f00,Kampala
689228b3162e121bef07ee2042b947bc834f1ea6f6c55690a56f981775e46652,Jinja
dcbce029d07ee15361534447f8fde876c19abe265abb422138dc80b326bbf636,Mbarara
dace841b2939ad62f5c5e11b3dc61b2213d69cd8ef342f4179d2d067e2af548c,Gulu
a0d53b75390a775d4da708a945d623a2517dc3038d3c7fdf388bb3544d0ca44c,Kampala
9be8e09d4fdae9ff88c67883e0b33567d899792a24a816de9f301591428ad081,Jinja
7615f8fc618b3f019faf9538c19533abb2ff79cc1faead3d418a2178f92c1d03,Mbarara
2a3d16bd58c86796de033e675dffe073c61eed432fa17d480cc04df5379622e3,Gulu
4d4ed2fa6eeddf4024bb8fb66a0d80be2550c8ead8a24fd578ec0ac77128b97f,Kampala
8e6f729fd9fc0ed91d0112fda854ebafe3669d7b39d4fe2a3973d7693df2f6ab,Jinja
a679b37f027c3f3fac6204234331f1d4eeb1228a3b405281a9affc8a32b98cec,Mbarara
7c3c464386471d0778ff63668d2b247ad46083d77e70a9424d4b0a1bb34cbdc3,Gulu
b5a41b29c288ed587d2ab65cf91d5c3e2165ddb74d4636699709c0c99195e697,Kampala
9ee479cc79b9f334824150f0160976184632b644dcd0aa1d6662e06b2301dcb7,Jinja
8be5c04d9938706d733b29d680abe1f99bbecf654a048bb4a1ebe92995f5e2e9,Mbarara
ad5c8cef205573d122c23ac685663b907fd5fd6de88a9b69f8dbdaaa10e07078,Gulu
35b89e50c0c458f89f333dcc84527ca2ce85901b7e5db5b72ab6e7025e80ad37,Kampala
b9290a044c4fc9fe16791a4325798348a97153f745816c848f22afd8af70cd9b,Jinja
46b1f4296885eb3dc04db2fa9727f67c9f203f87b4b2cc1f8c8715856ec96f86,Mbarara
583df2b9eb548bf72bfefbf3974ae6c508bbbfd5eaa5385725f6dff33f3a6d77,Gulu
8fa7fe1540bb461cbcbaa28959ebae2cb4940788b13a45f8667bb8d6778e8e82,Kampala
07099a2281a64f0ded85d2f80d7587a2ba09a2c5c9183998e3ad44d30a92d97f,Jinja
f8bf06103f1d97b9ceb86c42eb3b58a6dcd51afceb782484a8797df9839fe42d,Mbarara
eadd1f8b781cb884889f251f4eb608a11d44af98e8026daddf9bd4991548a526,Gulu
318b1b361e7f6fee9bdcb98812edea50dd50bb986dce6d95f3cbf12c3a31ab67,Kampala
9e8369b7489dae0d0e26cbc3c29c4ab034e6f1952d4e3af52624099b15d6d6a2,Jinja
0fadad3edda421a55ae3ee9f6da92748eda7d3e9169f61774b574908179e086c,Mbarara
f965078ab60aa111424264acf6a59a4bfe486397fd9778d6664b81641cfa71bc,Gulu
f02a2c67ad81a8137829ac78de97ad5955d274557154fd0e4ba006c5ddd55da6,Kampala
38bbbd2dae47e70669dea8868358b8c00f549ea78c747e56f01feadcb817affc,Jinja
a2ceb1bf5dcab7061f9d2fb27ed6efcc99b8c5d8cd625607920534d3269bdc8f,Mbarara
637675e444bf042a8f032d3397ae1341004d4aa54a86678adbc920e19360ef94,Gulu
d4b7177d7d7158b65a25b023ad54b911750c79a4d0e2b7bbb97e91b3aef88173,Kampala
261d940f829d64c50d54deb37995a17a529df1f18de8e175a18284d7d1acee7a,Jinja
b93e4474ca8aa794f5ad734e7bd6ae65945289692fa42db5f3fcaadc26e3c4fe,Mbarara
071579becd51bcc757e91f466344e7b8076eacbaecd33178daa227b0be160b1b,Gulu
3306d9d131626a82b8a7344ac9b2d2d2bb4f0054a527205aaafa3a6d2f5e219e,Kampala
6d21120534ea12241681197ce195c3761ca70f8d39e1e836509090f5a9e62777,Jinja
e939b93dec356aa19c3b4fd44b3690fe2faafcd15e10bbce2df637d2c6747cdc,Mbarara
eeec5fca5197196d5b6f4739d428bbfc9692a4ac2c025b36cc6cb7c0966213fc,Gulu
e2d67d4bba7071fab2d0605f1e72ab2adcbfb7691fc35cdcd0492e7d3521f42b,Kampala
e36e4e456cc9f6ca38e1b10cee0f87d0f5e67151584e4ff4264fec5812679ad0,Jinja
12e3758240e8e9c639a104e77208a7fbe527ed2aeef352d0a75264c81732714a,Mbarara
2f2eb6cfdf2a43ad845cec4263ab72bda881d7ec86650b3f0cdafeef8bc24df9,Gulu
7eefc0496a2e55ec51f19fbfbe83106bcbbec12946b8a0489e7038c37899fb69,Kampala
3bb246f9d444f0fb09fed1de857b866129dbe52a568f17e400af343be0cb8117,Jinja
958ae7bea00fd7b3b0beef5a72fcfe0d0491f393db8915bab1a84f403c3276d0,Mbarara
9044f322868674e719a6099f4677b7f9e35aab4886b0f56857d57624caf92a02,Gulu
9df27999874157a405a3aeba0420bac7b6eaa7dd92d41bc5fa90583e3d82f376,Kampala
9506676aaad8c2fce6d7a5b36bd413d2e26116b087253464c2e465b6eeacf29c,Jinja
b3acef37ac9d7eeff4125350acda86cd9bf1dd00ebcb57430047a4a70cb3788b,Mbarara
6d6669737cbf8533b4f7ad3638574ae42b3801f689083030826f03b2b6fef8f2,Gulu
76b7bcc799aace93b7543716b674ab52a5922e6f9e97fc7e80d88a5b5f222a35,Kampala
30d23c4956a2e31209074f0ea44de6d124c9aff0484d2adeb3f1510cf05faf38,Jinja
c984f2929f8d886c78977522072d37c1b98dcf75ad624d7e4f65f8ca7ab22ca9,Mbarara
503f6ef5f6b63ce7098358512a9449ed0ea93ec65531192e4a26497481752b48,Gulu
12bb10ad448fc08920875656f682039a8bb6052fd202e5aab1b5f449d2741755,Kampala
2707888c4e16542171d4603b604974a1e6c0585a64c3fe26e0cafa9f313781a1,Jinja
552bfd55469c15b05c342c76232f67a9b56d45da66abc8f8a507946be55dafb3,Mbarara
991947c4da2daccaefe7a826cc317271260172540ff3e74caa29767e4e2d6608,Gulu
8ed432eb6f3b4f98752713f327d934cf544238e1a45074f478aff5032c3d28a3,Kampala
2f0d31b28c368f23dbce3f2af12672225b814d481f4afd81a5538c16c2f0d2e2,Jinja
9391c6bfc9e28f6bfd490a0ac3d42f462c55fa6afb268cb6fb173237dee32055,Mbarara
c4c72dcfaa2a86ccd3c52989fca4a7235fd81b35fdd383906aebb17c533f8789,Gulu
00206faa6b0ab229746c8f9d10ae1c8f824bae38ca3ef99d90e4a4a24c6ecd5f,Kampala
bb9e0b23295a1a5b4a433071de3303f05c8123d7e8e3fd48f5ef0dc1dd6ec0d6,Jinja
7424e385b5f93ae5a6058eb90e4f1c76858139f22492bd3dc8975f056455cb9a,Mbarara
f69ab15f08ec389d7b8141c583896c334770e05184f6ce6e6c484fa08fd0e0ad,Gulu
faa49b23ab785a428ef89a6d2567c78be1bef9229f3eab4727ea961f7a0fb95b,Kampala
61ecada2bea333d35cd207ce7b92c5107a62a7d648f602a9b47a9ae32eab1bdd,Jinja
8f97cf78e9cdb441f9e2f6a1118bf1d88af4cf863574433f5f7931d2d3505262,Mbarara
22a66274eadb5fb8cbc63184a795b2c0808adebc182acf284e84af0776b53043,Gulu
10a9f1f3c34ada320c70dcd6f7ad3fe35919816e744ec6cf43aa1399ae12b768,Kampala
1bbd63448478d45b0c19277fd3d88930be4b937497799236ecde6ed3b9702a12,Jinja
cd1d8d108d8831b3067ded2fbc22729a8cbf0366a423609cdf1a5f83a5420ec5,Mbarara
73a3d42bd409362d4468b74d9a50aec10a0f3582370a5be00b66582b545cadb3,Gulu
caca5965445686659dd5d6cd8d432bcb98ff5b56551a0ee52f4f1cc5ae587709,Kampala
6193da1a3228ebab0a7e2ca4392bae44e9911462dd8f82b8c7bc96e6094375ff,Jinja
63f9838bbd0ef3e3037c427d473c8e6794b2d9efcaeb2a345f9242e1ab766e1d,Mbarara
f233110e947a7fbc1b72891065feca8207155f525f487fa970e4b0ffdb9e31bf,Gulu
f0757b073be6ed2403844f6533bc5ca30abb9348d05e163a36ebbd18221fb21a,Kampala
9c928fb3be1688c99bb5a667db013247551d2a987896d4beae810b62abced287,Jinja
18e53a8c3c945cdefb2f33d5e81ce194dffb37a5db8000e3319823466d750afd,Mbarara
7e214f9f550d68475f7d9872eb462e3cd6ad19560144e98a98dfb0bed85bf643,Gulu
14d20ed0a98b2ccf9e5d3f01c47ae05fc31fd37b012d7605074bd37732b56bc5,Kampala
e14ef5e67a574515c1be9e4ae691bef08621e46582dd8398fdf0da25ad08ad73,Jinja
82de2e4f076f3b730a0cc9c6f66b1b2d54f0b111fb5273abf91ae2bcebe854bb,Mbarara
5280ba7bd583f8b57deb94b2fc990e7cffd76f6bf05f9b9476374539f76d496e,Gulu
8ee016616f2f631d0ddf223abeb96c2e0599144473d77f3f4660fb3f5706a9aa,Kampala
876b89e8594050d5758a0470d3e642c60b7869b79ba7c3199d38c98d994f659e,Jinja
df225f2b5e315927b8bf306087380379574d20b1d6274649d50ef2a1ff322952,Mbarara
dbd114e5e3664b690c17ebf6249afc2d907cd555bfc108663d12cccae2de6907,Gulu
79569cadd3d72c1ae293328aacfdf11b6aa805d2670653ef013610907a39d2f7,Kampala
1f2b4520a335d061aeb2ac1616a4d7116304fee680fc017f6f037142b237ab00,Jinja
c9e9ed4665431275ec3cf018839f2d79b2839c25eec15d55262faaa7f827be6f,Mbarara
b9a651434672115a2d64f0cab143755c0d17758951cd149af16303dfd88459b4,Gulu
3a86ee80ce0b435828acecaa187e65d0c8090f21a70396ca24aa01800e8f80ce,Kampala
c371444ac77eec80a14c530ca8e67eb691ab7c502e33b2bbcb8dd03b46772277,Jinja
66fc8ae4f30368133570b09cc6c76a1253a08c9ad8bb5f1ccf1ea0a063ea0a16,Mbarara
263dd9ef2b5aa197e63dcc65a25be6058d685267e126cffc422a4a2d0ccd04c2,Gulu
103d25566391f50e65bbfe8d5d4c7f047f4828a0012484bb5bfb9a783667b3cc,Kampala
bc466ba7aacc25973c4c935c3d2e1c895142624707e8f8ff7ac9dfbbdcdd03dc,Jinja
fa895baeb8e56f114f15d4f2a6c94d458d3100981f297a644ac6750bafa7989c,Mbarara
fa9cb50a5debf6d57be9aad5d6f49f9b859753c7a83e4929981f78f925966727,Gulu
920ffd6a8f0812de760d94584ee1099be5168d4ae6877df838a9306ed2a7c83d,Kampala
0f6e6912be5523a53f9d67be4f31982ca3c910a4ed6715b69de6c8aa8379ef5c,Jinja
9130dced165f982a9685239540c8f0f66012bfd29d14fb2c8347c209a4047732,Mbarara
3c3c96ecb1cf8c56bed8380836eb57206fceda5c52cfab182395f077132fbc07,Gulu
e3c9dc540c859be175dcad25dcbae502baf0a2232687729b6779bb4c72a08dcb,Kampala
534809217c1d5c1a9135db64166f14a505d6b468e2969b01917273df36ccb20f,Jinja
1fcf9c4cb02ecbb39fa5cf26b9803e506f445f947f3059d8870d50536234ff5e,Mbarara
33eae47bc42994361c6245d7ebb35c66abb433005f6f97cf4d4bfdf6e52a26b3,Gulu
d83252814fd18e69ca3cd6adc61e4b3fabb1984421763f9e5d492bbfc87bbe7e,Kampala
314529d64a22fccdf3d0fcc016df61354cf7f0a49d426f79f357440717af5589,Jinja
45c6d0d9b7c56aaa8bfea5bc31922d342d75a906c7e44126ae9253154c77b1ba,Mbarara
bc4cd1951ebb06741b6d22fbfafedf899eee09ed14ec85d43db75706e4584ab2,Gulu
0b15c1e46688df5ad82100e38a5e9e505e6585566c32f9974038406a1c6eb148,Kampala
01078573166cb6f4efb2a78bcface7195dbeb2890e837b6f7e4ed97649889f9d,Jinja
1702f16486525561afb0ce200a31991898df9463a6e3990c56ebe43d4c174a93,Mbarara
e326ba60ca1a581b6b302cf2a1aa895aaf56e016d4ffc8939ed1ce732b16dc47,Gulu
1e092ed27c36ff5a271438f1b6071a74ea8f7b0098de12a6d81221ff2cc512ac,Kampala
1f4c1bc61de4eef83722d01245ecfa02e38c777f3e77a6ae9fb690570d612fc4,Jinja
e2914ca53a330f02c089ee8e0ba2ada87448acd52d3f5efa3c01d2d252df1bd2,Mbarara
1ecfca6b767fea7ce3694bedcf816544f37f4021e810bbf8a2bc4340d2118b4a,Gulu
cac69982b1a8a7c822fb0c0c708bb17ab3dac4ebfc99c86e3f43a5021a857399,Kampala
bbd7517d34c27c6e6330070b9ab41c85384ab5197f506574ab9f6d12736a11d0,Jinja
ca34d896564a9eec8c7a8aa7413f6362b63ce1d86b888321f408d0c564742062,Mbarara
e9c441d80ac807d727f3279c6222569d8b3816915934ff12b142641b2aa28ab9,Gulu
4c2467ae27d668dcf9a9fffafccf850b1f08732b3b45deb25c6b0893b1f0d645,Kampala
f9877f706f0b92a9ebaf188f76b0ded9ef9485f12f22a419070d7d86c6fddbe8,Jinja
1f653668e20ed9ae8bb3c9616c27bda6242cd65a67f9e2071afca485f6d9b109,Mbarara
2a2f1eafdaccf3d810b0b6ed0f5120b0850951ec885e926fbfa550e955d2ae7a,Gulu
d1167eff7ebc75e7d50531567b896a189a0a91f3565e103a929dca6fb27cc3c7,Kampala
3fd5b650f89d732dd84534376e5e6b924e12c8722e875255bb7533afbe27266d,Jinja
90a7cac875d1d64fd732d1eaf9f3830d3320150de23810e5dce36dd1f660f378,Mbarara
857146a8fe8bd6e69033485f10494eb182463459a9df14487509dc53118b05b7,Gulu
321d9efc6484a40863b0d7adbbfc530bb10040d7c0bb6f77fe75b6adb6ffd75c,Kampala
47414c3b98897212d0a917e582b25a1967c4617f5c644ff8d5e195ff42d325e1,Jinja
34de93d5a138319759cf924d355977976f0df3a1b2fc37afeb1f9c56ec2114c7,Mbarara
fda333e24a65c59bd772653403ae7770577d09cd96cb87bf92f8b1e9f8f86609,Gulu
e324df982cc59b1240f450b1a0e10ffeb25c439e08c11f51da6e7602f4b7cb45,Kampala
03b39f06170ee2e5830c1cff23a0baf937d6bcaddd94708252c3fe6b2bddc3cf,Jinja
665f1c501ea74442342e6dc254548a49200b1477e4b72d306ccae37561d7ff62,Mbarara
f327663dc64f8fd43c2dd99bad276a5f64620a72514c2bd9789f2aec1c68df52,Gulu
ebb9b11b056670cbffde5010ab2089d3d6a8d3d94f9b309c406d71332fcebe5e,Kampala
4def846f1afd2d2dd8391f3df99ed1a481c8ccf4a06b2aea1a4527174143ea46,Jinja
881721563242176f193fe34a097c7398453d349675a83a3e64c1f9ed2ca39a17,Mbarara
8ab19fe42b7fb2e5f7b49a1effbc3a33cbf458b50dd2160084d32f56953f848c,Gulu
cbeda56cce1e080c5dd5a79304f7e88901375dd29477698c3c2cbac038e50feb,Kampala
5649c39743d8c1db454893f1ecd58ed25e3d78f4ac205229ff9f5c237a05f860,Jinja
739b0a8a7457ba1f9892bef5bc145c3e26c88bc13537292958f5c49f9fd48f46,Mbarara
029350f5ee0777cf92b3a25d18669a798d33723db563c44562e4045ce1e60df7,Gulu
b83c46461261068640349402e5d7a7280b44a53e4594c996d83b919dbc606507,Kampala
e910380572bd96232f9e4747ed0128c789fe0443b84c3999fa6e5386ba455746,Jinja
204d157c2ce566f848be6b744459479e6fa17ee005acc4be66e3b2c7e431570d,Mbarara
34992e75905c2988af3f7c60df6701a383f26935d10d5259aa7d85afb71cb0d6,Gulu
f9ace6809b3b280ffeb3bf077428d890a65a30b3b542d242c6011ef095b0d7c4,Kampala
abcc38d35ce01abc3ffd167d2152f9d34940c51432199187b06246f09f2c4f14,Jinja
f728a65b2d71b26f014a38495cc881145b15d507fecfc40e356a1d4562f7940b,Mbarara
ded596dd5dc834667524da3076f14cfaac9aaf238a15c142995fd3ed4514bac1,Gulu
fbf64f97c93293dbc96fe959fc22c9792bad4f1a4a24ab51c82f2f01092ceb7c,Kampala
79e3d3087196a2e5318a86e3170109fb48f2ad1e02f1c51fdf3bdb8fc5d20cb1,Jinja
2c4c474773d8506a724207bd29865368fe41be2f5c9b78c5b02d8183fcd5fa8c,Mbarara
68a226724f3561ef138cae1e84f804dd354baba1e38a6c1e7f18f5995c8aeefd,Gulu
e7a660d2fffdd0ebeb922668692cf251682618515f2dd1ea6cd33d2063ff72e7,Kampala
3262e0b2b3343075ac9367ab5ba874bfbf9734f0c45eebd646af5330b3ea1f14,Jinja
0874f8592baa27ea66ab1212fe0bb1549984deda2251bdeb3c6c553195daef66,Mbarara
1d209d76abadc00372a50eac5a26dabc4ecd702137f4c7c25b7b42ee8ae048a8,Gulu
18b1d3b44f844cc85fa0bd3ae5ad361762d421357efaf4c3f7bdae80fdf85c90,Kampala
c6bd56f4865793b872fa0fa588454a680a9350f23543de78358194736131af7d,Jinja
1f311a5d86a59c659963f3303423dba00025d26ee2f9d3ddfb66ace700992a47,Mbarara
18ce3d9fa50a56342bace29f407c9ce335b3a62a60bda592b0b4a1de3f618121,Gulu
a4b72425268601852073e376e9a0e01aedfb05102d9e7268218fd7a201445e36,Kampala
eee12cf47dac7e71e4d36b4e54924d9d877d59055bb9e6a59ca78264bbfb9dad,Jinja
86148c45342c24ceae60d516926d3420d0db826cc613262514967007533f62af,Mbarara
3b0d9f19d8a33b94c37ce297d514d356f8e47260cad240d5bff65446efb28512,Gulu
200c87c9b00c6d8238edebac3058a0b93a52d0844296e1b18133379a6729c13d,Kampala
b8ae7e9729e4776818e67bd21fd75dd47f47b99bd3c20bfb6b3134283e97d254,Jinja
cf455212b49c9cc318048fcc3905fc460f74aa28646c56c9dfb94c50d1c81dc0,Mbarara
b716ca887b929e63d5d2de344601b6b84f05feea6ac50129dbe9e13ea60dcd10,Gulu
e672946a4c7a6e447e3e1f27c62eece96d57f2440fecf628f16e3ee5ee448c81,Kampala
21395a61c01c218eae083db7a0e1ba4b37807ffea6665dc4286741ba14125277,Jinja
0a66596f9d67d19c1ad00018300fd5b5d4dfaeced80a0b0fa738b31e0d1119b3,Mbarara
249e9a86ff61c5deca83366137ddca4063f1fa03c61fc0934ca38055bf5de42e,Gulu
363244cf3d63cd6466f622251ee94b4ea05acdc40fb032e5e8660763c2fe1f35,Kampala
90540afc2ec750e65434ef6d06ce32b0777277b1b484aefc7d960ca27170fdac,Jinja
e07905f7d2a95237df2cbaec384b327c8f4a47a77e392a280105fd0b9eab5b65,Mbarara
f3534a54a109c922ce9a789b63598685b38f97d81a59d3decb338103c2efbdb2,Gulu
210b9b0e055f445813ce575e5f30aaeb6f5d0aa1b83bfaf5815b0eaa27c6cf0e,Kampala
1349974b34a9def96bf2901d6bafcd37468d2debcd4aa87020c1f2f5d2713647,Jinja
96314244db9ec6125405137d930212c83079e8377de07c1479bbc1844283d6e9,Mbarara
b050dcba67efd822bf67074852e3ead2e66f05a2ffa2c5cbd4c1b5a98733a53b,Gulu
6fe4e855bcf12e7c3bcdc7b6da43764a35492f1d2cf38d4557cf3fc72ff956f3,Kampala
78bb448268bf3d57ebd27c5159fc749580e73bcd45b40251c16e016b17e629b1,Jinja
34543e6216f87f7ef210aa2b5cb1706c7ecb7bc1dfe6d2cbdf7986c775b799dc,Mbarara
5a0822db338a9b1fedbb2c3273b2106736712ec4d48f66bd58e6c60c7d72083e,Gulu
99dbae30eddde827da949b718ced2b0eeb7146e80a15942c53a1733ffc45dbb6,Kampala
2b83147cef93f21d3c391f4562667464439224fd3398fbc613813f8178093438,Jinja
5c8abe0747a462ef61b761cb2b50e33dcca1ec52edde4359349ee180ffec643b,Mbarara
aee2576ade889d5020958e755d10aa5cb5e9c1a2951b09384c1e682ae837a2a0,Gulu
36de9e3627abade7cd08257cce39c68bb647f0a10deaaa0765314f890449603d,Kampala
926492e3e89c002c22273afc90aa9a63eed77e0a770f086e0ae06d413630ec90,Jinja
710d39b12b6c2e5dbfdbbcc87b392155570cf09559d653c998348f0158c7c3e8,Mbarara
7b7e9be3729ef9cb43e54580370cb699dd964aec8aa44c2e8fea4dedf02974db,Gulu
ce713704f3d754e4c224fdf55ddc683976863935dcfd063f045169dbe4a38c00,Kampala
679db364765d842e34b05c5679c06694e2eb80455f50a17c71f4cf20345e9d7b,Jinja
8c9f244f5fc7e2d103875354d69b03d275f0d04686a0233fcca4750e00fb2fd5,Mbarara
d912f0a1c2f4be23e8b0c1edf88f277a1794eaab860cfffe920443e7c9b869b4,Gulu
299c6d7a17104ac0aa2a1ace866914ff7cbeb20c99131e3b78d52388653ca237,Kampala
1733af296e4d3aa7a3de3e61c9cf42bb97a44ac5359b988ce3397f8dc82bc5d0,Jinja
76624b87fc292782cb17910e798600cd6d642215c45c3e4824c8f76d2423cc9e,Mbarara
05a7be199cc874546860e093f9497c5f0653ef34eedd78c8576e63cea5cc66d1,Gulu
3ca51283a131bfaec580d78830be608f5944f58e5cec0abc25885445c74f4d36,Kampala
354b7374bd97db5d881ee1d0e3fb99705fcf2d4d6b0bd84da1a736d5e6108846,Jinja
bae83573d1daef1634a1fc62b9db08ba8e028e0fdf23c54c32aa60e03833615f,Mbarara
20548c673c667db438e87a0f254e9f032e0cd736da855a07c06ccb989d5700af,Gulu
fb905458addc0a20991a412933dafb09ae9313104d9caae465d163693bd02b87,Kampala
f7d55339030f27925693af9f8b40f92487e76a24518ac40adbd5190ccfb9ec06,Jinja
89a55061d31954fadcbe0883390ee4c92245482cd3f1447e399b155e5a7424e1,Mbarara
aaf6a0410d837fc5eb6396f66b86ec7d0fd40d2e6626244c58c563804cacaa0d,Gulu
3b2730f4ce1f7a7df4a90d14151c6c5fd57b808db069d1af0ef2ea771d1a4398,Kampala
9b6880cb7b834b16612e3c9ca3c9256c23992fcb8c4567fdd44c2daa2a20d15d,Jinja
477a232a59214464c7474734d070385135ce5c91de41efa7b2521c9c6996bb5a,Mbarara
75dadb8a6171375466d3e64c5347db4a7a886bc9a5a79c098208961c51dda343,Gulu
1c8289d1e4e5f7df405796dfa91b07f1da59ceadba44b4e86367464b2a86e9c7,Kampala
023bf9fa652feb8b4eaca50c77e3a1af591c093e47fa55c3d7ea19cf7cd6edb9,Jinja
5c72d2faa2cc38c1a8b53d909f99bd2bf7190b8dafa2cf9630507e0cc36d7578,Mbarara
ebac9f426d95c91041cf8dd691733e048570b838ff1c86ac89349810260bf801,Gulu
e6f6f159a16944bdc83e3af1ced03e8fc6283576cb0dc2d29f4974cdd6246465,Kampala
d76db374b1c0603f26734c083dfe0b4a913c6cc25d84af390b696c12f7d524a3,Jinja
6dc5232e4e15edaa454530a8e6e92c5b81a5a4940e765fbf48e4cca9b940bcd5,Mbarara
0c829d1350a505797a947eec8372e0192e6cc42b1eda9a70259d23f0835df5b5,Gulu
c518a5655dc31dc0ed48d128a77ba85bf4673402b8e97751736b87faee14a5da,Kampala
b1a606e59240598276b2aa4bfcfdbe50bc5c51ad7551978b246f877417cfb03e,Jinja
d05df79f682bb2226683ae3e7bc113551a5a4e15cf69d4e011ffca8a06bed005,Mbarara
078c16ba553cd431446e5b5049c21cf16d99a42b93e508cf7545378b9bcc8b11,Gulu
e646756aa139ac443168359ad703cfb66a211929052b9a9ce20743c76ce057a5,Kampala
f5cd38a1a9d5eb806aa3b63e086342d8cfce6ea3ebecdf048b6d035f139064f1,Jinja
985b04baddfc93d646b31ada430658ee2fe19efacf024b98a0f6207768c24b98,Mbarara
d076049a6f6bbb864f17d5eb9252f0c6388150bc3c3dc62a0980f687e35c8f58,Gulu
fe2e9b2c7c114360a9c42108a8cf0aa04e2147039d075934d5f47b835c797c53,Kampala
71030d5c71e1395360742780625efe946f05743e9268c57dddb12c2672fecbc9,Jinja
761717869b6d4c084c025f5a22e1928d7c5da9517280960be4d77fb059c6f3cf,Mbarara
5e93aec8e718a1792eabf83904e8b5ee6be05af727604f2ee3bc7e273336f0fe,Gulu
8e27c89f31046d364e8d8074a79568d89ce0e379c64eb5ac91ac05bc5d245003,Kampala
2f010e3899da93df45fc3b5dc1332ca45c3436745a99260bfe482d5643f8749c,Jinja
9a0724c98552bccf017158f1bc487558d895541d6663942776891bb130ca3cac,Mbarara
5db999482f7b4552be29385db252c71d756504454dab990a8be6419d1284bd94,Gulu
39538d673766c90536310176a30c6bffb5336d0ef6c64b0cdfa288c218cf288c,Kampala
ff0f919d6412883492ea00e67e16940cd3a6e14db912e04eb9ba3e0e82512356,Jinja
a215df07efe75e1f7a07da33e8ed6f84bad220e6e863464302acc439b16f6401,Mbarara
d6e77b3cbda4e7435ad3659790c63f277c369b464648d0b1ea501c02a70d11d7,Gulu
0d93c2e9e6b3ef484713460f896ad5a070f548b30aae818108ba75c988d4c37b,Kampala
42ca59a641b92cb89d0437e26cc83e419fba2fa85c85d81103aa57355702a428,Jinja
9b8b016d19556674ad4084519ea3496066c3a4dd0499496f3267ba60e7555b5d,Mbarara
8e8afad3a387609b8dc8e04d0391d13ad3f514a47992ed71d9ba5f60c075dbaa,Gulu
8cdfb3041bca88d270fdefdcd336200849e2e22ed45050409245dff8197f29b6,Kampala
87368d5fcd15d8bac24a4204e0a2ccb0d2aacdbde980d80a57eb23298a1e7be9,Jinja
0004885136620ba6e69d057b9ad192a65f04b0be59f9000aa1b60919cee31b6d,Mbarara
18e124e91ebc83997a0e3428afe79b8c60c64d96ed2fad394f7765f220dacc93,Gulu
3e866f2fb9df00056f7d259a9c07c6df62f64d1f47cb3b0dc4bfbcab29f3b544,Kampala
fd5e03cacb424f1b89d472201de9f0b6acea5a9b1efc4d3871dc1f4de68dc24b,Jinja
e2aefab1d56d5a956b80c0ab4b7182dd32a02aeb4d299aedb1e433f8583e16d6,Mbarara
186ae97eeb0fec097831cbc96cb0134b4f9967b15caf3328b981136decccf04f,Gulu
0c616294c19d2e0bc2ac06426539b020068afcdec76c63888bf0dc8ad3d8533b,Kampala
cf702dda749f1aee9789201e56bc4dc8de241f7258eaf457d727c9a53e415eaa,Jinja
1b12d20c6acf8dda1fefe1365878395381a1ac18c365aa9515844863a8294268,Mbarara
c2b7e0afbd37481d1d236bc6850ec1243ac978e01fae3b3e94fee731b073f51b,Gulu
be46da5f9de994dc8e880f19f225a92761020d3a351483836291a589e41fba51,Kampala
5a58ae4e62e077a6d07dbc69ded4b51d714a956944c3310eaae40b5d864221bb,Jinja
57ae9014cb56bd6e74de745d24584fd56b076285e57c4ce3963897308f037f4d,Mbarara
0a517d873a3f7bb957efd44dd0164eb3694c9190970b17885dfa07fe9989de2e,Gulu
e4e7cff0b2d3ada93991646b106fb101da411516584be0cd4035ab1c603d7a0e,Kampala
2b7326e62ce16375f965a7349aba406befad21787131949372a1f19f449e8aa2,Jinja
057e8b688cb0eb65683fdcdd5922cb713a454b81785bff1480a3f9fd5b5c27e2,Mbarara
38db9043847e5c8e36436651c0993571ab073c01633bb368f2d03a8b16469ac5,Gulu
67080dbf02005719749bbbb7e41c8169dadb348bcf970aa418a36eeba110ec32,Kampala
ef7cb90f2b7d5e1f505c9421b115f06bb724227f637cd8d8520a9754275a59db,Jinja
f5ba999546b4ac78c6d40768a9af0c49e5ca9db0868ca2b66ee3dec6396bf15a,Mbarara
00ddcb0ce424d18d4024d6150664182f1f35c02f58887cc329c77c6665d300bc,Gulu
07cb992e4bd9e5b8072dd1807b5b2401b526c3f801f651dec9dd7849a32c5fc0,Kampala
af37eddaea314354c0c30ab5c5fea86fbc5ce6e0d2efc05bb94a3bbffb9d9565,Jinja
eea22ccc3793580f40ed7858c64ffb946badf361a80c5eb4ef7922efa9ff2a7a,Mbarara
3afd1b9be569507e8f888ca7c6e4135c871ad170efd5f882a07c50b81b906138,Gulu
d369c4da499727606d83dd991ed32ad313be736773d2867c773899d471ecb28f,Kampala
21c02b407fcbe2c0abf2cc5001cc2b25d9669d5ac14201e8917368ee8613955d,Jinja
bc24209ce77c006d35b662a547956e4950ada20dd95670e82193403b8554658b,Mbarara
9293436c965a0082a6e50eb952e86d62d9df5bd0839f6a09d52e8ce9daaf4d37,Gulu
16b0f420661887ac50ca34cfbd9d8dec2036031b102a134810afa1ecaa69be6a,Kampala
56a21976a09350061d95fc7860d3a6453c1182e349a163ab98899718fcde9d2f,Jinja
27cb46629627914b54ee667189c750d0f1a642916b7ccd0cfcefe9ae8b84865e,Mbarara
1a9cfece28678d206c63ba5d76aa5230ce6610c4a0a3e5fa1261a229148732f3,Gulu
5c95ffb5205617b75cd528be98deeab8dbda762295e46bf9cd169eafb84ef032,Kampala
7a6b4d0662f62087eb5cdb5fb63bb98c567dc19a9870cd662bd90ca671a859cf,Jinja
4e0d731c89ea31fb396c35e1e4c6727ca35dc20be73560baefd4bf4581bb81d9,Mbarara
0240a84b94b1b4811552b038e53a4abd45b27e102cd22bdae95b7bdf55bd7da9,Gulu
5e4ac5c4e3624cb71e70639c70642f4a77a84624e7b6aaf280a10d04da7b6ad1,Kampala
23ddc33a8a61a72de0bf8de7425c38407677530ded75b6b1d6865fae36154d84,Jinja
274f6d4b4e769875bc999f537f4e443ab22945df7b30bfa183170cf423d64015,Mbarara
c96ce1ab0f66efd0a74372918a94f46011b0cf3c8e83f532e6bad6be518e79bb,Gulu
d8155b164cc3a3000007adb3ed0f6e8b99cd3a50734053f123dab70c72c90847,Kampala
e9bf5ec14ff332173d8e84999e01327e4fb6133f87d6fd2e39c9b38c5b8f2d94,Jinja
c48bbf894371f608c759a2190bbb3a8f9fe7ec731c961a0acfa62c0c28e3d926,Mbarara
0140713b1f60652ac62996b0b2dbc4ab9d4485400bcdcf16e1abea6074f4b0c5,Gulu
d2340307b3c829d76cc22520d4b1662143ea7884f8a2824309dbfd89988b6b0f,Kampala
9fd0daf4d7329226cf00f4c385554013a6dad8a5ffb9f93e810750038c38216d,Jinja
fec83c210c86127aada5d0f9db359f8d2a293f2a568552e1e48ad6daaece11a0,Mbarara
7adaf3c905d7541235a93b66c21e4ffa0de1859adbb5676cac7321c5101e7318,Gulu
fb878066fdca0a25cdc4ec6170211d9bb9871849cf21197097f25a587d0ac310,Kampala
0ea7a6e95831051390ffe9ea74842707ac963f661e469394b36972aa8badcbcc,Jinja
1ee3761cb80667ac13c8c04387cf9e49b01c0f79efc5d64364ba71263299c4a2,Mbarara
cf99f28778869984fdf5d82c8690bfe634d9ec2f849fde648f867ef2d45c3542,Gulu
4924481ae753240cbad27eb4eccce8df50ae6c7acb77a96500e1268af2d954c1,Kampala
a69080af46b9c1a5c6021bdc62c37249b02135d1aff0fad0902ca6102437defa,Jinja
2c0bc3713652a138c84e79f18147c65f7e98ec1a6579a351d2c8deb399aadc13,Mbarara
86b326ce666810814cdcc92c0b516208a8b21b89677c023251c863a9b89a0af6,Gulu
30006c9147495a25429a3500b5368a82ba307d62b326a455e441da74b82e8c5f,Kampala
03f8c85f69317b70532c112123696b479aa4fb2cf1f0d65dde3040ce9ac1b8eb,Jinja
b8732bf81557dc7670614e96bf75ff707e40322a6bd776d9dc1d1997fdd6c76c,Mbarara
c5f102b9d09730e05812c0bd2af7debdd35ad15615d34abe8f2cb922193a78c8,Gulu
cc3643b36d49ed45aa5d0ffc0fd94dff3f0b0b3dde8e4374726545ea501fc5a9,Kampala
0713cf19951c80212d4ae94e2c98b37bcc069e635b90f2bbfbc5bd7ae16f8e47,Jinja
1f1b385b17162d5421a409ff1a44dd9ccb0475dd83d7c46d26bd67b000a8a3f4,Mbarara
5590a55fdb6431ff51b2c9eb7455b51bb71dcbcf607d24227bbaf27cf423a09d,Gulu
249d9f49282ce3eadc3bbf755f7dca0b8b1f5f9814ea0e00786fbacc75f5eaec,Kampala
a0952ac2004d090de9b0c25f0bb671351be7e5136bb46b57292a55010e7965e7,Jinja
2c918d1425377d5629b400283df6e1f2f7e191e8234ee4a1e1d8959f785185ec,Mbarara
5d28d31b94335716ee3e23b379a6a2d0ed17e23c2849bda675c46a45ec319f93,Gulu
6d833cf04a60bea83cc1ab514f3d80d84700e39711374643ff86de5fc6c191ee,Kampala
6d05049a36fdc8543d872f261faadab1a543077f635d267ab99b6d2879d63afe,Jinja
2d79f02168b57d9a1d093f7ec5c33cc7b04be3186e46ded334bc19a887a82467,Mbarara
9576da809d7c7dcac186617594f4bda3e31495e6045f213bc0d2a32468ae3e8c,Gulu
3875c5846c5cf07be275c55e0e1cb1efa0dc62c19a49db4693e58cf52295f9d9,Kampala
b3d6bd6275ed844f4fbe4708c467ab47ce76f1ef7e1167531103e990860d83a4,Jinja
487e2b8e15d33c01abcca0bfc6a190e23a3038351db4863c0a4061b34480f353,Mbarara
bd00a4bb977af1038514c79b9927495477db2286ba96132222b0572b72854919,Gulu
a65295fe2f4d349cf049eac8b748aded49faae7229883213b406ef578bc7c748,Kampala
4bbaeec2aecbf047ea07e691cb9604c9e7e9a77d9fb7b2ba92708c63de44709c,Jinja
4772261e2fc3a7626ecaca05c165d0ffd39d0ddaa6607e9b07557eeae66e0d8b,Mbarara
bed438e00b5bea38eabce26c8b25ed4a036fa89bd45c1fb8e7b29f1b9d5b0dcc,Gulu
3c380b35599447c78b351fb0fc13d329e9ee548d1142bd9b858145cb232b4b71,Kampala
0a2e9acef66cf0d4e83d674d90fd15cea2e1f4961364d4eb71ad24f2c102f13e,Jinja
644ae73aa1ebfc936cf37ea7997fc9a653484287e4a480da80a3a49d77b0a1de,Mbarara
306f1bb1d097743c8631f549cb9d87dab30739f3aff7a32aa6c6085feeaf0535,Gulu
490c06adc073a401af3730b11f684ff97dc9e1c84b1d9b50f13bb26158a27578,Kampala
4e6266cdb21f9ee088617e4e92682479024a87ba196611137c3c3f4077020950,Jinja
3de0126fbd804a279664aa33576a9dec88bd8d4dd741d2eb0f2d1d358cf2a3ec,Mbarara
8f57d47f0d0ca29b59dffcd76ab7574791b94c6ce291cdb5e4416c0ab1f96688,Gulu
47efd8f41d0b8171ebb2a9e5f409cbda2095fc24f8d51224c6741b6e1ca821e1,Kampala
43cc928547724191e7d7edc1f618299477704af573cf09a46569a8b5f906af8a,Jinja
579b0242f31dfdd08c51a0e3387179157a3b3cee67794d00292950bb34b1c753,Mbarara
4eff480478a73fdc70fbf402c5e433da9cbb7513b6dd2a619426ff77ccaac58e,Gulu
6bed88bf9ff20eda25c9b3bbfde52ae140302fb4731a1d22ac8ce2fa675469ea,Kampala
8b373bcba6155b23c9fc684d3cf6e8cf1f2b8b72103366a5ab451c0e5a331efc,Jinja
b9338ac500779ebde62a3f68225f95875110acc5fe8d9ab558e46ce24cccbb18,Mbarara
cb7e4ac089c856145b5d011099f2ff53c0d1eaa1abfb459ae0cd635560042ace,Gulu
7012a5071e237d34abb1794e03e453aed5d0694c32b1f429e6963c17e0fb83c0,Kampala
879d3f4efd356253d704e9c2c740ba25cb6d7452bedf851ee7154b8f542904b3,Jinja
7e44747e5ee5be0721773c7e58a654503b897afe7ce282bd06fa9c8697dd1901,Mbarara
400e561afcd3accb166f538cc31efbeb80f9ca872c9e5ab19005303aa2c876af,Gulu
e6dc40344d4e8c0a5dc107ac39d39e9508f79793883d16f52d440cd5a41f8d78,Kampala
a27bb0fc9040de58b8b97b53f0e7958a72543ac24d8bcc04b45f65d0b28cddff,Jinja
31d56551eff746982d52b52f545c9e49ad5c42a6b9080a362248ff76065aca7b,Mbarara
3240f67995d377b3044355273e2962441887bd38f8aff3d6638fd55fc620d7ee,Gulu
36df2289c35c7c934784397c1f11b70dd4d29f34559d95ce403f2979e9a044a8,Kampala
2ff932591f3cc58ae0add22e282802de3468236b84ab5c3a4075f584ac2514e1,Jinja
44bfef2e5d382ebc6cd19d9f85040bd75028acd9bb41e370b18dfcbcbc276111,Mbarara
08989f220b4bd5916c8830cd6f85f5be21311ae2d041aada1b25ba7feb8aa99b,Gulu
905a9dc1d6b39fad7d2da181dcb4c68f3a7b44993584566ba2dadf80f4672bd9,Kampala
4e5650725fbea48c4a80c2a362e58518a4382d108cffa9caa326159bb8b9f308,Jinja
14d4e70e5ca2db68cbee6bc9bb1e6586a9e2603b9cc321088fdd83116a843882,Mbarara
279acb202f1af28644a7f3cc6646f97afb0f54b5e0db323a0023228784c95800,Gulu
c001ddfb05d6091987440dd382e8a744ef26c6c1c086a2dac00fed30b5f7e082,Kampala
b0ba5ec60620c90ef8027fe6775ed2bd4ab7eefe05d5a50c65e29e5de764f78e,Jinja
c273a0503f0e39663f0cc337ad59f0e0cbfd7fedff08180bd48f5dc2ebdac166,Mbarara
52d149f05ba35eda778e0a9049c213bad0cf3b0ac1137b795e70748285208f57,Gulu
ca412ed2f9b93985b6e452125f7949b8575b5d58c28e580a963800ac92c8597d,Kampala
800d89637dd95e9022a2b983908db0ad86fc3d91f873146c2f22fac0953f7017,Jinja
6f922af5e55360747a8b77c086b7c0cde19d5429c64bcc92431ba2cc9ccbcc3c,Mbarara
804f59a648ad32626e6e8d9ecf0800cc02a98a637da356a8a68d589f58e920bd,Gulu
b1097f741da8f6502f41b5e62bfb41a5acadd98feef1abfb8c583c40cb3cada9,Kampala
f83f092d46f9a7dbf39c6d7a842a1f35ea65a2f5342c7288ce8259b305769173,Jinja
9f0d559f6f3db2d0379d5d7bb53758e67c174497f039635abe0a91a566805303,Mbarara
92dc0669fb5343b4596da85578cb841ab88454dc5a588e8a4176b59b3af9196a,Gulu
208f35dd6682701a64e85cbe811093854fde714983e8cec925aa000fe3b4fa65,Kampala
58e5c8781d78c52f3e193347212936c6a2a09f7fa878626656f43403a64ba3a6,Jinja
66237381d6ca8afd85323fd05ec12ce77dca65a25b779cf82adb23ad87856093,Mbarara
82f3a67c1c89232d8f43a14f2237972573b52266bd01833edf16a8e005a7bb87,Gulu
0cc0b2c5db1ad90eac73b93691ad0c65fda8926b5539ef2190361d2caa3e0fb0,Kampala
011a1c016ea04f33db899921f8717d8990fef1d4b1178da1a0af0ca8abe6a933,Jinja
938d52fa99bffa03776acc0f71473ea196dbfcc77bfaf8faeb7e46c0ecf54f09,Mbarara
f1cb292f71ac60123383fd66bd295f779a18082238e9fb20e03ad9309c9fcdd1,Gulu
3c344422b5708219b4c189803e92a1143f9faba6d119f8692545d30436d075fe,Kampala
e135b8f3229dbfc5dedceabad274ec9f2b58a147b2fdd0b4317fb3e9f95402a0,Jinja
ae4334cd71933f7ec0e0fc4af10552da93d372e8e80a986275630cff3804f08e,Mbarara
96c066463a6a08114dc000babe43ee88724b656e4f85f5e332ecbc0d3417d155,Gulu
bc8c4cd7c964ecc629dbc88967dc9b93c85203737f37da3931d7a85833e382ff,Kampala
9e7565b50e973b5cfddeac35e6263145161b4ce921b1842da82fff06e986bf66,Jinja
26d08c5130f33bdb01478a0e9c76735132f4abfa6eb9a3e14e144522aca2c01b,Mbarara
c4161e6a467172882f3d28f97ede46d87014c32596d175f5e51b2f1b5f680d58,Gulu
e66dad25427f52c75068fb0899239e5c1daeb679166fbb7c9109f9221b327a71,Kampala
b609b0320a7057fc7b68044cf39e149477d8a605256e6e4bd09562d18e0b7c48,Jinja
71e2361cd276f0af75f230801d83fd2d5fc7cfc0db9ea439144c0abece36ee8f,Mbarara
1a17257500ceeabe646d241bd8b7ea7a9e783d98f947d88f89b7e38c78f8de58,Gulu
49fe3f1a14c86a3e9f0e2acc0f5e232d00e33ba0acbdbf6914ad3513d9ba8b89,Kampala
99fc986bd0f13a0885b18b9823f9c8558e20f53f7486f4535b86ec894ef944f7,Jinja
48909d3323c2159b933c6e7e1b9d9407c51173a08a31f215db79f3e37102f3a3,Mbarara
a097588699992b974cf2fcd8387f2f04e9a6699112db0e3636644ab068df4cb6,Gulu
414c3ed89ba80ee502462ac5e15259a4ba5401507769374b5c745728da3f99bc,Kampala
9ef66381e61479941531ef9ea25321c407409077a98e1fed6797bd64c0bf2f0d,Jinja
0985802c3b29ed9c30dd0c399b6df00866da2c27fe1a4b7c7737ce88281e8539,Mbarara
cec0963e03712530766860d6cf2199553f053404bbdd729a2f9a8a4060575a4f,Gulu
3b8571a6a8f5e2d1e328c50479edee866d88a7c96e0bfbd7692468356be7f9a7,Kampala
a6a8852def31fcfb03cfa4cf26bc6ed6c48252d19fd3bcd3830b0ce3b223846c,Jinja
160b085a66c015a839ba7f325b07468c93bdf59590f5f0485ce646e780a954a9,Mbarara
95c83b2668cd4105e50840d31a5df9574268fc077ab4f111be0c8bc994099fc6,Gulu
df6d4392859a6d49df8af7340d2d6c935161beec5cb5c31b2c2325db363b20cb,Kampala
2b34b4da77028fc87aee8f2cffa516d9a4551617ce0fa991798c8b17a3386f3f,Jinja
285886fbb33f41297104cd5b6ec94d41b9b7ad3560e2f353c0b4312d3dc9b33b,Mbarara
f6a853d3ccf359740689bf876352b88d616b74cd53fcb016a33254968797f948,Gulu
3a2ff1ac402a80a4848744497cc1493ddb4e9648620e2a99fdef0895c759045d,Kampala
c141eca4c8d5f3ce2ba0d7e681b51b8e0f77aa859fd49e09dbcd126a838f6ead,Jinja
0b1c3e707e008030ccf985ff879ac2c14775825b0cec03618b5606c607603691,Mbarara
b2db0fe8702dc311c19c5f0db6d7ae36d6def0e061755dc4fbaeea0e26ac0384,Gulu
43f3e1d0d08dc314b75b70ac588e2e19dda1c383e5a125bfc8a8048a338fbeb0,Kampala
c00bca55bb909df263e735b38ada55ef6b6acf83cc7867fc40c92d8bb77b2eaf,Jinja
c510c0983c0a956a65863a6a6a6e5069e3c468c8fd24ffeec5d670782a0a5782,Mbarara
687b0e4da531f3086d2b27131b5bd6769ddd535a9574d2063a0edf2a3aaae056,Gulu
c0471857ebc00235801307528797684a9b5fc975c4528b7eb70ee72c93adcdbb,Kampala
e5f098faa86a96647e32e1e0557485a0bee36144766a0f740a2bef3e5a663156,Jinja
0d3b713015838f3c40a91082b17e812f789f24a03f6d54eeab2f9f819639d795,Mbarara
6da572874b79177ed2adf00c0cb3e6fbc97c59e633d0e6a5fb49f3de1496d100,Gulu
50094dafb585109ddfeeaa725219c6315ffdfda1d3611e1df019baf56cda155e,Kampala
d1f7df3f7823bb40b9c4673c1497f26c6d276d97d521491c22749b7093394926,Jinja
cf1021920ce88dd39f75f81a900f6e7bf7f19c39f03b440d552b329f5d7cc052,Mbarara
af5d93b74e5213db9c406e602024fc0a8f5e8476107663a189bb5c0076c62622,Gulu
4a30e6a7cef39d1a86f33c499d20c5e67884f8018d66649d835cc17bb261ee0b,Kampala
7a56b9e5ebc02c9edc861f67b758e6b239b5abf4b522a58c2cbaf523045c40e1,Jinja
94e3a81fe33a0044f64195ffe33b657eaeacf7a4fe64ec6cf0910e068c68c60d,Mbarara
7268db0e2d32b8d45a96f631acca13137ddf96f7a345b445527399e7a81d96a0,Gulu
7e13869e9008f1d4e85bfcff15a3ca67e02d30f7bb01f56c47ff51b1abd17e52,Kampala
6ef787fc42c04a5abb5f9a494f090e976ed8bd7cbdc360779b36455b4ef52e96,Jinja
b29ea08023be059a8e73ee59aeac3084b3a39b5bd73a3e6bb7c7fcfd96bd5a2d,Mbarara
550ce0b781fc763982b802781bf3990e6e49df9408963932804fd7f5208eec26,Gulu
23339eea0876d57ec87a7c57fc4e0d2e63dabc6597581ca882f8be0cb6f75578,Kampala
a87aa6b95926736908f8340db3d44bec77164afb9443fd91712dbc2b37c0558d,Jinja
b710bf42c3a58703bc69bce9fa5b43cb117dd1dc88d49d584c212af5079bc325,Mbarara
cdf02c862cbe6b20323cd606bb1a1c97f621073e3c394a288a198ca11a87d334,Gulu
0c94131e8460a6780815fb02b7c779aaa05554afba19a9c15a9b5fb9d023adf6,Kampala
5a5e34533a5e6fc2eaf02dd105e0be6910aecb5179484e086064de2f2deba0ac,Jinja
40cd08b89dc792acd5d7318c39d2ebf2260738b445e67a898ae36d5eb12fdfed,Mbarara
4165a615413a34bb2f884303b4410fafe479f547fa5c8209596fa9eec048ceb3,Gulu
e9b4d238b0412364910b68cdcc10c66afd6504d90d238a8e68840ccb8032c0cf,Kampala
bd7ff4c60e09c066f4e6b8b5b1ac82b07a1e06c93472e25aabfcfbb5f944c6e6,Jinja
3429c33fe2ebad0926201f6cda47920c3044d4a008499bbb6b7d8397267d5335,Mbarara
0b88a4a308869354840d4cc406cdfee282ac412297f3812b553a258ec9e50146,Gulu
43837e48664b99c504cbb3b37c3987891e73b97f80fea3aca4ee2f840c5ecfc1,Kampala
e9f9b4a2f0d2ded6d5222d4209607fc4b9315ddc8d42f80fd03ee937b38c8c61,Jinja
de0df6f9d277b3d54c0994768911eb5712d0e1cdb671cef6c970c1416d7e680e,Mbarara
538ae10fe701313aeb1a4867e3965d1e2cc40e63edfc57be7f02543d0b3dc15d,Gulu
735f4375a1ca447d253d067da73726195d2daa1d9e8aad7444ebaa5c7aafca5c,Kampala
8b3f956309ba8c66db729790be112366b4dbd8498bf729837c3326135696220d,Jinja
b5ce1048a72a0faa76a0125e5021de0e777144634917908c51a56627b1c216fb,Mbarara
d5cc7edacbac10e830aa2d0a401734de45264e28bf431958d9e45f675b062496,Gulu
900d5d6de8b210823f5166be17d258284b942a613442ce28953976c4d65b9a96,Kampala
272116fcb5549eac492244641a6831b976d5b7b0c4deedf16c884d8e0a5c67a4,Jinja
ff567df55db7417d0e961b99e03a607e61bbc992aebf5b41e45bbbd98aed8212,Mbarara
7179285da3e8e1ca476a0e6c5c849cbc210eb43f07d9b7289e80770afa783c62,Gulu
210d444896482816c67c3eaccf3320b4c2fe47d8c6bcf99465a138aed5e5b2a5,Kampala
61a7667f28ab10bbb2e0dda356fdc5a8e4de72dae4c7c1d99536af03614b9cf6,Jinja
74df3127bdc4958d6a77066ea873118cf3e392dc969e5eefab6aec05e3630780,Mbarara
6e7791028a2ac1456b5dc8bbb75efd1e40453126aaba0beab1b341b47089aa84,Gulu
54d3380aa58a5689a3c808502fc2df66961414fc833a09896976dc1af7d21389,Kampala
efe6c3f3dc6cc61d85b27f2cdc362bca850aac0efb1debade0ca133b339410ee,Jinja
b5c247a681536c3338b38ac55fca2f8373944fdc77a5e9cf160e31d4ad84bcdd,Mbarara
fc93312e3b0cc525264f3ed136d4697e1235a68ddff261acb2752d56aae75360,Gulu
94a6a0fe0467c609b6e908c09bfeef14efaaa50cdd737526ed9917ce657e0d84,Kampala
7c035b8deb91f2429e9b29693f016b5a075aaf78098b1d572987bfe6f79c349f,Jinja
7f249c14431521e9ef5c725d7725f17029be85877070af916020e7e45662bcca,Mbarara
1d3f56b625068fcb417f36f22a35627e91959adcc6593e51c25ea138231b0115,Gulu
512d5dfa53d21f27291f0209e627456ce5f2b74ea677889bc3618c735a2a7e17,Kampala
9dfb42879efbbecd7506d52e3e5f1343f64f5bd23e330842756ddb33377e4dc9,Jinja
da9f316dd854ccdad88a1871c553a2911d8bcb2665b0aa824f0751ef16bce13b,Mbarara
0cdac5ac216096f34d063ef0ac4a8256d4a1f5de981f8bc14ceb53a130e18214,Gulu
32ac51ea81b4f4e4f108854f3438ecfc647d7d6effb71ecdc13309ad60338a53,Kampala
01565ae376f95c9bd377ac110f31be85853023f06b25c7cd7a26a445ad1471c4,Jinja
b18a9a834516403e5fe9a2e8571185907b9fcdc19d0e78c8ecb6dd6d66aa891a,Mbarara
199ae813eccaa9eb9650e10faae45e888219515a1999fec6e12bc69944ce427b,Gulu
0c9d5ea6154b604a8c589c85016ed5f54f3511fcd003ad3dec7079ddae9c2e8e,Kampala
fdd607ed519a09bd01cdd9e0dcf649f9427e7c1958922b32e1ec4d89ddc5eb62,Jinja
bdcd197b26993882116bfb74aef83ad5f21abadcaa29cf82fdb06ddfde42c12c,Mbarara
ad75be5c783c8b1e191ff52bc75d4e67d92364f4cc7daa6e60e3a9077c93c0a3,Gulu
53bb61ce9a5c807ccce32cdca65cc96a51e180348de3369f537c22fde6ea774b,Kampala
1cc78c72b3a69d7ed532c5df1f9f5776bb1b55d4a066ac16504db81a25252f61,Jinja
2dd75cb1cae8b4dbd8156217b8df765976e4fab8e18094a2db4c118ed29cc332,Mbarara
34d9702d891242c6e1e8b5bde25077ce83e3926b2163eca147c587f71419dbc2,Gulu
f33839474a7280d363c35478d6c67e5847ed6747ee2eef8c545f9a997ee41d05,Kampala
2ae5765f47ada1826cfa32b944c52c450014070a42be100d852821cae0194ab7,Jinja
d4b231522d9005e80bf508b7610cf2d8b7de8e2cfbe628c23ff0781831671120,Mbarara
c183f75e76c21b70183750308891ff8b76a0ab63b6ae2b7f8b69667d90257038,Gulu
fb25ce25da9bb09f5aeb127e483477202d0514eef37b334e8929ac169c15d23f,Kampala
d66d455e49b78ea80110a9cfc88e267f2228e6a1ba22ccee9ca6539317801f23,Jinja
17beb49ba1353ebb2b994e763ff573664fd6ca1e5428812811326a903795fb0e,Mbarara
83d048f563c98abddf6aed73b9c4446005faa4c2f71fdd1db841b99f8e2149db,Gulu
9de9cd6ed28e9831037882f228507064b69551d1724529e1a1d602b7fa0340d0,Kampala
8c28686955bb94651805b2041bd4e42a51ea7ead8fb422e301cb315d42f4586a,Jinja
76b1ee4df4a4d1291b200436d345265ff298c1e70b6df3636fb60d987785dab7,Mbarara
9a15f9a6bd6a3bd2dff379f8254e6f03120d14bb61176616f5dc39d8b52353eb,Gulu
dd4e4e65283fcdef57583b92bf7280002ccf3f1510cebec07a164f5b4ed4faa2,Kampala
87f047382036386882ddd17753b5717b7f8bf52bd72db467c4fe5b814de5c0f8,Jinja
699c554152f587fa447f352c83e3ba045f96c0f183c5525d994ee07702fedfbe,Mbarara
7aa4b5b5168105664b67df464ee566e965ae9769d7367e92b801416b2a4f0e03,Gulu
5781d4cc63514d58096eb4846fd90fdb43934994385191558ae723ac349e6e25,Kampala
b34e0b472af4a23df276c476c347f2c4e798441b8fd834b7392beef4c5fe86c3,Jinja
940992ea1e95b554576d67e59ae939621ff759ba6e2cf55f520eb2728a5b0265,Mbarara
d9c39e518812c28a40e5b816e899313e423ccdee11db15e7fd0b7d1e5b200229,Gulu
a2a46b856b4275865a435ff9bc5cc449020c2b591c264bd3466ed23a2973994a,Kampala
2cf7a872fa3cd4f76fc77363eeeebddc2f80d3f949b24bbfc08522c2a092cd4e,Jinja
520f756a7ec50af287e2ecf56d20050e2b2d4c83a3048ecad7c792471fdb0c52,Mbarara
b12a801f6911ca037a640111de29957d230c62ab8c9a816f825949e3ecbae890,Gulu
fada81c1740764eb6de10690dc8711e7d562ae035831a3eaf3d5fe80be47bd8d,Kampala
290bffa24066396db2b8a85ab963aea6e4d1ac6c6bec4a4328073c330ee41b31,Jinja
1f618f314d4b4618316b838a491b45f78c01eba7010d5664e6d1d3bb14078219,Mbarara
7be4b0f79a3b2353ea21a6cdf9e309ed6d192dbf6274976a76819da45633f9ab,Gulu
63ecb54d4c783b11f869c7e5ca3636addbe05980d8e14682675e0ec16f368a70,Kampala
5579d9ccf7946150bab79a4c925e63109bd5005883200f2c5b6d5492de056382,Jinja
6e135742b71dba25c5e23f1b7a45c2aa78e4bc5aa63bac35d3b3b6e7631bceac,Mbarara
0b321b1535d2156b1d685fca4ff0775b304b4737566fc14344af7b6999ce0faa,Gulu
febff1469effd685ffbc25899b41d8225972ebf54c6188ce9f9c5721980be88e,Kampala
563a4763660f2be479064cff71b92bd5e390815db9e2d982229c22476ae8117d,Jinja
9546ba82ce2fa7d57d557cb8db63464224f6abf9a2b0ab414d8f66dfd46b3477,Mbarara
53d222d7fba9b4a3c527fae407326cee1e5a98944c1e9e7a4502e2966d1511fd,Gulu
ebd3c3fbb77c348fc855761deb1e3067c4c6a1a4c7b90cd1472c2ccd076d69c7,Kampala
012f9101c18e7eb7845d876e9a5c86b664767c2b1dff3e13afd978d8b5a9291a,Jinja
99f462710353847b0028ac82319ba3769640328268ca930506182b30103446c8,Mbarara
50781040406a7d3d8d795c41e7f343a4db82c9303827d3639710ad6aeb1c1515,Gulu
fc1d56a94651b106196bfb111e87fba56fee335f446f6ede695166e0d10ecc20,Kampala
cd24eeb9c7f113d636e47686b4e3d3a9b4bcdd747fd3006feb49db7f795e9912,Jinja
c6dba3fbad9396cca131900b05a682306a9437fc56a25bd3266196e9385c5e7f,Mbarara
5cae0ad15983639fc25a3e6d7a2f69bdd375e71c167098bfd1500426c29cd2cb,Gulu
040446ad807b38659081bb331e3cf4369e936a86b0c2728668f43d5d0fd61864,Kampala
68c1db766766b5fdc9f57da1204d6116767cce6c373fbfc1eb0448e6a30c4680,Jinja
c48a0aa1367c7c0d398560a730d6f7439f7fe5134c37bafe3a2089c742c22ae3,Mbarara
a31fb51d7ddbc712477f85d61f6d143eacbf81b180f969b2b3cbe834f49deab1,Gulu
23ee36d5d61e435b66a607aaf6eab725abf288dd3dd1d7eaa9358a314346c976,Kampala
dbe6ee720763a05a7d860e53d6600321e2e27a153ea9838ae61da6e79e4ca7e9,Jinja
3dfc826a94c5492431c788c3badc1353f83df0866993e71dd163fb347fab6d15,Mbarara
d53416bc2cf75eacd8bb7e2477c708e9fd89f04a88141f105db5095d13a35ff2,Gulu
1450c2525bed13c60ef8739e23ca787392946d574b16103e6eaeac5e1fb34acd,Kampala
093ade63aa8645d1faef22af1c4ad61eb16456e62dd91aac35c37aed73848458,Jinja
e43a2280cdeb49586495e05c9e7768606f703c84d4be41ad96996798217b75f2,Mbarara
f2df3cfc829257229b6e047a016896fe84c4428d9335ef43fdf4e195a702ffc5,Gulu
64dac337c967aa5efdae7c54510440f28baf830cacd1af9c6c06d9e0385d646e,Kampala
a8ed74e554382138ad33ab06f1959618ccf37f9770369ae0057318550b1ce316,Jinja
8ddd24eb18285d2cb2b205a97e97d4e7e3de556c84cf1c746fcae86d732915ae,Mbarara
b581a3034da03ce1b6303ba32e6b96df00e42099bab2b2f977f85c16bba67e5e,Gulu
bf4468e8a0c7df4eb6d9a12fe6a7fa674b855b4ae1f12ceb416bb9ed19bc65f6,Kampala
082bdfa38686102d2af7da2eb545fc547c9374e2b658ac5254560f465420073d,Jinja
8a0eff49c4131ca2868e3c920f9488904a605a0eb8e453b6e90fe225bc77759f,Mbarara
72ee5d6676bae9f33bea0f458de4770e6c4445efa09135cda886e6bd0744b580,Gulu
d472ff9a8fa0ec6d9043de4857e8b5100a92da53d82536d0aa8e74e102b0065b,Kampala
68eb063471a869e417530e016dec2390d0a3d95d0c2995638fa41b7da743b8d8,Jinja
61a367f48ff79e8f9719e422edd1d7e6063aade0723ce208639e2bcf9e0bfb3e,Mbarara
2bc1fc3789d5dbe51017b5822383d239f9b28871e905db38e10c60495b5e88ad,Gulu
69d980ff95691b4a7216c305c5b49986d27e47e277f37010a3d6b88b61483b40,Kampala
70ae81b6c64f2993325a78538a341c4874f0393f2b5475b7070cb36f91f6b1a7,Jinja
a59609f3f3852c8b62de11125de65ec75d14d727e1e2bd87c5f6c66e0aa0e82a,Mbarara
7e926608d174bfb2490f892c494ba25cdf0c11049cd77cbfe73e82aceb1b9515,Gulu
35588b791a16e92612bb6bd5ae18bf7993f6b72688eb0b96476f54d363a6146b,Kampala
4ff1d51d4968f997121a8747e27e16a0accdeb6780bfba4891122f1c86f0bbb5,Jinja
94241109db60302a059ef055b60ad4bafa5a70b24a13ddc6cc590261391e263b,Mbarara
2b1f6c02e1522015cf40b89a91f029483072a7b0596745fd790f66ae000555de,Gulu
4b250c4f7ff63d13ee0f5e97dbb438cec2517cb363b56433d477c83618436af0,Kampala
e89217773c7d4b3a1cfb42f564a9f62d008671f45db96b8c8f85115a12c75d6c,Jinja
80c01b80f5524ab2c7fd4a1af8a5e5bc99b80495b0860943dd92ec5c2696a285,Mbarara
dc361891c39a9643fe54d37106f167076cbb5bb49b2e8dc9a64c7dc3e9a83fd7,Gulu
e92dc492fb473304e501840e7003b98c2bd89117b9b601ac55eeb3d3f86f0cdf,Kampala
1a35cb8e051d7ade11044a8b617586eaf2eca78c3def5d7be63bcd7cd4a465d9,Jinja
06436a49aa75c19da4ab070a6b97bdb8a0dde900a4b329e1918de8276a73fe1c,Mbarara
278b2dbe3f390dc0f20914f68b940592f05e1ad347d0f49157a73e5c1ac075a6,Gulu
c68152f87e71c018cb4a344c21e0b3b674f47375ed07614a366bc775ca3c65be,Kampala
b7e85272ad53556717977f778fe1b067e879c547f704686f2e84aee113afbc19,Jinja
9e5d2aa832762766761b236119c27a70a4f7a802e4104f958e515d0dda2b384a,Mbarara
6e3953440097eaf8d11cc7f19ddef42401e1a38f65905e5a9b01803f919bbae6,Gulu
e64e0dccedb988af009938f6c65a8afdbd069b5188dd4b4bdfd51c792b59ab86,Kampala
504755b379a9bc5a6c1f7afd32e073d89a45481e6d6b8747ccd55b06a16174a9,Jinja
1036be02d1566f5976d3049aa4ff0faac15e0b86bb90d3d6e18d68217f2c3f47,Mbarara
382a1b1506abb43c869d3efd0d7765bb97889787f8fdca1b59fc66be388b540e,Gulu
535a662aff63fea47f830742361b9c6f0285809277693f848b5f44be21b1a293,Kampala
18f55606ceb95d12ae1b6ad7d19d96e24f17edea1c41c0711a2ae91529b77b6f,Jinja
82ca08aa8f0b8f16fbecbd3036ac9ae9d29645c4e668926bf4a08efde6f07473,Mbarara
199b5a515cf6e6429c0e0197362ec1db83ed8dec119a7894a07b49fef5ba3c60,Gulu
0bbda279049572d757b6deb4c2528a547abdb03b0be30befeada1e052cdbe4c7,Kampala
0414c0370b7c9113d1b0f03889906cf6ca6de8c8c220b2905638cd8888aa5215,Jinja
06e8b0bda248e3e8fb82cb6ac35c79031a846f1b076deb1a8cfa827bb2bbacbe,Mbarara
d3d7ed64fa1a672cbcc38f9556ec1b2603ff10da78425a873d100c0d2281676c,Gulu
d1676e31c906bbcb3c7c15bcf28dfd4c1dfb5a2547febfb29c2d033a97a13814,Kampala
802a57b3445772b0e342c651d19bcb645cbe03af52aca264df7124c34b43d92b,Jinja
c7bb525c47dbb6d851fba9908cfe590b2221cc9608836c0ae8b00d6a26246abf,Mbarara
2918ade66f59acc769ae516211888d91474238c8c15edc29629cd3d70026421b,Gulu
3c907272d44ef46f15652936011316aecded5b620c63293e18f12534fd3ace52,Kampala
cf8c534a753f09e07e8ef592e374df7a89b096e3b6bde4a7d9805c35e3e0e808,Jinja
e6b196d2bf92e76963d3bfcd080ce1cbe85bf97148398c07e4a40437f005de44,Mbarara
bc98d7d6fe6adaaa6ee2a53b74603187e0d4fdf5b2ad43546226f45a85557735,Gulu
fd05a4dfe97e1015e612b6da65810d07ac0609f16e517b0d92675e61d0c8828e,Kampala
c6f99eac5f427a44b03e31b4c260b926fbeaec6a397925dc524d0edf258b5781,Jinja
b1549781107dd5abb4f685cb0ced3cca50ffb9b2f8ebfb79a270f6bebc0af846,Mbarara
56d76c20911bb34c6e60ccdcd98fb3f6e9d06651031c88135758b398746b3703,Gulu
0029e90060c55b02ef9824e03c5a23fd22504924a2991c472823ba947d82f470,Kampala
97cecf070c424a1503cc73b8ba2b1759f50159c7da458fbf0c7877c264d59bcb,Jinja
947d97ee173b16d285d4d4bd3e9eaed34fb84f1730f20e44ec2bd57ef7c010c8,Mbarara
102b0687a613a90c3c240a572a445d2845aded33e8aaf1c0c931b8d04252d50d,Gulu
ecb8a20f35fddf618e0e62a1bb9fb714eb2e3c9254a5ee28bcbfe438aae21709,Kampala
0a0a099d06b0fd652753d47b7bb86df86f54061a668080579c821c34dee377e6,Jinja
89c6b39e30d4d39ea28451694a5e4a5e0b616dc753b0fe350bdff37c2a220cd8,Mbarara
a11b4a5c26752449104321db31e07decaba35e80c3c62099755e564fc8c0c417,Gulu
2753a96934fc2cd111652b7ac607fe435c9a9fd8616240f5d6d64c7af661c401,Kampala
7c0b124a36a5659c15dfe5a4557d13ec78e7500d6fba74e73858bc853e6433b7,Jinja
1d2c1baf83a154edf51604cde18ee3622c63d0c66e559fb1da715ec4a14f3006,Mbarara
9b7b949aec51fd825fab5477227c4cc2e463f5e443c116665d56f72df798c8c7,Gulu
c0041dfec04169d599bcd9b3f77199b32ff2b94d99021aecb68b1254a646c24a,Kampala
ce35bb3b8259c6639f7fc81f8af41df6aabba17701f06b4237327dbcc887c70f,Jinja
5d4050b5d9df20f1ed86cf239174ac7a69cb4cbb831fd1c4790ba85f55994fbd,Mbarara
3009a8121e38fdb4c06b7023e8a986670110691e4cbc8467bd9944367986596b,Gulu
ad6ee8386ee892a7f5794473584116d4e8e1bf06d1e8d435461825b528859cf2,Kampala
0dc7689823d90860026ddd17c51d8e0f6f35ff72570466b34ffa684d64891bae,Jinja
390c98f2336776116fc420ca7a3e7afdb0e73539d5e0853d5d75ae8efd97dc33,Mbarara
2b088d35834973df3c4b1667f937c42f0a41de7eb00eddf75aec194939a5e80f,Gulu
e55570aa1dad9c6aff74154ae3e454004939b11ef310de1ab2e133ee7597bc38,Kampala
d1bc617bfca9ae2e07fc15c724633b58e6b25f34a64b74a87b7b7ac77d917031,Jinja
6fd37b18e4ef8665b8079b765910f64a2eefcea1aaa5e166fc5892ac7541c840,Mbarara
77b80e9635aa0761cbd5d14b4c9b770b4568e081e508a4c78f7e396b40dcb493,Gulu
1fb3b2e455cc50f3d1124f3a1b8cdf1240519e73b80023a20655fec6dba315f1,Kampala
a23adbe01cf589e79850eb87f7060a403261afcbc639733843ad180c734c7dcb,Jinja
2ec408cf4a690d5499d3467fad9b90880acb9f5ea1d604ee38eb183ba0458832,Mbarara
e6440fe23ff304bd06e4c7a2371279b19e9f5d14b1764e337c8d12803b9cf6c5,Gulu
b9a148b7eb5eaa96771808910c64ac63b03868caa294cb8715208303d8fb3fe5,Kampala
2edb4c086b7cb96a51153092acc463b17504e02fc2f252d1d0f8a46e49f4e89b,Jinja
b3cfcd1e759131c5719e70057e03efbeed51129102c823c2eb84cb42f7cb4ef5,Mbarara
3070a7e7a7a1263bd08b97ef39eb4f6f5cfcaaa0461e234bd7e8035d9fc08dc8,Gulu
576da3d9ee181bb2fc639839b5a4ed6df98bd7633a3db517115329b226b3d898,Kampala
4f32387c622b08e0929085cb1598b8ab45dda96d4b0801061dbd3a228735664d,Jinja
4d60056767208494d30c3c7922dfaaf2244e93c18c2957a072ea1a6b142fd024,Mbarara
3499522d32ecc38631234c2c1e1fdbf4d1a0a136e023f75ffc8cf76149701391,Gulu
0349f926710768ce77115d15731f58613a546bd2f949278b5110d82b9ec25bbf,Kampala
ba5fcfd64828ecc3dd21ed90a2b5f5743de3d742baca1ef3d5e59bebd8c366d7,Jinja
257421cb946259e11b87ec10d5d4fc3ecf6e0fa9d16c5d2ebfbba3773aeef784,Mbarara
953c77e37605b22857029325f8fd27389fcd60171fbc42b6c6191a9ba9e62c43,Gulu
60059f025dad696fff1b7f53e9c15cb133a6be12beab89eae5baa5fd1d73f189,Kampala
5c85849dec7f26bcdde0da43e753447d25a5f417a17c302f9fe60b3830bab65d,Jinja
fd30848f2c22347baf9ebd883cd377702d512d6ac2af0b7ad1571e75fd2c8b3a,Mbarara
e4c30467bac76573de4cd8ff0f79601373d03d1b1b815d0f6b5389b25f586c7c,Gulu
2fb079cf7e97cfb76bbb4bf61794dc70478579c2902085c8c6a0de22f9885154,Kampala
14f33093cf97dedc110bc47cb69adb0ee2372a5e444e37f05ad2460951a4f7fe,Jinja
465ae2ec49bc77699774d987a946f37dbe1b20d7305517277a94402fda722e33,Mbarara
52cabc3fa586c32cba2fd0ac889d0e76f3d871a0cb4687b6a1f297c8697aff4e,Gulu
ef48dfafa3c3d3c96e1a87c3ccd3a4a218dd56d015714187054f9ab0879660aa,Kampala
18663716fcccf6c3e77358d22a8d0fc8dd3945b3881d84cdb71aaa61eba00f7d,Jinja
8c9b7d18adc7953283c71890b643631caf0c4d9b5191a6cfbe46963213d19c68,Mbarara
a4a0bd82518b2def622c08418d5006b118cc52c2562903eb1036be663f6063dc,Gulu
b8c766b772ea36cb10fb0baa5a25bde31c3258b36feb02ea3c0a1709e1728c70,Kampala
e87560b00c1000f73487acb4b776c5eb2b78450b1199d8a68f0635f8246ea21e,Jinja
61a0b2ad237d8ec01571282e204e5d163201195db52ff6719542a2bf3061e300,Mbarara
55d485c36c783bf10af82f77d2353512c512cb45b5a8bb219f1821cfce68b5ac,Gulu
ecd8384430902e4f233f5c849e681eb30a538869cb54623fc59ac29d37c92b72,Kampala
3eb6d45a19fd232280b5c24e4d66fda887598c6a1af0e4de19edfac9f6933cd3,Jinja
796d458c66eb384224177c87483c3ae1c264e1d94df33aedac3a16553d712017,Mbarara
5a4c8b597116d4c7c4ad93e08add33622682caf3eaf7a7f29a9bf6d037fd5653,Gulu
ad1065a03d70c59b1888f3fc52108cf1f04da17be9e5fbdfa35d5cc006866537,Kampala
0579f8471f661bed926c23d5975da7382e96413614cc913898114ab79ec1ca8b,Jinja
1a0233f8d313fa946f3ef32cc3eafc8f2a7909e15b2d26e65cbb00af1e5e2e24,Mbarara
a9793ca1bd0ffb609e353065cfbe7db2ac57ec38c0cfe7b71e07f8c7754e4015,Gulu
16d8590dd5716bdc1ae21af1351566288a2f0c7aa2a50ad2889a747fc24bb5d1,Kampala
f3311245e8f2bd3af587bb98b5740ac2da939ad5a554f2485fd3f13c35ca4f2e,Jinja
60ab508a7e3654b00e08c3fc3d2d8c51308ed644711d01ca755bd5337134d7af,Mbarara
d0eb092d592e74b5da2c78cff52edb7c0534fc81d08fa0a0cc92ec192894b382,Gulu
ba16ee27c97647d8666f3f92ad05d71737c66b62191fdb166de9db1f964b3d75,Kampala
5f1e6a1cbed8ffa05f86f5773c330ff0981a9dd729b0562675eb73ed9e3bc8c8,Jinja
712c7800f5ac706835e9767fe7e807d225db79d55656a0ce1413d38ef3ee6ea0,Mbarara
caa4fe1268e2e6830cb706e91346fa2ffb88f0f0cd8b1d537cde2b91737bbf2d,Gulu
7a093a7201f6ba489e4da224645cdedbe20f9bcf4586fe55564fb9681cfbeb54,Kampala
5db401092f31ac3b840196052bc8b5bded282b8b9e4970f37cb8f16d85ed2ccc,Jinja
fb1ac8a6cdec5a4fc6fb30449feec12d9ea0051353b5667813cdf46565acce83,Mbarara
ebe9c2918d52d9f2e82cedcd1f588ddfd1af6a9dd2a860dbe771c307b54fb8e7,Gulu
7823bc82b721640585df0dfc2fe9294836487b80ff1d726e2d023119bd9d40c8,Kampala
59e634bfc536b9f6a9216c8f82ef7d011b1e3f7433e7f83033c0ae5808575360,Jinja
5e6f2c48a6f30792c0a0ac2a19cd433d16c016aab7df9f586099344cc13f86e4,Mbarara
3f79136698df5d4a1955f031cb58c80b74d7f21a6728476f517c57f8cc2a309d,Gulu
38271f5d0c1c8ec53138625ae3da3e652b4d5f6e3cd761f4e1c854ea59a8e306,Kampala
62e89e528407734c1aead9a6acad3907e6d7f1fc12a2ce84dc07780f51e1dff2,Jinja
535fb8442ea00db999451d9c26bafb9a26523cd7e1cafffb090bb51031ff402a,Mbarara
edc8eb513b10d1cb33171b59bb0d22ad5a41f10e6f4ada31bb28081e41fd328e,Gulu
07ee8d3f684eb8a75be6bfb00c10974c3de9e8f5ee4883b272f3148101d7ca5d,Kampala
c0a1eb789b59d28cd27c8d25b03acc352f21f209a712e1b96940e3f86b4a0491,Jinja
7d0f7ed9cbcbd7b9bd93f7ad0d7ea9041faf2acd1e25ed494aa61789b33ca1f6,Mbarara
fb3c3608c942727c23ed010f53bcfde1b9714a46b68059f443273b1fa5139169,Gulu
7f29a9d6cf45d82fd05797501f5616a3c92d873befdb33839de771ce4fc74fda,Kampala
be019cbb75e9cea0898bf5256fac7609cbca8eaca92506680b8296ed592be835,Jinja
f7facd1d2c2012cbaf5742dcce2244486351c6efa3b783cf0aa24fb8d80cda75,Mbarara
4d349b7c080200892398df1a138c3267b12f13e12bceedf00dbf7c7d199e6c92,Gulu
796badd1b568f1b4f08b35c5080b83e202aaf434a8720d62f1b69ded38e926c2,Kampala
8cf84ff36e7c710da1b2f5477bb69430edbf86b3f01292fd7a4f21a568b59369,Jinja
3d545a4af8acce0899a9a24ed65dfd9877cb420e3c88174861833ebf22094e93,Mbarara
f3de91fd2bfbe2c2f33c1feb1a9656fb497f7f310640d5de7d93f49bdc3e6866,Gulu
341ecb344e36ff04cab79a864f4eb3663942ffbc253822816a0e4ea18c103b2b,Kampala
3fde2f9668a8ec88e0842737ef50fe8acd2ec08fdf2139cdbdeca24c0d2cb9c7,Jinja
3b717724d6925156b8772a6e7c4401510a5d207f7d60a2c6513d4486031dc1a8,Mbarara
940449e14dea2e84602326bd898e34b542fc4397e8174445fafd92cbfcc90356,Gulu
907496976d4f2de6bbb26a642419e576078a6a6eac42f1a5982fad914f8dc802,Kampala
a66c31f74973e8c711e55b36ad80d90c003a71bc730a5cdd716d8a54b17b9b2b,Jinja
35eafa80de43333765b796f31b8cb01bc6cff3cd4f8015194c9d3eae4b9b3ca5,Mbarara
081551613015c157f6f4529b6cd014db1072146522ec1507576a016f1101b0b2,Gulu
c8162d8f17ca549f27646a95de0a9ebb1ece2402306c85cb9dbd94d9d07fe058,Kampala
04481d39b7f319d9b2cde99382903367f1afe354e489c5d11d5eee4dbdd3b158,Jinja
c8238998e54ae3f4570459af48ec393e916a0d017f5b4097a9381765d68efdb8,Mbarara
79dcbb434a319ad42377b0abdcdde62bc19817721abc495681d19c739562b80d,Gulu
d5d15990b981eeaa97f9c3412090ee988a28392f82122a388327a30e79f1522f,Kampala
32efdb3b53eb52184ad96e20cada0dbb02b7f214ed8f90b1dd956b719dfe1487,Jinja
54b62afa188ad0f16f65cf7adea88d24dd48edc040649fecb038e2c78bd86447,Mbarara
fe7e01442e6a52dec5791ebc48f3e27f2fc813ad36649d684f6e637dee917a51,Gulu
5c8499d4c068c04fa2494f79ae4d419f247082bdfc26dfb6b420bed059a1bcd1,Kampala
e5a15ab96f369841a4ace1d6eca7e89ffb3c5120e3913f6965c63af11dcdc8ed,Jinja
acd7accc9c0b2a82892b75d90cea29cb20c239bc6d6f98784cf43e5f57af8124,Mbarara
7a5a12fbe4b98d956a53034380ecec65aec5cb95f191a406d30598d4c3b32185,Gulu
67532ed069e25351de37fc91f19c2cc79d87390f1fd1dc834439a0db9cd4b3a7,Kampala
028c1586ea1e7cdc048c5f394528f84758f9dd8fc279449a6f4d4d9806d0e57e,Jinja
99541c7b10caaebe524c06a215ce1041b67bf14f41062b0bad2a3615cbb0455a,Mbarara
7adc4088c3191f284015e84eb72bfb09d5b8b8ff78840fd43a855d34ab86bab0,Gulu
39a9bb6fe72f289fe04cd22f67ea71515b9434017133bf94781a305b51555a7c,Kampala
ce2e2ec00e34fd55297b1b71a7c14dd8f69673ad8b8c2a12415e48126a753c1a,Jinja
db86fe52d93714c09e4a3e4d9f525ffe7be2c0cd801263f506307c9d677071ba,Mbarara
0f34fb340e1da396df0693b7028be2361a65854db6c1397c35079df13d2b00ef,Gulu
148b575be912e6179ccce31fdfe3221206ef45a7b83e9aa45d3493e98b3f3949,Kampala
3dca642a6f0c1f31a111c0491dfc50cc97ad2dd903c5b2dc9462b51d58212b7f,Jinja
cee6ad1475306893196c012c0aed58a0af63dab4312148a96d6855f3ac8366a3,Mbarara
5fb461ed885e62943935e7e9c45e6a7a03e542875ebb1fd8f28a5e923d1f12a4,Gulu
a63d8b2d4516d28cb570e961c0228925725322943509598179a01b88a949a4b2,Kampala
705cb37c5adb8c3f34378ca8316d3a09c30b397937a00bb96e2f4f30fb808102,Jinja
0f040a71b16a30770956381bf1800e6b1814a164d961a684488c598a3d349316,Mbarara
80f6177dbaf1726cd04deb9e27275a8ed38d811ed39e83aa7490640b814aea6a,Gulu
4ede5482c0c95c728d3e18faa831b99c662fc9b03d28d7622b40a15f2820c29e,Kampala
77aecf976258d66566a5093e1190989ef54ff741b1a47fdbe93b8d813c95001d,Jinja
9a12ed7f4c94be275a53e6f4d8e93c814077274ab1432ab193629d83d2d95581,Mbarara
c9fbb019b7b3b05cbf31c3c408f85f06be92cb1fd9f0290c0df1544171b0026e,Gulu
e2da1a8313cc8bf7b5781750a8d447b5dfa08f7b2877d0b5dd01468fe3a9a268,Kampala
156a290090d7ef4ed8ae6812b60eee87b0d09f0678b5e2c1bca671e7ca0c0ed2,Jinja
0e2a82002869747141ca09b4ce773d272d362db8f342af7c04d99f0b0d752add,Mbarara
2593740bfc3db3a38894e45c78ee84525acbf29a679668ad5ce27af28e51143e,Gulu
9058e4ffc7b16a314e65119e00ea42fb7ff273c2743fe0a7a579549816184d1c,Kampala
347b9b48602565594b3ad87d540fb9fc071fc8940bf99e8bfcd9df85394bd176,Jinja
f8bb46efacbce799652f604cc8878f9269a169e50aea9e43c8778019eb489a3d,Mbarara
91824452814f591eee0c26b9074ae4bc12354be7bb25cba119b7c09fe916c352,Gulu
41f01f4374bc740fedc512f0bf00929f30bad71583954eccb940285e1f9a6f25,Kampala
550e2146dc98763e196c8b792b0027ee51121749a2862b51e628feed23104147,Jinja
41f926316f331e55617f84e1e33a86ba9777e157a17d13f30b874dee585c526a,Mbarara
5f1675064d604d3c30871dd2a24dbda1c0df56a2e9044cc1e8886644579686c5,Gulu
4d2359f59babfcba4ca161c731b7c22b3f9658c7044b2bdc1fd5eb438238bc1f,Kampala
113d982bc3e5c9b2fdbd7eb30a575f6803cd3a5946a2f39c291f1b18143c0a44,Jinja
39fa8b1b888f935ca3174cf637ebb1f3e4e20ff59b00a95204c118e36ade80bf,Mbarara
7f3cf1133296b7de10fe772ae69e6cded1d769182419ed059409977f0f97dcc5,Gulu
af43bc9404f5c8f88053d9665b12bfa5585c20e807b699ffd8641bdd7a607021,Kampala
513b22e2787c68dfad0da7f33b9aed36a141ecda23d1a55df52cf74c7ef59af6,Jinja
c78726ea53a8a3bb82268ba56d3989564700d0556a749fbdf253f91a166771d6,Mbarara
585d3fdabd89bfd4319a63321384fcf7737ac0150a58d46ee96949cad4cce711,Gulu
2eed083ff60943b4c315c5de6d80c045ee80ae5d77fa7feb88a59004089f9d22,Kampala
1b82cf7b3fb852803b8285dcdd8468a02245033deea912c5ff3356959ab21010,Jinja
128783614d426ff3c3f86c6a2b4d3adb1a0816ca809acfd5ccb50f7003364025,Mbarara
8076f18e27736177d57b7b3ab2df3d9e8c86e085261a7ee48f1dacfbcaaac4c3,Gulu
017e1a60f67b7d8b262d590c3de98f7df96d06922046a0be2000315c13872d21,Kampala
848bf7c253f31ced227efdd06142b7da5da219cb90f24fbda8722dfda8ef6e0a,Jinja
b5b5fcbd6499f1dc2308675cfbe7afa858b1bbee6c4e2feaaa31b4d6ee79c258,Mbarara
5f5f557368695a273e1d71cee3869cf2f5e968e47cab20f740c61875980be313,Gulu
f00957e588988aaa4cb83fd872cb61f33399da5038adee44cf09d7a73856e6f2,Kampala
d435aaeb423ff10f649216528ad879e1e7b1b67a300fc9c039008ba267d06417,Jinja
d262c4f600c5e0cc6949225da2e34354a66341557791b4529f169e3dce6503be,Mbarara
689e31f3668d696f1b07dfaffd0e9e9ace168620d25284663cf26495c9badcb4,Gulu
5165a31bf630afa52b8c888c8525f8e7c2fb65468dd28003c93c064a72c80212,Kampala
054a20ed2b892e1d36324effad336b6d3ae9d955d293beb7927de1779e4cecd2,Jinja
1ca450b9acef029cdc9c43d75818f4c5a3a9085ef3b2f4f09d9c4b6599d85efa,Mbarara
72853381dcfae661e3c3e647500a950ec1c608400c9966a0429cf0c6017873f7,Gulu
68a24081fe8679968c464cc7b54d44f0f14d21937150b1590cbab7774c19cd81,Kampala
94a6a3b904b3e5d1ad1bc8c2a80f703379149c20b1c9fafd6628b67223480ee6,Jinja
97f1061ac4bd4a9c99be4448ad86b65e53609407b0163cb3d538764ca2b3258d,Mbarara
8bb3b486e63356d44372f2d5a041ee6155bbb85c4e098797d00cb0e8c5ec240c,Gulu
28772bd64c1437232cc01204bb4221a5b3b369c50307938f8d9b0b7335778b36,Kampala
fe1c56cf59a6905aa56b0b64d6ca0ab7d72b285810786ccc8d556775da9fd4f1,Jinja
5a5a0c1ddb0d4f50b559ae718d4e74ffd811797e06ecef09f1711f15b205eee8,Mbarara
debcb47bce94b80a2a54d23cdaac6a8b8dc19487aa5f918a0febf33b9942833c,Gulu
c43a0383466dbe92bb5fd769b1d4002fce0f12e315795b07647bf1dfce63899f,Kampala
9fc3b6b95a0b80d323aa868b1e48500ebdfc2e33789b1ecbd59814ddd59ad576,Jinja
18f757b0570d7b9f584c4a6e2d57b49be541c63b711ae8ed1b39b344954be2d0,Mbarara
dfd1355e6e0e5c7ff53d1ce251ef46e88e9cbef88a693031fa8f00f70dd94c64,Gulu
b3cb5ea4a131cff2bc91efae2302e349d0b61a580332c4f6897ca4d5cff77a6e,Kampala
124a4ac5312822a18b3e662c3cf01d7459b26c899705e9d12defe1f109b75aa2,Jinja
26d76b0572d9c2d5f555abefcf0614e7f7c74f96f42b0d0a0915f1e7d7378b46,Mbarara
df61e7db7be96a6503a8ac4e0b6deb9e89cd19f62ed2f20b28a96c3aaea90fa9,Gulu
057b91a8a50e3e1ebc757c863138f273c00c90e95acbaea1afd199809aa47807,Kampala
d0747fcfbe43745ae1646cdaaf58f37d594ecadbb2c005e40e49c56c9228e9b9,Jinja
55495e2f1eacc38d2b2de92fafa33083994729e2a638851d8a14f83fa40f2780,Mbarara
a0d708f117d443a4cf723e679296f0b05cb62de57900c410e4eb83f76e99059c,Gulu
400a79094a512891f3a1387e40fee752d365c3956fb88fb1142e73cbe808de0a,Kampala
7e2e5f70d6600ea6f50d33fc81c9a7563a9431452669b5948f26541eedd2def3,Jinja
ccbf7c69fbeccfa93e9a4b0d5447e096f6dc5e7deaf3b75e48ded4a0609f9066,Mbarara
a03c28eddfec37d0500c894514873533ac5ff779398fe8ba0a8c37686ed95126,Gulu
e829d3419c2f74ffd0f307e09072e28250b85261d6f64b4d62fd87ba0558cf55,Kampala
f800a2195bb2d893e0067703855a249bab97471c4d67faa83b2f7bb52f474ef7,Jinja
722daa14f5902cec9a417976a8ff9eaef02ed9f4a527fab104f53a4c51d13209,Mbarara
a91b32673b43e4bd6b6e1f8d5c44693d087622c0c14db81e909c346b8401b0c7,Gulu
d0b51665125ec80a66b446a77167f346d34cf4e4ce01866c5124b186fef6df7d,Kampala
0c28e050f9aeb701efb8e9850f9ded9947433755036aba1147396ffe0f48a32b,Jinja
da2b16baba038f6e5adeedd373a6fff8f5c445b4dc30eb8e1ff16106f6bec830,Mbarara
8560f5686c7cd73bee5c7f67b11ba548616793d29ee39c912c68426db0d36da1,Gulu
3641e4e7f67fbf26584dad7bd3360604315661ee2225040080bbb2a5c1ce2477,Kampala
9106441afc3ea60b2b6354e673475e59b8844a275c8538aa1830f90e9650f522,Jinja
a3d790cb35ffa460c32d0e9c9154382b2049502fa1d189c6298518e7a8a9947d,Mbarara
2638f73930b7ee6383ba215c2babcfd116e361eba414987e43abaa4b08d9e954,Gulu
5eff942c45b8ccab7addf983acdcb83d9c6b7a6751239cc05e1d7fa91ff6bfd2,Kampala
7dc8b4da4bd43fec8adf4dd7a9807f2abcef65fe2f408a22cf6675b3b5ded05c,Jinja
ce1eb48936f05aa26dc1dcac048f81702593fc264cc338d17123b6fd6de34d50,Mbarara
eacb62d363c3f5996a31bc408488f8c15a59c62887e0ead5333e342e97ebf164,Gulu
c3979deac5a7783eebdc8c9a16325ce4573c4f82fc15b55610df22dcfe018646,Kampala
6388a14a30f4662f9025ef3b4dae23db0278df499f0e7933ff0adbe871f5cc63,Jinja
9c0c2b9fac6d790d774d3ca57f2a74972aceb0d0206f0bdb5fd6f4d064820711,Mbarara
ee1413cd27f961dc04a4c05ff8f872029b112b552e12a9a2123218506dd50ad4,Gulu
eb036316190249eb3854227113ff2ce69737b1e499a0295c5619d50e93836030,Kampala
44d6370b80cdbca17ea4ea258633307c0bddcced6d21082c36f898e241b0799a,Jinja
d6f2d1b27754bba97d1e1c409472c1211258c6f766c6e83e91790458ca6ecc58,Mbarara
1369b028b99e46a36dca7f90fc290bb83ce5a5c181f454195f04077e02137b6f,Gulu
1a6588ed39fb44e975182acc6bdad810bc920c5d2bb3e7eea8c1c52101c2a9ee,Kampala
9fd7e7012d50e52452da9cae49f8c860fc1926d3983a8b3863f55ab1263919cc,Jinja
bc0d61680480fc5d6e771d8dbfdd5506e6e65f4557224fdec32df6b815629063,Mbarara
579761a548b8b97120a050cfe28dbdf0ff4f74fe60da0046fc9804c6b9791a32,Gulu
6c36602dc0d774943b6c36a9e79c7227948fb9b4c9510e77e77502072744147a,Kampala
1561a3845c461f31f9e5a6b7deb6fa2ec5f4b790a90c9dacd01500ecd3b0cf46,Jinja
a6aeddba858a7b9de95d6325b8e2c8737578485a86f7b44a3fff567e4e2ae25d,Mbarara
f4e75104d1496d5365f31a505f0d42333fd53296227c96bb7b699d5df3857ef9,Gulu
829fdd5f6efd47e0496a1cd3b7fbed1be9e80c924cf038520e2d1d62a6eb67a0,Kampala
9d65ec1b714a8fe99f7f8508dada9776ba289ff53919397e76ccdcab4336d9bf,Jinja
056e456fc586b7944d44648468b3f1fa109d3598fdcea1d1db07054b4b731bf5,Mbarara
acba599806f75ee93055ba3b58bcdca2c20d8a6c6e9cdf05caca10ca1cf90536,Gulu
7b4105c111604fc6420569fbb35cd255ffdf5bbd2522989f1a5e6112007d3f65,Kampala
24ef917588f6aee40a0a255aa8db8f59658cedf613795a8fe748f8c9c32be03d,Jinja
2b84def3e7a6f573d310bf17be655633808868557ccb7b910cf06235b321a59f,Mbarara
96a8673955e78ed7c4c23890c6b835ad4c7be0617b0f1f1454fb2224297ca8f7,Gulu
b3653f971e89d530127d88e06eb964440d0679dc22f72824ab325f89cfa26fa6,Kampala
aca35b79da92d2ce651e8d73a97450da3f2bd3778002133fd9762ee82d92b9f1,Jinja
de196f5fe7ad5d6dd30cc8355ec142e027bde0e8627c13041ef3ec1ff5c1a782,Mbarara
f372e83afaec87e88ca4c56c8754c01b2ab7c2152a8bbaa4792e4fc93296fb18,Gulu
c0f7425c92f63cbd5910cb83ad3d81f387a38c136b87621627490674ca9fad69,Kampala
a30121bc6979f8bbd10aa6bf0ffdb2c28a8ec621b32c29b2684cf950555fda0f,Jinja
fe0daca35e73121dab865acff4bed05cd194ced713058e8011d095550a2b82d8,Mbarara
63deb02819154399331e31d450c4d5688efa2d3fb0f1d88467c0c7f06c277361,Gulu
4ed7125a50d24aa29304e520ded94fb0463756de61de3c3321f23a9e35385d8a,Kampala
fb9002590c68b5bf1a16484452d4360ea4478e7df07f2d86ea2fd8896b358347,Jinja
622659afd6372edc06369d423f18af26804df9e6c472fe8aac90ea2367738209,Mbarara
c0d3f7da7050e3588c9f55a150bc2e0cd8e7bb443304ce958d4693a30585624a,Gulu
2f0a2d94ff5ecf8622bc3191f71a86d0a865c838c06f5d36a33b5903859345bb,Kampala
88876a6e6665a7876225d2d36e8de294a2df0d1f7a353f3b3e2239a525a553d0,Jinja
82f8c6ac99f346d4842fce5fb965d25476760fb64a03a75c6b4b291b1d17288b,Mbarara
74fdd708d316ee83a22292dc79d886efe105d6d88cc31d96cefc675e486dc96e,Gulu
4082e76d1057603756557a854758d07ea2052e3cc14de9b44045e4670b08b222,Kampala
adf8c63e3c93f8ff90049100fec953c0536b90bcc78f32964d30ae7cf19c050a,Jinja
6a5f24638008757d79a9351c4080d8c1236e5884f37d6eeadde93d05f05b9eef,Mbarara
e1bab73e39525b61ce5d58a78de4fa0ecf0432f1e9e561d3a1aa1e9d2d67c959,Gulu
e973598c8c204e80b55dbb7d4916c63169d6ad9dbc946186fb5f1a37502b2c1f,Kampala
f53573d5fea980fb9ca3aa956ad12e5acbc3af762e8856aba2fbdb4ec733b2ab,Jinja
6159da1cc73a86b110a4a295861b92d4323cf819caa43864c4f43309435c4ce4,Mbarara
68100b764b8c886d03dc1dc140a4c3e2255fab6a53df38bdbbe9b1be52bb5905,Gulu
6377c4de11ce57e183ef0c2af0ce7092dca91d7e12448143c0c1423fb95b1aa9,Kampala
b657418abe8af42831e6bb7275978ca061d321647583a1479ff74bc217ea0094,Jinja
1dde23e3cf6c51fb6acab8a6feceeae0184754bd2278de4eaef4e751ad60df1d,Mbarara
046f3654dda25b5e2995b408fc6ac1aefcd99114d965c17a2314ee63afff3a48,Gulu
67441648b1f432b9889cb012af8deaaa23e02a7774eaf6c987ebb4d16dc4b4e7,Kampala
9615e0f1c49f1fa22827de83e052f1cb3f32abb414009254facdddc0a4b58a8a,Jinja
cfb2c8c121a1bba89d0707d443c9772e9eaf7c01e8abb72ce7003648ea274f1c,Mbarara
84917c631cece6b7fc3186b1d67e0ef4d31d0ca505d1b110658570c182a2c634,Gulu
829f51aa2b8bf2c16b1cb8f73a2056f2c010979c74a4a57b92b124ae2019839b,Kampala
a139020b05eb749c10cff4c7745d84514f75ded4608cc8a3c1bcd7ca3817a983,Jinja
666ef3fdfefbe62dfa097a4152bf3accfe775285b675960836200f4c54bb5b29,Mbarara
fc3558ac2e4940ded8cba5ad4ae6e5a6bc3520a76b82d77872be9688df415481,Gulu
246cc764134e3f0928041c4bb00db4d1461a6c1abe19794f9a01841b8554b584,Kampala
bf0a19887e123f9053dd378211309aa4e25061266fcb60f0ab3fe45158738db3,Jinja
6d7fb8639229cc515e4cc1c7a0b49fe14118b52e8c582a496f170445eda85e59,Mbarara
8cc6670f8642e4f7613ff3fb09c9491f70fef409d727eb69a1075413fb008284,Gulu
ddc55c329c449abcadbdd8d06a89e7b81a78ce1509f9a6d4da0fcfff05f55306,Kampala
20f7bec566d660d60047b6b7bcd53daf3f8cb40c419d669a2926766910ea261a,Jinja
ecafcbaba826fe440eb5850880b7007b55e4e93143c04f8bac47f67c10c6c98c,Mbarara
9d00a30724558c36c37b3cacdf1a253de59b97fffc084a1237a451eb8461d526,Gulu
301d55697d4d49e2c9c9268568dce0399ec8ac8508f8d20e4661f4ed7d6e1526,Kampala
a5f69bff3165120bdc3f1f0a7ceba1ac7a00c28a7e7b888e83ddeadd6d2baf03,Jinja
db70f54667136d44150be6536ed6ceaf4b50c284fc81cc0452938bc09a12477e,Mbarara
bd2c3660a6bef0a0f92100c11c74ade2ef5a8246834e93bd15b808bb04cd4864,Gulu
5b39225e1784bc0f5d979b8877ff089ff2f29b55956a2b5b0456cb8e8e965651,Kampala
8ac5bc9961b6f719b3a9652820ed8d1d1e265bb9bbc3682114e9dd66763eab5b,Jinja
fad1a900d4b7762155295e0d34d67c8a28b0f6ffff067f50a5f966abc9e26451,Mbarara
c86abddc3dedd65b7ec387a9726f9f107487629ceeca08c0a089032a5227070e,Gulu
7928985ec19226a5d33cba38505b178e0672b5b4a44f2070bba2c4026390ae4d,Kampala
1c8c2a13b0dd947f0df168470f3843c918a28d5b868b65edd19426dd6d6f7ca6,Jinja
67d63dd78c120fbfa0046a951885216268afb43de7ced75121d5bd56b23d7864,Mbarara
d65d4c134f54a14fca251a084fef9853ce5e56193a89ec97dbda259f89e49125,Gulu
166f2a19ac6e8c6a83582e3ee4a1fbeb7ac84d17eb5a67b8308defa6a0c5460b,Kampala
4cff90408ca6d93aa390636607633ab4f769aed8ad2422cee38c5fb7bb055ef3,Jinja
4613662ea78803453a46ab87382272070242eb9c040d944ae60f62c168ec2a3b,Mbarara
bb0bff8e84f34670731e78972efcc55e59a7af281ab2ba6ded12e0c718703778,Gulu
6aea4a5593c07865376f4da1c2aa5ca3b02ac651a406d00281c1cea53e9f0ee5,Kampala
59e5800c8bf1b4268b5188ddca4161ce2a676f266e1a268b9387b19f99e512b1,Jinja
c126cde81f29170012814fa45176a9d953ff054367e8dddcac221ff59e482f49,Mbarara
53ab613bf2052416d92a7a1fdd7396d548aae2c057b3876715069ee3828ba767,Gulu
646b4149d8dec5d14d07f2fe009a46c074814139ea33961cdc33a30099065d4c,Kampala
7937a2c949c8f1adbb84c613516b61655ac3a7dac47d284ddb01787cce51cf48,Jinja
b1e11356279edb86d3373bfd2095251203866d46913cca0e606c83f91783bab6,Mbarara
c39af18bb084bc593ab8ee6f6f50802be8590f1cf6802b7cb324261e6cb4b792,Gulu
8e0f6fa231354847305d25a96e46dc0906a97e3c44b5c418a13bc4e6b35b0761,Kampala
6c30042251823268757a44a0e03d0c6fd1324eca53b45770abfe64b200ca946c,Jinja
aeb03e894a65b7fd32f904548cf1ebd79dbdd3225e54b9556b0b775383b19d5e,Mbarara
e75639094e082d7fa2b0199e18455325d812c6a38d4020fff37b75cd0821c9de,Gulu
3b39b50dc6ef0d8ac874d9b0851c072b39c13e0ed1edf4e325843dbbfd4d792e,Kampala
02495bd47fb0643f50b0cf3630018f460ae18c89366ce08a0e55e4424c25a59d,Jinja
5d007ef31cefe5e57da548916a59ecfff5aab1bf2f1bc1c0fc09f29e0be238f4,Mbarara
f58683f1b23d1ec3884095003b2fa9bbd6fffd7bd9b47a2ee580a09fa1dd24ce,Gulu
7e3ffda9767ceca05a5b117a0b2d4f81f10a39bffcdab398d8a6c31cfcb90102,Kampala
90d308f31a3faeda0618a30994b66fe58a0ee6cd978239f143ee19b09646fa30,Jinja
df35270edc161d41bbb764223cb94e0cf4000c44674f48493746fc2e8aff8684,Mbarara
c53bca69e52ab33f374150ad92ca1d65917efc35f4a5c9e625004e8ad02f2496,Gulu
9ccc549383b30646e5d247863b470ee53f875a2864206e7a99c33119c09b04f5,Kampala
46f07557e70861f51bef61c659d16b4bda483abfba296b0a27ad01abe19c9fdb,Jinja
9a25bd6107244b7338f33f9ee18e7bd55a0dd39e5124cf602340c55f4141248d,Mbarara
a88a4486804f562e73c2037ad5ab65a940860682bafe734d76619c2c910b1e6c,Gulu
96d79d3405236d3876f470bb0b357262a94a1f3195c9fa0db931891c68f6459d,Kampala
2d30a2b57d9185bd7b2987f5a98d9605b8e44846f03972fd1dec4b0754b52820,Jinja
1f4f3c2559a6aa75142bc059e112b883717095370879eb9856234bc82be2ba54,Mbarara
121a7669c7cb3a9702fbe727600e0571cfc2104b60a81b615f80420dc0d17c45,Gulu
72b76f80c5f9cfc2c8f54f5417af2fd68a0426e4aef468986402905fb54a5d38,Kampala
e08fdb1a188393ddeb1971aa0de360765a7e000752649d9551b4c59e71b21e99,Jinja
c77f48cd412cd7d628242d276ecec845a0337659e3862698baade2dd6a3414b6,Mbarara
2c85c34a02eb79d5a0c3d82386ef76a53bdc739dfa9f9708ca2ede0ec70bd23d,Gulu
e8aca5744263ca0554af3bf9efca105c933d5dd505b80c4793e1163c92f00ae1,Kampala
60897b997f44c73a1b9658c444f18be1f2c1387701495226d0e899f0ee837cd4,Jinja
f515beb507ae97bec8c6cc07a20383388c88981bf01cbd71e63794a3004de1bd,Mbarara
aa855e7d6da98963c3cc986ec6e59d46cdd28c75f0729a6861d6f1adca0ec9e9,Gulu
2b2972a35e9f5bdb65f5ff42cfb56248e06f13444918ed779d9b386fb09fc904,Kampala
1fe783caa0e47c0ebada5ffed163623f96f27bcead60c97e707e95c51d0bcf16,Jinja
99cf1882e571ec973df881c030d4631cfffc7d9fa501f590cc95aaab5bcd8a42,Mbarara
4869d10d13bd26cc4dee891e2e84e8d7caec04675c62463b6bacac3296f23c95,Gulu
5d0cdeb94709aeb5d3a805f6dfa2a08a11974adf3c59ccf0522a2ad6c6855847,Kampala
30ea4bacd558d2ab9e7ab3d2275d4bca54075c92470fc847c34a3487e0d4e6c1,Jinja
4ea3adb12c232cffdacfcf17e8f7425c7c122490c449878619957a4af3ddeb34,Mbarara
f55ac0667d0d0cb949af9db04ad673021f534d80e20790058c3d4fd0cdbdc081,Gulu
c83073ec1475e288960671016679a28cdfbd10ea4bfade75923a46a8a2ab7fe7,Kampala
1b9c88afe9195df9c91bd5b5ab1dccee988c321ec5656bc70b3e37279c9a43c8,Jinja
73dc3fa38c9a1a607fba66436313878cc1159c9a267d392ce7ff239dc243199c,Mbarara
09825d2ffad1c389f739f4c72977c05983e85e05d0ae34829ff8fe3eab4d4343,Gulu
90635628215bb58f32c9e492243bdbe737102c0d79a91c573befb7f6de2c1aae,Kampala
a79a8321e39c3406a6f2caa5fa07be8211fc8fce7134697494c1a16a5b685a79,Jinja
147869b284fcda9fea54dd60a94dd9b5f23413c56fbfd1bba8c7aaf2609fac56,Mbarara
f0211b4e8ef9b74c2046b820df8d87816ffc33e7bbe799f51199861f3a184f8b,Gulu
3d0a79d66974d34bf4408b30d65e3937cb70823bc1c9c5e1c0b35181da809b21,Kampala
ac0f8f4fb935361edc25a0817bb6a57511d5d3164797897cb62f5bb19b0628b1,Jinja
32a44dcd6c6e55ded9e577a5e29f9f50a6f5d6e07e67711ec58b47a932dcaf15,Mbarara
5daad04393a40c15d1a93cf87b44cb1138b92bcce7334913576c6f94e4cfbaac,Gulu
e84dbda2c3062da2a059dd2e58d107823157ae1e725d678789608aa96427239a,Kampala
9b2ec1dd4d971d8d694592041d3cad39fdb9c41a4cc8372ef32582e2bb24d939,Jinja
fa6e1d845fc19577b431b58b66293b2bea019a0777bf1f7f54ac24fec264e58d,Mbarara
d7151d41a451513a562cfa2ab5e7e353632590fdebb0416d6ddce3448a6d5feb,Gulu
70a3637661beb25138537f7ec822c854504d657b086bc04364d0a9a864df172a,Kampala
49d56b534772d80965f7a873042f11d3104f06fd18fd0d75bf5d39b3d24a174a,Jinja
3e866f7d8fcb9fba171bde0924d1f25083e84c5b48a53ee54d17ae479f68627e,Mbarara
33f3b41fba672e34cf667ba063068c4509d44055fd921d9caacbb4385ef6a581,Gulu
5f47c357d17c127c9967662bec2b9d969629408adfeb91c4796377c859b906ff,Kampala
792a328c029cb766478df2a93c5dc909dce130f594203eaf73d940abba4ac9a6,Jinja
c96f9386eae6ca472181ca60d11dacc7a6156baece8a9e8bf9b98f3c241144d7,Mbarara
6d3c6f769b2a73d7be829b6bb25617bf7c96d74026cb7be2ccd83af1f3d97012,Gulu
ab7ea96778c16b498cee8f093dae282fb2e93a7e923afb3b5373dc80516b957d,Kampala
108108ef65a69df0e38252e82704bea0cd446992d014891be32c75fa4d23cad6,Jinja
19e597ca47df75666de640cfb8dd2842e5a5ea0867e327cde5ff4b452011bfc6,Mbarara
bcfa7d82b846ba6267aa37b5e9511d9c67b5e8093baf575dc4b7c243e841df99,Gulu
f223c9d57616b4d3e1398f83bee6a10dc8c3cfda90407b182b78f0e36007ba7f,Kampala
438772cdddf6ee8e579c4bc6a3b0a366e8bdba27c3fe5f65ca2fd5a6b9aab305,Jinja
815f82d2026f2e681ebeb885e33fe6e3a0a20b7d0cd16821855bbe0316e7fdde,Mbarara
a98e87c6e15c6180df77422f3fe4ffcf32d82d60293d3dcae96ae602f2882d82,Gulu
96b159006984f45bf5a6deb2ebe1a9a7f03307604871fb3f24c15e5a06af1cc2,Kampala
44274fa35bf4f81ccd3dd549c475d2e7278880b5f4cc4b9a759b97879e4246fa,Jinja
21c305e8d815a5f1251fa20579d65aa3abf4e82b46663315dd19c2a6b4a366ff,Mbarara
379405d7ca74a4fe7f57736d3220d39d94dc803b135ba0b40b2f149fcd1fcde3,Gulu
0d96286a0535643a5d0d9dcd350246b838a3cac078c0e6a3c46920977595dea1,Kampala
09623deaa85bbef5862db2b129686fde435ee965faf528b2ee4ddf048bfcd150,Jinja
b0897fe81e380d354f78691091d67b1ea388b586aca43ab27d5e210d9def2481,Mbarara
aba722c14eec3c420f3d2a62f83505bb3a68800e46444c794109e9b96cdcc48a,Gulu
be0dcaab4ab7c66b96d0278ddfbff925a5e71d5b0c16b6a2b08ab93e2b63d33f,Kampala
19c804677bca6610915dea4f956279674d7e8da5641d3d406608cc32f0db9f03,Jinja
dadb854c398e2d42ab08c3e6e5e6740bd93effa6f2fb435472e67bc437fed225,Mbarara
46cd92e7f1943b8fcc0acc1cbd514cbe8a967d697538e99e511ed0b070e04f6b,Gulu
e8efc3d94600a5e896a1f2ea1e227a20ce024baf8af6937f733f67a0e943e3e3,Kampala
c49f451f932bb642cded6e43d4263a5128d166427275f367361ca07557a05e1f,Jinja
eea8b5b2f154089b1a6a77c1f983d6fd331f962263f56450c86d6e10ee77c4ff,Mbarara
faa1fc83b04f17faa6605d6adca2aa5583bae6fc1dfedc8442bd03f84cfae4f6,Gulu
06cb1b6cd1a03aebf4b2fcb37101ba2066f4b97084b06a894d75a7cbcb4679bd,Kampala
bacfc2e62f25c922dd5fd392a4e507fd50fa9af09b45cda042cbf7645d2cc092,Jinja
d20e11cad56b5bc53f6cb598df61a1f277176c172b73c3e1053b9bedcb53844f,Mbarara
7792892f01f326f9c950e341051f649c58ab1259b1d2dde680745fffddabb797,Gulu
d1be635b8e3bae3af5b53f6519d76e7756fdcb07be95291e244e7f03be0f8918,Kampala
9f6e813104820ec8f43484841893c3612c641c0cabb99611dac4756dbe1ecb04,Jinja
b6dc3779d186f6872bf3fcff01ccfd0f94111003223be5b5bc641ecf8d53e069,Mbarara
affcf2d113ad3ad35d42c307f3d3559d707b751aa1e293bd1c92df08c9a54b98,Gulu
5fdaddd7c16348d895f203c3db92cdad01a990d1fc5eac64f3390c1dfcf549e0,Kampala
476d61034cad510ef2fbf19fd7dfdd7c6f30789ca4e88f78caae151618fa7f9f,Jinja
50c60b6a70d2367311d660359eef18be6e8e26ee8528983d83db9345c985de3a,Mbarara
b6f5996cbe1f1907c8512cc18583a5b8680ab4d8f55aa5a4e33e55f0c0dcddb7,Gulu
f9a8b4ac9ec0e18dacea676bf79bbe93b88b13e2bb6f43dcf1421031bef2433a,Kampala
8c27cdeb2eef36270fe8b04858a9b4dc066281beacf1a4669901f125d054b891,Jinja
0cf9e175589e26ea4c194a26e807b3a185b23f947088c6d109e9d2e15dba7c07,Mbarara
36953ee19a6a957aca87fa0cb8efe8ac2b094640d5453f25a5f996e5c24f5b4d,Gulu
3a967a35537b1ad75c20d4a54a87df358599224b6b5d66b782c03a455e9030fe,Kampala
4bcf734f9f7464e219c6488a96709a366432def7146a90de21497029f7c1ae1f,Jinja
231bf873564e20a67bb0fe56787a610e08ecdd5469df4550f8c79befe72ce51b,Mbarara
27747870d4fb33eb53e687187ce2c72340e9a9ca47ece8f9ed31ea9222934ced,Gulu
c537083dca73376a2d9452e74bc010300c96e78241c7234b28b2fe260a2697b4,Kampala
f14feba2882198e1b868ba8402dc5c9062640507fa23529b9f04dced45ceca76,Jinja
84d9e40da6fc886b6db55e20207b21641f1342d28d55381a083065e9478025e0,Mbarara
e062f9d473e99d6cd3e2c677e7d4248907bd90c2a2fc91a5c687afb3d4020f35,Gulu
070b3de0c16742ed5c27c2617cc8c706239872702569ff94e0b042e00df1c9c4,Kampala
61a9c90ddd9ebf795de21ebad3e40e5f81733514ba3cf5f10588eaa057c89a98,Jinja
67595e9ecb7a4b7a2909182df8fc89db03d132db07950260da10d855304111ea,Mbarara
14bc8647702479163bd2b53ddfcaf663f01fc98d00d04a289ac194bc45275ef7,Gulu
b08782479bfcea50f88e90742597b52864b41ead82d107ab98a8cab64a379b6e,Kampala
83c2216fbaff42da12279ae4f4b8d17476200a280a3bc192b3a1073473345f84,Jinja
31a341da84db5de30c28143c7d17b3ba01a8600e74d670c139be4ce993059389,Mbarara
e1bcbcddd2029d67728e4056a516361890b9a37e5e88c47c95d1904f5ace914d,Gulu
17ecd94b4f83df58a2ca1ebf8377a35ba63d9238b6164b9d7fd1c4ce07fbfca7,Kampala
c00b16fe26882fe49b214fde66e436dd3f6a2b36b39f7ed0ba35b6473a31a784,Jinja
4d87fdca55648a779bc5663a72e2b1d1f1550b784e0f67f54eb423c02dd712b2,Mbarara
80a6db6a6e77cb34cf449e4b321d4c4ef2b9f435e34f95ca2dd77b7392859867,Gulu
03d8f6507b008351c4a4f33d93a387d8d4445df5011868b3ad2bcd7733354d9c,Kampala
5e6c6066786800b870a7ffd87255f5b739b385c2ad8bbf5896356fb99c504832,Jinja
db4ce45bf5c436752cbbc13bebba23eca465e10c2a06b7ab781136b63a0e8204,Mbarara
74f813c701044b60c47caee1698636172812b545d4e9d9660aff5c4844329306,Gulu
b59c34a4fc667d1b9f33f82c346cd76c75938841c93e4a71bd08d7eeda7431ca,Kampala
1e4f8088ea9887c62f06f1c82e47de01db90a12b6f0891b4db048bf43325587f,Jinja
bfde01ff461689ec0c0daf7313566e09821ed56be8eb8738f7b4d99c404703d7,Mbarara
23a05fd0257c943d4af67e2a34c71a1a8f4fab5e1f7774afff4599971cacd024,Gulu
9b4b303245ea1d87ced9409ae7318818c26efe0ca5c67d67e38718d2d4a3785f,Kampala
7de841ce438c9566c8cc1c855b294fbb6112f0448c8c5c5dcaae2cef09ef383f,Jinja
b577120c2fde8c258daeeb3cd78d74b35e47f3e2654159798d4b47044b4a2a8d,Mbarara
94c7f2da976b1b6d4fed1f31ae941f43a9f26a63a0f42a4b288606836aa00b28,Gulu
7c19f84d1f61ea88f8c0889435ab9aac4ef2e93d2ae1e6aa0eb143c4670096af,Kampala
6b151dcdc12975b23d22478d16cbd0a829465c70989b2f7d70bd956108b236e6,Jinja
afd60b62e9f78047cf1a9f61cb00c18ed527bf719e747aeeab7ae0fe72977f80,Mbarara
dd729e7690fab2dfaedc76069b4148e27ce15342c3b89c0fec7b6444eaad4d5c,Gulu
390ce876964fbe65b620bd52c925fcbd941210f0b812206ff8bab56d7fe114dc,Kampala
e1683d6e29021ce70fdf7484f9b3603f506b86b98782538f0efafb3732e5e7bf,Jinja
2e418e41e67adbe534a3735b09a9e46e4f534ab512b9c91d5368ab361642917b,Mbarara
abb606edc6bbc66a0c2af906d64e0a1f4bc35bff44e16fbe30062fa4415da804,Gulu
88adaf01afc2cd24857bc168ed8c3a2ea04286f7762a921eb7f85a4dd0860759,Kampala
589f5669443bb4682ac3f6715278d72e09917fe369669c499b95325d6f175e55,Jinja
f6be07f8b032c37b6c13b8d2d80c9cbb393d9b2b61eb073c6e43c09af8385317,Mbarara
845a453cd1eb539454b955f5285e328b2982a959dfdc892a040162a3379530ae,Gulu
3199b084b5ed18864b824d8fd5605dac9c854d696e3861ce57371466a3c332dd,Kampala
203702aedac664e67c323f10532b699f1e8c53aa33db54c42f1c9fe0575a4f5e,Jinja
3bdbe7a0e6409ccd0f9310c2342d39f05504a77ac6f83d393b609e30553dbeff,Mbarara
651772cde6486fb9d39dce4eb7d19507a8fd61e7098660751a42a243923bc5c5,Gulu
229f4b951978d56145715d673391ec8a5571ed60dba69b796c71800325dd282f,Kampala
fbff4e94d402c83c82977cebc7ed67a4bfd2069455a71489d26cb0b38d7cbc1b,Jinja
07afc999e64e2586b7d60b5f8683af9c1cd5b3825ab680e0a871f2f0f7670a1d,Mbarara
83ca39922a9a878c1341dc85740f74bb9666ac2d71c2b7523996e1864f925460,Gulu
89729af8bfe6d7ec4290fc25f89c750be2f85800e904ec1194165a12636a2c24,Kampala
9fd55b8dd9f6483e41026c37cf1b319bc79ee23c15818ad1dce930a7fa217fda,Jinja
dce0ff5a34638e1f0e2c17835d1ad43c5573ca428c9f75572db71f1fee578394,Mbarara
b4d1ea697d0adfdf7def6acb54106bec58d72be0425ebd46ffc437e56911f4c3,Gulu
80fcda9ec85a125d044a71fabe3268c2b69f0949596a5eea0fc7ab45a68f1013,Kampala
ab3b90873c3eada9863a58df57a1b663d99e882dd4f1280fb7bd8e076391f58f,Jinja
2bfb0f876c45a65374cde3dcff2908ef48822d62a337535cf50f60e73bd717e0,Mbarara
830be877b6ccd02e033e60910b086cbf43edbbf68b30cb2ba40ef6d05fa54190,Gulu
b0d6f9497229a0e2f5bc34bccc98194552f75ca91b303ba4541abf23c2a5a1d9,Kampala
4c84e175e24ae42c2142470c062518f7dd718f595bd17bcccd5418fcc95942b3,Jinja
8d5d212aeaafdb9b4740b4a0bbc40a767404c29d06888e2b7d52089c8a01aa70,Mbarara
48e4d63d33cccca5d431e0cf068bb4306cd21644592e3da272d79f47040dd81c,Gulu
2739efe54a10dfe99178e5f3fae6c514fed98c664cce0ff482f93bf53963a959,Kampala
1c811cce88fecabd72a4df4f18df893f25dfdf2c1bdc205016981b822529cdb6,Jinja
1b4e5c810d6f4f2beccc2db2437b135d73e5d2d3bc6be365875915d00bc4ad57,Mbarara
3e3dd37e38cb14ae6f08b6c77bc4f18ca83e5e303297a91e66cc6f11fd39f389,Gulu
36b2d2a13cfdfd72da3e29fb70374a0c205ecbeaa140cb77d93a581ab21009a8,Kampala
9521a77e0e2569eafcbc8b2e075d4c2d8a46f567abe58fd3fa16b211bc4df2db,Jinja
1ef0653b73c993d3cd05eeab61eab2f8430e64de04169d68587c53665db434d7,Mbarara
060d02f77e3618adaac43f00951313d6cdfcf405ea0eb714caeec25157e3ddf6,Gulu
402b415af3ffdf928520378513a85f3879a7b884a9ca86f20aaf7cae590d239c,Kampala
3fd40e2d9392639478f13a452cf311383c2a932427916b79d655ac91509d19fd,Jinja
25b36547693f31b4a3a1bcd9d528db556e000780b047292f73425482d0b14d79,Mbarara
33f3984ef25b1c17f21ee85c9516d2e19558fabccbd3466664743291354c37f8,Gulu
5e57cde615557ec3bbb22ab3536fc5123984519ec941e1ef6f880cf1912dfdad,Kampala
65f1ab27aac77becba527c515533205ab84b7c152bef486951cdb273418650a5,Jinja
033561b43295ec9e131c6efea26f7deefe7ce8fc152ae219e5fa1e19cdac45e5,Mbarara
6092b5ec536c32e3ed0af9c50272d357b913e099b52ef821c46d025180b48329,Gulu
f09ed3d1168a86e14311801b590e2c5586a6e08c8b943e0ef226c1fc6beaf64e,Kampala
2abcbf758c68c6968afe2986350a6870b9da36be57893c658b3915fc28cb3edb,Jinja
047c23020868c8f0a98af8cc47244e4ff2f051a90c218fa21251480e9655d309,Mbarara
b4657ac56b0f96407e52c2703aa4c603227bfc61c64b40d6b5e8488a205390bf,Gulu
71010bfcf46bd8c5c179024ee73c01b1fd13a26257ccaa8aab8cf7f8a7b59d2a,Kampala
2337fb0b60d8e342bd513daca2696262c6d1d7e19754ddd9c8191654ab5c5df0,Jinja
c90ab3fddb9721d61ce23399d621fefaafcad93000a131c0ae3ac63813c86546,Mbarara
afc6bf0a548ecbfa9facca5dc8cb87ebb41ea875a85b857b07726547ff94ee4d,Gulu
9d14d518ca95c03b60e0e92fb319bcfc64297e8dd919d417c832af0c315c2241,Kampala
43e5f2f3e6575ec012a008c26fe9afb3384e42e34f322b6f8ffd5d9c0205ca94,Jinja
e715995ca21827513670c0a7c1f999bc9fd0f5ae53e44f516ed72e6f0f1bec43,Mbarara
2950ab8a8ef11440c04aa3f7a5dcc133583295f28e69c862771f714172e42cfd,Gulu
322e4d2493c800bf80d849a77a9d50cda3d834e9d2970b1a579adcb58a4127e4,Kampala
7444d1f792619bb6cb55c262c7b85ef9ddfc6d691644b15af44517c0fd65669b,Jinja
b8707a7a8646a350522017541c2e0a23732a1456a49587a4601160bb6c08dc6f,Mbarara
1839f0acec9692ee1fb2bf14784d9a0abe54977f43937aeb0d84654c4beb2413,Gulu
4ea4ad2afd0d260dca3e504c2c03da592bf03248a7324856b4a64b286b6ff28b,Kampala
ff45fff6924bd2e7d8b9000801039cd02de1349a8ca59e0e7d34c2e1d737f9f7,Jinja
35cbc461173a0e26f9ad7490e7768b4e7658b7479074c3da70449e894629d51d,Mbarara
761585c0733e6428a0593ca4951be9906e0997a6e8df998d629f7db87c728ba3,Gulu
443b9ca9d59118969c08cbffef4622e1dde6592e870443a88a2cecb1b1b84764,Kampala
ee194d0d14826f057a01852ef434194e748c9ce9ebc164a41e0fe4330a518311,Jinja
d2ae10f8ca96764e02bce247afb6f6d2d4360fd74ef163274bfdf15f079e3822,Mbarara
6b64c540b5a74fa7ecbc929354cc039885fb0d5594341d176a1434749e132ac1,Gulu
fffd654b3c820d095e45c3deedc25df6965445bbd08a5bf17037d451cae54832,Kampala
d3bc82f460b04e929a786b14215bbdf9b6238cca404fa34c55d5b758a51ad950,Jinja
8fa20c9b50acc56d1434028168c86ad3612eea48bd1e5c868f35d32289a01470,Mbarara
6f9d00411b417a4e004712ebd5af86e14246fdd6b4c1147d81efc34c4f4d085b,Gulu
b7f8590e5d566faf81406bd43341456a42bc53bad132770bbba1ade377ca43f2,Kampala
63a4bb7d5a093efb79ddf75a4b5f17fff174bb266e59514b36e9c7a9e182d876,Jinja
133372ffc2d186c13b247fb48db349eeff8b7769898649d2028c01e558a9cc75,Mbarara
eca83f62466cb6f6a30f71be7637598983a0431b9ee69608403336bbf1761f08,Gulu
a519cc9c10066b8b28040ff88a4d97a9716de5e97eb6dc2a48f708dab9b415c3,Kampala
78c02adba5a535f6d13cc7308cbfe490b8200e580b298a2ffd7a271f85ad78b0,Jinja
29d5395e069adb79445edf175f6ab386c62d42fa2225ebf227e123e9749921dd,Mbarara
09c83e3445fd039cde0293cc7924b09ca03721048b9d55bb37a4e22cc6066a96,Gulu
42517cce4d8ceba81a37b03a53b7743ac1d0cdd2ddc6fa344943b2c21c9cd7cc,Kampala
58644dabda4cb4de9c26f6f4547c9d954d9ff51ec38bd4fe27cda6ba549cece8,Jinja
0bfc3def4c4d49923c4b12e3883ffa69c6d63462fc5ad50012d87279808c7788,Mbarara
53cdc0c211900db2bb680f03f6b4d8f925435e6d9e3c3c78f4bfada7a4358d9e,Gulu
049e4c27669106f65197ed39321e86bc99241c74b3b3457c1b79b1ff8d8c4bd2,Kampala
8ee4d2a131daef7cf51f5ade96ba15886d1e65a394bac198e9f5526f3ef711cb,Jinja
695b6dfdd6cb8a61633af76c47289e06ed6cba739d4d95dae936092a5ceb2044,Mbarara
514c1d5721fca3fa2941f2ac391d91cf4ac5fbc64c97fd496689e5a96fca9919,Gulu
20f4d3a592efc37e46d8bad3e8239293d12d77fa8856f6af07922aa6d63d9201,Kampala
51fa92a77eb98770d5d6ecaa514f598a4ebea62ab8fdfc1c64e19850a2cfa165,Jinja
ab323bc91534f6c1ea5a04781cc840b08bb7d579e4c9ed1337d56e03f1dd3824,Mbarara
44c1abba2fa52fe55a5a4e134475af882181b896be24cf392756479d52bc56cf,Gulu
dde9cfbdef9f879038d250ca71b7ee4f972de1adee3845e59480e8dcae9f7132,Kampala
50b6bfa9720989bf8b9d2ee2c5a938945703b5ca7d4b034df06fb09c6ed5ee7d,Jinja
fe051710f30062fdfb499909cca569f90a164558695b5b2e2b1013ebee924ce5,Mbarara
fb4eaff071dbf1151683cae0b9913cd89d5098e9a587ea9cb3ba4fef72bcd9dc,Gulu
d69553698e921dc411b2ab45da4c4fafb325033ea1ceba398b64b830a3ce7c0f,Kampala
cbda9332c9479d2877404c3e25736a3179f2f1fee0906d2597fa04d93d3d110f,Jinja
e178cf5d1bed55eb3a62607c411c014082ce009f045dac07ed02859939e4f67a,Mbarara
1ec1bcd2310edd8470e2ca44d97a613b3192c220e4e0bebfa7c8d4d2611153fe,Gulu
9aa099fc4df5d682b81b431cd64553a0356cb54acc01d888f4a4331bf5619738,Kampala
a24468f9badb593820233bb3e244e2b5ffd410f75626f787300787f2359b3ea1,Jinja
e47b19d2273be411d93936499772db2dcacabf04aea0a4f280e9d3561693aa09,Mbarara
068bf75b1750ef14e2a13969923144617d6338dcbfdc20048feda35f5ebed450,Gulu
2f498224c4b2dde80d12ebdcab10edb2808df1558aae1f4843b2bb270ff03f29,Kampala
0cdeef5a97cc22459ae8e36e01b7ece10e2819dc13852dfcd1b9ce7f060e4caf,Jinja
8f4797a44cb906db1a657a748c19d4c385f59e4ef964805ed8e9fe50846addba,Mbarara
e9fc7fa8c1c88e4a935fbfcd1aab6573be05e5db3325f9adae364478181d8360,Gulu
1f67cb80afd2712f3ee9fcfa391f4411ec286bd537f6dee204a2feee804b8e1b,Kampala
c29ceb220914f36b0858b58637846bac1256a048180383eb9b71d55b5802969f,Jinja
4cdaf2cfe6b2e416c2de18034694056cbd002a98f3b6eb1155c69f85df91f8c8,Mbarara
dbf9477623e085cf7ece8c9a5a7745ab22412ded642187857227528486b89849,Gulu
e24e194bde35e3729289f9bddc7923a83e6257c42361544b1f6089dbaa5e2084,Kampala
8e80fc6668b2b2999e49eed926c0fce5dc2869ae5c68c6a09329d370d277fdf3,Jinja
bc83abc0f3f9a5c08c79b30ed8c65dda3f371138c736925f98178f651b6f78dd,Mbarara
0cde53254801c8f30d80e37f2944b93aa2e11c47686aae93db08b5ccbf80bbaf,Gulu
7ba99b0867f572705d68f68d576e96fcde8bfa5a06802340cff7e1aa0ed3b837,Kampala
343d5e38a2cbdabb25fd1d978eec9fee35b54f1e4f3ab097d9dd4ff1310ed79d,Jinja
34d49ea10018b3897b85a3b1776867c13b0a10c556620356a68686e0c5e7fe1e,Mbarara
afd935a362bf951ae7e1c1648771d3f0f4cde8515370df24fe7eef49d84e27b5,Gulu
638df6c9c3dec71aad4eac35e81f68b01254b6bdfa745fc121ec87bf3406e217,Kampala
b7dd611d53ec7c6442447534a4f57ed62b7d53ec9a684a959e62c6721f6ffebc,Jinja
c827e7c85bd0199a09c239f6a1d9cca26912327e181df9f3dd577ac3815d89db,Mbarara
65e68edb7b2c49f15262b546366e0fad35da70afd3e4a79493f95ff3ee8779b5,Gulu
0787ee51765db475cc17a5c5f773f439049aa2ab04effc7865f3f4ca62d204b1,Kampala
29cf764d40221c2564fe09cf27a03835ef6df74ca6a4a27edad53cfa8177d77b,Jinja
9fd2415ae9cafc4b3efeaac29f4d18e62d4a8062f4b29f5f5a1f3c53b911dfad,Mbarara
414d928383d81b0914257bf066d99b808ad60ed353c43a99aa69b4fd52832869,Gulu
c53dd3f889319da19d0134760a13103f0b1f9257519eb09f8c76324d9adf8ef7,Kampala
6a3caef9c146fa0b6557a757e6c0e07c497e599e5ad42acb1f4b203ca8d99b04,Jinja
47e4e3cfccc43d531d59bbb5a939e46f79227524d47451e805606405b3806ceb,Mbarara
e287133737553729af96fa98cb26f813b62219f75186bc728f0327b9ccf9a764,Gulu
bb3b5dc6a4f613b9f9bfb729debbbd493e1b13b0452b24d8a6b8fda3305eeff0,Kampala
6c3da2457d110997ebe1e9e9097ce87856f5408858733a7e5163e17c65d89b6c,Jinja
130d5b1060e386be04140e8347d29b7f048d264cd55960d8661a1a7a799bfd06,Mbarara
99806c4321df6122beabe4247a4f52077cb675f49af7a5f735cfd2bcb18669a2,Gulu
a8db1bc904750eb3a14f50275fd3ff3b86eff9bdede3397d31fc5a7aeac7b991,Kampala
813fd683e260c2319f753904150bc01e44924c73e6678a2c234268107d7e2bfa,Jinja
1abdec0c9571d9baebfcdd1936cd28cdfbe769bf0970b1b51abc46d4d7e52fba,Mbarara
98a84f6a00af6f439996cba8c336f861945666cb7180143cd097dba0ce5d704d,Gulu
38cbf96ffca74dd9bafbbbec56889c097bb11c068f5b73bb3e2d8dcb6deaf92d,Kampala
f9ca915958a2afbcca3b74baf30514f8206a4b1f0b0a56c755ca5eb3bc5e724a,Jinja
be58affda0020a9eadd3475b8c0b9365f976f159dc70bde9463af2ccc876c666,Mbarara
32791cdc399e57846bf6ebaa49d117bd8fe1ff403c9dac15625c5219f3764275,Gulu
0c35b5f7a53d81dfa49190ed94857626338c1e6afa246fd16edda800b565a784,Kampala
6f5a6cb8b01ba05ffa187b21f8c0fb6dc1a4032a25de6b195a492c47baacfa6e,Jinja
7e7b47173d7860f9a7949816d251aa2661d1ab8bb5a7fdeb54ea0535284c6e0f,Mbarara
d3d9ce6b85eff330ee2e5e7d3ffea0fa5583a4fc7e25be197a127a2ec488e234,Gulu
e86b5b33886b85edd0ddfe19cc22656607445eb827e499dc8d644e343c9867ec,Kampala
57a21585b6d255140bdc7b6f24ac4e3c21c2eae21c9b728c619cfa2dd6bbaacf,Jinja
2cbafa4b13b1256eecee628e8ac8ee36b15d77061217aa111ee21e02495ed51c,Mbarara
86158d7ec3c51d1f4129a7f66ef2b7a989f6d1237308a05abd7075792483271c,Gulu
29e5b34d9f609ec8dab2083ca932cbec1d868525d715512656d6f2092c6245ac,Kampala
f61176643675d11e2a22bf893b3104442cc8b6e5fa3e2d386531d81548af83b2,Jinja
69dfec5715c674278dab3bce3f2cf6744671dab6fa86800ce89c184eb2da8207,Mbarara
ef596e4f2270d2118979097cecd6c911f7b09e0e8458b6655746e0e8eef2276f,Gulu
2022cc83a80f887a7772402cec668fbf26855ef8b28c0880e43b5dbd30679cc2,Kampala
3d3aeab3c7e4396f10c9487cbbf28a90e7f76174a17b8e184780819463f07a64,Jinja
c8ca57bc437af7716f72784a217c8e65a4ed22d5f9b5c133ce425501884f8fd7,Mbarara
d1f5a7ed3049b17b7ade06b7cec510d9ec65783744f6e41a68b855b56db3f3cd,Gulu
28f9afb6ad76a795ac92459fb7f823bb5a8bfe656d61afe8d33e55aa849d4761,Kampala
6eca008599434d498dfb216d34684527459be3fdbbc61736a3254b3ef2996ad9,Jinja
0afd88bd0fac677b7afe8e8f79d347ca5818c17ad8b1c80cda9601cdfaf01b72,Mbarara
2053ac207e031556d302fb8c3457cc4024abba6191305805b94914049f6218e9,Gulu
67e5cb79f40a6861e60a22c64dfe9206a539c5ed1d3ef2a821597b63cb036863,Kampala
9f214345ff7ebd23424eeec55ea4aa766a58af7e1cf99f79915fbaedead0866c,Jinja
b7d21feccbbb359f084e3ae47c4cba092622a007a19aab1629737fc2c3b44ada,Mbarara
6a7401372de197a124790c35cc92c8734488411e7d7455a5f52caf3724e52284,Gulu
d72b58053d92ed3138f4cd612859765d1ee343c6ee6a3a48f6c6c34ae54f9d2e,Kampala
a63b9654b536463fb73c7f09a20ec3c849f61c4eaa25d092c678ae8a5b7923cf,Jinja
c4de5385597def0c305a32c81ecdd8d9d3b0747c5ff8cd1beb1d488ef9b288f6,Mbarara
b5f03ddde8ad82a121b5961d9199c16945841946a4f8e781396bdae7177e827c,Gulu
2fc2bb745f0d76ec1b1832000d983dff9b6228d2f96bef432ba13741aac8c92a,Kampala
3d3587715624efebd57da0918a713ef8010901c8ccd36944ddbadf6353154fb0,Jinja
fabfacb8bcbec6a71578b973dcb60c76ed39911fd460d4ed2190389a9046fc9a,Mbarara
5806674dd93660116f553aa49b4c8f4d54915b22b5532f454727fe81a486940c,Gulu
33c9f0dbf18002d81d65bd7c80b1fd78d7dea3ad6b1807e579e5b9392802bc45,Kampala
4184d572ebd3046c85f99d06bf711b8992e5b55e6315ea7628eda899314b5798,Jinja
ede15a7d41494c63a531f6997832cbb5fcbedf95add4c81c710e83d5ac1dc489,Mbarara
60021428f3d6fbcf5d5934ab5fb9a21558c35099f41e2af80de905219576c575,Gulu
ffb2756e485a3a1921301bbbe2731d5fb239eaf92843f278d9ea2be2996f741f,Kampala
bfa3a92096d1a390e153a315d95465f69e52b9235142e07095ca6c69dc7977ec,Jinja
38ee537b70d350a436fee4a108d1ffeb8c8fb29d4c0aeb6fec0728a620ed973a,Mbarara
740929f3ea3f138c11701ba1bfe835211874b0e1275b7a8c674f7a70ecc5a7f4,Gulu
b65962b02e9726d271881b05b7eff8b48301e51b4921c47544ef184b629950be,Kampala
488316a40ff84f73298996dd9ac0b079ae05ec5dc49f47ecd2b742e156450ae1,Jinja
84f608eea836301ac14f499e90715ae8855c6a265606de7c0ebd1685b81d1ef0,Mbarara
8efb6db5ce08cdeff1a81d48501a9b6f548118c386fac19f133b8a6140cb6ce4,Gulu
a1497f1051c05b56bf00863cc2d67c849042085d96ff4272d385f28bf686e6ad,Kampala
9de5d7506e8c40c88939b3de5d70ac77965101d901bf137b502a84e1953ba9a0,Jinja
c222ffe43898e06e29e083af2670c1d892508fd70ddbdbcbed5800c2c7a3cbf2,Mbarara
76f7fa02cb5d12f7878c6d9f5fea76f1aa51772f7ac37a8ab0eb85c7f3309dca,Gulu
da143a88bde621f7e2cce18d3073aa1f6183a5472c851d322803a12fedc27ee5,Kampala
862158b7be3a016af55f4a7b16ebb0c8d3987968ce392eaa6a551e7315d23631,Jinja
50d9b173fc97816a3beb1b09e23a19ceedc54a8818d7ec912dd0984437cff37b,Mbarara
726f83b6bd54e6c83cf26ef73d0f9cf97b6f7f51e885a589360abd7082e225ce,Gulu
60c74d9289846c5a548397f38d8282cb7c5e44ddd767cad266c3f1526e8b9c4d,Kampala
ff6ac8ec8165a43e73ea9f4a1e0b3c3af7dbc5c11556c1ac2409a22e575c74f5,Jinja
0f58c404189ff9f21f5e5644fbb94c946c1b1b1bf1894bf741f694703f584a15,Mbarara
74767be03564522646ebaae75a1a9f630acd0462c60281ca45c6b2c79832bec8,Gulu
c5f1710b6fb44195d0178b5be2be39d43d6ac8874b70089f6d02fc7a21e82e13,Kampala
ea0106f6b0e11bb9f2abf2614a94dbd0afe88ad1a33c2aa0cf79fa0425ec1676,Jinja
bec802a6199c3b3cb599165767df449182a7baa0e65fb723b41cd7293a48eee0,Mbarara
5ea552a8c65b55e9a5aef396a273624947e45fecf5e84a83753aae2fab853d7c,Gulu
616e1cb8a8ed9812dade37fc45b04a7ca6185abb249e2b7971ab21980478eb6a,Kampala
3844ad08e6318a92daca6b07c0ab86762b24168405a02cd302bad19c5b5f168e,Jinja
1e03611b776b049a3f793dc40063904d2a69dfc06ebf86b323c8924eda0af9a6,Mbarara
f693071c5a9220452c89b3a0394b43f015522ae09d204d192b9f37169c94c7f2,Gulu
7f0eb11c5f3dc1e703f43cd17e8e20dbb0093b82a7bd39aabf516ad97a4242a8,Kampala
da8c48ce1276f9c19d5d96a1042997dfb72a5b112cf7fc947de8b415c57093b6,Jinja
5c0ab8c99eccb44e80496c3a7620bcc5c096f2ee2c71c34b726aa9701a4c29f9,Mbarara
b5588b6dc41794c3e4341ab8ce9c380e265cc5e5e1467a80b82754b7f01e26cb,Gulu
50581f4f9c0e9cc1e7c86080a00cbd98db9964742d4e450f2df5415c03a1ed8c,Kampala
3ff9545845dafe43b3c312f7baeb33fb29be537f07a2fccea4174f0eeabf7a2f,Jinja
fb57a471f163547ef1e78a42dd53cfa3a998e759ded5c50f916971fb6be237a4,Mbarara
e165dceecfc1b4d8294353ea72ba7e771e8e349b73a123d4c4508e292e0cbded,Gulu
4c8d0a3ddcd029525b7a7a0ae4031f7a3769b16f22e64ba5852bddd9fb1e7014,Kampala
9559a8b5d77899604a4541d20f6f63c4cf9031a0fc9a5d5d317a33e0e58b9a15,Jinja
c15cf0bfde1fa8ddbf04735c261e4c6c9d1c3d49c6fa4719e80a14c4d335e831,Mbarara
40ee7ceafa4f10c614fb869748c28de26803ba2e7a9dc3daec73a81e60c081c6,Gulu
ef6a5dc951cf42390a035c6520dc88ebf07c2b3628f18bbe31d06ea294bfee08,Kampala
dbf9bb569c6ce977d05017b376a7dc7d1967046df3b5512d04b515d08bfdafcf,Jinja
39356e2cd5947d6213add09a6b850f77fb859f2c0a4ab7732cbad396285cc55b,Mbarara
58c1739948f9e82e6db44f7f36f620f6f0d6668b79fd33480d51569bf1d42907,Gulu
ec6a43687a9010b36e3ef21c6fba6a632b66768057f5fe6d5f20f274d6b5c0e4,Kampala
483654412fc9c12dfc274dea0363b962987c077c198ac6d0b6909dc2c6f99562,Jinja
2802fd8be336c0ba82907c481d190a4ea3edc1743c728c12683dc209936e2a2e,Mbarara
0cb155a9d8a236af5849ae00b16ceee25f5a7201693fa72a34b5a2908ecd5d45,Gulu
f9245c68a282b24e82978b8906ef86696b437197f3ee6729cd866c389b1e8a4e,Kampala
c48fb9f5c1e609325c81ca4f7e5aeaa418e6da9c2c8f335180cee8877ee4465a,Jinja
17bdc9a94a14059d98a6fffe4ceb2ab4c395755df29349ac987f4f9ef7ea9a8a,Mbarara
852460ccb61c1e98aa9ecba94255df59e04dea46c563d7a9fc6112acc130f8ed,Gulu
bdfdf416b900e157cbf8dcb15ba3829bcbcc3444464b8bf0b3bccc34edf8127e,Kampala
cc029527338bcfd2128450be84064100dc38c6209fa71a36faa302cefd650576,Jinja
80650f04bc0df990574816453cf24b735f1dd2618c8e16324097e55c165fb8a9,Mbarara
2916f66e24b48606f7224e7bf90128fb4891b0db7e18fb8303bddc04b0b5a88a,Gulu
3684a154d95155343ac2bd7ff18732cf6fdd7548f24a07eb9cdafbe13f8c4266,Kampala
9d01ceea9d7ea2ebbefd9235b4faa907792948ead33fd98f0719d35fd5b9247e,Jinja
0b09c10d0de6266248f4e8a566b8f441bb135c185e0b0be57e060aad38cd1683,Mbarara
9c33597c9ea6c9a740bec5fbe27f360481b8dc5cdb0491a5f5897ec042b955dc,Gulu
c2df20c766bb1f4010a9778ef937a569f92ee7be5f22a92c2ee20aa4d503981d,Kampala
cc1e6320176f5b2b7f414b9ec6be2772e95af00b84d1951aaf4089bab3845311,Jinja
849c06e6d8c3a0ffc618ee80b4b7eecec83cca74592f5a3ac11ea026d928b57f,Mbarara
6cbfd3ea396375779b5b6322b64aaf02901fbd00b7ac0ae7b352aa3ebf82a7e0,Gulu
24e0ee2ab6e28603da4568f9171a3d943a409d87956af2336cd8966e283f76b3,Kampala
906a665b919d470b78a681a1befa0f19d58fb48aed05f4d222af64a9005fbba9,Jinja
e88da2b031afc1ccfdaf9eb9c747b8275d3a64b54f5efdb8c88141ce78ee151f,Mbarara
2611cea521af7318028891959d38b1a8c27402dd1a0b263741b6705a8b36c67f,Gulu
d5c5cb05070e0675f3fff0f9671d7f65562900b0cfa7bdc2798a0799287e55b2,Kampala
ae90975201c1d9b12b53f8b1ead65931146a35a93de2594e62d2f38e20632f98,Jinja
88d39798056f82509a586537ce9443439b7ebccbb63a52b36735b5e9fbcabbf2,Mbarara
2c880079cea5e1f7d653d4998f364fd60f24cf77950873d857fcf39081b92181,Gulu
80fd318f78766ceb14add0cdaa47f96a72c55556bcff3985f9f3bf03756a11a4,Kampala
a8675aa5ee12e1c35001da9e33d2ec057943c11da13e8d37de31c6c5b28a4def,Jinja
8e6e4760b7288b603b5c3ab513b19ea7049de716937781e9e8ae075564452e75,Mbarara
815b2e2ed408454911574ed427aadc6b3966ca0c517a6592a67357ad53fea18a,Gulu
99aac38b3de4b5e8b70ca8a9280d90d091650fb42de5402fe6e98c5b62462471,Kampala
7549e7de629c939c8df8644473d917be7c0bad23d4cdc09165770c848225ccd9,Jinja
816c458d17ffad07a91bb1a53bb43d70874e7c9ce73b2d7fe65593ea5197dbaf,Mbarara
d362077df14367198c9fb6fabd775da1a8cdd8ae40b91d5e109c2d8884246cae,Gulu
53828a9e1e43dcd32f674be8770c708ccb531f327298c7f7cafda3e602e6d6da,Kampala
86d20ee08529193eee2d149f10985fe4278209075d9dda0463d6494d5f15dc68,Jinja
c2c4a448e3e935f343ba4f1bbee16b155ac1c6f54b6a129b1ee0f31bac5d193c,Mbarara
996d416d20f112d02adffbd566275277d9a5095ee5b82da8ad6e37078356f0ba,Gulu
40519670055da5ec7218e739039ec1f805753e13bb0b65f3dcb023edda1fef84,Kampala
be403b526e1b0f52b2a3c8ad6e381c9762a2f9946eca754a940c7e1b810355be,Jinja
6164c7d5c485497b6bbe6ab1727e2c5fb053da671ad88ce8e5d51f7daea6460c,Mbarara
fb360bcacbd1db432dfbc89fb58f932dceee3c14ed8508d39e6daa36f132b724,Gulu
d6e6e08fb80a04d691bcc987499e0028da03527d4afc0b36f2a3360acc37ec2e,Kampala
f71814c8f00bb8f26e05a1f6571d894aaa9e8ec680f09544c6d04d9690b460fe,Jinja
c43525d573f4072f82c0a9ca886663b750fc88f322e5f3ee815906c34acbefa9,Mbarara
05a394ce6caee17cd66364850aa37e1871042d115d5038062ebb76c19fe30783,Gulu
e0040e574d70dcbe8f43f328a409d5715f8812ee50d692ff64cf75c195061476,Kampala
748cd2449590a5d85605c2ac852bf0b413bdda41dc076d567e01b9880ef8cbbc,Jinja
106356f6e7df3698cf6769d4694dadb4b043da05c3c6d0aecbc03db0c4c4a5be,Mbarara
c279517205e392f78b7b7fdd9f6b73b39ceec52862f0c5304ee834571953789e,Gulu
260f1eb1d5a280021f1984121e5246ee70756e4fe3bec6c5b26f4b952c3f72e8,Kampala
313def90925ea11147ebc6760bbd5ce9e7c4b0a7690dc6db37d7fcf1a67bf990,Jinja
97a3e6b65e263cdb01ec3b8c265e591426021ce41c7fece036c849e55fb5b1ad,Mbarara
d8de8f186da1fcc0efc55cbef6f75fef118c9d7fa53e4dca537fcea5f5def225,Gulu
b9d3e05c3778f3e925679e043fae5a31ab04628c6f14eb9efa51ffa98c79701f,Kampala
7eed1ee0fd2d6c501ee10172563685b5a959a130c0119e00c546937e17131518,Jinja
7ea58c7ef848c74a599ae1ce294dc67905bf1b92add8d801a3e05ddd16b7723d,Mbarara
e84feb976c890465672698f511f4f200a7f940788a174f7fbe881b41a89ec542,Gulu
60ae4164dae242b953f0d9afd176d144d981d130747509423e525ad93a268f79,Kampala
14119635fc61d755c34b165db828e0caf9a04a3a3bc4a8ae67dabbfd8cc2c94e,Jinja
728cb1c8277d0c83bbf1e09cbaeeac286615eb8301cc0293a472f1812a238385,Mbarara
c54bc9c2f1b23c77e33effe26e796cfb8843da3fad808b18f6dfdf8c24efaa9f,Gulu
e1d703bee9e29756a460973232e669a4afd53c640d0d2ddd4725f1cc2df1b1db,Kampala
daca84eaa26029c79fcd96986580dff843b46887a7128894175d38ae847090fb,Jinja
cdd9610f0a42fbba5beddaf5302168145a26ee07db9c29de001cd37dbbf25567,Mbarara
1ec998e3cce06af584f12eec057fc1ce7eaf214ffbb6c2c1790c0c7656d0b8f4,Gulu
55f1a8662910be27156ba425697e954b87e01153447e127c918611ac4e65713e,Kampala
11bd76df19f6f836dd642c9b57358d083426afa02becf400315d22c3b317a98d,Jinja
591aa695c3fbe9ea32eb3aed2a8c96042ac1a2652512ab404b6035ad57e2c7fb,Mbarara
cce82ec6d94d5139705b73f022169f5b169ee01c46b1f1022a76e3660921c524,Gulu
e808cc8d8e430e85152cfbc74b913e6732e11d29d6c1f31dad943aa25898b15b,Kampala
0a251c3b9becf7b2f199eebe4294e6a19f1949a0788ae643a1b63c1d5531fbb0,Jinja
c19aebd1be42595b482668035cba7a7d31a96696d488d6e42cdbf06b4387c574,Mbarara
cb50151e4be9ca5a1cd6ae06098977b3a0531d36898374c2dfb38f5847446574,Gulu
07d354df468eae07151ac1d8602df19f4dab15590b3a151eec3348ee9c6df0fc,Kampala
0a5c0499d5ffae555719f2a34e09054e18b9da0e017a1ea24ea7eee5df49c75a,Jinja
40f6e033a7e49535d534231cf35e68e0d2c55734cb2912a54a78eb81c5b01f0d,Mbarara
9850927bf9b6890bc8aee138749e050abf24a42472a223e8d5677c5f70bfd376,Gulu
b03d4574d18cf77b8476453b935634f0ca25dd7225c02da57721c4e8ae646954,Kampala
baefec1f8278f87248595a8ffc712f747c81c131f7fba8c3a82aac56e10ccfdd,Jinja
bc17ead501f6c7a58ccc4afcb8d5c43087686574236019ee219af688a8662b0f,Mbarara
20f864a2dcf1c5165f69bd5e87de72214c7e2c1dad1f795758e8d09620f6fa56,Gulu
71ea286a657fe11644bc55d47dcc9777d2de5fd2dcef7a518d25d6c2ddfb1a91,Kampala
c1c0c4bbf1ff1c856d24354b461bf4402564b7055b27548758ce7420eb2935fe,Jinja
d44044898eae1ac21ac14d2811ac6fcc194bdb6bd229cacb2f0fadf11e35c6c9,Mbarara
9a025ec4713c8ae6752dfe3896ce7e5fd1080cad2686c73eb6713ba153c4e64d,Gulu
37a12a3ff52df635c0bf67bba515843f640ee05830ddcbdd4c5bcfbe687833bb,Kampala
4f53da1216d357967c022a26d3f3a6318cd942eb20e8929f4b59907af0686ad3,Jinja
09ce9648091baf04e3dcd97d4b3b097a3270ea0b5caa88bcdadb1c551f1dda35,Mbarara
e67f46b1dc1c3751987a1c4a9b77a24222a7483f624fbc17d9284f15b276ab72,Gulu
ad07535f1a4ad3a5c9e940b02371c3b230c234fbc833ff6cd3afce76b3138141,Kampala
1c7d7e18d0c6f5bed78cd43d054c27088240c392c113a33380a5031514152fd9,Jinja
55c52c7c71811a216909d0dc5a0b1f28debc53d3b96b51e9d0359490ef75d816,Mbarara
6ba1384332de57461a925d0e59814c334c4ce4ec91bbb7eb1539cf088b91f187,Gulu
9b7cca873c91dcf93f8aa5643f06b02bd67129d050bad649afb0605537c3ea85,Kampala
9e98e64bf6e84c3f004037719ad8bb10a374ff77fb66acf0425f12c511159ca0,Jinja
5b023b818599fe2d3ac8fd13d181a11ed6b0f2d309c73abc6717c3a1153df88b,Mbarara
53e696084d042e00acfd3d2093757f95917855512933849948a3df273f420789,Gulu
46de75bf4ecc76b313d476a13776657c22cbe6145264e0fd4102ee06da8b9d05,Kampala
76146e4c385062ad6fbfb2c2ee099578b627777991ca7e32f37192bbad6a6d65,Jinja
40678143a4bc356e5f6fd30bf13ba28aeea92bec206db16c5b9769a9d06559d7,Mbarara
94c71f2b9fee396efa8c65f00c6d2e51035d13a1a42c99ccfdf7bb381e6abd54,Gulu
3a48343d3c73afd81ccd7fe730f654964617427eb96d745f57518660f2cc4e27,Kampala
c22c6e6a8462926d9ebcc3c3f359f486705fd446ec319dbf1dbf67fd5bfc2fe7,Jinja
734f0f9f2cb6866def77caa529f39977ae4f2508e5a67df30a6e831ca63fd9de,Mbarara
ff8ea29bb9ea7c28c31d3150754b36803eaf23a733ef1f44fbf6748bfc57878e,Gulu
20a16c5ccb3cfc8d6c8f8076e9d18c8c0f4c6767c2afe24eed37b9692042ed9e,Kampala
75e0dc9331583f5620640ebfd3258cef93e6fc8718a65181fd030e55e9ad7221,Jinja
92a12fc860de0932b87a33eb791d55c7d953daa8d63c645b514420aded479932,Mbarara
0478994936ca9d9e64185fb3f74442284fea8ed7613729b819d78c9f2373b85f,Gulu
c436be4f016785a38989a81d41cfd368102d73d37f5b75433a4e4fa1bef82dac,Kampala
7438168cefaf373e20ad08e48f1ff864382290df7a57c34007a008599baf20a6,Jinja
b6e3f0d076d73e4c392515ddb8cda479ae5937e72f69646856c5f1261910b06f,Mbarara
c0b8b343a63fe95932b368e0a25b47347d65cf39c0effd641495b2bb5209cc6c,Gulu
70e6401c7730dd07ec9f38d0020b09d7a8eb476cc592b93dde652b337434c9a8,Kampala
0b1751acd0b2722cbb7aa1bde50c45a9794b741ba65a58a31a5dc0764e5718b3,Jinja
78842007557976de4a69a3a7bdb11ab8d5034a9cec18252dfc44ec37aef1a453,Mbarara
94c9161e0d42460aa5b9800d6b756ee745dc670d0574d0cb797313e81465d1eb,Gulu
008343a1b72ee894be92d225a829c1a7e8906edc64873fb1905c593849dbc630,Kampala
b5778ce34aa8ab341610b221d2154232881ea4c45cb95e0bc106409bb020b008,Jinja
8d948862571b2f993f2424ab9a1c18c5cd50a35715c9f2f7d04333ba0b78b905,Mbarara
150f4d4939137e8467ce40d7f863dcac070dd71864da5712fdc7b03e714d54ec,Gulu
b58bc5416eb417953d987079f9ae862c403f843adeb66a0aef237404d107a784,Kampala
81db5776d5eaa2dd30c4ced0416ae7c91a25c48f2924dc8327cae7510a9312ec,Jinja
a5f9e18b7284c0cdaee57d679e5738179209c0a8e1f8e6aff76be53d9235788a,Mbarara
edb0544e6213c74ca4bd42fc4e6044574ec3f401cceb7a89b8294b9ae0ca9e0c,Gulu
e216607a2bba192dc39eac68ba1527fd9d23363e15ccbe57b0405725790dcb3d,Kampala
8bd3b5e5fcbd965aff216129790312c8e7a55d2ae356abbb0e5b715fcab50e6c,Jinja
600858d10806d11fa60b622099f8881785118019f06acefc5711e86df8e43196,Mbarara
4b7ea852452aa958e042be2c476c1931f1855fad1fb06c594bfabbd070138321,Gulu
5ba5fda2b16f8789166930cf9cf570c844f70ee3980178e0e83b0a4a844cb232,Kampala
2b9f7e1a6f7ce1857a12df9025085ac7652190e3487218dd0e56e18a01e804f0,Jinja
f06b97c5f1ac12cb65d9df4fb34b343d33c9a5e56277dce63d6b4b5d366b0003,Mbarara
ae03e98a6b9bfb1f2897062ab022667c27543a756b35a59b69aebfe25331f2fe,Gulu
ce1dc5e4ef549559adf1e91b3a6fed6b87d5e182327f7cda5004895bae1a5bf5,Kampala
409ee2cd21562bfe4ea3e5d1c5f9e889ddbf5ff7230505c009e09baf03ab7cdd,Jinja
682f6055e8adea8a3ab64a98c4927c070001d8fd45be1367a18457b3eab6113f,Mbarara
30e40a13842afd2005b9c679016d3e107bed8f543b80d2c05ae50a231df49d46,Gulu
eb8dab932ea834a7009272c82e98fb126b845a123d96abc193046602910c720f,Kampala
3a8476e085ad0291d50636a2605471a531da1a98bf262a570e6a2e7c732e0f50,Jinja
1b6cde38d3fb90dd33cd04737b0ecb255994272aa9ebf76ed7707a444bd0bbb8,Mbarara
9d5794a9eafee8d8cfb9218978f26c5e0d27032b5a4e916b2c0aa3996b8232c0,Gulu
4447d2bab183d755c03f8ae2324c9910c4c15ea103dbfc77e315f7a78a3f53bc,Kampala
721acf797644a2aa8b4040bfde59545722786611fde9075111b01c2b1fa51ee1,Jinja
6091efbe93ca19a33935b1eb11be14d5529f09d5ed03513498b932b9772f2562,Mbarara
3579c6ffcaa062f909ead1950293781ecef670ae1d240881c7d21e7fd6d78cc4,Gulu
1e66bd7efd7825aa22f8d3986760000eaac4c131651db4b65444eb77519403ce,Kampala
47a29297af12b40b443b01082f33c858a7e0e4e09c498caf7551ca8ea6e2cf7d,Jinja
48bdeabcd39a5ee311e83bb9044ea7e42c8705e491197349466029d5f26b2256,Mbarara
9e37c6d7663f2cc0aef50c920d42e8ec71413ec56aca363f79568503ef3025fc,Gulu
1fed6fc51e0998cffef37ce07d69ea47136d5718375a605c1fb702a616bed1c0,Kampala
eee07ed4f18851e65611060e5c0cecdd3aba294ed8909889eec3383f37a06881,Jinja
3a34f9c673ae7a150ce376d966c41b551382dd03ba7440c69afb04a5a7be4a1c,Mbarara
000e2f5de2d23b599e0ec47fcc853684faa07976456219a80f4df59408b1bdc0,Gulu
39fae4aea59485bdad1240123ea2519553df712783fac9b82750fd7a337cb269,Kampala
d6ce495b4ed73effec6f2d2071439b908b116173faf39a5616690adc4e1ceef9,Jinja
2e4e92e41302d0c5e2d0b28bf8f4e61bb1b51a7858612ab843c547a70bccab28,Mbarara
b8fd7971c0234556b95c27620506faea5a320032c623645806632dcb5d7962fe,Gulu
81df9b936f0c1416966b7f7d4d735f03cc21e0af1a13fe219a27b54e9251d8f0,Kampala
93e85c29c474e0c9681e1f7817107a496b92aec01ac844454d5fe38d2e8737ca,Jinja
b08c07ab84e2824956b5df234e5819ffc0208a7d501a0813f55090b2a7293e48,Mbarara
67d33a81325ea90e33cbba481ab091f2e2f3a6026e13acbb651cbaa63b0503c8,Gulu
bb7c033c972dbf5d6147701c40b284e11f0d267dd495531b28b24604f5f9f9b9,Kampala
1fcd9476a50201577bd0d7535a60ec6801940eb62725dd5411dd5debf8de35e5,Jinja
8938f82e5d4777abd75bc84943666acabdca234e2c6d5d93d60af2ee1b3aa949,Mbarara
c9f77ec217bdd899e99748157506ce503f7314dc7fe06229ae7cb0a700743373,Gulu
79f2834723c9e8d3964fab455517f5ec98263938aee3a71142c1bdcb85567c91,Kampala
eb7558c4976de49ed805cecccaa65dbdb120cb85f6cef129293124f2776aef09,Jinja
b538cf1ccb7ab490bda7c434b6a4b3f25ab17cf9422d7cb7721e3ecc82d7f750,Mbarara
c07eef862dbaca4cc490b34a7e71e6477226b74a590c7487aef443e5a7b54d7c,Gulu
2f76084263f5cc5f01f8c0d69702230de3713331eeee02ecf6042f7524d306ac,Kampala
a9abd234e301ccf9298f7c8261b4a388a12d39698df85bd75188527276063855,Jinja
7b3e7d8a210f83d0b32002677e0e5deff67a1fc6bdcfd2d4ac3dbff0b9363fd3,Mbarara
d32f8dfe97e5a727c9f8baa05f09a9d3025f8ff48e40333ceeeeaab7afd91653,Gulu
5260fe96ffa503892d8fb9c2173ee6361e4ec7edcf72be9a5eed9a3579e7254b,Kampala
e046cd07f2e8e722a8c49c68530d7aa724201c0d4beeb4b9d326fbfc0a0fa94b,Jinja
aab1653a703493127599327a53edb0fb18aef569f9f096de39240606d23b42ae,Mbarara
5cdd64a237dbbbb588a7d6b6d683feb9bb19b97d102e373fc432118f70923436,Gulu
d403808c7aabb115eaf37bd4a807a409768a5d16dbabeb04aa20f1e282952a00,Kampala
9892e3d519611f7df7d6d6ab4cb670e660d19821cb2fc248c436ebfcf3b0dfa8,Jinja
c9d152ae40558e005498cabd8bdfa2ec43011a61309d36ba5169eddd12e2405c,Mbarara
8a0241f82c2c701367d3bb0c3a628d04922b64dc753e40a37ec393bb770eb9dd,Gulu
edcc90bc61ba1c6832d75a867e4c4bd530841106ecbce56a7521d66a4ed951e8,Kampala
40ee082cb9476a86ba4157a4427e239b3c4b49af09b23b7094bfa3a04fe22f47,Jinja
574ac100a43c88fe368be5ac0730b02c7effa74cae50a9b25bf2b021915fb31c,Mbarara
b4dcccf19ea4f3c7ab3d26686b514a9e6b72f238a7e20c367aa54831a8efa44f,Gulu
5018cdc13e53f6cb358d995af68eacdf42a15c682bc82402be448ff0c965634d,Kampala
f635cbd1c4304c7199466f77730ea451e0cebac7b0603920a9e278c303315c89,Jinja
4e4e415e37e78dc6ed64cf51baf52ff6f1d762dc28d2a91843f5fa07b4cf07b8,Mbarara
288a588d759961e864a4d3a8f023b35106229814bb720e8bf81d8bb8c033a436,Gulu
e4e4baef9c087e444f0fdd27bcc7455353e2e20e84b5316f822cf5a5395e57d4,Kampala
a911de122e1a52143235d26dfb9af4800b899d432bd406b9a944d5509eee320a,Jinja
ac5322887892bf7da579f0c2089751caa23274c73d82e7c4a3e7fb9ef2c16892,Mbarara
93af3ba0961425d16796e920778de1940f5c6499d45c4d15c39b98b2cd077b3f,Gulu
12efe9501cfe93f62c1484d5cf73783d2831aa4db72197b6b850570e910d2366,Kampala
d41c8bcd54007a5c528cf698d538f16be75416157120f03c7ba7884278c4faa2,Jinja
f4e6d88ad61f2641d129f04ebffb650b814c568b3cf988c85a4d3eb94d1dc5ef,Mbarara
c94a69886f8c1b96cfd4cf1b83b97b765528d55344486e925cd5a4d2ae882be3,Gulu
5afdaef763adba11234c8f7f08e2f29966a25b345cbbf4a5e7b5941cad844545,Kampala
cb34365a217e281876c489936e12661447f17dd71c6650e91e8e2ea7e3aa40de,Jinja
5c40efed4ba2aa0ef7f7c9bf54c8e688d8a85a9c8950e7ea097679673da84f2b,Mbarara
8eb27fbeb30462061157d3914b4d0560aa0eb2c3604cd689c645c73f44c2f452,Gulu
b8688560a7d17f4d744e23d86b18213207270575a18f931ff633fa53e76b1676,Kampala
0ee1b6acea4d111c41fc2e4b7a94748bdc0260e9daee5552ef66ea89df8dec47,Jinja
d3e654359011cdb135b7441f5956bad6957f32451f5114c8bc47ef73b3d5ea3e,Mbarara
5af9eeceb4f0b08a508becbde989c0b90e17ab57b86c4a5fb3577d8ac64e8c2c,Gulu
3cbd9586456a02ba06651085a3e1c83fe5a1a57be0b6f56bc8a2a6f9f2cf1685,Kampala
1131e9b82584dab62508f4601b9203a5e740395c5ba9d945a37eeee09a655e28,Jinja
52ce18286f4ad993a665e663e8c5f7ba27107da9226defd112a775ce919835da,Mbarara
ec54395ef5893d94d00f56377f96a325ddbd46663da0bc3fa53fabd28c389948,Gulu
85069c85e4a0d041c5cbc0a4f79673261d65d01908b69f0075ea050bb8882f07,Kampala
b4e6e7cf6690cea541041d134c6a1cfe46f4789d48367698bee6c56d895255c2,Jinja
e82d77d94ad17b358e0aa642bac6544d85d599d5d7875d0a4463ab4963b23e4d,Mbarara
e3c315047ea16d720a78aabe2d271b07e30fc6ef27e10d0050a08f08f18490c3,Gulu
1018286d02a1da2e6a7c9b2f63c2c7b9706b1ba88436129c8299f5096ec7c275,Kampala
dd34cd29967a1d858a31cf57faa29f4fd9bed2aa9b157b149776b65d47014b14,Jinja
9d4c86459b8ccf6aa265a314d126e39d9f73e0e429cbadb3726c9db25070d74d,Mbarara
0a8bc183fe29f33d75a18c63e0646438907e7eb4447807d1a044f04d98a5d938,Gulu
d30c8d210ddd0e3bf8a8d5b0dfe010fead7b5094e9d1f7525814e77e40309e44,Kampala
e86d08024d17bde451c2ef6f4fedfff831e5d46cb64e7d862244c279b3661524,Jinja
323722936fad598f638b942c38eac76ed6e3bbdb793660e6461242bef0c347a7,Mbarara
178751d1cde20d14821649fb83009f2d97503e5f5d2f8419681d1352efdd54b7,Gulu
683550f203a3da3f4b049414345b3f89812f37cad07f99b8ccaf2a8dff5f040e,Kampala
bf8b228eb01f053f4657f33c495251fcec4f18716a7d7ffc5017a430bb15ee02,Jinja
5cb1074d51f6e1c2461e3f89a0039ad87de9b693385ebd6379bb0d76005086f7,Mbarara
8750a962836271b2f749a8b3ad2c348d6f117458f3c69f51b411675a3370b5a4,Gulu
9dd7af1e615d0c2b057e3f93423cf587cbb70221355182af680be76cbae2651c,Kampala
560c7f82bca5feab6577cb47310afc38729ffdf0849268ab73c8039b135e5e17,Jinja
0beea7818553eac0c8c0b708a85be626ea8d0fe3e61c3a8fac97de4cedb1f874,Mbarara
54bb4a50beac0ae4bf325366bbfa912a605e017dd0efa74776cd15115a9377ca,Gulu
d88ee9e63375802a16c47578329f637961ded99cbb5ed2db1f3f156a47777f0e,Kampala
418e64bf374152809f7499e12388227b84fd4f89a77231e40dd192e03cac7a85,Jinja
80aec5daee82a35a6ac0ea22a2b13b0e1a4742ad968d0cabe052facd1a187a6b,Mbarara
f152be0e350c51e3baef651622ca98e882eb51231aded8638a2f8b7efceb217b,Gulu
32e7502ac51e62f4a39d3ae16f41abd453db9cc394ba166c496794c2178739d2,Kampala
c09e81eec32969d9c4f80e6447141862f166bd49258a5103dac37230bd78498c,Jinja
a486239df507a7d146de1c10876d69aa98caf09ab856e8c27dc30a4a22b111da,Mbarara
ee3b7a8723133ea6d56dcbbc5488157443621aaddf10baf602f918883f7ab821,Gulu
e304df7bf0201f4eee254fe6b943e1cb43ce2eb716865072466f89f93ed97f8e,Kampala
2c71a87edd13d34755602518e04b7ccec7ebebb5a844a9cad708837c42e6e7c0,Jinja
9da123973333550a70f0f92b33ba4ea8ad912680c34444a7004dadc25ebec924,Mbarara
8da543fe19df147385fa2cfeac36d1273dd9917c238e5f8978e6c294bab4a119,Gulu
6ba521b8339b9f5b8cecd59f040af8df0fd30dc40e8f4b1aff97d3e6b5663ce0,Kampala
81e5a103c42d2369223b4d61191e38da1a6e2348b757e0f987031ada542ddc70,Jinja
237cd99d4ac6680c72bfb10c5b3cc3d3a3373db19753e38d344fda6f6e052b7a,Mbarara
30327d416e8da0a7b4bdf5f63ba079a0368e0c62ddbc03a4cc9ae097b8d1e6fa,Gulu
2c7bc87025470273ef83e25f7b8d6a7a0ae312d884303bfc0230fa1c4abec5ce,Kampala
ac657788f7d9de31cce73353ace3d1a4628533c98c6682b965212bf649fbc116,Jinja
2a27896883b45ed12b4c1c3a45463475ddff23a97ce16cd694c75d6da91a4118,Mbarara
b2fe145bf30f5eea4c0737e0b976533891a9492847270ab19463d58e7f4ad671,Gulu
a0376dc55d294fb757c6f22c5a29fe7d086120c18bfe44084bb8d2e34fc2a9da,Kampala
ade39d36828e9778f780f2d54ae5b525b0315bc9874d24a7adb3aabc5b940e3a,Jinja
b79038b0267747c0a1a43142914cbd31d7cf867f27c17480d46583e5ae3812ec,Mbarara
2bb4c10f10c01fbd479ded3f75f21bd5b9e939745d585a40a164a66ecb240a47,Gulu
8539ab4c55cfd8a561a2331efc04254e0044fdd31634400c7c2845552d36ebb6,Kampala
691c7a5cf9f7bf9c9fd748fd4409b053e354cd65a630fc4c2edc332d55f0b4b3,Jinja
b6c77ab17da9b5ccbbc79a7f3bd082db022b21a40d4f6419180b01219b286182,Mbarara
1683c3b7e039bc7ab7391c36770acef6ddd9907c09bc9ec55896ec40c5a32d9d,Gulu
dc567226f68816008a5033580aa1c3ad726fade23c7cbd933fb7e5bedd3bc78c,Kampala
75e4e36199d62f086f0222d40229f2fdcedf6dd1077558a1c7f650d43ba223cb,Jinja
09414bcb4cf5bccf94d1543ca9a2e644b9d6fe4c6e14306c5b8d1aa2d4cd06ae,Mbarara
ab81bf6a40e9b383e3d7e4fa7536cf048fc91cfbf6ca318299d10aa7579d2a3f,Gulu
69673e5b3c3e55e90d2344b5bd7c2f71160626623fe3cc864effbad5704ebfd2,Kampala
5a74ccefc3c43b2f00ad6b4ff8f2919c4d96c35716852d09e8dd27ae81db7bb5,Jinja
6d5adb098c0ce26423e9b7309dbe85d3d030c59aec5c8e0c76546b1efe135a31,Mbarara
b904d1cf37dd97ab112fe0f709a5eb27e6d31ef538f7f7a06d7c993197aa5868,Gulu
3e3170968f1342cba37b3b7e05d81fe32d365ba1d699734c237c0bd4b33baf1b,Kampala
2aa0abee7a9d32e9452b5f5c451d83e387367bb07cd065a14a7359f43a108775,Jinja
94ba4f9b12e902953c24d4be0f3786839048a8bb914414f5776dff9ae7405770,Mbarara
8ce9566a6139db762edb9f45acd50daf174e7bbe165d5072d9d495994a248bcb,Gulu
6080e13cf4d6594b1eecce17d33d37c1ed2bf5c19d7a5a7e02669e4bfeaba64d,Kampala
a5679792cecdbae3c2f6a93a704a247c76d65c733020167d1d06484ecf69faa0,Jinja
0906c5e4d99c494be6b5e0667daf70bd8b6b99c32eb6409c2e0482044cc20ba8,Mbarara
07157a38cb404f3e281dac34ab047b356d3172ffdbc56b675de6d7f7e17e2d6b,Gulu
43dd22e0288f224991e225b884f6529594014ff83ddc9c37c5ea0e25c4820b23,Kampala
ead864ce208e8ac6184ad7b68576a2dca8b2a64ae11b480257c1ffc7f190bc28,Jinja
4035d60f1cbe915dc17271af6db1d58171035bd5cc1f141c2cadb35bf0f40fce,Mbarara
aae2490bdcc928dc22843c22a758b090c4c8fede3dafabdf8d2d3eb1e5b7f562,Gulu
658127b3f23ac48eac8c12580324935b8e88241c6b1d6124d0f711efe5cf0fc9,Kampala
1e111236c0541ed641dba1885b12fac5caade2619a60d1db2209347642521008,Jinja
61bff1f8b24ff6a4210db7a7461ddfb3cab819feefd409e7a97afe4abd7e9ea1,Mbarara
c7b0620c832ed13fc97c93a90209bf49e04119dd8be4cc4dfe3b9a13965f86d2,Gulu
02847970f6bffa2dc675e7a399339ed35ee2be2a3fafed3dd6195ce0daa3f56d,Kampala
3d679397e46976a2bf6ae881b4691bbbfb28803699ee4cf35b6874fb9c37181f,Jinja
12ff2ba37d3ef03136967edea4bdcd5bf392704f3a909013f3e79d6cc9502a1d,Mbarara
cc6462feb153f7d7501b3513d57e973a7485ea4c7a5a28728369e6871b89a6d0,Gulu
9c83ffd64c77c16c933dd284994fa7b59d54d21222c12e0654e8be2877ee0918,Kampala
f3a33ea5ded9cf82e687934d2d5beffa3af18daa045f560db89f7dc8bd636e97,Jinja
690a5d959a0610682e5c66cb1438dba7435f91fdb4a247bff98254f187086e60,Mbarara
85c4e223dd7fad413d944289f6db23475b5fe11f5dc91437d21b8f9d7e6ec441,Gulu
3f18879640ddc36b80410d2dd3b1d609791d4f0bc24c17fc0c64dac2d7aefacd,Kampala
b718f8548fa9fb5a912e4356d8cd2cc0c2697bee4504c47be1851601b3be385f,Jinja
f066944285303dd19beff6a141771d18e951866b9fc5c690054a716e960f87d9,Mbarara
1e0683e5b720e0fbfd8d7f757e46411ae430cb1878e079d9132f31148978f92f,Gulu
701f5f6377d94e003e03647ae71b6ce1ddb9ec2fe1a09444b689a5dda8001700,Kampala
57a3cb7fb3bbadaa336958c05002b51a759ecdbe16616dfd6dd9cc8f6b4b8b4b,Jinja
c680385aa99e6b8ac518f56f488a2f99d375d3aa90fa224a0aa2ed7123bb0c98,Mbarara
fb9adcc4c7cf3df4c11123aa106188a92bafb6823faee2c50151a82cc1e0c7fa,Gulu
2adff33259e2b14928245e37e77a075f27203c2e84d02e97b255732974bd447c,Kampala
4f4e028c60a2455602ee8e3af0f4799a4d5b73b2a2d3fa735831e448b569f025,Jinja
a7c8b13c54ee450885e78254f4e461ff7f862492a67448e4abf2f9c351136c72,Mbarara
8666d60f77df597215ced1d2c252e3d02532fbb509c7857ee379f9e1e80d45c7,Gulu
88f66a9bb8558899e9825f7d18525e81ad61a115d24d465c46a91cfebbd0ccb3,Kampala
223824e0267780e9ab734e0ff34ed38f8495cf12d138ead4e7133729ffcf75e1,Jinja
8c5df9b44b1c4faac92a3ee16b35bcb05dd2b9544ab6a86f12445a4d273e373d,Mbarara
6a4a2a67347fa8bc4d820cfd111d4ebd75c1623deb4f3b5c5eae6a45e4e0e195,Gulu
0df28498a3c7ded09d9a3f9eba310516c5b66020a46d92f9df26fd2b150af6de,Kampala
a077760bd6b34752eb7a32765323bd98a43396af38a5e0e9c899219837b4a765,Jinja
fefd4ebb9dac9b2deb70a5bd43ef198b55c7a2063c12dabba0a2a68ea46cdc84,Mbarara
c9cd15bc2d4877b037b8085a393449d2344b2ee2017975a050b732a3e2f37eed,Gulu
4c4188fd241204ba47055ba99cff2ff5a710185d7dac0de8b31c76e0ce9dac9e,Kampala
09730dc2f718031fc3114ccdd818d48e885d99c904ba71ad98c3ef14297fbd14,Jinja
28309c53cb56b88075e2ad4a4135d935250078dbe8e23300660e028d7031b159,Mbarara
e3a773cb00e29614b9151967ea9269f21d8497032695ed0b839dd459232706e0,Gulu
4efd834742af66c071e470a7831e3223d7793d3e7cce727a06dcbe7ee1136468,Kampala
3d1ba29a012fad3f63bc80d6fbe57248a51445fb880f23f857f09e303b96991f,Jinja
c561596432658e4665eb7ff2dbe572a53347a99d42c078a88898e2b10fb66888,Mbarara
3e3300ddf7b52fe679d5c4f2484a18cab0e07c04c19e11c2d316f14036514dfb,Gulu
2a943aab40bbadcace5430daaa92326dee6f7a1d1a6771a99b93a09ec2c740bd,Kampala
b907912ba1f0e155fd3ec48bdb94aa3a76a97d5be7bfa3ba92355b4f83578204,Jinja
873741e7980549bbd3aa422e267c97e8bad099399fefe43d2ca83ffc493a37cc,Mbarara
ed8cae5e10661d5634f60c5aacbf8a958e36a9d781746dc2315a80e3f4bcd55f,Gulu
3d88d82453b19e3aedc4853e150a7f108909edc39b04587977b8cafcb5310a8d,Kampala
9ee091d554131d7ca1f326ed47f398035d336a45ff1bcf650a77fa96e0e370de,Jinja
1a945d8f5626756e871fc6de2345bfcde26df42bbb90bf44b388699be9800f3b,Mbarara
0abf9e48984f31a3c38a08b743c580a1b2814f023b33fa0cfb9d22085d340b57,Gulu
6cd987541bfbb16dadefba11e6412d7c12a08678d653f7a43012b70bb4554f15,Kampala
2d1fe535791e834c205d1dedcfb428f143d44a28a3ebb05b1c461281afc8aa7c,Jinja
a05faee11bad7a6f6839280c6cebc6d4e45309ff6bf81bcff966587a93a9a94c,Mbarara
329ece609a8f8d861da53492b0f62394877babed37fa0678c8d1bbe3af034856,Gulu
eacd32bd7b0631f2b15766906f563def72f709abcf14597fa69b9bac5653c98a,Kampala
e3a38c738e02b7bc08ab1bf7cbc1b4c574a6e1241b10da26c56a8ce9457e22dd,Jinja
946d899ffda0b7061c4f75cac00a24680467381adf6fb5fb06aa668567d8b2f1,Mbarara
e6a0e2fc48a498d30e9428a69d340cf85909445aafc864922981f708dfd8b9f6,Gulu
04e138042a6d6f3ead88b5700362013f2b9ad1909b466b861ffae1775fb26247,Kampala
1c5514ce887508e9503cba66b6608bcda27f665984c31d72602e954bfcd2e400,Jinja
964d147ae05340b72abb40db1ece5882c7879f9b8a42dde8de2544976c0a476a,Mbarara
d66746f9ca5a31bd2935a4e89c5859d9e6b3cf193d2d99004841fc568c173227,Gulu
6303737d4b6092dcfdb79ddf57450ba0aabaf173b27744bbe3ca81298cdc61b3,Kampala
10aeb78ec1018a17ecda8967f5ec1c94e10e2255b128ef661459342ee73d3de6,Jinja
72083445714638b1fbcbd22312ce0a864792fcfea51a02f3116e9342b9dfc9dc,Mbarara
e02254bba8a6a2676da6e41ce395e3f7ac18515443854e5d0bc448d8d30d4a9a,Gulu
567910887f1802930e19f7fcaa050ffbc77d54de0ef6d51c581b7dad77ffbc7b,Kampala
b62f02bfad3e3ee5479417d54a04f1d68358e00d4bbb4b8c13242ab16167c1af,Jinja
ec5441d52afd5a2aa9a1b19d98ae5a52c358b3ace2a5f13318135c358e45d66a,Mbarara
3f82b0dae87d58487e649521074845cf69b3f09baed86da3ce32058dab4654b3,Gulu
cf7da605e96d9e3d2c583b388c819454aa95c8b8fd4eb5ffa0461ced40b91000,Kampala
a5c9a875a19b36fcf1d82fe03351ae0a21e38127628c291c94c84a70ce263938,Jinja
7585328140f9835d603e29a04f53a093d4a0954ce07329acbb5f4136c65ed9fc,Mbarara
ab6b21a03986c23841321bd064c8d9a3c8e883bc6044e50142a61ede455f3665,Gulu
1e48bd320f6b383ab8cc12eb1745064bacab046a80ce1ab3b9cfe07f37660cbe,Kampala
e2db4163003edd057a4b66d2ffdce14cd3fb3eb013d773dbb17f785ec4b564b1,Jinja
04deef60d2d488f987b235bf3e1b0d063cceebc08cdd7c55a9f5236e53f740c0,Mbarara
7ac95091e40ff69d08c4edd6262a90fba79a484cfb0f528eb26ff755ca193fbb,Gulu
6a9437bd1bc7ca696badc925ec906559fd1e0cf94ec01bbaca5a23bc9c8db244,Kampala
962a22492627b0157c078f67ba225a09488dc9349cfe120c0e2c8681033260e9,Jinja
2510829233c3f7a30af7bf6d994b98d4c993e5165148fcf7f303e9c1d866b880,Mbarara
906cb6fa9a6c4f0f6dc21c50f1ad04e2d1b6d1e68711496b4a1721afb9187d89,Gulu
bbfc8aedcb8e61ad036af62c930e35e38eee2eb1c427c0f51ceff1282ee6b149,Kampala
2920fcc53c116c64510ff5ca03257dca2bdb82e569d91df88d55f0e83fb53156,Jinja
07b28d4b37762f0190a4c1897710838a5d2c4f85f7ec43d7ba2838f3a4510312,Mbarara
1b4f4d21cf5e03a8247946f62ee33af94093ddc37c4495db7aa60e7432a69056,Gulu
423e83005631b707b79cfe0b347060f63fcee3e83c28d123e2210441b2688e3c,Kampala
e95ac8d8a38aadd8bf2c37b871a0a91125520761af8e56263a9a10669d84aabd,Jinja
3d0adcf410408531d4216df5acacade7f629e151c1b07fc0f8197623f3d796bb,Mbarara
c0776df7ba407acea14a009f13e56c0a891fc35871be9da414bef30ccfb4be09,Gulu
86c4b4ad3c2948d1b55cc1710fcd25bd5ce93bb804be56b57e5dc2fb12702b6c,Kampala
c1ccf72dc567cf1eb48d8d952c354dc99a97bf867aa8584125b51a8ec44b5d7a,Jinja
2bd874dbfd90a37edec39581b2483438f8f9ba727e243d62f1d92fc65a8f35d0,Mbarara
af009c7c13bff42ccfdf02dd1b62d057e5eadb0102528615d95d5c5f3a4995b1,Gulu
10dab89fd0dde2a203a1a94ff7473dee9963b26125a001e5e52ad87f60ab416d,Kampala
fff1089a7b53b58c92868c252295957553e18523019cebf33827c0cdc24272ac,Jinja
9ea320630b1b18b28eaccb1308e2d7db10803792a71ca5f9f04a3cb581226f75,Mbarara
e2855102c39fe5a9fb5c1ca5e168b0b0e563a931b47e50c1b278e0e8ca786345,Gulu
07c4db42d2e908a3c4198cca147279a690d8cdc453ea7b5fcc97d55f91801a35,Kampala
78bb9e53526349bdf45e64d5d345475ab9afea949190d0987573018f60f7fbaf,Jinja
145d777829d988de62def020f3d393afac2f33c5520f04dbefd810e0ed33441b,Mbarara
fc923eebe3a5c0ea904b76110a034f0e17932c56c23c42068c40b1a9162fadb1,Gulu
7eb84112e9db3f817ca3977ab23dd624b67f9b58c97af3856ad2d71344d255db,Kampala
a96fd9396220bc26280f0ac36de5c3bb3e4c938bd269d04f7fe3a12d9d84d718,Jinja
74c0c12c1dfc1ab939f9d350234a4077cb8a1496322c8edb190c1949a07e9f5d,Mbarara
3bd86366b563636106d6f10e37ff7699bb2f2fa20bbfd8600d5671139d7f15da,Gulu
a4b0f0a56f54874e298e5d20561cefa38cace0941e27836874548f659f5020cb,Kampala
cca679c0d3e411a4f297ae39391e09cd1b9b032caec118131a71b5ffbd94b432,Jinja
c1182b8e0132d6e2f41ddda34ec6fac6ddfbfd54e13fa1d44dd029316b2a74ae,Mbarara
764df57915c7b5112eca09a4fd4eeb3f3464bd6e69e129c31b30e032801911f7,Gulu
987ea659682c8f3b6bbb046800db2f3b184a32a8435c9764beea960f066f6c9d,Kampala
66e2a33eadd9a174ee16b53552bb33fc80310127ea6d6484631d36b183dec4d7,Jinja
ea19ec1749fc854efa4c4760e2867f1904033a5ec9e1c5de3268e5b7ac956533,Mbarara
07f3812b661a18ed92bef3dc915cec02b5d3e49f0c003b9a60f5076fa1e7b8c3,Gulu
13a341736020c03f7db1f5ee84a421db1dcfa911c058ac575c6c35b58e00034d,Kampala
9bd571864ce6b96206bbbbdf91efc2003d294f86150bd7fc50f375959941a1e1,Jinja
7779fc4341632ebf9d09cc28b38488b4e9e4b25af5e02490935ca5924a1b233c,Mbarara
7177e8e000bed90d17095090986137b9bd6f2d0a79ce3f65327f71d73cad8e3c,Gulu
12cd959f5dea371529ead9f46223027e0cda90e431de155549fd5b4c6c4ce4e8,Kampala
eb34feef930d91f1bcd1ab301d54c934b855f6f71f847130baf091999ffa5556,Jinja
700785ba3184f39d55b6b7286093cf9793568ffcd167c736cfa80e5ad3bdb8a3,Mbarara
5d324864ebdfcc050bbfd881dcefa442d339eb23a4e9776c9fdaae04f26f5864,Gulu
54a8f1c6f31e4c409bfab37552771b7ad2f267ea9eb435e25504b4df71b65108,Kampala
2f0e9f72b07ef4b61006051d487cb9cd8e797962652affaf18a366a0c049c275,Jinja
e46f1d816fe184166ef124d9aacc86342ff5a91d9d716e7adc0e15d1650c35f7,Mbarara
ef56485920d0d18767a59a266974726bf67d602356f44dda1589de707174dc2f,Gulu
2285ad9ff43d6b0e99498e1daf6e644fce11938d81a362afc42945641419a4b4,Kampala
0b6fd35152880e2e8f7f0d54280949a3c040c24f0acb4c1891b3004d401edaec,Jinja
de502566355807d7005a4f98a2fd2deb66e1977eb6a5182bd0d343be946c4e26,Mbarara
e855cc438bf27e48c4ab2823c22cecb445f98430f0c9d7a9a6f279a5457b06b4,Gulu
426f8f527fa0604d46b0a18e5fe558a5d1aa425d11f22fb499da3ae3bc4c246f,Kampala
ab6880ae3d5e8e4a3d9a7feeef5f7d06a006afbd4b6754ed0e99eac889974ebd,Jinja
9f15da20a7e3efe7655b6e801029480662adf8fffaa48a5b43a2ee4a9066cb2b,Mbarara
7e7466af037f4ce38986ba0689a2715247689ebac5b666b7884f68888dce5f4d,Gulu
1adc1083afa9c138c45577f53c7f91c7fe1b071de93920bdac7414e5b0f9b260,Kampala
e8c90d1331d81f8191918ed4f5ffadb2a8a09c2978fba0362afb81861b6c6da5,Jinja
075d26169ac3075d7eeaccfc2fc0a6150117d1f3ad8d4cc99f4aa8fdb4cc57f4,Mbarara
bd968d18cda96532786a017e624794fc8ff5c2c3be121e61ff5d4199dae3f863,Gulu
e0cd760838bdad1485c2fffa76ce655c51742620de3166e43483ac58c5fb7491,Kampala
8c7d239151c31516f3f34342ad0d426afc55ecaa08552b604b0eebc9fa656a6d,Jinja
3d1a178e30ba30f7e13fa4a0497e8dda9cbec016803c744c64500bd9889c2916,Mbarara
82d1f6245e1ef478f56e579d1af676e38069cfa558b1f46c3ee4090420e9743d,Gulu
eef2b9e0f7aca44b5415eccb0e86cc6bec0d8a163e034b4afeb70d5d02a0f80b,Kampala
d99b576215325d0e999b76714e636a8b1c8450d85acb5d449c23b2f823de9965,Jinja
97db3c0262874d555f6a96a6ce87675ee70f625a2b20ff9019c4621ed322108f,Mbarara
c65651066295c171a2ed3d8c45a8702d2eea5e626792082fbc22f25cb2b27ee7,Gulu
db4a8c0d0b28617f63fa21a918432ae3c48d91f53e4d1c092d1987eaee384cbd,Kampala
3b22338a435633c93873bc82b016765e4dbb9797ef362a208696452d54b2d911,Jinja
d038dc8456f1151cf7164ea10e8b173beff69c8ff7cbae217672df8f69977cdb,Mbarara
e0c6b6cf7aa917ed107c24e74e55788b258f99da9dac166480e63a1f5734c42f,Gulu
2574159b4207a4482955c46ec4c82639a2a06da886519c115be2961c77e2a9aa,Kampala
4714ac79a521a971c9cc4810435174d99f19ab6950ad16e5c2eb541cbe73c5aa,Jinja
c655307e42a5cd8170ad15367dfe3815b3fd7ac98ee192621f19599226398b23,Mbarara
d290b137b627d1e67fb7f8b10f98fa6e20e9ddcbf7557bbc470017ce823f0b25,Gulu
f3d31da8afe7af19a29ff01b70dc7aaa88b64eec0d819d521761acc55f3c4183,Kampala
809b1219d6b7fbdd900d9a13c5cf3c8fd7f0e03ee46dce599efe073443851d93,Jinja
68f5939cb5264aaa257d89c4772ed3cf7484e4543fd8f1404d7cfbab69d2324f,Mbarara
2cd8fc249984c857642639825077e60aec169abb55cad83ced0573234eca2fa3,Gulu
ef34b3483ad908f566fafa60ef38788cddcab8544356807d0312601e18c2f02e,Kampala
5545bebde4a39c09b83347f5f8c4f320fc70d0a0347035f9031793d29f9958d0,Jinja
e9aeccb593b558467bdca0f44884698f473d806318c5abc92a62e420e70bae48,Mbarara
b25579db4fc70be9417a42a34719419df5d9b9e260bd02e0204e3e68ed761480,Gulu
9bfb5ccddc58b8fba1e12ac07c662861193f7cc02160695d6a2fd9d119f6ae85,Kampala
9d687c8c1847104045d4123d6fcd0cfaeb65c56ba8914b4aec3deec0eaf0effd,Jinja
dbcdfb6073e250cc5eab2566ea9e05f42f5d3b34c0a2635cf9514384b6141dde,Mbarara
6e830d839daf3524f71682c7acd1c0e310a06112124040ceda48f01c1c62e4c5,Gulu
99f37eeee2e76e2ea17e854c2eb568624bb627dfbae6ef61f447a8bc81f0ec35,Kampala
f9c1dcbf702909b960ab34f65dfa8f4a2739eb2d08d9843f14eef37b815349aa,Jinja
76104c955c79c1f8580dedbe4c9e2b5b547eb673e64cab80853591f97398e52f,Mbarara
266f59010a76655d06a4beeada3d29085fb22a8ecc6ddb5d03bdbf53bdc1cbd2,Gulu
8c13f4c0ddcc0aaa79853e0e131259cb70ea4364f799f6bdbba357cc214ba3de,Kampala
05320677b894c499f90dee77a4af3afe01f1a4f6810025f3f2c424810a07d558,Jinja
893712444d794e8d3171a6616146a689a19da2963447e7062d0afad83be9d635,Mbarara
f81a48f8ded469ecda608d011e7d886cc6f596d15e30f3f3de9cea1b17dac911,Gulu
2835a5f1067495080386187455dff80c44fe2f826e09f9e9c0282ebec6577775,Kampala
32da3a9181eaed520b07ab0b762cc0780502ddb8f9aab9a661c40a7365908d38,Jinja
869f3cc58216689525fec0e93867c3caa673676e26145d06dc8225827ba32976,Mbarara
e377b651e2d3bce84b0fa118454410888f55e7181412ea8c71dd544c01a39c97,Gulu
b179489e9a86655da8e6dc87e60718ef659ee6911aa2a90be39f9bf6f67c694e,Kampala
93fbd9d5371b9f536aa39d9458411e971629b1c7989cfc87d64bc9c0b9b23fa6,Jinja
9ebffc6bc76e79030c3feca19c430a534b2f3dfef3a1ea2d874470f0473ed049,Mbarara
5bdceb3239aa14ad95eed3c56dc6b2a46700c8feb0cdb4bb50aefa5d7f4dd098,Gulu
c3f1c7fc0c018755bfebacfeb13fe45b2ed291a69d65770d23f21c36a7a4b34e,Kampala
b79748c1d9f2b43631eea9e445566aaaaf89b25aa59a4778321992a2f262592d,Jinja
e7dd4cf3089db48ca20022dc07e4f44b9c00fd5cbd6aaaf71038257da7364dbe,Mbarara
67b065895babf7ea777d188123040aaa615d3e6544ea646dc0c57ef448d56def,Gulu
70fb04f345f51f27a7da9f1f16c0f16f55585ee6ebf5710a4006dd8d613ae1fd,Kampala
322b4a02882bd8b898169ffd1a7b1464f52ea252a939c7fafe3bce22ef8c6075,Jinja
d21ba519453067c4f98281c8730a0fa3200da913fd953a88d20764c1c9ac36d5,Mbarara
afbe88819eb4cbbdc0bdedf8b980237cf5a59303152b38116e1274666bc7d65f,Gulu
b1c14906e9038b5f916176d34cc372741725439a8e21f2556c094dcfa3f91a0a,Kampala
58acce130fcbf794adfb9ee97d83e9f2149aeb548086003b5103eab0522b693d,Jinja
17d71a877150c92857abe8e64b0f3b81005949369edd2226f3dcaae4f8464f0c,Mbarara
bea36c05a4fb355a16fe28a95f1aaeb327b381b2da636f9bee004c0222e28384,Gulu
dbf4b05b5a38b6fb19fd06170e12972d7a0678bfb4816e342fa44ae1c778c2fa,Kampala
94947efb9ec8ccb415de291dc6e56cbf2f2740a067197ab4872c385c3a79217d,Jinja
e972bada4b5b6e77427cc5753357397dadff8d500550189a5e41ebd7a4a6c3b8,Mbarara
6885281051a6eefa4ed8e7e1e16332cebc867ec0ece2ed88b2728550041c006b,Gulu
463ee7adcc3cf696ad9dca02e682fb28ee73a6eb6c718e9fbc8b4272b168bc7e,Kampala
5b6f83dfa18bf9538be6d2239cf02ef3d6d58527244100dfacccf3ec0626be28,Jinja
5718ea39a151d5f317d843748959ef920697c9da4477f32a89ef2c224ec2df01,Mbarara
24568def3174aab44cea7ae5040f1cd4744e901a07af3783cac60a9f75d14103,Gulu
d59063220bebf822e2020c8439b5e736e9ca51f6a07b824a2a541300f66722e9,Kampala
4a7f2cf90d0a2be0ae89023e553ff78bab6cc148a30e8c057a06354e252588cb,Jinja
1277d5509418d07639bcb1f61078810cb77d5dc62961355c51e2184ca6366787,Mbarara
1f1093649918d595d8e693224c5637876e5562e933cf486a9a6561d5aa8c66c7,Gulu
96ab339658d1beeb0579d7f016a7b32deca3811c6011a61cedc434135cf49085,Kampala
5fc4125b92886d78eb5373f59b5b25a1eff6426707f1bd21590d12370410ae98,Jinja
15ca3f015712b7a320791633559ca7cc366f1aa3780a55307417b002192c9363,Mbarara
c3ada0911bb73e4294b66aa03dd5f2cc757f267b5cd9d155e1a372596691d4ab,Gulu
5b9ff7eb94f3a2ba88d990809a421b15cb62928c79a5177b5e5f8df595b1bf15,Kampala
58214df067d192446cdc15dbd53c2c03927c9eed66979162b88b24f5edf6c9fd,Jinja
5a2b43ca60a4b02e51aeefd3fea2633ac52297f811dc69734efe6276a055470f,Mbarara
262021e6a72ac7bbb994f30bc7826f871a10051663f459027babbeb3b9fbd662,Gulu
876ab555838730c88ccbbc4c2d9b87c9f1a847577823b9ffd66d3a61280e7a3b,Kampala
685e414ef5ffcc6da970acb575258f9e0265481af46a1cb512a72635ea908383,Jinja
7eee7c690a06e87d81d31e13bdfdf8bc060cef8e34f6d457f080a6ae702f7c4a,Mbarara
18c3b95bea63fa01dc9080cb6e5c6d1d729ae79a2fb659b05b7f461f33e1375c,Gulu
2ce69c45ebc5f261206f1d6974beeb904897f6ccaa0fe499f7aac9b565ebdae1,Kampala
2e8042953ab3b48014076725681b79d0643b62e76c7f84b398e18af39a3b92f2,Jinja
fd0da4c5b78e44c24db889febe9827ce1cbfe630caa2565dce01dcec30eedcc2,Mbarara
69563eaf29c2ff44550ef44a12fae91dec6f6a180c22e35182ba6a9921b8c9de,Gulu
0aeb76103151f3115a3d395b2e829d3ff4d76445ff7cd042c69e9b124a8da104,Kampala
49f4aaba9ed5fa3bb9e69328209bc531310db5a7fe976e7c281c74b93114c42a,Jinja
fef16d55f923855c6ca950c6f293ac6f3bdbfd31b5fa974f3f69952b2dd87f7b,Mbarara
cc258cd942e4e8900d25ebc39bb75d2b82fec47cee7e15761d48a5acc4925f75,Gulu
00a47e7a510d93813388b517f04bbf7fe1962e3cd8e89e4ecf259245e5c165d3,Kampala
46aa8d3a1b38fc114103c1778af5a7ecfad05ad9e175ca1995a4de1e0d49e454,Jinja
f343a72767d0ba88fd15ae172b92f8de4f133600e2f3c54de6e81822119d6f10,Mbarara
cf6e4a1e24b66504e77cf7e4328dbd13612e73c1676084df92bdc2a25035719d,Gulu
557340915741a4216a6a7ade1284afdc0a90ff5e524723c76eb3e8e77cfed75d,Kampala
bb8462bf7565882490de6bf8ae34096af7262e797889e70e5a1b11fe2c1f9d3d,Jinja
81c8df00d20802a7977e2c677109f6639cbfe8bed30d0cb67b74e4ed67c06230,Mbarara
70689bb6e46de2b5c9af6dc627383991e4d7e0c480f8fcf5a754cb320563d458,Gulu
d2e55cb6ef5c005b74da1301c261e315d36095de2d12b85ac55c6a8adb01ebcd,Kampala
42610ed8401de660f2874a3d30b41d4e0851e32ef8953e639ee122e5a65117a7,Jinja
1478cb9a4a524b454d0f4f9b10ac9089a0200cb8901e665cf31eb7a7da2b5763,Mbarara
96a272019f07214fe6b76630b70facb5c2a425cbcc53500861bb502739fe7461,Gulu
08f6206fb1c4405b0965cdbc869ba338a04b083bd62a868e0177833aef355706,Kampala
3313a19469e916d7453b794827116d0337362bc4a3c66e792027ad9db3b9b91e,Jinja
c484f82adf4a0140a6410d3f6e868ee1f4a4ba9be64fcb08a2ee62839c342c3f,Mbarara
37fe6962df186ece3dcf85e970a1b7b81178657053e20026d166fb7d851aa6e0,Gulu
50b3f3c8c9cad17fb1bf07ac0e11df6b0b907ffcd7d843fd6208d38f3a442eab,Kampala
feb80b71ddc5655068ca8a555c6c196344f7d1cb5d769122c04b7193922ce433,Jinja
c10706528c3c86a8143019bd66ab7ef54e62a9d09106f922b10db7c764da1c19,Mbarara
ffccb39766160593b4e427b0780c734bf48c0394e4f09e116ff9b5f4a84242b9,Gulu
4189455cc491e8bb39be08a1800ff06324ec2495b907b84796a8b998f7c341c7,Kampala
56d34d90839bb3f9bc1d311bdbb350afae053b086b7a59aa6f831cd277c03150,Jinja
e54f720c0002853e00bc7bcfe664a392b7afa88af66b6ce2ea10c21b2d17a7f6,Mbarara
8e85cae5e4352978d682f58d792e981171d855b694a91093f7033b7f3313b888,Gulu
0fb3e7431888a99c74058965ef02969b007a1b66417671b12c0e3a5c3faef39f,Kampala
70206fafecfc8c3e52590ed490cbaf08cc4fe11b1b67ca67bd9e77bb8aefc3cc,Jinja
eec6d00e7d4a4b850cc6091f497e235ff6824462157b4bbe24edeac8f2348d5d,Mbarara
dc4573dd8995a67b457f791598fffdc292ca499c4d326aad87b1ab847be1e270,Gulu
4c8790301acdec940a0634b80d61dea4c26345a824fb934415692c766d2e3c8d,Kampala
b32ff46e75d299352a0d1ec1586c77b5a3306ae7a829723523cc0334b3d67fd5,Jinja
aa8242baab1fc063707899c81a54f7f96fba1e1be5fa2fada1629e1de11ed908,Mbarara
d0ab11d751f0c76a9794759bad6fd7b294a82448cfcce37249e75dd5adba9bb2,Gulu
7e06895ac18c049abfd13886abad45fb5b9f0cefcc193105540a30bd763f15bd,Kampala
6f0175f6d0454b4d1306ce463688d36f8d540170b6d863913218ee74bd9ba2a2,Jinja
7672083904c20b43dbbf26f61febcac978479a3ee4d8c53370fc10c23bc3d010,Mbarara
8308af093212fb68257b6434f06fc7bf4f15cf8ff076602182b78abd144b5de7,Gulu
b4b6eebb1741675d7cf47c28e9eb695fc9390852d451eae379313c53401126d1,Kampala
cb167d20beacad9eea8fd998193bff9eccdc4a83f002d767723254b8c26bf447,Jinja
c811d390d59019daf376d5a0b073266c68ea7f64006317214fba402f9f990519,Mbarara
4d3d06bf9c664d81522b165450e6041bcb0571394097359aa36bfb3396389c30,Gulu
131e320e115b0beb8674f192b5344d045c38448e85945d097a387d54f8316048,Kampala
8ebfec22bca3c38e309023173a94879cced217e50834443cb7e40941145681d5,Jinja
5c6c1e2e1fc1d6d9c63c47916396a5de5bbc23884173c68771b4245044a9130c,Mbarara
49a1606740744c1ed8d232e1b2ddbb8a1336e48b80587ce9d3754e788a32d6bb,Gulu
a5bb361aa030102acf98f3bd59d3c3efc2e2a9e2c8d9f5756cdfdf2b2d8682e7,Kampala
47791619361a8418bec509f561115148d52ba33008b4ee0129130b5ac2ab91f8,Jinja
673eed6a2cf16b9ffb4a3b036c54595917551699a9506ffa28fc6235bc214ecc,Mbarara
dc980b6d63d4e383404260d1ebc6475be9529fd45cf7e94edfc428a6a61e8c38,Gulu
3d8a3d9de60d51b7b845d188cb12b3bdfbe0f8d557bd6157f3523c6a2735cf98,Kampala
443a7ee343859e190388d28430ef24c410171fc86f8ebad992539969a25784da,Jinja
9cefb96cc1a2f0adb2f84ddc8e6684c2f545d513038b2ee5e93528a5108a0d1c,Mbarara
fa2a3df57b792d7df6db7c0b69f1dd6ba9fd16c6c3ad84e85a2f7800bf9c3e57,Gulu
97ce7291e186e48ed16dbf43b9f982335f7159542636dc1a5fc342404f7d03c0,Kampala
4f7edbebd976dec31aa110e85067b3ec9c13f66fb32c09f2b929b458880daeb5,Jinja
c0c37cfa0925240639e8b68aa9f0ecad0e40486eb8164e1602a26490db8a4f15,Mbarara
a75306d070c098f3dd7bb32d05d0bf61e66b1dfbdbd1e596a49000eed1c909d0,Gulu
4a85a5dee098d561b218f72e4a48d10e134f0b5d3257572e3ba09208932596e6,Kampala
211ea4117a599c1ba93012c7d69b7b65d3df33ac7c47f0372b9475539aaab383,Jinja
854d86bd917f2240d43acf17f4f1a0b5bd48e2a3d1119681a48677785647f0e1,Mbarara
5b3c4f9793072611e8a4f308fb29e0bf40cdce9bf6fcddbab1a8459e5cd81bc8,Gulu
e21166da456187b09db15d856a01caf6d49dff5a486934c017bd523b54a0d77d,Kampala
e5fb2acf6c854f74a05bc8cdbf340ca6324b13b702a70cd7ce3b79c3367ae243,Jinja
59f5bc4dbec37f82c466827e1d8f1f30a7903883903aee3259cd5e20c37cd1d4,Mbarara
b0afe5dcc6be2ed506be88a2a4b90338723aeb7a76d24bea0c0fa22bdef4018f,Gulu
b70f0df30d61b9263deff30b88b9d9460efe10e92aca1d5be08752c9c4e7c5b6,Kampala
425f3150e862c0e04684d4e598a20d607514055540dae459dd9acbc4e7c72162,Jinja
0ce68ae2229cdab63023708cda1751de88063d8e84337a26a4cd5051c6769dd2,Mbarara
bddd26875284571c8c00cab4384a58ef0be33f16c283934df33618b5f7dc9fbe,Gulu
2680dafbb054b95bfd038e925f79d2a28c6d72e07603c6af64adbf0d6c5a7611,Kampala
88dcd281ec44c034be3c8fff5947170c2bf6fffd2cf97ad7cd1727b741c702ff,Jinja
93f7ff6666b2a67ab52efceff61cbb160d88bc54d36c260ccef7ad67bd012ac7,Mbarara
8cacb6a3e556dcc8839630f1bbcb01cd7ee583fc45c83caa55678c3f7197b8ba,Gulu
45ec54359cfbc74d8811de642b9e652450a6b8400a64cea8afb6587ada481d67,Kampala
bf5af9e2567bc797e1de06f15efa13b8f28c1a4df4f96441006d64993b9eb621,Jinja
d9199d7ce1028a368bb2cc80b2b5378b696b00ab5fc30e054755e67887c92f90,Mbarara
0a0dc301e9d47fe91a1e7412b8def304139392660062bc16a7fee992fb407487,Gulu
a2c0c7b341d6acb097c69bf05907c066fa5aea4882b5b68cb587197ae8ef1a54,Kampala
2bb5659b0f2125038354ce8b07825b44b38b989beb1582b40b581505e0f7a859,Jinja
2257734c46bb304b03dda24248b0f85e037f4e2e4771fd0fb806efd34591f3a0,Mbarara
a5595e7cf346d3fb4b80140d774e977d9230904c8a516208de97fbb8d312b9b6,Gulu
0c5cdd3b725d84f610dbeafde0e1a6139d6b5bdcc6f2345eac280e1911f511ed,Kampala
95b7aab5ecfc96f6e558fc843d7564fd4630bde517bc8c6c57c03c3ac7bee690,Jinja
27da4839f93fefdece39e604913c670afa58aa80407e911bdbea8b533014ee9b,Mbarara
438a8ada17832d28076d68133815e6355bbb2cc47cb14eefe43ef74d55292ed2,Gulu
c71bdaf9ec75d614cd101de3cf50d53d65cb971a29c2e0e6468aad603f4cfc59,Kampala
63a5c0a241d60abd589f0fe3e29498aa7436fb69b5f900b7a007d4f783b06ff4,Jinja
34ac3e75569bde61d106f35819af178a3419df90923155de6dd810d6c74b1098,Mbarara
aa44793f74df612060c68597fa8f8e380fb06ee30700ea3a431d0a4a753e2678,Gulu
91022f40a633dcaf412b66e166c9edf292645e0114b51e3af1ef117ae4803f37,Kampala
6880bc5ba0476df689f78d77fed823e7765278a0bf7b0d3432be08c06016afff,Jinja
19204f43e2c3805467f4cbb5424ce15547941e330ebfc675ba6be54bf03ec6da,Mbarara
9dc7fa7231f681e99e134fff4d95f2edca7bc6376bd20997ca49ead937ea7eae,Gulu
5938bf6dac257428574a9424c2f47df08deb2ee9561d3c69ce5929f8cce271d5,Kampala
daa387af49199a046520efb683cc4c1acff0170981873903db9eedd9c097dea5,Jinja
4e0ffc95d2f304d553ecb2127e14fe0e7fa8c143d20a8bd2a1a375f1922e42b9,Mbarara
6216777ac8e5f584354be120eb39a475e9dc5b4f2bda8d7d2ac81e7921193150,Gulu
260fd95e4170751f100aef64a73d84a318c1847401c66b289339654d54816265,Kampala
4d93ece240ab1e327c174a28c3d686f338625180ebf7aefb2d63763786761a82,Jinja
194ad36b6a2f047b17e6338f2aa18f130ea1007db60a0a12bcea423cc622909c,Mbarara
7f7bfd556709c76c9f0d4fdf6f3a9ef2d4bdb0b0ef43e5be8d119dfda18c8174,Gulu
4a9ff5f1425a3e71df673136770fea5dce47ce81e73e30d26bd6aeb70e1b1582,Kampala
e68fc02cfe9b0515c619fef5091a472fec3a93d8f8cf08a2c5652734a0b2093f,Jinja
e74a39b515dcb8cea150ea14875356c20d3884a24b6b3d336b6b9a9be80f6f6b,Mbarara
4c2c2111253f80f9085e96c8ea1fd967a259ee34f8d34ebe45819225392c8926,Gulu
0265ceefaf0cef937794092b2569ed95b254d9dfef78b7ad033b64e91582235b,Kampala
9ddca066cce190b3cd44939843fd43182bff31dd3dfac0e90f4a5ccc093d2faa,Jinja
27b7ee3ba195a35a274ddac7c69da4acdb02bc0f35f2bab5d0a24bf0ac0e068c,Mbarara
0b07b03d502475179b6f9b5d2d079a1815e05085b57f711f99ec459c9eb4f347,Gulu
fcbbbb98b8721f2a9224f548e4e636d6e6349360bbdca2b4728b0ff4da7bdaf0,Kampala
0039fe18e2411cc3db4acc40c61b5c5643bd7591dbd98d910f8cb37c8526cfb1,Jinja
b190ad3c87e87bf197809fdba457a3871bfac63a61bc66ba29fcba058389e5c8,Mbarara
8c969f9ff2019d6e7ff4ff521804075b993a85ae7cf39e583552360a4b675b1d,Gulu
e71a63378d9c3029191e0ad75cc9623d0948c58eea59b786871bd7d39a54dec3,Kampala
e7dd606e86f9445175fbd091abee706d8ef551affa25a53be8d56a750365d970,Jinja
39057784b65e58872a86a0c933aa1c6d0898438245bc5deef0837675743b96c9,Mbarara
8916845fa9f514e53516acf9a618629d61f794661d8c6400659f3f3fd89b9ad5,Gulu
c01676d0d2a3e133e0488f2f62fce7c7dabcfd7a2e45a2966ec2ea174aa9a586,Kampala
41e5a58cba894a1d683eab83bfc442d0bd13709337238a2809cb3d8032c29570,Jinja
cf756eb25858aa74726eace766916fcafdaf5f7d355782f048c7292fec16ae5a,Mbarara
858dfae02588c73fa766e07173fee4c92793fc55ad5952b3554021b4331bb5a5,Gulu
b0f9776001600e1f667cb5547067662ef852d6108b6374249fe0d39765f8da28,Kampala
5e045812ed7da559f9d8a1a51f5d68bd5c35ebe07980a98f9b281460c92649aa,Jinja
28afe5c1040e1bf18db5ef06492b334d340df07fa5dbc7185326d2f6e3b8b436,Mbarara
49656c3d972dfdc8b42ccce91fc47d78f41c9a3682583210d4b110dc935c9730,Gulu
f1b96eb13cefcfe08c666250070e2e31205dbe9d27f43da33bd2b811328b5461,Kampala
0c72df7ba3d8d7ac5dddbb2363864c18c85a17a13185a8a1bce8bfd12a75d2bf,Jinja
4e5f25ea4217bc0d86b7e292f3d17f4e2fa90828be737c8763ee751e9686a58b,Mbarara
ead4569b4f400a0018f36293e6c33bd335dec2ad95679a5bcde2a5dcf9c0bc13,Gulu
13bb7b8a8e86bf343322fc872865a82446db199b8ee3904395e034759d53dfb6,Kampala
33bced10805828e828f2a87953299448a357ed8ce9f623d7a50f560c16867103,Jinja
a52a8ab216e342c42ab96f9ea5269f5666dcfa7d8c139e5f2e6f2e636aa96862,Mbarara
f69c9b3621abd5516cfb032f610e56126666722982df9a8bd11509be20446326,Gulu
99b8c117817da0c755e7cbaa41f031d574e48fe3b3764314dbc33015ef713a19,Kampala
bfca7416e088feccff89a0773ab61864f3d680e7418c0ca8e1e17a1d519f0091,Jinja
66cc00412f1858baab48465342a07eafad9aef1abf6cd5a836670670be2b79ac,Mbarara
8eb62b024cbc86fb3e070d4dbada5b5e93f60e89f5b46c083adf2a03e497436a,Gulu
d3035d3ecde80f5a7f7fa6f568712a341b35c582bbce3823f6e6a5998ed6ea43,Kampala
50f7dcda8b4e32337b9fe7636c4ee412cb415a998f845effa2101f7c484a47fe,Jinja
5009a5b50099edd3f13a5adfb01fbef4a7ed0c84c1b7a26bf8660c91875bf918,Mbarara
f5078451e8c1dd7c54f26c7cebc3216c6714ba6805b86e8151f3f7cea56861f1,Gulu
666cd8b897cf6cb261d68779c95c7f531422da826d324fd5550d8a5926a23c03,Kampala
67804703c34c040c0e5fe67eaa4e9207051bef9abb8b6c05a904c474d41aa790,Jinja
95b38d5fc1b063a7468c58feca8f8e2a87ba4ce21e7a9abf3cc0c1851ebb94ea,Mbarara
2bdece63d11e2d01987d47f52712e8c961c8a2b077d271ad30d2f60917328f15,Gulu
ca211c9f756a9c3303af62a9ba3c5b079de52f0baf338ea58796f1330a299ef3,Kampala
feff5bef2f3baa50c6911bf8e8fd315c5de37537cb996a89df88cb7d9a690492,Jinja
9d20f725526ebebd8831b79e1771616bcce910bf36311efecbd1a199e4f27480,Mbarara
21c2e863a7fa22eb39874885f765c0df0ef60d5ca1b866abca8ffaedff38b522,Gulu
c68b188c658025c1a08a465e54a953df1112c93b9737d890423e9d6d79e33845,Kampala
bb41e8a5c30779dfb7cc934982d630acdec727a5ea4d8a0e2cb93e316db6655f,Jinja
c371985ffb57c00d12855b9f857db9c157cea0bb93f4860c65be5d442de1830d,Mbarara
77e3f7f2e7c5cc252529a553d6eeea4014c502ea2e1f0e35a6eeaa50144f8534,Gulu
cbe22af80f21a93189aae4f482815b0574d756ef9b318c337282a25a079bb1dc,Kampala
ab0322f7e555f81e3ab86b85d61cb88a4dc17d175f07d1a172bc66f5d76ed351,Jinja
6d374706743dacddbb0f3d7b99db0f010c5b55744402d93e44b1a4f95f607ea4,Mbarara
e5bc7c3b6993f0ae91fff477cc12d517cebdef336039d6bc8ad8303570313fc4,Gulu
62137b224ef782e3a455e9143d4298550e5f0eb1b065d5fb204bc1ad3bbc03d8,Kampala
06e3e38f95573a2718cc09da0c1b87beec86448b588e149b3761523bae84d61d,Jinja
ed3839966f16617d4bd347e2cd4f187e219e75bc941d3353fec3c996a0fb7f88,Mbarara
c3dccec3c6fb53b76ba01ab62e66d4c264c12522210b19c4800ec8b29de897c1,Gulu
44fe2937da9a4e200ac15af800feb6442affe3001ce9c2cae8ae0297d0ae740a,Kampala
9ccb2e9ef622d12958bb3f49934007626f7f95d174a8dd4fb7dba543d6aae64c,Jinja
745d819f286e7a1b606289508329df324f6806a898d35aca4214bc17830fbecf,Mbarara
ae31bf4ea15181fa5da42a40266e3d27ec5b72135391a22dcd10126df523072e,Gulu
36129bd74ac03a80f772c62ac7261daeea7aa975c194df9641d583140d5e7209,Kampala
c2395f4e429364517e293f1a5b3ab8aaf9b4abfae7311524fc9dcd3f491bda34,Jinja
adeb413aafbea99e9723a9ce80587dc60bacdf35db7a1541c66dcc5bff3e3410,Mbarara
26f0862a361bbfd384ab8919c8e8557841c8d9b0c6975b115ce4098401b2e392,Gulu
08df7580ef064c5e2ebb1a877fc97c3375a2e2ae0f3b50f38c056a25a598f81b,Kampala
a3b1082d2cf2c038483e80643507605f1defe1dd527d90a05f3b72e86b84fdd8,Jinja
a364c8e5c614686b16af771357895efbe5dd2406e9ca4a174856c5e9555988b7,Mbarara
900ad78533b0a6195a489914898ef45cbb6d57ce16ce6fa8f4196cedd427f234,Gulu
a8008abf5fb0b1ed1ba6690ea4c8e6cda876631754d5b8547933997103db6af9,Kampala
596c26feb7fde28d7d30c2153ffeceb8f9b75b491c70f5d323699d6a6f19c183,Jinja
a80279eae863b043408c48fe90bd30f699f4b33360e30c263b1876f3b36b671e,Mbarara
0894a2bf2651a7959aa64507d839c0673bc7b487169317e7fbf2a0460ceb8c1c,Gulu
5780386b656b1f0c577e734d2f7127d50d8fdf680a6e202612c161c79cb632e9,Kampala
1194588fb154cbcd4f25a85da0e2f945146068dd308c65cc9a002e583185305b,Jinja
1e2742b4cad99566d26a81bd787bb355c289a4c3105eea786c188448d8abbed2,Mbarara
85f81587a3f5b56ab6c88913514eb9dd886a1cbf9d38103ac63ca4966616931d,Gulu
44d1717614d5e4d4cd5c4bf9e3068a68f1ac03c90d7da96fd290ec96f75fdcce,Kampala
bcd7865d40c763eae86502e89cf6d0d34e31560e84ca7e464ae94b3727f20493,Jinja
45b0d9a42021605d4f536c1a89b004809140585bc44aa5b017c99490ddaa5dae,Mbarara
bd51e5e23834d0d65784abd26c3490fb46804c6b9f35ed0846eb4487c9b0010b,Gulu
1ddef8b31e6ad73afb037206c4683313a341720447cbd1d91111b91f1d313fc3,Kampala
47a1637d1110d72eba816c30cc5a7b7b65ecde79c96c6218e3bae93ce7bf61bd,Jinja
1415bed320fc9e3efe254385c7ae419577e5f7c08dc0a95fcb06006ec0745715,Mbarara
615fddafa3cc69dbe9f433758d8e562fa4dc42302cedd05bf960220c7b77eecb,Gulu
e92595b8ddf0c9b1c69c0ab77de5f5cce7d70644431f3941a5acc826994c324a,Kampala
07fa791dbbc7f18f7b69382bff9f7c9ff4ece1340db19953181549b0ff28ca67,Jinja
cc1df3399c35c901066e0e7bb5ba07a1e09633f731582f5d5d38a882acd54d47,Mbarara
689a95c498e2c977aa465de80ba9e4dce33df4276ad0189b6adf35fac6ba501b,Gulu
01bda8c4c7f654fcff822f60254a0d4ac16a417030ef0cfa550dfdb67520ea9d,Kampala
229e7b74a08ee9fe3ffabcaf334b2f94562b4cc35e18cacedaf850b3e1b3f98e,Jinja
291ee22fa5afac525446f5d6d79fddb281057c96fa9ba33cc33c95248f208225,Mbarara
add44e15be496244c6b33b3f913b9686a704cea9cd541046400ec15a75813993,Gulu
4b61cc1f3f0d6023145085a6d2e988a51dc03ac8a945dd456a70cc73dc0fa837,Kampala
e463d01b570b676fff300269daee2c9c6c97536ed75426f11d5e2527ec6e7c6c,Jinja
d4a8f44414a42154df21a4792f5a2cf2dc42a5c181a197b90c6a5a54ca02a65e,Mbarara
8253f3a2bb52b543d257b454ecb05a3f085dbb79005e168b1f9549448180a0cd,Gulu
8ee12a411374b3f331884f2014a556592d3269c5521f261dc5db53ed079dfc8c,Kampala
237c22186ca7e5a842e951f4d6f3d2bef6fd99b2cccb602752a4bdf91c3ea674,Jinja
683904871310a7295e5fab430d5b798285717587671b30029aed6967b0900f9a,Mbarara
c93ee9e900f10e032e9bb156caf9ff49cac0740a44a0e18213d9a3fab76bacfa,Gulu
5921413e5621f7b811b6e3aa1c7b1c0cf91bf12c54608ca4ef3731fb8c66fbe4,Kampala
5f4590a28523a3330b39da6a9457594dd55aea62c9cba319a981b887ed86dd83,Jinja
c35f657a59cb3f74d80e5fefb41c20d480dc2c69d7cdec10055e571ce5e480fd,Mbarara
0128703df71c2eb2e3d152588047c930c1b31a717f49d9eba88e3f753d3eca97,Gulu
07432177b4513c508c8244348a82ef861954a0da8ea9536e0ed6fff8d56af087,Kampala
bbec91712ad96a56a81e67649cf7810d6179800fa214d50b9b34e5030e2191d3,Jinja
90d11b09414e9c92c674dacc3c818bba846035b87b3a689debf3144b319ce3e8,Mbarara
18d029efd9dc92bd9720555c950025f2ef1064e8cf16d1d0bbb44f14f17e1ebf,Gulu
244090c888fd5a36a0f0116d9eb5853d61f63caed5b4f3592002b4d6b17b5dd8,Kampala
f94f26b57001ddcf715d4edbf9ad6bc6377d191005985f71297561a8ff1fe587,Jinja
3cb4babba7d45068fc56328b25d76f264434ad2a92e4df20c8f67a9167b54a0e,Mbarara
577e8d323f60c1efc191a620e60d9d9437d73e8a8877573d5b068990a6753e0f,Gulu
d0c46fbd1bda7d83ecd55fdd7626a61f65409f8d5d0b4164cdb63aa3611c5465,Kampala
7abfcaf35fbfa790d44870614775a56b08fe0cb4f2c2e99ca685c4353be4acf3,Jinja
4eb6cbe449f031ce93a619b760ecbfc67d5b5f887ca92a274f6591e5e884944a,Mbarara
b721c6c1350e00b2b416b5671cae7b3626b86712d1c207f2196d2d3bbbdbab8e,Gulu
abe53dbdd11b12a2c28745fd37f65345e011f857addbf15b1bb110e3a7367f5a,Kampala
c3910bd3a0df27a114ae12ed008499c550f74def7868fbd3e3806d62eabe0dfd,Jinja
6827f7af24eb92ff645fc94fd627a6cf6da03b1e71ced632e03303586d9518b1,Mbarara
3ef16db44c1a17c14cccf84c7be85789c262980f3debdb50acdead346d457b01,Gulu
71cca2061be5df16eae080f09cb13fb749afe3246dc6104e63871593f5630e56,Kampala
e4c99bb1e9318e45c57ff1ebf8876a3b8030ac39e79cec13d69c96ee05d3ac80,Jinja
7723000ddbd86d76fa0b203e286c68d22331292dbf7f48da939aef64e316911c,Mbarara
dcf3e32f9669faededf58156ef81c614cbb72b616439577d1b4ba616d353aab9,Gulu
af9451e11e84c315c41a791dfc96b32c5adab27e2777372df40d82e087e77c8f,Kampala
c53d58140793b71a1a734bff11980df8111470fbc0e11eb6805e09b5b9a9f164,Jinja
f1ef949f7b7fb5d0f347391668443e0265fa0018ac391838931d3044329acd9c,Mbarara
eaaebdc036dc0555438f9e967f33a77c5000770160d6f577fbccef2bc8308a4c,Gulu
ce46d94a7205935c464b67c49c21a9f9d115ad97af3ab7e43ad0eee6259cb948,Kampala
dab6a153785f31abea6585f3c294e022023a50139d2d8b0bb350b27912b2e94f,Jinja
d7474a795c4e5b11d924477d09487ebc1842840698866e54140c8a24473dcb8b,Mbarara
9506bb069a61e9b8d4976f5f74d11a723ea807f2c6ac320c311c82274d7ebc77,Gulu
a8d6c156b247e79515c80106bc2ed9992430e82715e7004a386b9cc3dce85830,Kampala
edb11bac5f59e55d21f8abeb0f97a9bdfa819a98cc3c8ca81d713f2af77b40e8,Jinja
ca11324a787e96a8c7f97b490fa64f73f55d952fbae2b9484d3cd13a19269873,Mbarara
44978aca56d57beaa8b6a8557511d96c439cf6b18953f35ef01a91a798367333,Gulu
b663b25d973d0e905fd3ca5001da93323052e23932b724182ad9f0913296294e,Kampala
73ccf0d5a079e9db7fd9950533b76d0d209c1b3f3104461c4aec28ce35f0ec60,Jinja
37446b2197916218e60f713d985f23d15a9406fee3d2993c50f19963f4a5d343,Mbarara
d607a7c202e4d81c64f69f7dd1a5b4bff7d0f928b81d7ce912c53fb902f19e84,Gulu
204e34f6c1db7ef789a93ddfb1755e701c0f134729ac78207c4fd18c27ee253d,Kampala
391e2acf0856361aa7fe69448f74fa98d5f8c97e8ad690eb299335226ce30e80,Jinja
cddfee309431bc86941f241cf5ac16e13b7f272833cdf96ed381aa7b7c913994,Mbarara
d4d6c257a207984cb3ba37382e3af0df58d154b11df79ef425ac0d1c292203d2,Gulu
768223894dfc7e3b7f044c22ad7eec6d04ae8400382f9ba796e0fb2f97535588,Kampala
ccced96c59188763e76d57a4568b3afa0f5724c0adce8beee94f5a44bff6530b,Jinja
a751c78f8bab5ea1d0f8a5a765579ab531df94ca5bcbb1292e3dc35020a38945,Mbarara
3372f8bfd6fd9a35cb87e864ca2081f543e17fdb366a74ba92c232d145e454ce,Gulu
1dceaae9cc163eba016077dc899f0a8c31783a6a31fe144fa3be4eaf07353d02,Kampala
993a5ad28321de2c3cb75e622141fdf3dddf95a4fd28ba921fec0d03eb08af7b,Jinja
1b9f261a6011b3468defb981577ccd3f1d670b2b990e3981b9f99bac999f141b,Mbarara
e963c26342cb52937c7c1a9f894853d10e28bc36c3a4bf6973752e6d2fac002e,Gulu
1d9dceb7c4876341b7b1acce40541755d121fd1f2d868dafa30e52ac5df643d6,Kampala
74201a9de0ebe25c1db3aa023a6b4a8b4055765abfb8562efaed9a898397013f,Jinja
16015aec8aa9b0e9e5837460178025141f65932cf5f3661430d3f77dbec4cfe5,Mbarara
7c89d3efc024783a100c4ebe24b4bb9e1d621df864d55db51ed2d1daedc78cfc,Gulu
d94a51034319fedac683b1ffde180e77cc820a1c8da46efdab4db64d729e06e5,Kampala
57aea48e24478f5528115a193b7b429856362076925af9cf6416448de3edd9bc,Jinja
0355bf3d6dfcd4a1b94299096866269effd4c775fa34732b8091ec4ca14cec65,Mbarara
547f1bbc284a9125a3355980c0e9d79bf8f0bebfd7473c4cfc5aa0ae31380e90,Gulu
45fa1c64c15cf40f7e4cfdb85873ab04ae8afd3b5eea1c22929aa7e302669f75,Kampala
c7464b85b127aa113fa3502dccf2ef1984b9fd7e6c722c24e20ef9d8e5e931f7,Jinja
6c668d9272447c960ec7cd5137c308d1a7d43722bdfe246dbe1a2a561ec417ae,Mbarara
26b9198c39331e10b3db75b5b38420562fbf41cdea9717cc4285b3895993a994,Gulu
b74416517c9af031726bd41f6e1feac477964845461e778c59dd8bee3ef52083,Kampala
28fe60eb6aa88d7729cf189e0e96730c45bf592abea65e306b1f5de953dc958e,Jinja
3e4c721853b02cfee82dd61b7cabbc5133fb45ca28ca4711ced25a8182b6c542,Mbarara
5497719f01875d50221a2d5bcccaef95e54be12177fd61ffb8c4e281a522ec75,Gulu
fba8b448e690b485dc8e2eb6406c9c2a8b094d825bceb979c3623360759b5a5d,Kampala
8d8e1fd8fb93d1937c545526a8d0b32b3e5a3dfe5bae8427aab7c009befc89b5,Jinja
b881d258d25c433c88487a51dadb07bd9e4477a8b5908ecff5444d879790a24a,Mbarara
a6e7e45f029f61f143094f1e5e5d6186efad2cf6870197651fefc55b613815a0,Gulu
874e768efe9ca4713d95d80cc1dbf65146a5352e46ccfc8fcee8ec8553cfa98f,Kampala
26034b49adda9bb838eec07d08bbda72d67d27ceca00dfa26ed8e02b5009f422,Jinja
42d38144feca5a2cf7851579d2a7ce5f019162444a2660b2815ec4225d4a8c49,Mbarara
c38efc2875ed2e7846d8306282d776c7de376881d46d98bba00e45cd8a5c805b,Gulu
b0a2808cdabbfa5aeab6e98b162e20b9ad0b1f8e8ee40aaf9650fb2a17c55b54,Kampala
d1febd47b6e952765ee3de9bbcc0d7e22e85eb7f3ae7411ead347a073c80798b,Jinja
f7dc8f2cb9880f14c87db2c77d359edde7b9a0d557e04499e8c37e5d6aafd412,Mbarara
7ebae7d0581ecb10334c959d02b60f0628478c3f7cd61a038faaded8528781bc,Gulu
a651193d5095cafd0f5f202b6955e6127d9a670b247f96baa8e7d6eb4fbe2214,Kampala
4b18fc1cd2649f675a31aca4df4196cbcd4c5b642b0513af30edf65011ad2ee7,Jinja
c54950eb0d4c39a5e492cc846f4a7daff782f17e7af446446f923f6a8def9bb4,Mbarara
d144469bc781a14cf5e5005ed2fe567768c9c798fb026cb11ba5f664e82061da,Gulu
b063954bb5f3f6e66e2b9fe1ac4e20668528ce099811a799eacb6df8b020fea7,Kampala
82cad2bcf4c28406397f2c6eca58fc6dc684efa7d1bba44be321ac1ae1b6cff2,Jinja
046e2f6098df456fe64c4ee8a6d758b620861f4e12e2c39a35d85493000a42c8,Mbarara
a687505eb44e6419e11dba24d105c8b366fcd6e06a0564c5b8a478315ec56bd1,Gulu
14aef74217eb6e6a924af7d5fd9cb34714edb3ca8191d0a170ecc0a5e133395a,Kampala
7115469de387b82c033f8f08325091fb181c6d743f89fcbea299cb69d5bf4048,Jinja
60d9aa6657e3f79f2af9f76a33285c14c0cb228af0c970ffcdc0afffa7f1fe54,Mbarara
d0d780ce00ef0ec6b9fa937c64e39902e4d7d38762cbe6bbcb01b789894c0383,Gulu
4e9e28dbcc158925ea1eadabd656017926b766e7635b6180c2339c4ec7cc7b26,Kampala
9072b7aae19cb04821a7ef2cdf726b4ba68cfdd7cc5b1f577437a834aa72ff05,Jinja
2faa823d73c74fd98d6c5db66f8d8795870187fb58423deaf9fd917a2ad57aea,Mbarara
5cf355dc3be23852c47e1c99c24df701510dc72250559ebdb5fcbd7bf6687efe,Gulu
e56b02940b2177d02f07e15315c2d7956de63af6086ba6579088c01cc5eef630,Kampala
316d90614c168b3247689f830ea1461a829ae4f98d47afc7c07187b394c1417e,Jinja
9b3a1269a26ffc1e4ad8e10e922a4cd021a9f2c0b1066915ad20c6569d4130f9,Mbarara
99b9e6bcc55f2d9daf7a64bf72d26ab9aeb8ce2ea0a1dbf82c454b65ab1c1003,Gulu
f363cea02893d617bc6ce3ba20046211a56921c5a48e39e2fd0225fafd2a0cb2,Kampala
1fc1ff4c67fb5f465762f00b3766af115e7b25b75ad5865c488e88c59eef17b5,Jinja
eab618fa5679536598476133f95fbb1f2b1927cffc1052926b2702b095c4cad0,Mbarara
a1d3caa31ea66a6eae4958e27a263c916d9928a8ae510659f38d363d6fee4565,Gulu
a8bc9a5d94c1ef401c32e596fde11dff171f67e7a74517dfdff5788e5c4bfe47,Kampala
bc8982577a5863a2061fde68051cd3f9c974d868e82589fb9c6748ad4152d26b,Jinja
bb7ad60ff419ea2ab79451c8b6377c75353435e6526663bbd61512400c466ab2,Mbarara
2668ff038b1fab28585f59d64fc66a239e62f5f034b4854a4b4f86becc6d2148,Gulu
8c19b958f3cbcb4b9305d8c54c31d0425e80c263cca83070f25d2f569e1072b8,Kampala
524603234feb5d7c9340be7133b1dd86648a8ba61b03054f890be1236848f1fb,Jinja
0d9af4212b90553b54141a415fa720b87a35b9165a410eb9c62bab8e73b5eb2a,Mbarara
d7343939bda8e136c358917e06cb5462ff24aef33f2ef90d6b0e5daeee3f1c34,Gulu
51c7fc6a871f6eead82b3dd82b3c32c23f03509192c2ce868cd81a212b940a5d,Kampala
3e80c434f4a630aee17954d82ebd9b808f80710765585882f56886adcbe609b0,Jinja
8c1772e772988e976d648cb0937b5632ecb0ff2fecfb1b3310d36ea2e3ed9d22,Mbarara
7a63ca4171fa5d41167e7035cda5a06bd3e5d2d1cbf9672b1e65bcc3d0659ed7,Gulu
a6d86acd2623db7341ddd29cd48a30f502d9e653fa65af0e8136dd1fd7603d40,Kampala
346d9dab7a786f21971aa94f5c928610e29f718d6457ac75f5d194a96478e529,Jinja
7dc7f3bf429c01d689897618a5381275181f84e9dc1752ad5a84b372147e8849,Mbarara
ba97509327b07a09c88a7bb7bc2ad0036637af0d09a67537c73c294ef7728f0f,Gulu
03c6d4d1d831bb58a846fa955747c3751b5036f4579bd304488146c37893dbcb,Kampala
222308d7f9def33de8e34c7977dd6e4c9d54e4b158ebcabc6473b8c0037a0fa0,Jinja
5771df788b5b305c5305d13a776d03b4e3f9dd27e3071eb527607339d3eb2294,Mbarara
b48fcab13a64332124562f4f1baf9ab9b475c1db5b526f85d65827d84a408671,Gulu
cdc58b12862ba30d0309959eff9066a3e143735cdffaad07baed82bd7ae9cebd,Kampala
77b50872ee109e120c213c84fbb31b778081d129fbeee38d86aeec5190d9c770,Jinja
b22927852f01e499f03f19d942d0339efdea29122822bebc4800de6e785bbe3c,Mbarara
62612990d1411ffe46dfa407978d56005942b5cfe8454e46bd27a0433efa06d5,Gulu
1f3a6fee6d86a320ce1f831376294689816b11adbbe42d4b914cea1d71ff783b,Kampala
024d20e363c2b6f9db27b3807d4fcdc63f768e88a49ea621e3721567d0d19dfc,Jinja
234fd4293af18c508f9f1318945989657c70c655769ee1572410390b1d670a80,Mbarara
f590f804d2b3375790363fc8748303c264d3957ad3bd62401767e7b730411ba7,Gulu
e23eb5f26cc2204070da17e6d78dd87f27c803d7abe6470d45d26f96d3e53bc1,Kampala
4d3e27b17cceb411373ba7eca24c969e907b1a42404392c864b826d409df0e57,Jinja
ef369261be4aad6227a24415fcd98a30bd3a566aa0098b8684480037ed4b9aea,Mbarara
34dfeb28b5def1189d0fa16bea1921a050aa5aafd3ebb06ea727e9528c00a52d,Gulu
30524751db8f4e7f357be0bd3f59f6976d5068fa415663e56c0c462c51505695,Kampala
0bbaa4695538700aa02fd03320d129e79f6fa9cff645390564ccf75dca8172eb,Jinja
9b6446cbebe69a239e444d3fcc69145042cde147b91dc2c533cbe6ff9e445d32,Mbarara
e363011a7429781f11ba19fd41c77d0769016c61c730ef2b02c26134237fc065,Gulu
4a7ad117e8fc0d6ef2f120f405edcd7ceb01d98a13a83a03bb9cc04556e1ea6f,Kampala
c93c3f74769e87064a49eb6cda173b0ecac064989e8b63edfb0ed173cc7f225a,Jinja
361d1cdae4e59c7f08a6e098f646a83cd4ecf8d94de620c30be3f2704268c1b6,Mbarara
d25dcd68dcf7e663ea64341570af16b48076ef21a54b4c235541ce0c62b688eb,Gulu
9ede9bd7c5f4e172a7f44480d00dec4dbd8270649bc7bb19e8cced630956c95b,Kampala
f3603567f80159a7b0ee594739565d30671cef4bdb0ec87cda90551290a8e4ea,Jinja
2a2c21ccb034d67ee287899cd746c50c1b3964535011744d74ffdcedb7b9a4b5,Mbarara
b2a58cfead4a261bbf1c15b5a181cde8948567e15bcc06edd38ed12fd0939b79,Gulu
79c27d05075711b83ad08ea56fad5cc41ce1f5060291e31df654a840f2580de0,Kampala
62a3e4f6790f88922c288d4767ece3eb85d474b41c18e7c6641a98f36662991a,Jinja
5c48fd507d0e066a3538ddda2d2389f8922c45d99e3e51fc462d5fef6edc000b,Mbarara
a91c4c5ef5e0b82ee7723d5315dc7c95f5cfa6d8c9c689f873ca8f54fa221ea7,Gulu
046339e1aa7caa63187c621ae33ee4eff01bb6a7808b07043198d0785374436e,Kampala
f48f69480d22a1938097d812ce7edf9c1fc6b8f3a3ea93d80290788b19fc8b3b,Jinja
f67b85a5265ae89fd3b69349a30337e53ab75e60035a1b99f738a74f1383d531,Mbarara
89906cf2d30433e3284b6735b2430179dfe3e20bfb967e65f6b1ba306e7fe9a8,Gulu
9202a9c655084da3062b81a15c745eb86b55df3c3ab6dd77482dd79983b8737c,Kampala
1e97df4620daf4b0dae19b300fa8c6000e4da0599794fa696f7596e609ce8692,Jinja
a7b8b3e4e72b527021604e65181fa96c19d593833d7bbc25b5d5407dbcc56bb4,Mbarara
d396d9a29b1fccdef4a2fc8da5eda5fdc3a1ab13cca289417c13508fdece6c46,Gulu
13eddf645f6d66b0b00427e4e6f5c5f8c82258dd64f2afa82ad653c801cabc7e,Kampala
b8ae3d3bacaeeeb5a8042e99ace3cc77625e44076a93ed3eb60733cd5827c675,Jinja
cb232ff8540fd5ed3cb15bdddff4e1ca7467d720f8e33db1f32377c424e5fc51,Mbarara
2247341220e753bf68685700062f5e7862c9c8d49f5f01afbd150a9a47c3f538,Gulu
7bb004fc7cc27e781a815fc9846e0d0ab11f3f96d32b853fe6f1004b1b1e2385,Kampala
db87c492b7640072f1d0dbab9a4e6d1b44ee086dde2e2358781f43860a491f1f,Jinja
d20bd6dd7f52fd1ec3a85b556d26200877a309d619e691e16487def44e0d4bc5,Mbarara
94e6c56a64c86bd9508bc5a28f22bbc5bd3c2979d34cad53585c932ac2a8eb05,Gulu
b419d15d5ad94c227a1a956aa0ca692a643f9c1a44f1db9d8c1e7ae4b2c856e9,Kampala
4377580d1b4e87af70408baa6f51d083fc6e6b2f420f045bb7cc7b6d3f1a0e0e,Jinja
ee3775f067eda8e795b93b17f1172633967979f0dda2f088164febb8ec44d05b,Mbarara
f4146f0f01ce4e4cf9c8ae9053f420e047d5686893cbd890de300c9e17e912dc,Gulu
9006ffa956a7cbb6dfdf6dd85ecc027f19aff0c7fa90617d7214604c4f6ad9c3,Kampala
fc8348cb177ff01974a1f5da6bf670275a6387aa08ac1aae65e2ab1e01483435,Jinja
cc1fccdc9ed452f411765c164ac4e3fbc33b0f526d0b6269faeca41428d6e193,Mbarara
fab2782d7fa79a0cf1afd73cda181764cb6170907118b6a52e9ce65d35625526,Gulu
42241d7bfb921456464b760fcf3d244d3a0fb0b4c173dbe56d38a19e9d73e99c,Kampala
20a539b31ef975b660152a92e36a640e06e1d108d7fe7a18339abac5bb035916,Jinja
aab81a0efbcbc87d4e8d3f6f79fdf8d88888575146855d3873db314516aee6ff,Mbarara
01b4bc346b22e99ab1c3f9f912211bee01b2114b894db76e8d63de773b23457a,Gulu
d83f1c440660fa85dc17f4e3ef40f3a13cd97a376edcfd4b86e553a916456740,Kampala
01a99f09c06e6b4515b0194885527da90e6b294bc8531dbb48c98bb435460efc,Jinja
2702b8a5cb42ef6582e94506f71fbe11a6a32b508b700a0a11f3c84d525965bb,Mbarara
df4deae8560fb6c6ead0e6a2aa6e0472c7d8298d5cf0ce197196be38204064fb,Gulu
c5e0909d9a6587b9057885f69d6ed0d2b548ae3caac9ee2a27e07195c3ab406d,Kampala
313ae0044db792a3676a0cb4e489e50de50f74c6f0a6e831420a7e0208c5ce96,Jinja
44ad56ae587b2a0e0e8aa39d8dc3a6ab53bb024f5280dc1644e2b758d9c55d22,Mbarara
e89c07853d1f399224ff2c5489db54fced7f1dfcb6e6d878a6f73d4dcdf70908,Gulu
4ec8a49c6175e245e8887783cb283c974928ea1bfa7eb96cca26ae7a8caef468,Kampala
100c7007d58fd4890a7f365cf6a56e7179a901904ff7b63cc19b7aa1e2685b91,Jinja
9979d2e922414bef58262975616fa02c6c71b43a1b0bcb2d88165512f392684d,Mbarara
0636619a6e2a9f998b07c69af6775b94be3801038024d87fc6a1a2c3e387d5f2,Gulu
87797697cf615145339d9dc99dcec11b20a7e86c8a2d0e1c2683502bf5030395,Kampala
456059983c46eae03ed513751e97c4f435cea16aaa24b236df6c561173d3edbc,Jinja
6dd11ae2d9bdbaca47e7403da762b07dea6f4a0fac8938863b5825c8eb9ecb84,Mbarara
a02aca62cd55e1ba49db063451ea157ac595e5b31430c3b2c855a5e06d1411b1,Gulu
020aedf8f789b4fc32f981b111d898ecd6571b6777e96d336383486b10286083,Kampala
62f94e554bf894cc84f5f9f3dffbd9e7bd1fe9f1518fb38c77c8782c30c58d3b,Jinja
be6b81732482578dfe57d596c48bb6e9e2eceac111d28bb8d02fa41514b32c48,Mbarara
c4889545558c891de69efdddda2506879a74a33bff2da73b8b509d9a98bc143a,Gulu
bc983edb9f90e19efd4e9f2b2659489a1383db796201de22555d741f82150ee7,Kampala
1d8f4b1058be0b24933d22fa97a724060462d970b1cf9c1b0caa7a3cca85be07,Jinja
98a2d179687ad90758b5ec0aa3f51672d9a085f4a59328c99297c5510ad3b447,Mbarara
86dbdbbf5c0df922302eb32c25b9e860584375ee5b5eb6e18094d576a978589a,Gulu
9714e5379cfd51fd394419c79e853d07f7a89fc2fea3ed706aa35e883c6dcba2,Kampala
ee158c8932272668fa06cec83c9aa8e46a501e29078585c46c1592c67c8ce597,Jinja
ce8d5cc8affb26e88146336e054faf98873ea6511c006052c13f22e8be9a0a7d,Mbarara
ec5143ebcc6a54d60b3d672c95d0d988aeaf531d7d03be649395b30db06b2205,Gulu
029b7708de94a3d9cbe801bac1dffca7df6fa881c733a57d2e59e4dde4585eeb,Kampala
8537ee6f9dc402f467b233631ce37c5e35d2c5dc9cc2a9008599c10d611e5d9c,Jinja
bd0385144c653691834567d780581e16dec5892730b2ec28cca56b21557f1aa1,Mbarara
1d577048a60b117e7513c5918bb9ab3b4a834f98dd42cdb4ed7a0ae9897c5338,Gulu
07758daf0c3dfe42339d653f09b886ded0f8c6614d9b6398c582eecf11baa7a3,Kampala
9e6fe88cd0bba99fc988c196e46f0d9e5810523ec87dad44ff782353657a890c,Jinja
b648ade9bd54dd98cf37e7d165b6f6d7a235662fbab3102452a1baa980fb7fcb,Mbarara
210e5a33ce5909e4ba350f7bdecb831e1d582449048c48089e2f90fc7cdd5fb0,Gulu
02a29fc6ee0b8276a9f32d2d58b67ec0e2021a2f5d522ec650444b91bde6f472,Kampala
5638a7a2d3356f774cc9e5de714598442e745d257a990b157b167c483068868b,Jinja
fc081900bf1b117eb7aa1188a8f7a50359a7580e4766e1592c48ea99870c25a8,Mbarara
194d71aeda3e962aefc80a8d5fff2eb5639aff1df6dcd006274a4de93ab3e6f1,Gulu
7847666afc6f580fe4dc425dcd0541570e4ade9966c05fb92f287712910e6d70,Kampala
75c6b4ece311cb74eb23cf9a5afc1259d8ca5c2dde9eeebbfbe3c6471807a363,Jinja
1f93509c8c78d3247f9993e53d1a708d420934fc2b3b9c496244723edaf366bf,Mbarara
376cbc96470bd4c55c5ce2cebbf780b40812e831d31338ba4aa08d20470d02fe,Gulu
45d4c4bebb7b246fecbe518e4f12ebf42cbc90eb5cc0294fd8bcfa7ab7099576,Kampala
18df78e4fc8d222e899282610e34c5ff2bd967a7b346cc6e01a74067141fe9f8,Jinja
d90be9ecfa639dfb1181441dbd878c44aaeae31c55bd862ab0438644d638c099,Mbarara
f52e36a02a52dee8a3eb3f108db72d1c7fff4a8f9053f006c83897d72dc85d10,Gulu
b4bf2f3638dc6efe02a8b983f85e6e50f020edc28f0acdcbdbc0cfcc2988999f,Kampala
894e22ae24e65ac62808d457327010909711be7d255c426456306e8dc1b0e4bb,Jinja
e96071b331a8f574024340dab0066ed0cd3c29e9e1f31635ab730b2c1eb23b57,Mbarara
cbf8743734506c8eb9f86941aabb0739e34eb4cfc55591cf7a3e49acc9a90fe3,Gulu
b75b2c0818d102e4dbc2eb98a784c1f787c3b5caaa6eba785fe742f8af16f7dd,Kampala
682258abc1700d9ee7279892ecd2111374a655f51ec2ab7f140c13115f7a3a66,Jinja
dcba11cc1879e6d78cb5cd13b02e5d2eee2657991370d465a0a7a8d52110c6fe,Mbarara
8f22c50dec904ad8bab81e7ac3773051710cbe8337663d6c0ea999c8abd03786,Gulu
21693fe7fa16bc6d121db1de102c8e6ba4fa884ad33c32d4cce34d064a35d100,Kampala
d1f0dcdfae9bb3ef957f58399bb0d6aa61898a4e6b3a76a66844b14ccc9c28d1,Jinja
e232250a8b0e4849c916efabeb41741d17df141ba5ed15fa2e90dc3bbbd34737,Mbarara
3dca0a7ab5a95de3a35e286630c703a212beaf5ea796ced2efa77c3c8a9c2bf7,Gulu
a55746327c1cb8a36348759d49937347fe3037620a26bfcc3141d77ce2a92fcd,Kampala
5ef81e88d79294675a7fd3638c84d662c90345982d6c78669adc76f94f99677d,Jinja
7399de729df0dcfc6a026edfaab19fc5aa220db1949fc75390a7f40c4438f409,Mbarara
6678e4ef87051fbcdcf86f261c71b2366d0fcd660a1d17c4fbd41b56dfd92f8d,Gulu
4fe13ca7e9174b40b12ead9a32fa23e5583c11dd0d687312589f9b0006bdd92a,Kampala
fe909876af63e999d88c9cdb3df125502b10f0a3e4d85fb57dd33fe98c3e9b96,Jinja
94086d5786868449f1c703bd5455d64297535e7d10a98158d5bb59ca7226dfb1,Mbarara
050e7ec0f847359f9a6974ba9f71a0f657bff47bfd421d3f9d03bdf2d8be7eda,Gulu
85ec2ffdaf54c7ffddb6e9e7df6bef9f000d5d0b1d224217e475c82a7d3f0de0,Kampala
244d95fce38a5b8cafc04ad47988d144da7710368bdd57966f5ae42a26b26b1c,Jinja
64ecbece27abd5861d25a9641a2f2e35d8920ecdbd594bfa722e6d0b6d65045f,Mbarara
869922d41096d4f5588f11ce843e591672a50ce3967154f7d56a1faa8cd8e5d0,Gulu
e316ef7490803c9fb260d60dc6712af09d59690cf0f85a181b710375e72cc7ff,Kampala
947312c2661cb64c97cf6212a760035990e0d29f17f1e39d67e95c4081891d88,Jinja
e6bb091378d868648dccb176f32cb32473d84bbff9975d47f05b6009aef2ebd2,Mbarara
def429fe3650fae1c466116bfcac5e6f3949552ef1747cfbe4911802120b18bc,Gulu
ac89d7cb1a48de52cac3de114a0826d0e0d0bfae85129e72b0a59407fd030121,Kampala
899673cf862cd17b1b5f25907824608b6c0885145fad6522159a69d8d548fe29,Jinja
2619853be0ed6e3b5828dd005d1334d7a5d4bded9b01b5a810a3506cb1a4bcb9,Mbarara
33a9cfd677606fa74d2d1bea08cb9507b518ca7438403eafc9bf8e42903f78f6,Gulu
7b2a60b2f093e57eaadd99ba91ac76b7762d384231bfe2482de2b88e991f6692,Kampala
441836855e19b24dd10d30a0892fa0951c47da28add6bee688d40d786ea52ba1,Jinja
ce6b1b28f0eb48480cfe1e6a9dbaa888b61b80412100c90a6cd61fd730924597,Mbarara
4dafcdcf1edecdfc7ada9ae779c133184764f6116a7773cf992c7cdc89310779,Gulu
eb0d387545116c094f46eb8047a337aec0bf575e8c07700afe646d7371556132,Kampala
d40e48b4a234f6c2f0ff38207e98c90ee713b8d2aea9361e424bf651aec7bac6,Jinja
90fc4f70e9c8ff25419f0d6321a9ae04164a0f45f04080c8ffbb9ed5da3c06f6,Mbarara
65b5b4a6d5131185cda094a1e419117b469a1b1c270a40cc27bf639a9f48e13b,Gulu
9304a8a78332ff1dd8ef586a7d709f6be3425ce0f8eb383d64e5ec63375952fc,Kampala
0f4de05ac777e4aecde8227e194603645c00ab3a9b4ba65764dfb3615ac4a3ca,Jinja
eee1fc9e43ffdba0f2d07b36409efc157e0d6d69a79a69b0e9d2218eec80a490,Mbarara
e1a6ab983abea4e792baecc0f0980590bfbb7cacac196561baf5b1ff688a398e,Gulu
7529cdb5620b28789e417e9bbbede78d26779d35942b6db713d2e22f0f73ef39,Kampala
19c9ad29bf161b470bf4ebd5236fb69d250f3c2d0746ae07cb3e6abe7051891b,Jinja
c8add701efccecf3d0f55993ac120e3e464f130abb60e924e09ff9cd7cec6294,Mbarara
b1e6cf36770b43093a96486df18f8aeff626a9cc1e52e3cd7c09e1d085815e45,Gulu
a56da842748fa367ae3242ca4a26458b2c54ea685f362a6aceb9df09a5d77f4c,Kampala
fe8b8c58cd7e2f39d73cbda96a933d35373a660411779878fcacf6119a4e87b5,Jinja
ac04526e184fd8fd509c72a725556478418dd067e89592576b4abcfe0bdf9d9c,Mbarara
c7e43b02814e903fad85eac07cfa4540b65c73716bca0d2e7053fd29d2163177,Gulu
f415bd9d0d0020d2bff692290c1f7c1e14877a2f8a05fcf7fc11e5a201daf2bc,Kampala
b61197cd2488cdce24de10a89d2c99e6213e64c856e5bfa0b8230c460d16b921,Jinja
c3713e05335f19386c5a5684618148a0c22c2bf3cf2cccc82ff387855f7b3ce4,Mbarara
b7ebfb542beb8a0fdaba369a39f8dddf4117b9b6b1d8a9e5d9a202261cbfb8f9,Gulu
990cf69cc4463ed6d88c8a062fede73b7e85566d13c8118ec125d8706633301b,Kampala
c9357b789441e3b009194e7532bc3575b164ede4a05ce3215af081def541ec2f,Jinja
75cd483c5c6366982d5311c7919be1145e3df768f66622809a33b2d5dc58775d,Mbarara
cd44cfd86d2ab06faf6428e02f83e34929279dfe2fa9bed1e562d20972d56d25,Gulu
1a6e6ee9c38ab19b7626464222a83620418654fb923616947e632038d13e4755,Kampala
03a486479069e607d114bbc8faf1ed1daf33843c0d88dae8e90128e9a7d30e8c,Jinja
6058e066feee415d806c2f1ee27603637388b7c9b2778de979e16f8c3a3f6a56,Mbarara
4484d1805b293dc63fe6d79d0ce0fa58302b30d0be828b1dc9aca906071ecbdb,Gulu
ffce608bfc43bdcd8171d564cf1f0407b1075c29e1e1f9abbabade807b19b08d,Kampala
79d41e5b44805bcf4d475d70a1fd23fc4d81b3631e055e928e9ecee4856fbacf,Jinja
92d40569b916c0a52666a669d2aa6f4bf73092363b5fdc471d4ba30e331b5792,Mbarara
4568bb53b2d69136f3e09d8a7e3335c8c98a3d9639716a66e81f68b8965c67f9,Gulu
7faed02622c4a2aba3216e728089d87ad9e6c17fecdbcc36d9f4a35828c12afc,Kampala
cf9381b413f351ed557d29494dbe0b258df2150cb1034d416d24fa066f3b4d47,Jinja
ade7525d430a5c31e9d13eba0d2548a966341cf3f771f69b0890c743dfff578d,Mbarara
ba715ca9aec95417db14490e98c46625bac1123e791861375faf466c23b49449,Gulu
fb9d74ac738c4254bbe3f475a67a27ba5b9a4d5013acc1244b753061e2b289c1,Kampala
f0f5e11e31d122ef53f2d63bd5a21c5a88e5bdfe4e2c165b5bafe2b095c09d4c,Jinja
39d972d19cc2b0d27ccde08a4900a03b2b6f4049f394a3250ed00466fcf2d133,Mbarara
a9ff7d74d070d7f1d2b6cf449202f21a71c1c055cbabce06fa3439ac3ce20361,Gulu
e0b9739c932a5f3eb5b927aa6ee06d20c8fa319358f719af5bdea8ae230c462d,Kampala
433453f46638043711198bcafd61390ca83c21494a89915404cf9de5519749e8,Jinja
96b27ee8a2d59423df6707bc1b403f1a8f9263565523ac0808d353e61aecb505,Mbarara
13adc563e8c2ac2796fd1d8638d8b7f54236b3a74bc152e355cfb833c056603c,Gulu
a0277a6dbada450c3a538574b3c48c26e86f1ff5bf00df0daf43aec6bcc4b6d9,Kampala
6ed6caffe1eb968ef6635c768774d76e9072edf2e96b5e6bb02d262b7a112229,Jinja
68527339eeceac3440810809111b0d3f4e20bc9c7f58c6cadbf19804c32e35e7,Mbarara
bfe8455d0fba6798f1836e0807891df0d357bf6fa9fb0efc213fb89a78952dc9,Gulu
0c27d8c82b3f33c83da3d09a09a461976307a0062291fcc5522229c6cccb24a6,Kampala
6283541f00d98f6f559347b0268e3547dbf8cb496a042204031935e2dcc55064,Jinja
f82df821d8f004d46d2b1194282b6b7ca6381bd2f089bf42322b597f03eabb7d,Mbarara
df34432730e6965ecc70efa1dae3be739096f0cf0fb20784b630030c608eb7d5,Gulu
0aa8a21f264a4b06e838d3dfaacc3e96a261e2e3759421acae12d79ecd2f654a,Kampala
e5335f7e907124205cac3e8b1e0632db694ce7ce72a2bc27aabf8a538abd7abd,Jinja
323f44e72b54fcb9d118beb21b27a5dc9661c355b5ea795a7b5483a4b61d640d,Mbarara
45a60b23944f4d77f264144c9bcaa5051342920f8138a417409671bc91d356e9,Gulu
24a3961cdbff9a40d76d517aba6fde55ef9b4d1baa97d7163f60803035e1d890,Kampala
1f1ee69b7a403aa77540ccbe8ddc1a1835504bb0b3559fe2bf740a845a893e2a,Jinja
4f37af6d6a29985e1140e0a27d0adaf59e196c1219a01672be6d76dc091fee96,Mbarara
886ec7e4d2348a4d6463cc25702f8e552c2dafa9cb5916f3af70ec52a1995927,Gulu
6a87412bb9fbc9b7e6f53a56831967f9f728d2ccaca5cf066d33c00036a710a1,Kampala
dc65faaab38b70b09e4bcabc024e42fb820b684fa8d3401a53982ea3bc0c63dc,Jinja
951f50ad575a31129dd2c6b3c728793079e2efedbb72e893872b8a5a44a7ad5d,Mbarara
07c9379f4afb44aa925b1f5e4eec87572387dbd4deb36b246b253ea760b581f6,Gulu
4a7ee66eb5f239c59e312fd85fdf8d0762a50a4222d2a607704a9119408a9e72,Kampala
fe45c7e2330036faf123344d091dc18367431985e935d5e3ed58b3340033e8af,Jinja
a3ca0ef4c48adcbf64e77a61cfc007704decce74f8ec48674b0170f83fb767fb,Mbarara
202cd6f666084fe4985166419c504ea0897a24814a5777251d1f3856f19992a9,Gulu
12cd834dceb2d8a2d956c4d9ce37f10dc689b45186e7720c5a342cc701056cc9,Kampala
c7246884761849e3afe3782e98a4835114eb6a0f0a8939935703cce9473e6d9b,Jinja
d04d4893c6592b131ef99badf3045472a1ac2be23100797b05db1a1bb52d1901,Mbarara
ed7078746f18a388e0b5d4f6382c5ec4c147fc4d65d771d1dd862f38c567da37,Gulu
141c4e3947f72f672dc55cb784aa9f7aa05fc374e8509e04b7301c6040e7e417,Kampala
b76da47d3b23c6f30aae9ab3b1540aa3c1305ef1eb91cafa2452d6a0c052f835,Jinja
3ba0cc4379da3b9c5161658dcdbd2b0bc3b63611560f01a4807985564f776ea8,Mbarara
456d326f35509d0e5d605489f7a7c587d2b50fa3667bc7eec17f8bbdb8db48c0,Gulu
16bc32b659dc67a1a5dc187a37a2ab6f51b982c693ebec23b76356af8bd52725,Kampala
eb1026818e255ddc8dd793b57f9296a1affd0d4aa6d223aaa565ff0699dcf60b,Jinja
57bd8a54b4a182025fba91496334ce742dd6c3b3cfd8c88466c5204a1a7e95d5,Mbarara
2a913dca825f11f555848bd0a75d408a7d011950d124ef7d0a74193d99d5083f,Gulu
796763f7e6188a0cb3d62e25f52e729d0e9af38a509b96b89494ccceabe1e86b,Kampala
405ec8c448a121bbeed8294f5ed22a78eb947d9abdb3e593e4aa4983674140c3,Jinja
abf7552971ceb9a7536c8bc904692374e4689f8174cf95b7fd69bb54b0a439d9,Mbarara
e5d42a94f2131939388012e1c302c3ab4b8b18c7aace5e480b078152eb6cc501,Gulu
3a12f346905cf3d6d55a723cdbd12d9bfdd6c3caa403291ec9b207ad800d70fb,Kampala
0ea02da94a3c87e0485df47dd9ecbad82415f032b76d7b3562cb2f3d701093a5,Jinja
8824b6b93d5883903b4509bfc4dbad13d6520c0b346863f16e5cb8f25d1c9bfb,Mbarara
2bca2ddb7a06f05eda2aaf9c503d8b3dd8dae1656fd6e9f5ca2e298fbf49304c,Gulu
f9c6f4048bb84100641bb4ba1ed4265af8dc870ef4cbfd39f5f29fbf224cf6cb,Kampala
9665d1c5ea12784fcf6f876eacf9a01c0b5d7d4bd36e8a21e9182b1c89ac0282,Jinja
4364130e96a7ccaba51b1611256f5061edcf6d8a7fa52c82f778ae7bab0362f5,Mbarara
5a0d5cae92c61ddae332cfc1e3a0508fc032a10d50b2057d4c32fe5b10192667,Gulu
577716e4249e8a3780c3d3f57fdf14fe2e9b93327c228cf9608df8e007578ec7,Kampala
3a79b0628b361a23e444876a9712f182aadc88a708b039c23584a546824d737f,Jinja
d0d906b97a175d5fae93fdcc5d5aa890d3558a868fde7d2aae9cdf88aee98b2a,Mbarara
bd589901a359be33862a74c0ef2ae11bb1e2025665780e949f7ec30debe3c91f,Gulu
150e31d06f7f51fe671507a71428fefc27b29316653e8c37f03c844d74f32208,Kampala
248d501ca105953b0e09bf5e29c8e70a0c1d68f68e4ffe7f10948c8c09e01890,Jinja
fb9e1abc836a0ef88af2a5d7a8eff696a13b60d6965c286950007608df1f4008,Mbarara
bbbf7a9b7272d8f4c4d6a89b3e38c93d74b79663da07c08128e4769cc50cae24,Gulu
4a58e107ed40dff8725f198261a59efb8ea15b538f2aa340d8dbc88552b9ef56,Kampala
a66ca18270f88600d2123cd359be6c7522e1cec426fe054bf2798ef20cb8d92d,Jinja
2059c4e5edad9e6ba427debf5418b5f256320c4991c06523f327d8dbcc7b9551,Mbarara
45b759ed83b7307158099d6abc81eb6c45a2c74492e82490f7d8e92978ccda6a,Gulu
5b14066ede83292c5910deec228ef92afe864c5bd6486b666dd3095bb9f6ca68,Kampala
bf2d237c1c781583c3e40871b11a3f5d9c9e0790ed9049dc813587d9e373b05c,Jinja
d5a156b03e8d624739935bef72497102644f38c8a9f70f17af34326dfa17377d,Mbarara
83494b4edf45b58b8c331471004b197abc561521eb4d6499176bfd5b5383e0f4,Gulu
5fe1c2ec2508503941be82c79780c77fd791d0ebcd130a21a671b37de2cbab6e,Kampala
73c432ad6edb0ed279832926a7afdf7e1c06edf3cad44ef5161da43d81cd81de,Jinja
f7e4b35fa26da11621fc53de2299996590c872b34563b078b402d33719d5ab3e,Mbarara
eea32002e84c0489ecc54c65fa0fc7aafa08ca3d76ff4f29e19a46a0f2feabe6,Gulu
743e3fe8c752abbfcf9ba140cd5b1b180e5e1a31a4d566c55ec2b848aa7871c1,Kampala
ad1b845474f9cdb40bf392818d017f8fe09dbd31755de839adfc8cc6a37e5326,Jinja
81428499d98e7106cb05d3bdee0fa94d5fea1ae06b1507882b0fe9a2fb9ebaaf,Mbarara
d748f383816d172f8a99cf86d5e476eb784316d80706d96a0726677ab9f85908,Gulu
2d83cec1432d6b5435e7f8a3cb711751b8041224477eb326ab1cc0a96010d92f,Kampala
39602aeb666b547a71a14000f6b6c476651581a10a847ae01af75207b2b01699,Jinja
f9f5c3234a1e9303cd0e0630cdf5c86b0f957ed437c3c4ab71f91b22c88449df,Mbarara
8e66d8e104836ab34ffdac45a5c06fd1f1a18159c079ba792906057bd26db323,Gulu
d4312518e553f5bc765fd054034ae680e1c2d9bec09f50461b202d4c9bf1367a,Kampala
8363cfa2af7b6b687ff10db7a578fffc812f75ddcd266ab4eba2aa88a5a5f4f4,Jinja
b3b36c154ce4763458e4d40c16cdb00a384b55ab60f104f6f673cdcf8c0dc39e,Mbarara
5268a067b34f11dbba031a7ede498d91942252183c9ad1c6b0d8a6e7d9477b77,Gulu
039ba52c5e76974eb4249c777a34c8fa4fe8e03aaff8987f7c179240e9c8f081,Kampala
2aa215706780ed9f8c41ef3c663c92d9ed76c8b327b3921159683c62cd4549e6,Jinja
7445491d314e93d250ba90e8ebe9a9e2e935b696316e472976897a4618537786,Mbarara
88a9461a4bac07716fd1b55edc5a62c5eedf29a7ca777e9e6bc16cad7c8b590e,Gulu
e39c6156f4c1e0e433286bb32a203ec2255388fe10e23573b012fbecab883ed2,Kampala
ef71c3f59af562b362f4fc7bbf1064eda0dff4a3ebbc485f8c3fed04f081390e,Jinja
4ffe237ade2fe66ffc9029e7e0a26bccedee4522d37e19e24745b4d507666235,Mbarara
7c4297aee31c170c728ab70e769e340a56b39504f70397c9f9af73b3035d26d2,Gulu
6d9d9dd561174902dea478351adcc854e0b045a8cb228889d890daf6a0915a0b,Kampala
2343a666ffefcc36e04c18d10df2757c6f7be648bb1d08867beefd9065f75269,Jinja
75db7970474d530f578053a7d378269166b3362584f355a115eac61ff2314ac4,Mbarara
f13c3f2eaf399891a8ac9fcfcdb45d61b98272755dfe55e942185be72a0af1a9,Gulu
4d54e75a7bcc6b6cb4dfde16403b75cad0e6567a2c70389efd7835ea294e50b7,Kampala
06994e38454f987eda0c34e7c44dfad1fce66c937fc3e6a101004c071ee1bf13,Jinja
ec3d47cbd90bc0da9b71327c6912749fe4b8f1ca48e5f6be7800cacd166e973d,Mbarara
da422de34d7a2f2771a57108e44f70a6d84244b53ca439dddc29f43b37f9cdc7,Gulu
b2065d7cfa3739c7f036b16f57f366dfa730dd4f1794ffaf94399c178929a59d,Kampala
6d7aaa2c26bb91c58f425d78b232d6bbec760b8d5bd8165acabccc5de84cea04,Jinja
d6c505687ae883ccb31b05298812369967bba946cac5f0147acb0213c7b8e387,Mbarara
3c47d7537804f171d886828419e476862fc1feab4c61f063d86d2920ce2735dc,Gulu
25fac3a7bce8625507c0c5611020377266ae8e9452ce5702b00fc0b28c4f18a9,Kampala
0e4ce3940db06bf3dd32f16ee7d3d4cf2a05c6fe7f2d361d7e2e168130a3fb11,Jinja
345672721bfcd53f423e37d58aeed9672a66cb0417b1c55f2a2b5391766911ee,Mbarara
ad11146deb786beff22faa68b59dbc0272142e28311f9efc2798201df46bfb3e,Gulu
0513de8584eeb90655f5e19369a39a37e08cf6478b5857b628767832ec9a0b23,Kampala
02b5f63ce14944359d0bb3ed9e1d43a2e8d85247be85f24eebd514aa11781190,Jinja
b0e97ca3f74d4ce20951aadca9f07d4c1be921f38c9379203747cea2ebacc113,Mbarara
820589b95c01495f8b81e2e4afd3159f86a8a720da37b7317da167e9fc7afccc,Gulu
7dc7fa1eb6aee581f916ed610d2e0504fbd520299633249adbc47e173a593f4a,Kampala
d0988590d4c2397ee5d63e9d1caea02ebc5f133e333aca4909b40d46eeb956e2,Jinja
e22c92eff9b09fb0f1eef7ebe7af73dedc7d2c7938cd2ef5d4b70a83ead33d4c,Mbarara
a8fdec690c51f2c6fb7c2232838e07fbf2cfab6957d7b5ec1b9a4143bced5f92,Gulu
eb60d689b998f7db8af3ca19344fcb2f360a45aa2547c0a8c98671af5534f390,Kampala
fa79ec21c26b6bbc7fae31a05797339865c3c8e5ce851f49c5e5bdb4ad81cd7e,Jinja
0b388b1c99afef84c7d860bcfd9a50f758d0fd18d8c0bd93ff6bdc41902fba73,Mbarara
658e9711be16c43b842f9a2123e6409eb6478129a0394f98cc420c63ad36cf97,Gulu
94ef02844d81e0e1a7ae634c3bb6143d1f11a3af0ba05df1dbf7ef89e860ad75,Kampala
108b05fb2621945a90a1353ad3b44f7639107ae6b17fcc03456b87a0b338821a,Jinja
d2269240ca003638d80d5722171ea1e9a6647eba5f990556dd203296f428b0ba,Mbarara
3936cb1457922ba17427ac547c259ae430346f22a8024c0e09e3ac84bc35aee4,Gulu
e1d1fc66806e93f8c98874b9a53b46be751075784a6a7e6331c280b634022f04,Kampala
2e1ef5a570e312706f81c174d0a65d1e00081ca566ebe4dfbdd6aa5594665e33,Jinja
64b92b5852582c8c108c76b8ebde493c5d62467817aee4869fe1739fa5ea49d3,Mbarara
0ce19705acb6d1ff962008f1c3ac6ac07962f86b5002a6730a98c03795702f65,Gulu
d2178f5dd3cdf13c1169d633db1dbeb80012a959db9deb46e4e1ff048e66a943,Kampala
c84247e5e9746a741246eb1b3ff31cedbee06efed1785c68a9d95d3511c70b12,Jinja
ea2c4fa5b61d3cea3fde8962c172efe135e8a6de1f3bb58eeb5a27c3aed8d672,Mbarara
49398c3b7b9cf0a452b36a23b31afe3ba480700f876624b992ac14b6880606ba,Gulu
576b062ee62a6f537f725c394852ff30308b3122484f911113d413e69c05f8ed,Kampala
86a2330be680d6f4285ddb019e78c4e0925c8a8529f5721f35a59610c6c9e405,Jinja
43d78d13fe1b3a39c7ccda9c2883f8aa03894dd92403f5eb5dccdd6e92237210,Mbarara
fa5c5c2147b3de105e1d148b49cdc838ffc8d59a1d08fc6dde2b9318e02c27f0,Gulu
2f75bb690b8452610bd242d1812cf98d7559ce4e5677cf4e4a1fb0679a3cc5f7,Kampala
6c026b959f86353b987754de3cca882ae9e95407d985e75ad2cfcaa55f284011,Jinja
f1445bb4866c10792827641649880612cba0c377a195eadfafcde4dfe500e1ad,Mbarara
a0234d255788786073da9fbad9882a71ad1787fa0071bf43c13d9ca0699fda28,Gulu
b0cf28a4f9195dfc7c96316bf1869aae4275005ddcc43394cf22b66a8675ae05,Kampala
6c2b442ac744beec3d7619ef940ae36ab949012485f550e8d49c33e407f46ee3,Jinja
78da5fece7cd8c5979c05c5dd741f2aebf793167cc4a193a493cbac190a35550,Mbarara
6bf27d00f5bb4711cb674fd686edb7c85ed64db0253530bd5f94c6b9cd7e922a,Gulu
ae25a263456bf76c6615d7f7cff5432843c2f24701eac1ba1b63ffda3a0a759f,Kampala
b3af2375f7a7b0b88866a5d0577e8b6c333635be5b740ab80e9b4d83290ba248,Jinja
fdc483e830fbc3359a7acd792cf02a8e5990ad1d2fa075178bad3f05fa3ac4ea,Mbarara
b0c24a80ddc88e2f85fb96dee400ce1a55400ea874446ea22a1e2cd67981ab5a,Gulu
31d2c18231383fc8f71b9c8800e9336306f8b3771079b1a43042bda8a993af35,Kampala
9ca80946ad48a92b7b32f7f2fd92e28c23477a16f4bb06c19b2bd4fb952a3ff4,Jinja
fe1e7f15b2bc3790d1ffd8a35639b815f147d7834b40b7ef0438b1420629ca9a,Mbarara
840e937635c601187120239d00b10a3a5ae1ced3c1209fbabff00d9470598753,Gulu
008480a5cf8239c17f47a5a7fb99dc76613bdb0f8994c43c5111c414454d9067,Kampala
35b9a0aff706fca60da63553a545cbb79a8cbd55c188ada55cf6a9d3b0f7613a,Jinja
73a9dda38c16ebb3034514fe9ec7870aa8caf8e68d387af89124a6a60e1ad488,Mbarara
9b2c8f4e9bbde736ffc3bd7fd570babd94e0227f7c28b7ecdc54716f789f99b1,Gulu
073655a12095cd58e08d2fd12fb737d595b665c25e8be61dd7563cf798314900,Kampala
bf503b498cd954e6df622abd14f89dcce58e8fdd4448a25944a2396fb0faabfb,Jinja
9d21a9a9435cf96c6aa8faae45c7dd031cf05cb40b4acce7e11c554b7cfb45f4,Mbarara
35926484947ef9bbb61cec75d59a636da5b71e8846c7bf5af328d1ec3c996e52,Gulu
44b3870c1ceeb274b1a008abea50522f386eddbf75e0bd29dcb9e59eca2723a6,Kampala
b13e7ef24b45d7102ea08cc41d6427f4bc0a10aa6b53962b04f0cb2d1810dfdf,Jinja
8408de1ce4a6548d81449489e2caab536ac910420200bdaa249c7437a7e4d03f,Mbarara
5a0c2241769844d95a6360f6b8eda8961b104183c89aecb90d6b4e02728d45c8,Gulu
481ee77fa2ac40b80f22931e60cfc2a9b392776d218bf1c62b994d942fc9ce45,Kampala
3268b3acb921110c565b1f99fd65f8f47348ca2862843382db7e4d782b4786c0,Jinja
5a7efb7c775fce94faa9620d6a68b09319e8088fc0c0e634c1bd602d06b068ca,Mbarara
a23b42145587e6bd874be0bbdff981c4240a337d1fd00c0d792abc12c55487c7,Gulu
d6f63befe0a08233ef83097c40e197801477760fde68e59ee908ce73e42344b2,Kampala
0d2cfc2e1c9153dbdd3dd6de7c38e887fc252d9c676be3cdaf1a795d2235b6da,Jinja
3c8dcbd0713ec5d5893e018b76b6322d759a3b64e329bb36aad15161d080b718,Mbarara
7b37a9a801a75c5c264d9a999468c41914adffa90d16b386bbbc886440c90da2,Gulu
ca739612b01eb922e3c9714c512abd6059b2f2809a696c58e62a4e1f120b6b05,Kampala
43197692e41c22a2714137b9b5194c489fdbb1d13ba84a1fe77b2778c6da31e8,Jinja
5c9c3e2d1fa593a582057db6bbef371af616c201aa19e000060bfde8f275cd60,Mbarara
5982ac4cedcd129aa17d28add88cbfe45df7f2d6781fda239e01d9ce7924474f,Gulu
52f4f5692a1499f68adf5e075133c44fdd574440abca1b590eda1fb6d3602e56,Kampala
d63d4d09182389e7c3303eef12fd152ae6175066860007847fd84f193fe1cbd2,Jinja
e87e0d84357b907350f4c1488273c441d673cb06e472014cf26e319789878ab5,Mbarara
f40bcec278a2003faa1dc577418c22537a7ac037dd16ab65a4bb2eda5e76aea0,Gulu
1317052b7415ef181ccb0f79101755afa5143739bb9fdde81694530f2f2b5e35,Kampala
c401320e5d91bcc4dcdd20dbe0af286123cfd4ea943cad76978c59b63d3cbcdf,Jinja
26dcd9f37ef05640d0bb110dd2a7246b078dddbcda2835801141f213fa51804d,Mbarara
b527c82b3c90eae5ed0c2ed3c688ba638a18dae59dbc860f260e3a904fce6400,Gulu
e5ad7ab97776d52104de4c9120f696ca1e8a513ec8c31a154f86040836f78431,Kampala
c2faf92f4d7e09a07d4ed03e28a55a31b8c6703876d709f583c6c59d6e4f15a6,Jinja
34735826f5f1662c338a8a837d2ae1f892d8b3572d2c100808a784ab03f8bdc2,Mbarara
20adc2929f77ff39952689902e235c66a9a35c39f072f0d6f17f72b8cb7fe798,Gulu
85107326ede116ecbfffcd23f8665c67db5e840a15f6baff910d9d07665a348f,Kampala
1306ff54ac04157217acff3edd1ab640dc47a700c83d7fc9b442aebcaacc766e,Jinja
a2d563cccb05da473be75c55ad5d49c07e4b2a6ae2fe067c64963b42946612c1,Mbarara
65b21c0283731ce18208af60be82dd3909cc4c5d543b2d0450045f6a22b6b83d,Gulu
5a651db2358a903d46e31d78454d6b81d38783a44b9073bb0a78f04ce3d240b7,Kampala
e424ae3f80b55c16a101c929e900d78994ab8b0dcde31b967d1daf00a7458b1f,Jinja
1cf39fd217c9dca290e48f1538191c9141a126023c0af8facfe22da8bd43fe94,Mbarara
7f33b500c7d31e36c66c10f5d3eb0547aa52493a0d4f0ceee417e99023917ddc,Gulu
9024209a7129db04020dd18d579e75891a41bced7f872abf16f0df39c2775ec3,Kampala
ded4d3dcef7bb2831efac1ae4456b8766e8c080899706a80340dc04a6ea36e5a,Jinja
3ab19e02cfc2458be539352043ee6d2138da3c0de4f172fc79be830585654fb1,Mbarara
842d3332f826f5bc8ae44f55552013e7291b70cd7bc068ef375647a3bbc9f010,Gulu
701c42d68c68e3462747293b559b91ceaa9eefd4f5db2dc084268eb8fe1cd866,Kampala
8dd503fd956e76491771b87aa6f2bafbb0f322a420cdfd3d1e521af72f949f4b,Jinja
470558b8b3d374c4518c12f71cc710598122aa98804f2f60b2862e0e1ac25193,Mbarara
39eee80242f08ee3541e6404549cf99099ce5159e428f21334b4c91409d9225b,Gulu
d1a854e34eeb9d6b0df0592a067b7f3328ba515133a33a7b8b5e77751fc02633,Kampala
7f3b264ebc305d0a78a8f3f2ffd372023a120e520d18ad09468e24c731facb9b,Jinja
9a84318de18b2d1886c950c0f02541dfac18c03b4da8772ec6af0b2b95a41aa0,Mbarara
daff09099fb7f88f37735515de1352037d09793c2f94fd218979ea20f4b99eba,Gulu
6b0c12492eba9d78bd2d3eea5d1de97d2404ad6bd47af0dfd2838344cf5254a8,Kampala
d4bb43f6ee7faf32e23ee8a8b8ea828e6e5f2c5ca019330ae14bdb60a5f7adf4,Jinja
682a43d01260e0a9e480d289d51514ec4928242da3b7767bcba5240e8e16f788,Mbarara
a379a73791672151c8cdc26cc5b313fbe46bb83aae9319690bce4048a9af2d85,Gulu
b14d7dd17b0d8ed8b6e4497207551a656b76df41eeab2f09d3d23fa64f0829cb,Kampala
77923d7cac94754ac90b51b592648bb33ca8b2f15b4a7c55ff0ea5d9c9fb974e,Jinja
2e76244d34473060d345a6caa72a3a773329bf490eabdd8b35f71b0fe8adc387,Mbarara
f31e8d427a083628cb72ff0278e8e4ec471435fa471b30e97742214b2802f7b5,Gulu
ee94f8f8460dbb7c7c6c31628bcea58d97ad6931bd61148f73a31311496bac99,Kampala
cce9c8a773ce2820ef40809b2cca40cd6b94e4a009d69b5ed5bf49bd262f1988,Jinja
a730289fb6d8f48e0c7d66180a1b49e2b6997c8a305043b95e3d878f5acaca62,Mbarara
059c7ba31f1cf41dfb967c175cabb51e2736395af9dab9b09d8951c84115fddb,Gulu
7466efbb49e878ee6acacab06e92d267dd79f845af53b983cd85daa9ddb4ed37,Kampala
457f528380615520970c52c61b152abfb46eb5ca4ffd77f2317cecf8132727d6,Jinja
f813318fc8abebc8e8d58e40e8e2eb0ade7f87e1e8568802cfc2e7bddab22341,Mbarara
39c98d1413a17036333e65dcc94c47361f8ce90c313c0310feba1880bd948da5,Gulu
9b9bacf858c04f1d009455515596b3a0e1c98d4ee17dfede96ace27ff24b939a,Kampala
e2856c883bca87a597ee4355b2dc045275c6c8aeee29f6963dbad8ebd99690c2,Jinja
b00329a5bbb9eda0a80b37e27ca91fa63b4f59ff57cdf862ab8594cc556f6241,Mbarara
48bc3b134127d8ece847e1d4cc788ce4ac95b23e68306193934041de378becac,Gulu
26b3ad6b0832f46cbc08387a246414b1ad06bc6f15af4d47d9b4b1e58c1ec500,Kampala
501a7bbcb574aa1f08e25287ffb403f9b5a9d83887b15fc950372a2abf13d655,Jinja
50695dc3ce944fe9d6072006ffb1808d6a318dec90cd9472c25e6cb199534209,Mbarara
f29026c75e0d69b73bd45318bb6dd162476245eaeac91417ce53ce78fb5d9c4a,Gulu
8074c2e7e6b34fb537f7007d6542dc8aecc57a57e9aed256dcbf007c0f1d4035,Kampala
90d508e0264ae902986f0cea2d6fa4eca97b95260f1cd153103974b96d1e903b,Jinja
444c0776bfb694de9f02adeda40b6fe3d5e508d470879f4e3ced7809b4aabffe,Mbarara
0905a199bdec64b4fad0bedae5edd3463486b186631cb76af0b254c1d0341ba2,Gulu
f0dad4319d07b3ea18033558c7184d69dff18b15880e36d7322e365de3ac9bb1,Kampala
46e3c9dd41e763655c9dff06f356397d1cb196a62453e2fce7ceec246d1f03d2,Jinja
027f4af5b481dd2d72bd281119082d4f17ba6a9a4706e6303a68a12cfe298207,Mbarara
22ba94240630384f33a2a70b4d6c1bc8814effc18d25dfb4e941241a80c7a0c1,Gulu
f3fa86f3e41e8a829ba2bd2014ae1904a4d852ad304f3e2c6f3f3a2e3308b0f9,Kampala
331214574f78bb0d986027f31626c137a3d41d80593f27f9bf2c919cc24d4f82,Jinja
21612fc1b1d00e1e63a7fcad8e57b8e8be3b95f54fc3dc964957bf95c5039c99,Mbarara
b42a395c8bc9eee254bc3ddf268dbc7166316661727e741542b51986c6535118,Gulu
a39da536e51039e30ce86be075811094c534c1dc228d4068236aa7fe9ac6d18a,Kampala
5ad45b85045ce205ae84f147b71ec01b7c96f8b74993e4c225c41c8848c1348e,Jinja
dea5856521fcdf9c725677bede024d98741e36a83fc3df5918cfc16854e99d6f,Mbarara
070ef1fa7f32888a88370689f2c31f107ec733b258086579de6e1ead2b1c6e52,Gulu
cba0d24d83a58d4d3d4973d275bd1123142bd306032cfb71913d7e6ab1fbb881,Kampala
dec00c5b4acaaab4de3eeb530ad1fbce6ebafa9870f4a187547437e554176aa4,Jinja
72f7ebec735ac74946fd13aa38658208ceb98c22590fc42211946f4b57030ee5,Mbarara
aa57198fce66bf05453545ee217d4e21c2836944384659ac3123b11f6994384d,Gulu
b65826a80e221f6d0a0bd8163f75ff18f9adf69430792c1c3b24a13b19510fbd,Kampala
933434838e6126cfc7ce1ca91e6030ceb6783d449b58f504aab5265ae5dde015,Jinja
18e0094099c73d9bb78e17c7da736f371c557f2085f88fad2932f8b22cb53fd1,Mbarara
addd7c45adb9cf6b53be58c0809fb68d98ceab78e0a4a4fa083845c88f28ab51,Gulu
33d5f947e0b2e1c2bc59ea68a1cc017e3f76f8956a53a0ab9bd004217bb90056,Kampala
1d96cd000c02b994dc1a2c3fc96ace90e75578defbe5d0fe6dac823f0c992cc8,Jinja
0fe90a402d3b41d7b59d430b49ecf539d5c14e2a459a3f1f97e51f3312023651,Mbarara
3e871e3e5d9324facb2922000d7abcc55ecf92613f312e91c1add1faac9b2556,Gulu
5a9e9166be8b1434ad13e98798ad8ac3ce7c1967c938e58c3a26aaf2046092cc,Kampala
db64f69486cd2d8f94098fad7d81410d16d4c5483f70813269e987bf6a76c97a,Jinja
18607c96bde6ae4297cd4b66ba774710f294204402c573012373576a5b37d05f,Mbarara
aaf4695b2f74d89b6c51956aef372e65ec3e49a7b855e43c12820b3b283c0c04,Gulu
b279f2f5d406ee4086e532ac30578c1020f493367ccd97020714c1b0fe5d4b62,Kampala
e2870082a667ff9d7d997b545e8915204993808badbb2dfedffb3569b971a78f,Jinja
c9ca8581b7d0b448519b76d96bba6d69986d048b49ee3efe454764d100a6c1d8,Mbarara
6d8047bd6bdf003da641364ecf98548cb0e08328d4bfdbedaa7cad4bd7adccf6,Gulu
fba1317d474a0c93117d6695474ae24271b7de641ea201461a487c11128e43bb,Kampala
935a42ceb86cb0ec70e589218c8692fcbbc4d0be498630f34cbdece038e29120,Jinja
32c123738efbd69a44bfd8c0e461859b325501ae5a08e194b49bc32a9f7589c1,Mbarara
11fb01d0ba7791dbc2fcbda8dcf819ee05692fa77f9e8b0e77a150ee0ac01390,Gulu
9e94699cd24e809fd0ae5a102cabc2eca6f5117153e7120f490581f26067e282,Kampala
410ddcf1beb42a7a3f665f1871c8a04270cc8dac75de1f331825af97cbf3728b,Jinja
673e50aebbb5e2925f531f92363e82b13466779850ec63d34ee94ee721a4e9d7,Mbarara
d96990c6083ee3218fa9f597f42901b9ef2774cf3608ad3de9023a2db3df4ad3,Gulu
e4744e77a2dc16c33e62127e2de0622ab5eb64b2c0b4aa1cf0b4fd0e68d0e049,Kampala
ba1cf23ee88734b3120b39581396e4028ed16801bf282d95271c1f3ba95e3e76,Jinja
66901808e74432b5c4147a8961e701b591ded2cc4a7863c10e644d4d7cd9de8c,Mbarara
f66cad08be09beb3d0a9343136893da64e717e31607f08a7ff32999223f216ed,Gulu
1a76803ac9cf9937387ea329db5fad1bae71181b60cf8ed8bea5431717d2bbe3,Kampala
3ac4ad021f2687d39fa69fe3d73e5ff72fb827659a5c03441091bbc6e1686179,Jinja
75a5501c8067ab90b43c7b5195aea88da33d537d8fa2635d2e10ec8a42db6056,Mbarara
7b6ee1f9812f1e2da45329f93094e1620652cb7670b84a423aadfe5c8a04447d,Gulu
98fe998a0ebf6c9d5bb37321114030364a69cdacf4c54195e46d4f8191d1b61b,Kampala
f11b6a6b9ef7678bd5daf120fa92140ad063365d638ff7ed3d7ebd12d4e3772b,Jinja
72fbce12c805325e85bf29eb63d1ea36f1be040ed619e3b906a59a9f92f7e893,Mbarara
95846ae369d3c192eeee17166d0fddc7501a06cb15b2e06d8bd635c73db369e2,Gulu
dad853fcf8efe0657e2eb905fe6ad48f6215026f18463944c42258992fde6998,Kampala
f13f693ac666fec5fd1618dc12906b3e60b3ca21b646b32e372d5688a4c6c39a,Jinja
8e347c1b37cfba5d96ee4fb73d094a337694ec70d59e053932683d0248d5dc3d,Mbarara
fb800c4d15669257e514f6cd1420b982412c8514b634e431e087333e2b91ad28,Gulu
e7241c6bdedeef4d4c0243ac6b3a9a80285e50c454a0d02ea2f48507648a7134,Kampala
58633a96147d53aaa7cc6bafdc953e285dd1733bf75a04e9cc605f4b363713cf,Jinja
7f5759dc5fbdf1928cab6d06b9e131a30178e2c8bd1e8bf4a35a8b5b5ffee90a,Mbarara
9fa7a95139015df268ae94096e5b4668090fb6228743377a758cc7c7402eb60c,Gulu
0a2908f3e5338fc13fe13a8e32c466fd29c43dc0a4cdcb3655d38e48c10fb07b,Kampala
206ac77374898aca8aa43fe41931af60ba4b94eb74822dacb773c409098307e9,Jinja
b5443a81db3a00a2bb3b1f3f0da2976d6e9940e619d33e8bc117cabd2d76da29,Mbarara
7e1de67b3d22cd6ec2be78f3899321468b3ef24f0983fa4bf5f5117499f8d9f9,Gulu
46542829007ccffe8e8fd7728d53d4f276b14b1e2f1c9f28a578840240d41ddc,Kampala
fc9a5204b75cdfe7abdd988d539bec7f0fe721a5b2a62cd5c74fc090c779bac5,Jinja
9403ae2a36d21205b8243d6ed817dace37afe2793aff856e98bf3e19ed9bd5e9,Mbarara
86ea973ff3f7f558165c67b6d8913d411327723e9f00b9a4ddb0ce6f2b7e60d5,Gulu
dcfd6c329bc7aaf17d57ef3d7ece9939c54ee58ae0fa02f8310f2a14ed60c27c,Kampala
a88f131811ce9f7fd299d27199d14a72982e52e0c80716d8de708c330de4959c,Jinja
afcbe78a82cf20492ad4f3b511e15849ed5ef8f508bf3bf2cde36b19bcefa672,Mbarara
41a51185ba6c624818be80db621e5a9abb4e2fee569660809ced15b2899025ae,Gulu
41701fd5c5c476f39a7bcaf48dc92eb6a276a0187d452491de24ed358b1ce517,Kampala
2e5061df3cb4c30b993bb46190c523ef71367574dc54634dcdc1db78d557acfb,Jinja
74fb701a9c53df539473053aaf3326deaf5e41cc90db8d77398266d1d881c944,Mbarara
f6f8c11c440f32f931913ef5573ab53f497803943116895b6c808e4113a91707,Gulu
bdbd228162fd52b1ee69fa07a11524b21c97604f874d3b237fd47f1f6561e2a2,Kampala
b709db77269e029954fd630e641bb32b7a7df3b08ebeb617bd876fbdff366b53,Jinja
98613e6c81ff94445bcf20bb7ceb36de146b183e4fc074180f01cd88ab92db6a,Mbarara
4c58b7215d3cb3446163324c333cf1171e42d3954ba3d34ecad912ee62c56ab1,Gulu
64a47d353165efb698ead62a195bb39f4335a499868c81327cc52679c2c0f035,Kampala
fd33dabe0c628e4756e6dca880dbd15d9fba25ac3148466a1ecd29514a4ba9f3,Jinja
2e42a29418460e6620bb5b17984fe4b9c6707cfeed05cf99d505634a63495666,Mbarara
2d7193b142fb395f99740df32de5fbd000ae3fa3c88459ea8cd86bd4e10f7976,Gulu
5abe2a748d13c67905e9ccceee1c1faff97b9d763bfa889c1f91fcaac9ef8027,Kampala
c4650606346cc6c9874e87f83e1142fe333b37ecb4f1a0cd668bca71c355ed53,Jinja
e330b39d0bd8425ee7fb4c974278fc802f5d3175ab0318c10343910a14f4d962,Mbarara
61b317e9afd6be237c4ad0bac4b24594341ae6ec776d6f72dbc575da7661bbdd,Gulu
5189a968a9f9597000ee7f6d4e9163d06fe36556c9d43a807c6ddb9939b323e7,Kampala
00061101f091ce53accdcb5d6a759fbd9a9b0538383b3c68e333a1430bd85e3f,Jinja
748ffeca8aa9787135f0e1327eee88aee90e5501df6c3c78d6959f0b4b5defa4,Mbarara
1c7ace7a2f9147b18eb1727093673243f87fa25c25a333ffd29582c20791cf0c,Gulu
901c39c8e2250acfd7ea8cbb137d0650f50b1b688841db5000a3a7bd3319190e,Kampala
d8aaf3d5fc16d521809d13d92ccad08ccad6d4eb03b22a8d1f837a22664add98,Jinja
e81582964fdaec32cfbf5e83df06bcbf7e8c39718271c80786a662f138d92ca7,Mbarara
33cdffa7e24808be34840ba82e18021b2d2eac6c402b35a758b06f2b26feb07d,Gulu
5435f11e909d77c5580401ce0110cce0fcd067ffde2f583599f96437a98118a7,Kampala
21949251ecb9403a59a3d798f4fb2c5bc5f49048a1353a1013cd6c0b8d52b3e7,Jinja
b131b5998b38a39f474c0a349870ff8db85a305e8e470c340db205ca78af5207,Mbarara
a27e1ebe9c7c93270ab13433b1c1ef2b1ff67dd91eeb88bcb2c25548cc72c2a3,Gulu
215f790cb73065b8f49b8e2de302c4c023843c8a8e8672133c885f3bdeb22dd3,Kampala
5896556efa311751b0f41ef8d23f308428d4231d6bb7ade63862716770ee3247,Jinja
915ea061fb84face84c648dc8a2165bf647826c022a94f332f363d27cd871206,Mbarara
e88ba362548c5dd9bc14a3b80c7ab130602eda3f4e4ccd4d3493adbec7b1c801,Gulu
08a722663a2952835ebd4d3128f092bacd515dfd1132a294fa1c959175a62bba,Kampala
d803d07c647029e4af2b26cff5688d12f5567e84546be4f5e6a3d0a00b7bac87,Jinja
4e269df038aa4250458232c335c17c0fd110ac50a640ebced6786ac346e5f301,Mbarara
4fc898fcaad931c31ecbadc18d1c30eaf04e6a094609d10332ffc2c4fca984ec,Gulu
30cec8b92818844f766412ce9a3cf7f562733a92259af1457a676126a797a74d,Kampala
48f1efb0962849c3b67d4bbcd1517010d12b0b6a2bc635fd1ee8b358dc71c03f,Jinja
75aa14db4c6ef3828b832a333c16d4838c3b4c2a368b42c23e1215de9c63a8f8,Mbarara
1fec6e331a9829694d110061f24c4eeaab41f9ee00f4aadb8d2f8e115dcbbbd5,Gulu
0e7aca47a11f8f07c8711e93b6342ad7834881a6ea2c421ca7b851bf0d495b77,Kampala
3496486150275e26e903a6b3d7bf613da4d51708c18bcc344e887765b9a05c70,Jinja
1fdb34bfeecb1b01f7ede8b3c5bc666f64fa9bb011ef8205b8fd0b946ef6b209,Mbarara
6ed1ede07279a75235db157a2688ff09413fb006db9b53905b37913008f5f66e,Gulu
74beeeb4a8abeba127275db8bc1a8c0a76f2770f79f4a2ac2f39117d6f62a9a8,Kampala
8d00e9b2b562ea8b535bc7d2b1893ef7df80f4d01a934f35ebf01b7e2f76a6f6,Jinja
9071ae91a36f4ba8244d0061bb64e609cadcf9ce72026923e631d55fc6946bc2,Mbarara
21607dcaddd005b7952080a159e45306bee8b9a75ee58290f05460221b2b7004,Gulu
973ce37c773f2d6c49e07fc0823a49f2414c26783981ee812088d99f693a4e11,Kampala
b56fbacef8bf4f3b6a9ae719d642d27c25159637bb95f3e41912d4ea59b28581,Jinja
843e621af10aea4eb95c9dfd01550e6e70ff4b3b4d37cc009e817596157a39c5,Mbarara
3724827e6675aa295e492d919a31844225fa5b29d7914ade6ecbf228d1d04503,Gulu
a0d797e1abedbccc40fdf3c0c52c9abfcac55b099102eecc91b5e6a7f8690b05,Kampala
ccb7f15be0146b6346d2c14f05514242ec448eb6e5e43077cea8919d96558f23,Jinja
924492c130198925f15c7f56620f60c994a6e072414c4f7cef0900d4f78b17f0,Mbarara
800a5dec5ef33e15b83fbbeea8bb46bc2d0105ebd3928a4cacfb59f279eac701,Gulu
d66aa1955216bd1e94767598a6564ba125b064cbc3d29ef93812522663f0fd59,Kampala
31c8dea62844a3d370db15ec8010b8508daeec7cb8ed2a415c42cc802d61cfe2,Jinja
4c34f30f97321a5cb7a14bb04b79444957eb98f480cfa4f88c324533c744f9ec,Mbarara
fda0c23e7444629e7d8a80b6026936661ea8d550530086e28fd1836e2ef20bda,Gulu
86a91a5d9f164787bc4f5e53d62afac9db55c21f74de8163264161b427101b61,Kampala
e4899a71e8fb05aa7fb24dfcfe58c87ed7a20be4e2880a2e7ea0e3c2b518936c,Jinja
16e0f415564bd9ae9c344d58aebd5b77d99011b633b65f0474660012e99feb06,Mbarara
e2ac5cb0bff1d2e60e65972252e9c6e7da366570cd63c8235ad188fc15cf18f3,Gulu
a89a2a9ee2b0ef1fb6efa16f0dfd09db86c06c9a29e6c34a04e07f39d6fd0505,Kampala
e0f694f27623aa67f411d71937ec9e583f6735b7ff7e8127f478069342dfe18f,Jinja
59652a30493f1a79c6cfeaa93badc760a8c0ed9a46fa8d9f3d0bb06d4a59ce93,Mbarara
a40177c4f1336081815aab5bdd07db190f9208342cfea740714ae8747112eefc,Gulu
671aac4847ca65178ddb062b777f8e306bfe46ba82afb6a4ab9a8ee8a3325210,Kampala
8ea48c2da80d6bd16d626bf7972f34c381c1a9e1ae27226148fec867658c2293,Jinja
4ff57c04b62ec32f33af6353484307d7fb000a2c44f9e8c7267c1cf2d44a522e,Mbarara
e8d6865f42f9052f49f79937963038dc1e5b298d168e1079ccbeb73bd35ed62d,Gulu
f0471950871113d0e8b996e2ed75ef433f44b3f559cc9cf7db9172a02b484cca,Kampala
8fb64d0e67f54586b568210607da2a96a38c8b61ffd3dc550ef91a380f672cd8,Jinja
feeaaec276765a1af6715c1931b1c35f4634fcb8bdd2837e99d0bae831c9b9ac,Mbarara
fa289ab2d5861e66eb6610feeed0c7f4cad838a2334be99e0c8a7b001caf23a4,Gulu
7e9476815a6202f3f3b8010df9b2a6830e26f5578e87bc09637fab22a0938db2,Kampala
2caf08818b214550880e69e7ad58b1ff7b20a055428051dee3f3863e5e269aea,Jinja
765f4f26b531630c448e1a0ffdd6b11ee6d94fcc6ba700b8afc041075105c23d,Mbarara
5fc668a17645a4541f23f117843149e88aefe51c3d5069a317b122a953fd5c82,Gulu
99d64311a76bc430710c4280a29d1812cb0d404a25e158f4f35d3b63ac254c6a,Kampala
c7b095d8235a0a38f7079280d3bcd58b0fa46923f015e0bfff993a0c5d7e6c57,Jinja
54534bee80f993773d8b70cf6bc3c5de543bcf8463c941e1c02d1098bdcb5e94,Mbarara
8bec2f2f915867210f334e0197b4a15e71379ee60aef85baef1aa71d3f179434,Gulu
b5ccdf765e988d527f3cdfca04b45ddf0f866562bc995345bd252430650f387e,Kampala
43c1e1d0a708a1f9824596f75009114bc034b2f02b2902282b2306509ba040ee,Jinja
16bebfd650a4b118d111388e2d9f1a5bf8a3ca559e92e0ab65b77dc3f7e6fd93,Mbarara
4b093cf1b1605af94ca372c7ac427bb9dabfa0581a539669cf2495153762bab8,Gulu
88741b99b171da86b45157032f8f00171555fd84a183c7fad976bc2bc83e37c1,Kampala
748c8cce30e3706e2d4f948977e51332b58e21515128093a8e86e748eb9733c7,Jinja
9275a2279c61ec8cbd11dd13133970c71d1ad25d334379d2c87d9bcb231a305d,Mbarara
647a1b394accb5da9437db6d9f33a4d962b6b37fc391d91437be0b947fbd830d,Gulu
66d065219c921aac9e22a7c8fb1b49d8c564c9d4a1b5ebdd18fde66ce39eccbf,Kampala
47b8bf92fb3ab529134905177433849a615bcab41526a7c7e933906b449b1310,Jinja
00fa195cd8147666ff8c61ec11abf5838e8284f929ae2b6cf521da061daf9d5c,Mbarara
6aaf76350ed40e0b988c57432aeae56cc2e385d6aa389bd75a279320ad876893,Gulu
42fbbeb9a82d7dd280da26913af918fb6a3827fbe71dacfb2899bb4051dd57c0,Kampala
a8c0f40f7febf8b034a3789c5b0e4bfdf6ff7103f78dfbf7a554337125f1ac08,Jinja
c90ee5ae22ee594fc0ad7555b130f16db2b3daa200a1a1afd395b21d80c69365,Mbarara
a16462548a9a3423f4e6d53be140949c40821eed91b5a6abed7d9d42ea1dff1f,Gulu
c2820858b46c5f33781c364b2109ddf77f64da175177c9ea308d8bffec472870,Kampala
dc87ec75d5fceed362f93ebc4d178f724ab1c9a304b8b2874d2e87521aaab1ec,Jinja
d0e1432a756e93609a8afdef7794ac63a372f55245024e2c599b40ec1e97cdb1,Mbarara
60565311a4dd3c3da0b4c959b721b2f1f954a261bce0ecb3fe8de4fcdd43d1a3,Gulu
1d7ffb45d6133bae56186a9e14fed395d1cead8bee208c7fedefde944d0e66bf,Kampala
578a7068bb31091638da7cd57f1495f25ca1567e55c9d3be68d68b3cf6027b80,Jinja
bbb718da9086b5efbd11f5d1aa5a003cb13709d83ec069a25e8d37074a46dea3,Mbarara
0d640b6dc1063c2c3d92e276c0adbab350bebe549119973196a4cbaee882c3a7,Gulu
1e0629d73673647638d86dacbd8e8e74830d8ac021a8a4b97f9fd3aa75d5e6a8,Kampala
1863003d93a1f919bde60121967bcd4d394337d5b5a4942082d0b07d0e0bee62,Jinja
6d9cc96988d2e8fd305b88f562f1c7ea8bc59bf43decb7db3c666a8101c3cd99,Mbarara
73dee983641fb70ac280c1261367eecffd7b8aa215bb5ed0f7aae1cbaaef7c39,Gulu
345413c0bfb4eefc24a567a8ca6935f23543fe8b5eb362a6361588bad4634c53,Kampala
4c3dcdaed151868fe28afee2d1b3101161029d435a181942ed0d325bff6e197a,Jinja
3da3c80f2e2ea20f91c7831c75ba0334c2d7aa0df844a5525319eff4d8e12659,Mbarara
a07c25f7011877f79e19956802177007594f692d8ea61937ccd5881d556296a7,Gulu
9a40d665c632b3d8f0f87bea9993e4d33c9a64e5a113b626bd99b9e7dd344876,Kampala
eb70ed66ade0d5d0ae213c31d690dbda24a2e27e8e3566514b2003896b515e40,Jinja
36cc4bfcdaa043d7052ab25eefc0aa9a7ad47df5adb0354dc8b57f7768906f58,Mbarara
47089da4bb2417efe354dbe12c55fb930c2408fbea600fd5e7014b757a7dc79a,Gulu
3777afbf4193677d31cc6cf5ebb48927260ebba127d4c30e3123bf6acbb41e11,Kampala
9194c97a6191bbad56c0d742a0e45a34ded23f118d7c969650c036bb1f660e80,Jinja
d8a3b978877df6f23f3d608c23db339bf93e29b867dfe713a44745f71a6e7c03,Mbarara
31109906b94f65b00dea4f8400ba5b2fc57b588a0e85364d39e48202d5cd64eb,Gulu
6719dfca9b3fc5faf48fb55d9d26b913cd73bc3a33d9ae2c6fcb73533346ccfb,Kampala
d5ed2f9ddb5278b2fc37a20bc164fd32f327f927263366b3f198fd735249e9ae,Jinja
33372453e146f54793f7d5012b1044c683cefaf3ff0dfe6094adbf594199a5ee,Mbarara
6ab7fcc988c2cd8c89d0addbe2280723bf8b5d350b5a6eddfbb63d99a4004159,Gulu
0f5f88e10b2b088f8abf35f1b6aef94e544d67f995f09af9e104f337a7d2bd1d,Kampala
7ffef2aeb533c5b832cec8764f0b8d7caf36a10de26f301aecedeeaa1b8f7ffc,Jinja
99e089b27d3e8d1c68907acbc95883dd0ddec28c49e9b1d5f329a58c7505571c,Mbarara
7baf13a2a1e07b56d3dd73d1e06ce720bb731e45f3a6af2a165938d503a506c8,Gulu
2ee22c8b41cece59fb1f6dec49f1f3d193919d5220129c4f958266478eb57a8f,Kampala
03a9b20baae92421972800c0b6e01885a50ca433203a418984ce4646ef5243c1,Jinja
559c4813175a5dba7b4020c1af3d2d6e9ee139fd6eed131173b428c0d33fb5d8,Mbarara
d9dd459b7831e631c3de3b6ec8bd1ca6accf18fffc0719c1bb94daafa7824894,Gulu
63e2bb08a6bd06ca8c461ba5de373efb667f16d650159fec0a2bf7f480db8063,Kampala
64000428a8d11abe5c1e942d94e1df283a0b52220c16e397b3182591c9af98a7,Jinja
f590e9298604c91045cf8ec2f213affff1d24ddf033e91bfe2ffbf1fd59163a4,Mbarara
b9135aaa21f88359e50843c3f28092d6b9b6200e6522bc47bdf8a2e33ad447df,Gulu
333983e13b798bc74700d40b21aaef56c0c03e1cc0d23fc4640531018021a1ec,Kampala
1a7f917eab82998e85626a2a28f77a840695a6feeac883470562d3b79fa76c56,Jinja
56aefc9890ebf9dc225a00aabeb35562843cbc595e8872378104608c673c54ff,Mbarara
cfa8a6f3e43606d05a51d5accac7530a645ed27373a5c60079cd5ce2cd45a13d,Gulu
50a14fa73ed553e517b7c1a140c8147395e22dfcd603c41b8cccd30da342e493,Kampala
ccb13f90fe98e8ee4ca5ab75880ebfb2b4c3e8e6867e3410f1ec2ce80b00e88b,Jinja
11b52f76bb1f8f26a6ce948544a02bd2bdda1b46a514cb62c8471a63d040cd8b,Mbarara
0fe04334043038748fd66b9b7bf574d18091fd6d7bc4ae1c5fb2b5e986c59d21,Gulu
ffaee853afadaaf8c296c1b56c47e08911757356d9c6714ffa2b8915aa238d82,Kampala
d4494ac1702d59a704456d335f35396eb09f5ad8ff87a1fffbd48809b23cdd92,Jinja
a95fd2727a5f782917a8d338ef2536080189d57a9961b9e0b600c892204146eb,Mbarara
ef16564f99960b70b6f48cd87e78d61d76ffce5e8632b1b54ea54fdfe4a781c1,Gulu
2cecefa3e0c81ae9776c712119531206a8d7f69470df3d62a18dc594f3a63176,Kampala
aa6be6f6dfe6a72b09c18bd480713293d40b17b9a529b49eee54fb9e8be69922,Jinja
29aff12ebd541d8ba006ee2efd0b141f02591e101fbe495d60541ff6b4cfec75,Mbarara
802e2e9182d9d95e7566391bed8aa685f672c499142f1c2b8aa00aae58ec683e,Gulu
098503b25817272ca8b78ccaa5eae0efead8e3364971931d3e34a4e99669b7a3,Kampala
e81f1cf928d3f6c708a803ff23053ca3a56185686a9a6f5951e25f4f9638bdb5,Jinja
99591b5dcc49e23e13175de6004baa3db2312aeefb7d2ed3fe919b7936aecc84,Mbarara
a29804d0beb37ce38cc224ab2c6696a5d4e38d807e06daa123b2734714cc17b1,Gulu
82ba5a2bbe7320aeb2b44463c7ec95ed288fb02f14dc013d420f20404d216b07,Kampala
c3a34f1d4f7224a1ff1ac7db9408f842b2524d66421ac447c399f15049a5c0d5,Jinja
a832b76540c3b9023bf012fa0d53de59e75cfe14cf28bd6d00b787b3b157e765,Mbarara
137e5ac41320abb0bfdf466e38d96ca2e1eb6fc7c8c6d6b52f95e7fa38f5b3ee,Gulu
b1782aa0481bd91b425cb71736589a5b820b60f765cd43c29cbb678ce3a115fa,Kampala
183e576f4215e6e6be52dcb340e1c60a5eb9a57a15a5d53823ca7b3d0a2bdec5,Jinja
a51cc811b38ae8d793d5541d54c3c3a4b4a71a564e762341f79459b87c374fca,Mbarara
477255d0637860db9d9121243e3071ec0730086e48236285a4b49f372b095fdc,Gulu
689e07bdb6507579587d7546fd249475308526fd64b65fefad26220a73d9a423,Kampala
b2e2ea369e143225f6113210c0f66ef6db966807a9d5f3d43af5b22224f1e1a4,Jinja
4186ea0de7a7e71b11fa229782939d09fe621f4f9ee1c2c30123ff3ff4eccc61,Mbarara
0620debdf8b26fd3df262e34e57b785410b5414f80994c9e3ea17f974b312f8b,Gulu
b1bed2eaa49784e30aed2dd3a0e9a92b8909cf2747b69a66cc3334a771e443a8,Kampala
c26893c419129d786b0683a921bbe7ccdb6ec0b575c787c33a965454e5627b51,Jinja
183871728784cf873b81de6a34193711b120c2441a3306e5453e87054db85cde,Mbarara
114bbbc4df2c6341deeb028a129a71349b821aab51c9c162d59d4f0b75aa4852,Gulu
113c4a1938a887909af431bdd0180bddefa6515a6f9dda75fbb358d7e376aba4,Kampala
34ebe2076e4e29c053d77bcca0b49d8287277915e571ed5279187c27bf1fe455,Jinja
7e2008e3ccad6d1d4da0fe6fafdd966500da1822fc23f08b4ef74faa819d41a3,Mbarara
8383936d5ea8909c47b2f1c534afb0e206cb20e909d64f9eb7ae9579f9309909,Gulu
d7d7cca9938c3cfd2a7c2fc8bb7f15d97f258d9b2fa6cfbcb507614f75d0d291,Kampala
d1a59bdb66b1f7db2853f5f2e4683eb9c02567620c71e58551b9fb6156d26052,Jinja
fbb35acbf52b53964841e43ed2feaef7d28ef4d1f94686f5695337cd137a9254,Mbarara
da6ca41e43e9d8461583cc64582ad34b2edc6c3245944ef5bc3e7479a5d9f2af,Gulu
203ad81edc43dde16e53c80f970d18eed412d2793c3aa9be3e8a839ae0a8f838,Kampala
5ad5c97a5a64abef4e83d06fbf45ec321154e8d5c789f89549fb4834ab2294f6,Jinja
fc9274597630a90fff1efde26f4cbdd8353f9dcc25ad3f1a9d33aa5b071aa505,Mbarara
f66c2f498bde330d73d9aca380bfb9e8b5a3e21b3299ad0deb9f75f6827aeb40,Gulu
47a5cca4bc6ba185b85fa25eddc0f087c25ad0a0a07c56730012523c0552a137,Kampala
3c65836a7aa9e591b6c212d3bd9c107851de3b279bd0e4a2c1089874d7353cc7,Jinja
4aa76c71d63aab9c8ff5c940d1978b2fab0af4df37a341089958578cd90d636a,Mbarara
60392cd275b67b713aa5b802303f7d696ab0eceb14de72fce384768c44dad106,Gulu
92344b00eb94d061e61fbe34cbaf57641632ed53ffe191bfa1a14b679b912eef,Kampala
77b5f22e9fdb46a777c1614d012c88601b3dfc72e1056afc35220b38b30ffd25,Jinja
9363a8f87d0b650ce92107f2f1537691375b6522e2c7c61f901d23acaca14027,Mbarara
072e2279107b6f78e324986fd4c4be96a9c77e3785a207202d0522490067f3fe,Gulu
7e9d9a1230931752dcd1f90953601880311ccaa62c7a2ac69fcfd0a5c60e759e,Kampala
4bc0a3f72b2dacdb851332ec14fd30751b5a2020d35ce6fd8d3836278fda0d23,Jinja
fb8439da05b3e299fce7d4c49e633325fb1cda49c4f6fbba4dc42c6bdcfeb918,Mbarara
7aba3db35b02b5ef62e602be6d329695e20bf1909c9c5f95bfcbe76148c0c37c,Gulu
7befb65881117c0a7c22a29cdb06c034198b48e9635931671747c840968fc609,Kampala
3b748650d6216713cb0f92d1a70425e852b56e6abf994b908e702591a2d1c8cd,Jinja
07c2a5c0cdebd659b26fc0a3dc65a118b2d9773a11e87fe142e2cd3ad2e554bd,Mbarara
56f189d1a5175a0cbec9339e4bbe42e2eac655460b6ec8f1c041aa1c2e977ab8,Gulu
524276696c68c06446e145dfeac6e8e85c0620e823712ab0e3a0f29c94426685,Kampala
b3042e8d68d747ba04de381f71f0039a7e79f785ed73864292fd04cb4305f82e,Jinja
2d8dcd97467aaeb665ff165e33824fbc5f8847d5dbb09f0f144f739c196f9341,Mbarara
2e8786c4129f93742e0c5d9e4ae553121ff55c82aa389f4fd62efddd3d2d48cd,Gulu
edc803b275f7467358f7fd7ac2f718c75f4b31baf49cc6b8830c0e10711719aa,Kampala
739baf655dff5930c84918af5af82f5028a213aaa3b1c7c5df6099ab36788443,Jinja
3fda994ec2ebf902ab2571ca26553cb5fa7e15c1f5b75cf5906a5f52480073db,Mbarara
64876196f113726b86b71363fbe08f712905e18a1c0308868342592f9100b639,Gulu
26617a2299a25d88737ce9d863b07bc454d048272162cb50e660ed7d787bfc7f,Kampala
30a961bccbb369d9edcbee371c1fcbf2b1e80517c6e30375ddfde4b8e2bf80a4,Jinja
0b84479b2df832cacd2bfe52c51c5024cc36ce0ee4180c0d64cc52c5a727b585,Mbarara
bc17e4ae16242f9f33004cae21aff00851db503b5581b7e636b80c87be2ec040,Gulu
f673ddab92bf381f13f9dd95e31e1fcf6497d1d95e209aef0b42b2193153ee4d,Kampala
f7272cdd64ab2b74b9360b22f82868faa41a73b56634d0b6b4922d19f731af18,Jinja
f27e9c8f105c33b36d669f349b9e7730a40da0025cd2d52de2211f39a07ee4a0,Mbarara
08468e4b116c7886e64c0941df67ab4fe280aae5dd5205becbfd904f3844d4cd,Gulu
7c47dde7b334c3a492be0ef1dfeb607fb80408373970479b0323cba677789bc1,Kampala
1ccecae9aa0f3e783438d3e31b54aad474d25acd500623130b4d5369b827e517,Jinja
fc7d4b361c7967eee830550f49df01cad2d30f90820fd735fd019674422c505e,Mbarara
2d2818842b65004d647d110daaabbf1b3863bcb920eae029443312b8e177268f,Gulu
996c9325e1a5c3b7ce927801d83814c31d3e51531b0fb4a34ff7e0b62d532a24,Kampala
1a850d1a2e8fccf79c75f1649ca8194ebf9beb8c153af708ef91b2a88022f912,Jinja
6e1467aab187c7a1e9aee5b0f9f84b6bacbff4922716de15384069742f45b59d,Mbarara
876be67e605cf3bba7bfbfe3bf7e5ad595e0dd8f2488da677ec5bdf31414b66d,Gulu
931ba51385dc94f99688d102308394332cde9c458a361111cacdbe4c930a3a36,Kampala
fc9c2b993db64af4c6b4bea576f63ce2b74efecbe9d464a57791b00672cc1bb8,Jinja
c2d67e5b6f23f04b3b82bb4159418ea8fc5803e3f7d8c3a32b4e306ec50c68a4,Mbarara
a59fd5ffe83a6c023210fbba808c687346b6bbb3c1f04065bf922ae1cad29e40,Gulu
592258c229a47b07c4d24c01c4d06f6686459dafdfd26cc64ae15ec9f31e61bf,Kampala
a293ec7809e087738bf806425c6d1a8abf37a16843a9360838c16878eb234dc0,Jinja
48f9e858c184a9502268d6c2280a913a1801ed04926b5cef37215f5779355336,Mbarara
9c493edd43a77638f83d7af6ae9d3ee534ae3ccb79856402d8963c4471c959b9,Gulu
fdeaa3c33e90bbf3e7a57924280cdc3d89ca27839b7137a235ab8a0040406bca,Kampala
c6f0ad05aafc273ae6c6e798f72a65f674320d6770b64040d8317295392875a4,Jinja
dce41a32b8db55f9570480afc274196fe96111cc63c35987eff7962f6bf5e0a2,Mbarara
202b47ce3783e5610638a624375cace3524456f0b10b50529b9be2ec10bd3387,Gulu
c2bf666d53073d4879bc02cb3fa4887e02f7af867c42266721540f13c9196685,Kampala
5682fd4ead4e99388858a1f6dfedc01437275276445a193e7738a7b58660e69d,Jinja
4bbc37746d0cdc755e3c91ed90a4afb85ffd8eb22243b980880cc4723300f948,Mbarara
c287b5c56a610d6631ca0219b2cf4d91e019421c014643e77f00b0a060f2577b,Gulu
2ae215cd0f1beb3dfd52efbc5833c03743f4d23eee67a00b769d4c06735aa11d,Kampala
3a1e694ac0f74194e2f2603ab5f1e92cfb053fa0206757b2a6e9094c3272e284,Jinja
70a1e4a30df1911aa4bb3b8c050616eb09ffe5cc772ec25f1745ee4fede23c40,Mbarara
d0f87320ffbe44412bec8ae7c004a4317a2ebbc77893cfdf855c87aa3ae4b302,Gulu
eab1ac687c823efb96ea57e289cac7810b3824779ad6a2bbb00fe292b5eb1668,Kampala
8f71b34f9a70139242bda38294bde2d50c08e6f5d13278c5fc10e824bb1b5d95,Jinja
93e7157e4a626ab1da6984cf25114b754979ec76721ea116ce4ec7cb337d34ab,Mbarara
61e3cb0fa7d7b5b7ec9bf2b076247fc9a70c0e3398ca3f1170a93f2e1c1478a4,Gulu
68aa414a26b84fcd1fecfb24803cdfc4f8dd4b46854ebb675472274992f72410,Kampala
d4f9013db95cb671f0c1a17a712cdc332ba6a1d72a9e047476ba1f649f97fc1c,Jinja
f65a90f54bc494b54d916fc767a419513f475c1ae663d7e1af16fcda46066e23,Mbarara
60434cf543da8a8f5db38d50ff0427c4b2763b81f849282a7df245468257b793,Gulu
0a55a2ced0f3899965ebfe7d3859f44d1d72fca23373a140c8e8bca34cf09e5e,Kampala
c3432ce57e1b7e66177b394dc4f76c2effe39fcbb671a789693b4ab7a7ebc070,Jinja
856899c0480db0139ff57f4d3f9a3eadf2dffc3f70338e83248a46b8407cfc3d,Mbarara
3a14ae4f5c941b40c97e55040632194b1bedfaa157cd24cbb58b0252f477f982,Gulu
5395979dcaa4c6ccc39f6093ced7051b76898aa79d2908aa4e5058c9d2b18b89,Kampala
63fe86bb0babb472fedf26a7a19cfccd71d3c4ab41feb198a82a1288d72a2ab4,Jinja
f40fcea39dad069620f1815d67d47d5e7e3dde1815047fc250fd7ef004c91156,Mbarara
eaa9b00720dde1714a5fb35658912cadff27637f2cc21c993343913a1b83f019,Gulu
c088e1e4cd8288690d0a8736e5b60014025df748f784de7fd210a9e3800e9ca7,Kampala
3fa0c35420f77df8b423c13fb5bbd7273cc9a9c5d25bb0df2c9f56c13e1fdc2e,Jinja
5a736b3c718f4a5ea672cdab27642388fc7f4d19fbd4988c8f7a6bcb6e6aa702,Mbarara
0e9a618c54d97812c0b88b11d60007f0120f5adaad589eb1d05bc4ecbffee1e6,Gulu
0459f8aacf9a2f78dcabb79672df7265278ca7fe6b49e7325e356654f4af8791,Kampala
b7a05ac8ed1dd0545032e1d95517d7293ff07b26c591777b28e92adffeddb4c7,Jinja
937b37a4bde90aae08be6f84cfbd13446d19c0bfea609b958dcbf68e20062196,Mbarara
58843753186e40a4c86c159cb3fab2427ee0c117e8a5e7879d1c058abe7587c6,Gulu
e5fb891a7c65d3ac9223a5b895cba3f77f01e31b2b2da85eede0bedb29129c86,Kampala
85ff2aaeafdb542d96c519973a7195833f6eff24f49f7116750557cf0eee1afa,Jinja
07005f6bd6292ad5ff45b2be4583f95e6a5fc5fca80831f4ac21d8913f3e205c,Mbarara
2bc5daa32d35c1157a135526fcccc73c5e6859b9e279b3980bde0edde41c835f,Gulu
83a217459056069930cfe4ffa8a874915d2bb40026784940283293383c59343c,Kampala
19691d88b73a084d1633c2669556b8e6070a1dbef151b0d95c232720098c62c3,Jinja
0646a157f361316d22990b2113b72024fe45d0a0dcc950d071c76e8859e15cb1,Mbarara
412dd541e6ccafce988a905537f36127b42df0e1341456b0b82078952a162846,Gulu
6fa4294e333444418e7c9c6e676028b6c220243137b857a7fe82aba654b85495,Kampala
ce147c06ec3a645244b50ddb6ea6c3e72455fd78319be0e2edb03356619768fe,Jinja
4a2ef2b497341114ef282fadfe0f8db59f9bd1d75f5402b2e8a3ba7069f845fa,Mbarara
ffd835217cbb09d1189486c8db3e37033b6dd7a708c63978a2fc2cbed3b435a4,Gulu
1647c538f8055708ebacf9de957d5161ac58f253c842c66ef5372e19d0e47515,Kampala
d1a478c4ac0402d06a293cf62783237e3163310972a8a6f690c850b129f56d0b,Jinja
6a36b8863244d99b4036a3e8fdfbb823c21da585c4cfb408d61a337727c8af2b,Mbarara
493c0b688804d4b31e7521a77c549278e15c03472a06845db18e23286451296c,Gulu
f8ae3f487473cd73591806d85a06b97342f195bfd4a7482952a49946d57c44d2,Kampala
eeebcd8ba37372f8542aafdcfca119e9f5486f422c81ec3125c8873f7360e918,Jinja
13a038cfccf39ac58c55dbe59ac2e118f4d0d6bd24c8367f1309ead9bed65930,Mbarara
d0b1a07c69a50e6c91f61244d9907a9071f9e159aeaeae91adbe3006c53311aa,Gulu
83d4415deca26f63709266a8346b9f056dddb04f6d122c91a84ba85758193c0a,Kampala
35040bdaca1836304993ae1e7298d3175b1408557715ab1608821d1d09d31e27,Jinja
e09bac8888d232c2682b902e99f621526288a9ba2f59833db4e6b4e4826b10bf,Mbarara
f79f94057750527db3df02f8ff3ab2f528af8e4937cc374e8146f4c81da58c2a,Gulu
8ad38e99f9114759943679dfa1630ab35b4184a75f4400399160e40fd0eefb48,Kampala
1a411217a71bdb99ed4c3ffccef9bfba7580924c770f18c4a0a8dd31fc1ca265,Jinja
4bb18fc91edb60ea5325cf75d9d6eab7cd437d0457ca801a56b02742e55e6af8,Mbarara
99cd52539671611f1a81fdad92364f50f4c12a2c803f9ef827be1783c50b5ccf,Gulu
763b7cc9768f2d253ed46c2bde970b61cc616bea9e4b385a4c1feaebde5531ec,Kampala
bc04ddd16b28c2c8d1b3c2f0fdfc9bca47a2fd6eb9fb964e0a98caeee8d8ab6d,Jinja
3ee441970c7c7e8b385938617e13cace7f47f3df40a5cb771d497e45fef23ff5,Mbarara
8ab7681ce4d416b75129d6177b0a1395f3d4402f682b6c0b48cefa252580fd7a,Gulu
96e43fc48af0c0076ef981a6ae1a467057efdefcc8855ed344990f51a0e4dcc8,Kampala
f6033868fb1b17959f972f491c83572bd100ca06c9e55e12743d3f3bfe24c4fc,Jinja
86da2baf8d969b552396ddb031bebfe40448ed5bc3cb9366b29a47e63c9bd6e4,Mbarara
612747b40e7fb6e39cfddfc498a861648175c71b8d306848b72c03c8eaf57122,Gulu
c29d1a654409c20518929bf0c3db22e713092aeb6fd01f777e054121ac3df88c,Kampala
ced3b3f26fa9cb01110558351935c772536d6bd57cbcfc3bf18e04e628e0f2ea,Jinja
7c5610ff3ff3ddc8d17daac483babb12248ce38db992b8e134eb5d455cfc6a4f,Mbarara
f602612936df8439f422c2f14d92c8ec22aa8249a60e0bdafeebabbe34f15fbd,Gulu
201d731d263ddfca39c474d42a806a16d9e9407b41117908260b290816d4f7d7,Kampala
6793f69048a87e83dc9ac4dcd35f2096212f8dcea1ae1c4a6dfbbb0ae2d88b97,Jinja
9cfe7f7d7d737566e4e0c93617d45177d4b0b4c154c6dd62a3231d600d04decd,Mbarara
56214a60b480401a0bf730f8189c916548fc2774ac65f8242db30e2d42278a2e,Gulu
91fbfcf18dd6df0ec3a619cea16dea4283ea26838e74d437d3f651c11ccd3825,Kampala
a76d7cd6497f1c80db57753dde83d42a29f809de5a8335455b97cd5a493a3990,Jinja
b60b8cd20c808e71d7954c0270d1272da4d7af46481fa45bcd942ebbed759f8f,Mbarara
6a93f582db55390fceba3b1b2d52e15dbd616ce557abf9bea5797c2edaece4c9,Gulu
28d1038c1f137aea01eb3e98013bfef5ea6b078d9c0d4b6be396884837d8ae0c,Kampala
41a040abf24f5a4b736a8ca5d50f8fab56ed6e483455d2e8f627fe47e5d93859,Jinja
012d470ed6a5fba8fa8665061f7d33f0628adeef2860f746bc641cbc2b0d77f8,Mbarara
2627cbb53edb3ee55d54d5e46f1b51e98577f6cacc5c08eb8d6df384a7ed69ea,Gulu
76418c67ff89f05bf8112bf8d30c8990feede03a24407beb7c9f5a264224f649,Kampala
8301844ae0c44a939faf657d9000e183a371c590c32fa0a6aa09c4f65e578b6c,Jinja
4d6713008ae0ef1aa19959cc59da2080f0a3dc42a84b4439145af0e66118a2e7,Mbarara
449c5f469b65b84c00638504d738cb69df1831bf775f35ad7d680087f68c350a,Gulu
3658e40d3eca602756f31e93fa5b2cec3076e7ce5885ff64c77333c12cc46d4f,Kampala
c17ff6230c812025a84f2f14245796875cee85f306e1421d57aee792e6442f8f,Jinja
e1a42a466d7b4f0885d1835cfe38a1c9f01df25d103aec2f630dc181ac96dae9,Mbarara
31333288ddde98bdcf8a15c1e2de8e70b73d2637cd2641acf82a5f555c702153,Gulu
636a0e6f16d2f6b5fdadc800bbb714eb343a0f2ac2a923e1008068de7055dd29,Kampala
4f616424411b2a221a3cf3191e070c257d3e74e196bc872743f96ad4f019e6b7,Jinja
309b6860235ffbdebc086ffdf806a066face1de7337249bc7f34deda4bfd7b68,Mbarara
63a177b1c76f40d8816137bf12aa91dcee103da672cc8b9ed22bca2087e33302,Gulu
3334119b470f27734f09dd043af7971682acc7130894f613d2c4249c5a6f724b,Kampala
7a1d7b99fa21e3535c60706739720085312662b176edc14ed0db09dd1a185f8a,Jinja
00b107dba0d558fa8d824ddb5cf92fd9fbaab6123151ace4d8ae4a877f2381d3,Mbarara
8f240c0a5c46f7003f881791a14bc91eed3c905a5e0b8b32c6f41fb71c289934,Gulu
691bd0ff7d0cbcd733f056e7627a659bb5e987ef57124fdf71ff16b7e026bdfb,Kampala
d983baba30893e4bdc8e2a8d9c9ef70b61466fba4c9211ca5752a7d2af7cbf86,Jinja
f839e5180e9b5f3c6fd46273d1559479c7cff17e927dd3d6f8887021949bd47a,Mbarara
6bf83d5be5411d11f85ac0f34cf6fd2c6b265b7227811d09bed5ca887e936329,Gulu
8f4db5c2b79d5f058e6cb16cdcff7914cfcc16136ff166e9c8e97a9faed1a89e,Kampala
bcd9382d53e0bddbca74bfe238f4f1dfe21093e6f8596dcdb8693895a226b6f1,Jinja
4a4f1aed2862106f597eaa39008f17f70c71571a6f7a7a366b255387ef63ed5a,Mbarara
fe9b8964627e9e0813045e29e40614498a960be86e0edb05a2382df3db1765f4,Gulu
0d5b4562da8685eef5aa718ed802e9f10171979eeff00b30485ae90508159658,Kampala
84056b524d627b0d477aec3793657ebd5d6c2383532f239bf53589172755aee4,Jinja
e79bcf0388bf298cb9b1e82e0091738b7b8c08a8bffaa7685d88cd76952d8ffb,Mbarara
3dc9ba27d40c5e0e48aafd497f2cac2c8f4e515c181c4ae2dffd6abf76c85eaa,Gulu
8da82d6cfa742b3347ef1c350c7e34ce7dfc12381c32178e1516ad8737e67dee,Kampala
cd031dfabca8faf13ba5a88719c05242b3c28c75318fc6b313015cbeb2863e0a,Jinja
6a874622ddb3aaa78e7ab2656fde1489f461fba4137325e6c55c05ba9e9364c5,Mbarara
d0cc9dd5e4138565907eee18f1d810d0e6e9c75a5696b14ea5541c0e49d1499d,Gulu
08c41b18581abfce98332734a83a4d3cf48d031989d7c17fb54b1fce84f521be,Kampala
cb4b49de1b87a2683e0c28f6786de3e6386642a69537862a0ac9508bb8941b28,Jinja
1bb1ff9dba950bd76aa71ee7444a71470c4af6fe54e0390d21b566b8db406477,Mbarara
bca3489136a83dbd68c96b7039e16aef81753a3f6d630c38cbdafee48d76be04,Gulu
c74d543eb083db9b0909cf148a27b464a36e531f5b85a3d529bf76ccdf23e498,Kampala
9613839edf677bceff5a929d829fbaef32669c31eb3c23d73db1bf3083a353fc,Jinja
3fdab913b3004851ed247c24f9a1fbb72acf9bb2cf8ebefd9330f4fd2e3da94e,Mbarara
b6281c2d0adc332e5fe8f0c422acca5ce551dcadf33fc7de356d7d2196906fe9,Gulu
f6ca2ea731f8fdc25bbb1cdc73cb0e861508f2cda883a70cc950b1064cddc81c,Kampala
aeeee131bf0edc559000c708d2d583d98f15573c0215c8650dca49e4e2bbdc18,Jinja
db5d12ab8df260af4d548477c5a33a83092d6b9bb868b9e205fbf7144b8e99ae,Mbarara
aa81b267f2ada60a48d408219225b196aea26aa022726675023716214e69bff0,Gulu
8f31a39407d902eb80e4dcdaea3d6b324523cf21bdc4df0bcdcd264b22e3e54e,Kampala
f0309917b75cf14dd86cdaf08cd52fbbdcfbe861a0acb9338022393970a3355e,Jinja
143c5b6fae36065a9aeccaaff9b340c72ce8d15bfc5a48713d66cb0bc9f75e2a,Mbarara
ac0bf0f58846bf38bc27593679cf6d5e96afebcd928ccec7582fc630c64ec94c,Gulu
9c73004c659549842c478469cc0b34bf6508681b458292f557e8cb495e01bdf4,Kampala
a5b26bc0a6f3921fb1539a48b041464f448bf3dfcb70ee650c3dfd15bb638f61,Jinja
4bd85a8b5491435ac41c4dd14a18c142bb10c243fd36b91f651e3eda6166cd43,Mbarara
330920e5dc3ea1c7bc1beac10bb62f5f50b81216772ecc39cd2a1b6b44b728ec,Gulu
b422ad714a1e928958deb439b735b88b1b409d52c25efe00a610819b0c625c88,Kampala
7caeb424240e88c805fef2772818e5c5c125c36316b9874a62cb1ed239c6a4ea,Jinja
5bc26bc5caa221ae325729102d3e0d8b3f9910e4b7b193a0abf6efeb881323cc,Mbarara
9dabaaf912ebff459716dc4ac687501db326930cfbcbc23759dd2084700a758c,Gulu
556d379890f11e81c4f763c57242ad4981ff09b736d9aa4bcff96984006b192d,Kampala
2468ee353ceb7fc154d2e037b64deb3874da826b2f99e7800fc419aca95697a0,Jinja
5c992f936fd4a5e5d3eee0fd3aa26d9e22c6c77fe7d4c0bc06e5f89d12cf719c,Mbarara
1125040a3010ccbea770647f1a4c7a1dfb6a07cc71808c9929360e2ce50f6180,Gulu
14a77a43d5c3b4439e6d2041a36fd6274b8076b8b8511d88ded3be4f3573bd28,Kampala
a72e64a177756ba4470469e20b6dacc18ccdbf11beb7ec7de4884e676cb2dd36,Jinja
568d80125f96e1efc513165b1e683bc1b74fb4ca68b10d0280e3f7e2d2a47a21,Mbarara
e24ca8f7c1cbe40c15b51c6c4392742f71a427e568a7667887a623814d67ea94,Gulu
00288bd51000e7f2994c1134459eeb009bd45d73cf403f52e0e069fcd6f94df9,Kampala
97ff43d0c378caaeb869d3e77bcce426623c755fdd9f8e407da02e5f23732750,Jinja
f58332376ca2bd713839c98475d019f39fa6a691955ec213a0e307729338043f,Mbarara
a8dae1450a3e98c5fd2b788d172e35e49c4d41899872b3162efc113880bed01a,Gulu
0394bd52198a38d3a02aff6d5fde7a2c1e9a5fc595072ff184eaa247e21f829e,Kampala
dfe1213fa7fcc8c3150fcc6950cb37ef874607b299ce8459c0636ecd7d6199f6,Jinja
7bbde3dead83fdfba46e2effae27cd027a403eeb187b31b0ed6294adafefd992,Mbarara
abc4d9f99f0ccb1dab8871da709454b9cdf116d6c3f20d2e1fef3c06405ad73b,Gulu
ca41de129fa2321157961e83d66b87b2d9c53c6130c849e3a3f4dd440f1e66ba,Kampala
835a7d9b21e15e5b335321f5ad04ddda5d8b3597af0bbeab48bfe0bc6dc83ca3,Jinja
5da044ca3b2a3fc78982e67c6b3362c126ed90e8133a676ead8f30317c6ed708,Mbarara
934a45707d75f080095362e26590dfb8e8734d3ddd422a6319e67ab2daef9022,Gulu
c56d31706fe00b67df5801bef23530205639da2fb6403e4ae950f676b26de827,Kampala
2b3504f5a33f69752dbd8af3e3f4416b6475acd83d7a4d86c3a2ac697a5b8f6b,Jinja
4055dbf2fac6bb1ab95d79511eff66e441a861450045d2d62e2a8e6beada82a6,Mbarara
bcdb1a7a3bcf18a78aed73bee416e2f172c0922cf99b1120e2e74baa7b98360d,Gulu
c595514b4f9af209fa33cd40182717dbcb6b1ec57d9c7cf392a66b65e58cda4b,Kampala
eb0105cb6e1ec77d21ec6892fe3d1b91528d34806810e2ffde7e8096c00af99e,Jinja
10153419001ed292f85bcb1c64e1fb51294bbea83d8020c47a026c56bfb51e36,Mbarara
d737d5653c5dc0454e1af0d0c036e462150c01012f5bd5185b6cbe9d2e5c37a0,Gulu
40f3ada689d9135b7b798f54068219641469604437c630d063b123f92d8ed304,Kampala
37e9fcda4af02c8b6e7c2f4d4b33c907d1c07bb326928311d0903a0ca2ffc915,Jinja
a31482ca568eb15175f3b3f489667d0550b6bc5b9b5082ae901245cc666ce72e,Mbarara
e16abf0ba95071949587b6928f16d4763fb13469a725e3c31144ad0d05272b56,Gulu
26fa8f8f56c0a72de07783c5ef8805af4ca20923c555b415e93472e8de066911,Kampala
0f600d0960424e893a1d7c890a0f1ea66f668bf292c02f9b8cf6423ca50629e6,Jinja
c0212491e5229e8955ac8738d25aa78e4feff02edab08968c642e6c9966f3a54,Mbarara
3bd3250f62f1d12f7141ca70ffa351cadd8b25cda4a5e740aeb1fb5662ea67ce,Gulu
c32e6aae5c9f4b98b7266dc7cd36af2777e00ec0cd205f817370ac3cb9bbdeba,Kampala
48f258831633449081c8aed397c3b879577d869861b601b0bd11b2a35380d093,Jinja
b95c81e0dfc983de137e03bee709450730e873c69dd2cac24ba8d4f0bab95d91,Mbarara
72e4c1e62d1b3047eb121fdee89a0cc099adc0eaa64d37a900b0251de3b25869,Gulu
dda55f7933be0546dbe4b4f55da930d3b80cac6fde908d9520eb759dfb950a38,Kampala
1efb18743a39f42f78c7ac9b2d90ce36fd23af110c0b88e6afc6ffd8c69e00a5,Jinja
4cffe31b67d7a6d696f3110db2e3807589c0b22644429abcf87bf26ea6416cbc,Mbarara
d5887e906b06d49abc9c756058077e1b5d1a73e9cef464dfca0736433bc5e24f,Gulu
0292ee8b2f229c60a29984b0b1bfa30ad41fb3d4d324e0bc08b8704fe989186a,Kampala
fab5fc055200069c5c4dcc1b8200db233ec1978fca2e424bf743a689c75aa760,Jinja
025d6d81d030d2a1432c435ad926c0d449cd29adbf6a77b0a68a174dc6ba38c4,Mbarara
930e6fbf30b4ac2ed0aa78a27c4e3f7d851226674fc786946fe00725ceaf86c8,Gulu
82021ad7a69e2e8c34ee68041ea9a54b4afd399adf1414f33990dad15e1a2557,Kampala
5a367b82affdeae67224fb801ab924dcfd3993843dbdc322a3a376bfd14b60db,Jinja
1d88e0edd2664ee933036c6c699f4f6550ba874d8cb92163e8f276027c0320af,Mbarara
e934ec08298089132d04e103b7759c933f15492a9afaa417adfb8ad184040168,Gulu
5b48aacdfaab471522e03f42fd36ba5e54857763980cfe8af43656cfc16d8e3d,Kampala
282d490efbb9c3cb8dbff1b14fcbc238b0adcbe1176b7f123dd5b5c0a042ad08,Jinja
56638073b5e7b596444fbb921e9d8639f272b939acb3665babe619dfecd111d4,Mbarara
066317969f81346f87aa709e55495a1e45b7b60a37ed9ca28bb9b4a230e50866,Gulu
544d92ed1fb55326202507e3153a6bc4e4528d0cb68deda87a74f895ff90ecb2,Kampala
3fc1786d9b8d63229d70c8dfcd492fd9589799e0656158c54d0c1213270469b4,Jinja
348a3e89f28ddd015f92816d111d53bf284129dd2aecc69005720d7dd8b17b62,Mbarara
9699cd8a9b3a9b9826f3d193be992e843d25f469602f6fde603e7d4479d9da7f,Gulu
934a703a236dae0eea151c2dc17144a4d841ea4db8dcc819618edd43750cc565,Kampala
b9b93bb81e9de53a22d88c13e413087df4b8492f409947d3f4ec314bdcd36ccc,Jinja
16f75507e179eec68a6879e8006cc6db75b2750cf95a86b5c8340c2794ec8638,Mbarara
53ecfc4b71ac6ef17b4f58f53aa42adab1c9064931c8837182e8734178d9d065,Gulu
a1d8d9d8fb5124348650956cee6da5ea97828004adac66f3bffac2d29864010e,Kampala
6394e2cd14fcd0418cc8b2ac0048a081de01708b9b30d4bd143c02e67e13f69c,Jinja
8ab0fa12ca4ae42ab619b74b4f09c08cbe8baeb8cc1a5c08c4bb4504553d5f6b,Mbarara
9d506f1fa90d8bd95768673d321c2620c5010214242958d9e3222da98b3397e5,Gulu
2d44193bb6dc587719329cb3e11ac2426b6df20cb8a31ac02b9358e642c19462,Kampala
aad03331f06cf9f75dd60a311ec495033a1baa133dae637023ebd3601e297aad,Jinja
55b44a7a066f6dc0a9d8b57eb6759044d508f9bb8b8ff01e7745094183b16cec,Mbarara
0bf5a6a7a2d3bd5c2dad9349053f42543931e9cc5e40d1b2fee7452f2736af4a,Gulu
cce89ad235beaea83b0c8bec8cc2ad7246ae557af7e7f5de37646586c77b3515,Kampala
d8854b795f5265ce593e8fd9670998db8aa8cac244fe9b1e37fe5c7ee1881b74,Jinja
156a3d0c0ae48f47d925873a703efcd44cf5dd548d6278b8a056b0bb8b41b7c9,Mbarara
0c523c3243b1295b756e288dbd1a76997351b1b4e042201488900e70baabe923,Gulu
4f8346b0722c411fc89429f14a48b4abd944797d5ef9ea34cded9d34f04167fb,Kampala
7118b87c6b939295902009736f1d9046427fa31e5869e34a984e5b9a9d5c892f,Jinja
c1761e99d485c5176ce059575789b155ef57cc06d6e8154a7deb890a50b22e35,Mbarara
e1288697709ca3e74fda23b517d0ec9bcbbf83acad0d1e94f0b4ee967ffd950e,Gulu
4797637d28502f427826b12c324da66e69808904f1fe5ff2183a90082af3f946,Kampala
8301ed7f5bd2930ec01281625861e7dccc6e2d0a93cbb32cd13a99b8fe1aa02c,Jinja
37447799aa94704c83a30cc311108bafea2d4f505cfcf285a7e9827b843bf47e,Mbarara
1bf72b0c2b7f67c33c6c13849e73069aa33da23fe5455b4289c2a8bf0ba5ea37,Gulu
fb16e4231cfc85e3058f854bb8fa6f5123e73ce1a5269f92cc0790c11c01bf6a,Kampala
c6b8b5fae40b386535f62222e58c9be7c5dac13ce940a4ae12d18873cb49fb43,Jinja
4477fc2e740751b4467212d08c5306d63f01e7062a40b510fe34d58087241b06,Mbarara
e6961662bd38cf5885d6f35cf4f1b6cac48b29a4c8b73c520ef6dfaa2393a6bd,Gulu
45a6faadc34e5bfc14aa15cc5a00256c5b3e448759864f1362045b096dcfc345,Kampala
041ac984ed156f3c4cc878641c70d726ce0859d63b5d8a5518ae331b56a4abc0,Jinja
d9aa94a861e623bb30392832d85fa76781f0dc76c25bc1c9dcec9f8e05c0f86c,Mbarara
ffb5c15e96efbddbc9ef3de231c59bb51a9c61186901e3aa5f936a20e833ba17,Gulu
9e3ee82017db46e220ba78cac909a8c2127a483ede81fb7946af22e399857ea2,Kampala
384b67ec9140f4689d2ba2ce6f4acea9e643fc92daed4d8523c984abbed0d0c1,Jinja
1f0d48c8d599cec1f392e5cd2608256c657c489ce34ddbd1fb5a48f54cb63500,Mbarara
db7689b1096ed0627a7b198763e35ecbc204551704f00b176a60eb2537b259dc,Gulu
7207ae43d68b82e736cb455496e38d32a55a8d8d7fe0fb77fd1ab6c4ed932042,Kampala
51909be6f59cae2e366964c57cff8cf32820280c76c8a747c951cc0c913e9d21,Jinja
79dcf13fbc7849d47fdf1c8a8f9363a8309274e50c9edd090d6018300956902f,Mbarara
889b66593c152c85af1de508479fa952b324706e945d6229fc2afb9acc20b091,Gulu
6d7cb78cc5d64b94d1e782b3576ee46f81e8db7b5806e0385b04a75158da9216,Kampala
a27a3ab0f96a727d0fb2845c212080ca65b537397ab3c4992c17c05bc28262db,Jinja
08fdaa813ca7dc34445d3f7f5f00f18a2387a88a8a057a3fcc1b60a6f2ec9116,Mbarara
748c5a62c149230b431f400e9ca701c1f633a856c28620bc16e8bffc20391d22,Gulu
1d049caa23281045d27c58546f359135c8a66871cdea67722989d9b026506fba,Kampala
fbe9f108cdc4c75c98f9e370a2d10a19db57500ef3e62a180b056917340a2194,Jinja
857e68d98aec2bb889fe96be5ca0fe0dbf75802cba57fc38c73964fbef676524,Mbarara
44f210517a4848c36c07c084a30e927f6c7261e1afbad174cb0f5008e46d9622,Gulu
a5fe69f28d57855cedc0d23fb19eb8cf83d2a85287b9e54418ae21a1259a88a6,Kampala
fec78aa1ca534d3a32c8fc4b2401293d98d742ac62c7a69d183c3568300d58f8,Jinja
c49cee430207ebb1260380836f0ae6184f67ce51b589deee19da4fd15d72bc25,Mbarara
da7a3abf84cca646e56d1fdb952689402d6933aa45faf502be0d3a56eebfc929,Gulu
eafee9e85f578a35e2b3d38f60025053dc794fc74670ef7b21edec4b6e3a81b2,Kampala
9d680c819773867f04c6674a3c8def942c2d252b8af9cc965f96ccb607ec4771,Jinja
ec23f131421ebb47d61b310d2b12c564a0fe7cce65043eb29ac1596bab19de3e,Mbarara
9a8dc13a3a774a6b259f60253c0c7895e48efe027cea43e6e1aa318936692f18,Gulu
ae28d1cdc1c5a8492d6300444989f6b8f93f26f076cc20d2a2729b3e90aedbdb,Kampala
885676d524d3ce06bf4f8bac563d3fd0f6b5e40fa46f3a5e6b4aab5e62cac2bd,Jinja
ede34a280db9340f7f9f4aeabbb9666fdef270ee206543737a75abd4804fdbd7,Mbarara
6e186447f3b06d3cd89178b4c521ea0cdf39b732bd4982c4b60b6cf00a181662,Gulu
27b59767008615e46c3f1c40a4e05d73c0ffe0d8205d5888ad93c3b8d9350e0b,Kampala
c4af5d572b0772c4e83bf2026e3986075c1f42e23380427e988654592570f923,Jinja
0376c27430fe741160c094bbefc1995177e66486ad80e5f6f41e241e61e428df,Mbarara
35b22eb7657a0823678d063008b330262272203435e17ba29592e056bacba781,Gulu
f2d0e4741e73c3f48ea937353652b6dc5a256656f3e6b0ace6215037fd717de8,Kampala
c7b667cc1a46f2f9fe1c86b9fb13392a5571c9ebbf979599539d60da7c134d92,Jinja
8af79f00fee546245acddae3f9b5a91a30becf3e0bad45b8ba931935cf0e08f1,Mbarara
61d9aff4c56c23be51de2d5ca0726b5da7ecc77ef238ec923c4c63cc59c4d68e,Gulu
df31edcbad29976ac1ded08373b31fd4875d93dbe4755c2b07ccc70be4b0a64b,Kampala
603f60f98a0a91af4635bfe6b4b9a233c2c36e4bbc6c60c295f9d9aa5f38e1f0,Jinja
054957e0013b8154760741c1918328af51bab14006433cd91752684f86bf45dd,Mbarara
c5b2926dc54239e74d0eefac466f4657d9414f96fd69288713d39b0c380ee285,Gulu
175816907fb6c0c051bfc2ada070ad652cb42e72849f0e7fca776ca882c51d84,Kampala
02ddaf506aefaa389936bef6a0a695e038943d165eda191892f4b8826f4e2605,Jinja
895b351cbfaa9d2569e47e8d29fea7f6d6164cd298d664009a5b1c1a7af4df96,Mbarara
9eac7344dfb2fe5b066d9a366699fc96c9e15079c26bb55644e791ce27298487,Gulu
edd692cfc897eb39ab5829d7727843893e92c5cd2be0ab6c9d6286df8547d777,Kampala
bfbcf14602662080e62a6aca814abf31ec5e6263360d4dc3af73183976246c34,Jinja
105a5cf9d2233c8723abf76de954454514e0520532fe86d342f39b9c56ef92c8,Mbarara
623ae9f97ed728d6e63be178ee1782ff4ced7b123b2d7b132942f9b281999f99,Gulu
2757145d622af26c927afa97429e64476719afb09bd45c92c3c77ce5ca981c23,Kampala
6d143e7ad1a2d03376a8bd2d35b8dc77cb78c7555cd888c37b41891844902875,Jinja
38d0373b3cc78c93d2ee5a9959510c7e3ab85b23da1dbfd53ac2b0849fd1538b,Mbarara
6d557433947cf5d3fd7ed033b8aeeb82a80fbe7c2f71a191e11a37b3dc522fad,Gulu
6fcd13e718a0e9156701ec9a90f8522fef54c990affafbddbba13dfde5b15d43,Kampala
17a14200bd1477b3dbf3742bdd50364866adf206c52941903d11846dd6ff265e,Jinja
df230bf82ebb716d9210a0035d4fcb70bb05da38ca6074872cbd553ab2de0972,Mbarara
b22126581c9a6d3671a79ad441705a07bf5392faede741ddec057a7e7ca8dd42,Gulu
f0d8d25122d3d0284c65c6ecf498e08d486d36496ea7f5772263ac1620b1ac74,Kampala
100dc9c0afce6aebc0cd3949681e02f97507a1565569f067a299da0881ef0a4e,Jinja
965c8cd9b4d4ce397bccc1298cd358e7ebfb32320212dc67c4c357af3ec71da6,Mbarara
844c5868489394c74e2a0822b69f78df260da0fdeb0a30a483cb911fedf22f0e,Gulu
02e8d7d56ab3806f2ffe97aa2e45c373214dd725ace1ad2adc0272a12e34ca9c,Kampala
bd76ae528b1c47ff9bb3be8808f279f8b58452522d91deeff805d0603702c660,Jinja
c644d51ceccd4a04323107b99dee7443811ccf682904a6bee9ecd83c8944b444,Mbarara
271ad6377ca20f649fe12cb75dbc2d5a5a53a2f1590aec090944b70b58bc8746,Gulu
743ced12a2da593b8116e8d7c872a97fdfda161a56e4e109834377b033b512b5,Kampala
7dfc20edabd77d50079e97653cbc35e14a03235a5d02c13cc3e72d9e2be24433,Jinja
9ed3e7483d4c6e380f82fae62a2a12a668cea8f850f0fdb17db01facb417d617,Mbarara
199915bdbd191e049c8d259e0783078d03811faa083882267744f53ef76e68f7,Gulu
25067513d4d19bddf5202cba4488ec0eb730c6a1f5a19746ad26c2c645c74fec,Kampala
4fcd82343fd5e4dc11e23e82b31170f5e74b81fa2d9d534c21a9449bfc6170c2,Jinja
ec8e270d577b9d8dd31de28dd55e10b27a7c5b26d481ebfc66bba0f497e91460,Mbarara
c4d6fa852e927efa890ae1f30a5927cc412026b19e1fe80836adcafeb4898a44,Gulu
6d357b64653df3ffcedb135834b3fc5b04281dd760a92f3e51972b7a00934fed,Kampala
75444b2e796abdb42c067737c5e8b519a161a164ec7c09862f93641045a269ca,Jinja
e51bd5f2f77b514714417cf9893fcf5435cf1f39a95dd16a387a07e151da4423,Mbarara
676b04c38f4db724615b786a4962163b940519d596689b3d3bdd85a58ad4bcbf,Gulu
7954bfa6660c3500fe21f70ecfe8e4b28e35d22ff1c1754fb5e851272ca09c9a,Kampala
85001fa9a887c8ce1e10aa4acf1c1363719de50d5cc68566f4a3bd75db9c344b,Jinja
7049d1a9e5f8ea9e50fa5a2c7e4698e059042533ccaa2d80ee4f3ec275a18c10,Mbarara
3ff5d65aec17c5e80bd3a49559c4a05ce8278bb3635e593bc625b744537b3113,Gulu
4810526145d3738d0cca1879d3f44fbf6c4223039d7e3924e4c2060e2f3beb20,Kampala
17fa278360de4480407a07819f01d7acf681bb1cd499c759311637f768bc819d,Jinja
81c8624056aa4ca4592372975ff708c3d6956c8e8873e99600a1e54f6c150c59,Mbarara
8a8df63057373a98e4d9ae8ea1f012877e669ea71a35faed7afa1266ae2480be,Gulu
5ae9e2e41e678d71264d82d375e78df36d47d88323726ba75727708bb92d0008,Kampala
96a0c260d1037098896398a197e8aba67d082c936b19bfe5630a409cd69a82f2,Jinja
bcc56e71952b6c74d5f13b9f5161c87e7573248eba9fa23fa52a4e86d9210fde,Mbarara
749f65a3933b9fdb871cb419bb1df0ef87f461988d5353ef0bd0afe7f603d06e,Gulu
9d87df6c123f15b564b4f2763f4a299ead0b0f9ee0c7aa47339ddce318307b90,Kampala
260032eb18229bb6765f99828f76b6ae7ab7adcf3a87c1bd93546781605c4ffd,Jinja
ce00c505bf40a29ef9ee7caf1d03699ce9369adf4acd2198e0c819a8e78f21cc,Mbarara
bf1103274ede97c6bd6ac1ea5f5a2f59977792746c8171aa7ccc0c372e631aa1,Gulu
38dcb57009c37569eea969bc44fc590f67ca55488fb3431587afb3cd4e506fe1,Kampala
a989e3e32c865e1e79b25d1ed30c13a08a04f8f96ccc8c7e83a518c84f19afa8,Jinja
dccbcb25e3698f45d22d1605aa6ac9159470c0116265bf6f142246872d8f6500,Mbarara
f29af0b564add2672045b15a8406183aef34b0580042f2e2edb627d495263b0e,Gulu
675517b6dcf544008584ae4e0d81e3b6f251dbd1d253b103d25486085f11acd4,Kampala
97a72884a187ed86ac501dfa57bc74d233f03157237979ba1a594604dc13a6e5,Jinja
e72149224306c1d629c0eefbcafb18c41abac2efce7104d37c1a9e78a276d215,Mbarara
454e0fe0d6c6db73711d60ae60c984933205408d612ab8a033e9e02af1bc8617,Gulu
484733f32b1d80386995e944a3e8f980472b319420e911f179a7ad5db2a1591a,Kampala
ac6b42e8b630744cf36828f8c05079894bb70ded067ac15f13e4a8ff1cbdf1d1,Jinja
fa62a1fe41e494a1af68f579d420188aa6d093ef31c6524e322e3adc5276e690,Mbarara
c6739fe05fbe506dd9a611b1ca08eae6269e97467a2651c038de90a51dc40b02,Gulu
69a044cf9d971251c14022960941a39579b9e8f3b68054ba22791c328d3ac470,Kampala
9bcc257ad5daf9f51d2c8e28176da5515713ef1db4169c61e6c2de5d387a1c3e,Jinja
58d4ec21026c3ea910d948f01f822b6da5c7c226dbb3d698ea13ee8b32041f46,Mbarara
213b5cf8cd9608bcd182b0f2ae82bd04f89bcc9ffbb336793a7b79e782a0f89f,Gulu
fd0f9c086cdfc6bd7ba157b69007989b5385650276ba8757fef42206f8e2ac8d,Kampala
65859bc43fc2765780135d0eed6a047657538bcc0ac96d6bf168f050dadbf933,Jinja
21720ffe725be230e9237d995bc5248a56eebc6d750e4d6813340e33ff8b2007,Mbarara
6c5cb627452c773cbed4f3d3c130ef8c1d2ad0f0c531ce51958f391709dd0443,Gulu
7e6e8a1a729c9d6e23cb70fc3c9e4454681851b7031483c8206acad514630de9,Kampala
d71a10ab1da1b12954a4321dfb779aaff311a88ed44cb3c2b6a54140223941d2,Jinja
2b9b4688f63ec5ddcbf3b3f3b87f8be3161c1f14ab0423d04df388b9f1b605c9,Mbarara
206604fcd0d99ff8605e839323e302b0dd815f00eee176fc112083f3d1acd8be,Gulu
88635eba9e708116aa807c39012bb1534618e9bbeb215f38269186e155b5d747,Kampala
2881c446df19bf44d510041e5204e3d68bccfdd07532f0c4f8efd9d5c5f9c5c7,Jinja
ea5d9a6bf4dd37b561881772164ed0c53189edba57034f224c689c1f831b40b0,Mbarara
cb9b50a171f0338f3b21376679afb09d861bdd7096e3744ba28f216fac1793cb,Gulu
2c8e9d404b82c9c9ac32da644b03085f0f876b4164fa96f0dd9a07adab22fff9,Kampala
bdb2ff8129e8446ef0e9e5b22606b2305abb88e09b6b4b1e302138b7b699df05,Jinja
6fbbc2634d5b18df7f39d0b60b8837ac885c4b88fdc73db9339f70da6c64418a,Mbarara
a9eec1df9c78762f0934d4c2ceca11feedbe0ef7747dd996e8bc0b66532abd77,Gulu
63c704a0f278ea2604273dde19a68f70755531205a824f0626be5699d45e5a6a,Kampala
9d41c26e96d973201c3a064a1ba545544c96229d5d5a4e995ed15120ef96ee5a,Jinja
472bd4491bd970e36b4f1e032e4530989f34c39129274df44e5c9166860ff74f,Mbarara
95ec17da98588af50885a2b1f0d3b13de506c4c9f36772267a06cc6fc0e0efaa,Gulu
33876d998af5ef0a6cfb3f3d5ba8f1667f2f62169b8901da4c0c7f604978076b,Kampala
bc5e6c7e9a1e4e30c14edf5b270a1ec8a23d692227412221901580b5a144a086,Jinja
e7556ddd1c14c5498bf7b44f062a909a444df8bd2852d592643660951a883511,Mbarara
c7e548142b62e60d626f2cc479d42b56f527275f991d5dcfa569286635bb5ce2,Gulu
f9e69da2e29ebbb2ba0772bca521a32c972cdfbe191c7b2cd71034d1371056aa,Kampala
fbd8cc8a6b0a61d2c59e1facd18f64930a7ac2428083e3111f3034b199565cf0,Jinja
3957e01ebb18894330e14f5b6a2b098c2fd967fecf406e4229a31aeb95b37653,Mbarara
5f4cf1367ae7d2e3332be31235e42db9b965d4a7e8a71a387387c8797a5d930e,Gulu
5d65b94c58b1a5dfeec0d3194844179b7621201dd6fb4b145a7f39e285f48335,Kampala
98e71bdcf9ce4d5c3b471ea32a3b20857f0f29cce3c8ee52ea866cc2baf362c7,Jinja
f96cc636da0c1017d4c4e69abce0589f508010e783d21e288f052e3f47811603,Mbarara
e7ebf0892dfb40027d77801116c929e222f3fd629c96c5e19e416f76e67587c2,Gulu
4082f006890eb7ee4999fa67012d67ce619870bc67dd04093ad91bf4146e88a4,Kampala
8c678446e14596bef879a0e54eb7a0b6f3717c4dedcc67fc0f36dd1ff64dfa96,Jinja
21f23139ebef3d221d3e7dffc984b8c319b292e3ec99616686bb199565e3dc90,Mbarara
13d7ac357577e679ed6162a62d7676e72c43efc64d9832c847c00b4ae7527e6b,Gulu
ef12aa47a754e7732a806d95041934357cc72a46526be07be060d98d1acdd340,Kampala
cf598cb3d3c522c114b6e2b419ff959a88ae3f603e9376a7ddaca885af8c8b54,Jinja
2cdfce26b91fa5423cb3357dc3bca31baed23b4c7ff7a6264dd9fac43126c67a,Mbarara
711aa9d0e224b3e5bd2c3f80b9ecdf49dfc9ee82988e35b1cfb78cd515032015,Gulu
51df0f3fb6f32a166eff2479a79b82a8e72739a05ed711da720a252daa195119,Kampala
e5902f5ca4af42fdf357c386f33b20e399b6b91a8fb590141ee90fe12a202ae8,Jinja
d254eb2563216a0d626ba15eb54f92f73a39f4f0173aeb08ec10227567883bae,Mbarara
5edae2effb2341aecedc7cf5408bbfcd2b1db2feb7c5bb15d9dbd028fa459b8a,Gulu
239e290ae232d7ca7d01ea311b8e55b9bf915435945428d032522c925f273529,Kampala
a9effb0d2e7433ffc04d8f4040d9e667c0bda1bd64dc9025d30238b44b0b40c3,Jinja
2f1117c99669a2d846691abd76843c1a896ddd69caaadbae667fb15caae228a8,Mbarara
7d61f7573d426ddc9f3366e78099ddc6dab607064d02cb124b37b12409aac955,Gulu
e1395db2309eebf218d642713b62cd5bc57cd9ac84bddd919694100fcf6e10d6,Kampala
5f8213d3f9733994e41b2e311b169a448f6a3fd4e8e679fecb0037b4d7545dbe,Jinja
ba29c7af2cf7bc93ee1a872342ad9c202b3fb829c11b6db9bb798007032e06b9,Mbarara
6c26ba84ff8fe665e03c300e7a2be81af7c35674efef56d6300930fb3869dc53,Gulu
4a101ebbc9a2f3b805e31bf5d2dfc0591483a9d73fae4bcf40fc24fd44102ca3,Kampala
3169a700e0467e30795f2eb69ff8d5b92380fc7bd22c180df9004faad2973fb0,Jinja
c3ae38dd74975a2c4b0027670b6fc9d8ff15697a3205bd84bedb749d6cd0e882,Mbarara
d004710d08e61d55701247624f9787e74f0bde02b9b885f2cb9666d64b378c11,Gulu
fe8e6f51a18bfbe0b9917659d8ffb12628bf421a0e68efe130a39dfb7e5f6a73,Kampala
14d38162d22702d2aac798a7c597aae80c92962d7a6568f2c3ddc9907edc00dc,Jinja
34ed356da2c04bddb00604d18904927e7bed23b41656bf678d3c0c7835af2dd8,Mbarara
fd94570c982bd42373d201dff01bdda6be2e4e411dbda2bcb27ce26a19f90fc4,Gulu
7f58e92dcc5e0a46bcaa80769939339c18bcddaac9b4f6b38fc7131561620919,Kampala
2b69aaf4f0ca2e574e62d0f235fd0545941cc4d9ec85517661493eb59741dd5a,Jinja
4db3dc0e0099fa50ecaff95c9606a4168f99a98ce4ffb73410ec645cae92eb40,Mbarara
d831443b7c0366d278f307247cc88e6dcf03ed28a570dd136811b33453c6d975,Gulu
c771d14d8892f1c847146f32bcba261749a13b61d58da6f996c5c80cd1160c19,Kampala
058b43000be8cfcdf064a6ba104a1595a7cab7dffbf0f1c16e47bdf935159d92,Jinja
3d8b4c1de3e438f2613de12fb0343a4f41b10417c31b1a25ec3073ffc494fb8d,Mbarara
d6f8174a4e4a919065b9eb018d267358bbbae9244e1fae3860cc22acb964a78f,Gulu
dc319c2e3369edecfd8befcb2a6fa711fdb5562d34a55d3408d096feaa75ac79,Kampala
3ef5839fd5cceeb109c11de66fbf7624f79c21ebe1f7407aa7dc1442844e5a46,Jinja
7a907df4748db04346963ffd6217e23a447a0322a2c2c078f138a82fe074f7ef,Mbarara
f2b953abc67c298264211b9300f53e9d28747082616c40f53ac71b264ef9d10d,Gulu
327e027bbd6fbd5730db8194b7e891f3e3882bebd1374f9b2389c2a2ed3a58cd,Kampala
b222767b2acf518f163fecc4006cfa4635e7508ae9d9242d356a3fa86247108b,Jinja
19a2d1a84d22327bfd5ed1319e647eb660b0196583bf0f0082ce440e2e5450bb,Mbarara
a5c124aad925b812f9b480146101ad8ce381bdce58b46e2557a9c27401a9b92b,Gulu
c1ddca8e456c46330e52764eb09e8fafe1a56914283b39e2f2828da3fa9f847d,Kampala
96703b5c9afbf211916029944b8ab15db6d5d3f71b10c3b027927c23d506d61f,Jinja
c91a06abf8f993e9b10a606ca544d8350d003102daaac95eb53413fefb84f094,Mbarara
91a44cb5e01475cc0e62057174867bd7d8494a54058952ea1feddfc78b6c24a2,Gulu
4554b39927f81940f552effec98ca9177d4aa03747c1c13ff786b2c68919bac6,Kampala
9144db0912f2d2e0d6988f0eb20aae6b7b9079540d13ac22fd3550e17b8a877a,Jinja
19c7a4ac0e7f00be1d8ed7ced207695e4f8cc95be5261156dbf9c820d948ef48,Mbarara
74ad4a1519f3f8a3cc62004a9b4af6332d15b401a631d5196406956ae5b1164f,Gulu
e4e87f1dd87d2fad8595b6301c65afdfa782b5cf81611e9833f094091d0e2f52,Kampala
1332d4ecb6bc6660b49841d74b063283eb569cf07d2bb537b9467511454e17dd,Jinja
b487a91609b74a10936f25d3bc7b70e9a17f817eb7f5447ddce9eb3805d11d43,Mbarara
f62a4252784faf0582fb8a1daeaa15b77646f3f32d5f4c60b67d1cb8dcc3a734,Gulu
6cc3af37fef21845c0f8af7ee8e1c5c2a84e328467be0a2f3349759a96d9b9a7,Kampala
94a769b7beec464fba8b4b8033ea0b8a7744ddda39b1f90a0ff31ae1f3e78333,Jinja
2013fd5c35d83bf2e76c64728f0c3745ae4502da68b151fdf7899eb0b759a94c,Mbarara
3379d1a4cf695e33a1ee920129cc7118867a48d9fb9e6a91dcc7022aecf03b8a,Gulu
458ad47ce50dd1dc65658c6f9af7a96c0c04183e8611acf66178d515e531c5d4,Kampala
2f490285e2e51afee50ca36cdc06f71d8bd4de543d693ea2ed80264db5da6662,Jinja
74b19a810dcedd2c17d6fe507b896d3f80bd1fbc2fe2cf0c084707ef556ba4f8,Mbarara
8755e60e2014481efe884b6c83ba7d4cb949deba2b517a302702ca29d380461b,Gulu
05151b31581ccfff5144920d4a9131cd28e2fd96e48dfad14377e83a988bdba3,Kampala
66d3df77fb263b339bcc21e0bc57c70afa2d365eaa28002ade73b4362dbb1db5,Jinja
1966f3b5e4e44bdd430ada90419410aa4698cac24df1283c7f32902061cf7813,Mbarara
434ee889d26e2befb532f6b24f61294cd11ab8f932f98f027ece76bfb09d7854,Gulu
97334e272370774ecd6a69a062f5dd0140d930968df65d5062377c555ad4cfea,Kampala
03a3c85b902fc4e1425683d0e6efdd65038ae2e9f2bb806a7c67cad7d76f55d9,Jinja
f7dadc331e3d764857013e63c25cef9cd2e82fe2266002e22a00e16097ec312a,Mbarara
810b2a94adfcfa0684b6bf797e49ca7fe1573d345c536d4b2908d3df5335376d,Gulu
f6c73f7c466a4b4c5186c68341ca047b205ac764f6843b2c7896c68f7bb98a63,Kampala
1db84d658e904705de8601f09b94f68a893af557bb450a8421eefd87d0f2decf,Jinja
8efdc6d4266bedb85553c53c8ed3fdc58b3faf4b0b2f93887815f3891c19208d,Mbarara
19976fcec08822532dfca9548ba21de8a6bceb77cf066ecbc26dc5da07b717ee,Gulu
dee90beb5b5952cd3c26467cb392e53cc86824835fd6b7636269c79c26bfa2d7,Kampala
6001bab54ba2eace5ad17f195be3102866e40246d0738cc664522d5a1922ad2c,Jinja
33ebf3ca7056f8bfd92356b97e74f2231f8989bb81dfd093bb590b7533dd4234,Mbarara
c7184997abdbf8b400f3236b89805054c9bb39dbba582933c9c26990a898b377,Gulu
6f9e1dc637d23375f69457594fd2555d43367d4067f4c51912a3fad1e958e3b8,Kampala
e3ed35f1b3567e64abeb292172750a35b78555541b7b42f02214478ae9b9f751,Jinja
6396dff85c966908d8dcf827330851965a7ed168860924e1de86dcb3908aeec4,Mbarara
ddbafc3091ffe32142961f48abbb9fb90e5ae991496ff8e20b9899311742e7a5,Gulu
3fc2bb18e3a6247edcd812eb525326d5509334a7652606902e6cfdaec1fe5a08,Kampala
b166237750118625373c069eb245becadbedb7ab62b9e9a9bd80d615711146fe,Jinja
2998d70faf55b086883c319562736a5fa5c1aa29eee3d4b8a44151cda312d379,Mbarara
ce8d4bd0dd2d4f0d170ed3ba31d2fdf316b79fbc3a898026584bdae7f0b738c4,Gulu
21e84b3bf0b8f38c0bdd0ffb11c8bbf92872b3ce407b3ee1920179bb8f57e956,Kampala
7b1f88a3f42890009ea3868de8455254231345cb53ebece38f50c32694dde0cb,Jinja
75d9c982c29f682d494cf715b5ad662c138254436136b5794b42537a96f80aa1,Mbarara
ea220d0d2895516d4fb4981874fc42666a3a9dd26e5c1125e0c5fe4192215497,Gulu
1fff751f6f7a24bd0fadeb283610d7dc52ff4b61252ce7eea90a2e9b1eea6e91,Kampala
80c7ff18472b3f7e527574a5b5957feb7382666bc82de50b475267967a0d6ec3,Jinja
f21ee8cc74f42e8e84cc7fc99d19abdc720993b3b3b449e1dcba6f2bae7e3013,Mbarara
fd14a4cb22de52b8670fb8438730a9ada202e4e52b833e0d9193b3e316b017a1,Gulu
b94a8303e102778b4d57e85eece4cc253316882c86b6569318b5a3726cdaa6a0,Kampala
25a2a0cb52dd7c5b53e63f5c082eb80216c4aefe9496c9e1e41cc1ddea47afb2,Jinja
091e653588d96d99c6788dcb30bfa242c3c32bb1526d829b9729b7de98463653,Mbarara
9d2fa9332598f5ea85573b12d92ff9664aef1a91b8367aebd9d13d285e774cdd,Gulu
7b931ff839fcb7879c9ac136786bd61e5c25ce18d5389cecbfa6ee156f793291,Kampala
1025ffe7c94df0131123b90a5aeac487ae203a951e1dcec99134307c0bd81d64,Jinja
1b7488c22675d30e9132e0dc951e83a5b5951ff8f7fe62cb48fb54d510f79f0f,Mbarara
78fc264fd393042643db75e2cbd21e2905f8f32f577d12f1edb30361ae065dcb,Gulu
b45f38c7b6a5f486aba82de3f8f14cb57b2fbc9cf3ca6bceeb06bfa6ee1cc27b,Kampala
9632be703d0ee468a27e789f1404fc74c6d008a7eb9da09f2ecf6bb54c8b128a,Jinja
bf55967d76bd6bf489befea84ddcde0493076e90b3075a15a55f71acd2c601e2,Mbarara
dd6067b6c2debb20661323d299e842209292ed24d4b2c6d7314afa4bb7381a13,Gulu
da4c1a585d4c97e09d1f9675dca23f4f3661bfbf79abf78d81b5dd569fcc82af,Kampala
bf7b6be724a535be2384f565638c8ae81318e0a646fd9dd71f3f770647009810,Jinja
469f4a7bd844d341329d93406bec18c8aec5d4a4ede39ff636e9b8682084221a,Mbarara
b7e9e17d7dd92d0586d707970b8078923f5b9beba30b1f870aa16bc79e62389b,Gulu
c8df9e8de8072bb2dedf734e53d8166ae67298983306ca48af3651a467eaf4d7,Kampala
537b068b7f519052fd19b38905bcd166d6c16745a79baae1fbea521111959f9c,Jinja
347499dcf0dc8d86048df1e6581e402000331eeb689538b5d4da0a1aefa73877,Mbarara
5126d91598206fe5b99c835d546fda8a08e4a32fa0e4a9a61f3f05ffbb045323,Gulu
11a68346649c8d350d504a6939b276f8c9cbe768d8c0996b07b52656a6cad803,Kampala
b4f8d0a9939c5427d42e580467d7525664bada77e465823889342ad6f7ba98b9,Jinja
d3f38841452913b056674218e6bf9f356a18b0a5fbc253bbc9a445ce2a824785,Mbarara
3862e104e05de24c46b722b224a2df66983938bcaa5db5e4a73df3d2e6b1024d,Gulu
3e14fc9caee38e317737ae0efd50001c0c511b58e55b9a01a1f3c130fd70030a,Kampala
eea13cab8134a76508348647516beae4d3f5ccec299778810d70dc77153229ba,Jinja
0125db3d30f1e1bca07a3d45ef5989de150c0502a5ac31db97300c7735663a14,Mbarara
6992c3bda4b611c8ab262e4dbc13156b1d71e1e78f5b8e6a907a2c84f011e7cf,Gulu
98911da8441d97b05f93da31b3448fe6110a51fdba8eb69e2b3b7dc40a5c05bd,Kampala
b980c6314c556fd591fa667cb54dddbce15019f8bf61ad73da543b292d016047,Jinja
46a1746337f631459efcb37cdeeeb2285383be56f859d7c54228dff7a174313d,Mbarara
c5ad8d70173b7959fcfb8e85a3486aa6eed8182c7c8b019aee01a33672a7d115,Gulu
a1e0960db83278dae26222ba009098ba59c9d0b96ed6e488e5cee741e29c5d9a,Kampala
200b09a19ee86a8a90cd1c706e6d48e2ce59f5470a0baf1ece41f8509c53ea6c,Jinja
db99176fc32c0c8da803ea6647c47673e2705fc45232231af365b239a7b92510,Mbarara
f0dc3f8e7659a53c7a0e649d2ba1cc0e575ce57b62d464f83a1c61ad8334d80b,Gulu
d37eb4dd54597e91a2c0b20cea78837a27a7b426dc619fa0decd607deb386400,Kampala
bfc914926da47d0d46d069f2c3aade88e22065a5433c4b7d801254854d011fe4,Jinja
48ae490ea06258418fa169057686f8d34561e8b399da822e5ec4fe276e43761f,Mbarara
b6e1b42488f174a32420da9b3136dadcd71028acf5e9a6bce7b1eaa3006ab5ed,Gulu
01ab93c19458dc2bddd5319cc4c8cf4bcc83d041e049747468f1265633533b92,Kampala
c930dd9b3759315d497c9fc9e1863004e759a148320f917c28994dec1b3a0d94,Jinja
1b98e6ccc488d2ca46fc0f5a564399eb02c33eeda6f4d60e8259f58877e28169,Mbarara
4e5739283e6723cbcdafabf694347325774107d1d5d277de8c066a0bad0a45c3,Gulu
ef854f2793e41b7955ffb3c67f317c72e22646791f4ee392e0805b61331b717d,Kampala
1202fab5c17f23cf585469cb8efb7de867d1caf3b9bc40a5a0fd888c75536553,Jinja
b5a24e3065c8e2374b70211a3962f161f0b16148555713621f79927ce63a2fcc,Mbarara
8e459a14aab5449d74e8cb98da1170958377aab9e0eca5f59079b7d9b4b1beb6,Gulu
6b49b26fd720e07dc0e195f3eab009464cdde8958165717804fa1bf689e50866,Kampala
4e1e3e2d3232d29711b2c5ed90274fa06541f60d251bb67ad89b61d93369f927,Jinja
5c1095fa2155b5173a78abe1dffc6f7b5c8abd83542057d2627453579eac74ae,Mbarara
4fa69fd5ec6d7d3158f4eb2de64f77a1e2697428bef4cc8b3a8cc320ec0a609a,Gulu
7dae52387773727ed88e6b9d8191ff93385ae1c21808ddf035402d88214b127c,Kampala
c3ad8ec756cc3879f8faa48c0235498a6ae7a510a1e4fa2c8c14fb1f8d8138f7,Jinja
07518e81c0e059af6065ed57b608fddbf07eac179adc05569778f6a252a16d02,Mbarara
b4e80614a26e3fedbf01bc38dc342b6e484e3bdbd389a24167c404049518ad0b,Gulu
fc4f56ba75c436c62363e3f22515de11b5899f9a6050648df89aa6149238d0f9,Kampala
9960c18ab768540eb4ccd90c2e3002c922304d5c94671f28a0740ad0b0863812,Jinja
1aaa7ea40636d8d02a6bbc7ff184ed2ff48abccbbb82e5bc81ed773d29ba5e4a,Mbarara
de78e6d5840b340d9877d05f4da52923f58839b63a2874cc1c25a7a0503e9ebe,Gulu
e7254e5d7c148e5bab5031615acea9bc09b2bc3b60649da4c6dc06e51c08ea5a,Kampala
6ff1cd1ca4e3c8097d2911267a54e12fdc99a688e5ebf884074c5f1fd105969c,Jinja
26fb23e95817ffe482ca37150ebcd1ec38744cd757d0c4c8e76ab24a36da86cd,Mbarara
82ce174c564f266ac9951cc1bb9a2fd52760f02e4f29aa64b36810b09d690c5c,Gulu
c985097ed0ea36f93494850490e18788a0233fa073784a27ecae60331641eaaf,Kampala
449dc4611852ffd9495ec6890a88dad35301a743b3f52cd4231976811b9492cc,Jinja
5282564245a818a50fc920e5890660130597491e18116f8e4cda2c3387eefa60,Mbarara
2ed52ed806772c88ebe6107fca34bfead70857f5fe7ee8bdb28a386ec2581df9,Gulu
53358d9c10bc2e3d0554f7ded2eee1c0a9f237f64349a9b852714393dca17aba,Kampala
66a2dd0bc75d8803803320ca94377d255a7a4ff9115c942506cc8d48cf321fd7,Jinja
7f93c24915637a839692ea1aaeeacff43f2a9113399de1454aa4ffc9c9ab15ea,Mbarara
e51436604c13eed1a56eca3e5a2700b8e6c2e4743bb381a499f0ea96d9fe8250,Gulu
8c968fdc53b3a873ec811b8ca7f7f4725c87644bf1f928df9a28263172575c4f,Kampala
6a9554ef912a684a02a788352c0ab4d69b58bb0089c008ad5e55dd64445c1238,Jinja
c3702de1567003da2b9c22b3371cdc958bda4be806225d2058134481d4fc87df,Mbarara
53a151c80c4c576ec73a70c680c2be5e5ce42195f070a790d9d555d113fdb074,Gulu
0b214d5e035c3b6261dd752748021ac8cf3f9c82258c296320f6580b611be98e,Kampala
91130a7145a5b30c49d4e4155f830aff3f7f3ba19dead347846e9dd7686c3438,Jinja
141e1c45282731a9f706cc926fa48f38ff2ec6e82726dbf6129234e44e5622b0,Mbarara
710e01ccc0a67513fd15e4113748cf5a3e18ea88504ba4a2743201765d1878f4,Gulu
df093adb1f9869307d2f5c1aca65686f71580f58bc94b31dba69e46149696c87,Kampala
fd2c497f37dbf22e1354010cb95aa8a8bb4dea3cbe44d0d42fcd15419ea966c5,Jinja
4aba1265abe44a3847e3d5a21569ef138c154b4d83593615607181942b9af207,Mbarara
0b7b757e6b24c7331b2895468a7439ddb5bb654d0576480ab477b7b6570b4466,Gulu
1f74c511a37ba3ccc2b386f2d74525c24503b78c7bfd084cf8e7d90f8b0419ef,Kampala
463091348900a07f3578732776f08e37cf9fded35b84918a0f1d2309697df6f7,Jinja
bfd977765b904984be103fe46335fd05a5ccbe8524cf796d83b7d1369c5e4c27,Mbarara
0b859ac1beab237be84c5b7f60bbe0992cc73f0e279a83c9c221b590ab18ee11,Gulu
643de50d2ab1ab98d5a3928d67af54d36595b2d544a41f4809a6033e156ce069,Kampala
ea5264d2403786b4529b56d2caad69d29097b05ac9c659ac7d33644a47811f39,Jinja
63ff90cc0432b074a6d4a5fb0c6c34bc4b30462c67d3e8b87c77a1bdd53ff018,Mbarara
ad215da8a9341fa08f6ca89eaeff7e9a03a75db775e663f68fdffad44f500112,Gulu
12d23893a7ad4c86056e779c6e61a51642d66024c9432fe2cfaf6f9fb29dcbb9,Kampala
642f447254f2f540c8d3e89c5a9e8fa06457f605efdddf4c49827cc50cfa65c8,Jinja
c8278815c809b1573b842bb98d7eaf7585721251512ef5e1b3da1f02ec6e6132,Mbarara
5f21d78099935633a93e4a868a404a9a86786e55b8beaa6107020fe5aed943e0,Gulu
17c7f154de3faff8b3c543bb52e598f1ffac762210ca97c54feb7ba83ca4544e,Kampala
fe7d0170db428b492191e69e6ffc4a34cbedad557e14dcbfee29764e8ddfcfaf,Jinja
c64026c4bca36f2fea1e759508b2d0f87dfd1292f346967e5e12298c6116b321,Mbarara
e860d53b0e15b21cb22647d3dd73679927cfa6c6b552b9cc2ea4ab7e135145d6,Gulu
81388fa30e54d116a82211d9ebf9dcd28ef3182827ff946ddc4a99bb97cb77c1,Kampala
1cc9f1b08f761fbf29fdc1735a8e40038f5887bc4b76e57c7ddc65540feae139,Jinja
13372540f7d7586146c648450f5d969206a26688699e118f5998917afa5f42b8,Mbarara
9f9d651f3c3db0230c44bf18a74e232c9ecfc6735a92a2148c781ed0682bb8a7,Gulu
dd350fae4af0fcecea53ceeb6f1c69f4d7655a009d62e51d0ef1a80b25f17d50,Kampala
edff2a1764e7b67c88b488caf9a4efc296cd683b3e8ec0980afda32a0aebfd67,Jinja
bdac466f1f323485d76b11bb93256be5cae8b19a23868bb465c4dcfc26d4fbdc,Mbarara
98e1878f2085722121f3f5063e11e34bb234812b5e6d4dd4c28c37c0c86360b5,Gulu
01e8b439b5aa0241860881667413b42c3137576ab7abff5ecd0554c3d5da3607,Kampala
e1d9bf52587b1d06d1a7f8b696df19d432d1602df6cc3de143c0d1f6f1d21318,Jinja
316817ff413107a2447cae15fd1594c4491483e04c721d25f5bdfe117c6cc909,Mbarara
adb89813fe1e1d39c7da69bc308084b7c8a800d51e1b7bf3ea8f216258986c82,Gulu
e4b7f067637b4d073aa8f445cf445ad26f237b616eacdf0b7a8e46ad58a4600f,Kampala
494c5ca916588484454a96f132bfd0cb0574c3b281fb374dcecdee0fb8862fbe,Jinja
d970dec19a511d15dbc59182dc65c9f452cf9f12d333de5fb7d75813485f38bf,Mbarara
d5a6d98179a4a80334385bc79c96f9e7404ad038d45182f8f2da0f992acaf792,Gulu
04fae41b7a583d0a77e0d5af990a271dc7dc7baa2f46a1225bdedd54d359e5c3,Kampala
d455f21126e5c2ab933c6f9372f3740668001f830aac816c462acc9385c358a9,Jinja
b8ad692bc0afe2fee39025eef33011a7770dbcabb4aae954debbcf35a59e6456,Mbarara
cb35aa4b1032f3f55793de702aea3eb2cf087ccf5d2a62067f2bd0cef7e611ad,Gulu
357a5b1d41424c65762b8b37799c1b482f8928318d6bf1af8d5bbe902770bf14,Kampala
31f7ef48ab15fb49157c4c0b4f2a9a01bc79828c6e576a28c5cb5dfd9e687eea,Jinja
38d11f08f5f2fc2a93c76987296a24f5afc08f0c1843b7dcda510b9b4e16e872,Mbarara
0a5a217f9e2ccea3c491b1da64081a10b231b505a24be00a59782a531ffc229a,Gulu
1b51121df52585c45bb0b222fd4e8f3c37c51243000c9629398241933e6b99b7,Kampala
bdb8febe96b2178cc942b673b33e0f2802c19dc8acf9c8388e8f2adac1993222,Jinja
cee8c71bf09af3ff02f4c47039d736044db934b6e7a8e309083d6e9a9786cd18,Mbarara
3064b5d507624bcd6720813db9234faa6efef6cb9b72bc98f45ffa95c93ddbae,Gulu
8a7ec0b59a8ed7a1ed35008c8235093aff5fb13e49e6e1e216c811e55d1bda4a,Kampala
611b91996ee26e810c6eb6bf51c1653a8b8aa1871dd29c90a18e427d2e09f9cb,Jinja
e8f275c2814e0056cbeac8237f8497e8f1b1254d8312dff7a0a997b282018ff3,Mbarara
b52331dd1aa44b4d82d787877488e2bd9056331a5da283034e38f403b986e86e,Gulu
f2c2f48cec0a8191f72dbd51fe6ef6c9f1340a3fc7ee8869cfb2b339f37da2db,Kampala
120397e6ddfa10cffa7a224127557abd462bc4319a013af0c978749b39de9754,Jinja
456a6bf3410f1e607aad8dcd7339562a11fb5c753d1110a7162adbb0ae2e971a,Mbarara
df74e759301fdf6488dfb43781816ba1ea4e4c0bfa6078cad2f0bece91be8f97,Gulu
0cac260b1636c6d920b8c1b00d6c98e51a1b0456cd4a1b2c7e600c802ea118cd,Kampala
f7dc6c7e8b7b587daf5f02cce96bd08a84e8d5ea4823d751366423d7e8e32634,Jinja
2e27eb467312de8fb80828fa571bdd7684cf6fc788725386b9f5fc03a5220beb,Mbarara
c8b41d1c43ffd6e80bd6d3cf51a3d71b99070c78f408752fdfe6975680b1dc4e,Gulu
8ed17e89ca0aa7cca3633ca06413e1dfcb16f660fc2aab9e11fda32465a68efa,Kampala
75be895c2fc2f2bccc3e6f6cea3bca9aaf28827173a0c811cfb7000d94fb318b,Jinja
dc796d15a7246659f516623c8c4b95884833f49b3e1e689c6782bbc6b9c548b1,Mbarara
42dc225fe0e72c4b12bd8c2c7dc6cf2cb828261855fa682433894b462a7548f6,Gulu
7dd78c00591e3477bfda7eeae5068e0e6885847691f19e55a481d1ccdff4942b,Kampala
5c51d1e6c6a80ca9d819df6b67a9044c25ca309529f7fb48b07dc27deb37b1f2,Jinja
faf3f63bfe5cb0dedf5b2ad882fe2b903c5b8f998648125e792b800b65e93e51,Mbarara
f182d535cedd370c718ca1e8f8d67cde3508db5b70ff5b196ac0bd30e11e360f,Gulu
a480276de1c4351b299de74663f7564e05e2996dd4af875bdf074d0fcbc64369,Kampala
9f180f7b5275fde835809466086ff03ff542cc2c46517085a5784edea02006b9,Jinja
056b671c6870b8589c65a7067a90505085477e675eee800bf7c59dd93cb062e5,Mbarara
31fd4a7baf8003bf954b262b8b7014ec1e02d550fcb1ec5a40d875df07ccf07d,Gulu
4044f4bb62e63d7f6308089b7f37963df21c7f6736b07556e83a45fc8e254481,Kampala
f57983ec27f509ddbaa7e761f19da2973079efe14bb0b6c953e54638fa851d7f,Jinja
f7d0c47bf2ac00edf738aa15a70351bc1905e265d598d8c2746f165a1eb9c75f,Mbarara
97f75444044b04b1849d9862e975d56128f4f54d8592de7f9e8022f23eb8c029,Gulu
e1633c0975515405ed6cd69d435db6415051d664382ba2a27b705efc4d5382b7,Kampala
5387b21ce05a7fddbb5ad8302c52fd520c0aad82fffdba20feebcd13bcb466c7,Jinja
ca5073f07bc123d13009a9160f3c633b1b25a3d206dd89c6cccbae3d6ce9c238,Mbarara
b70ea71a660e8a036eb0fd24a152366894099223b895b6f9c3cc094e6022924c,Gulu
e14355efcaabbc2214f089f8a96ba4e7057f98ddb8fa09a21f25fdf8de4f0901,Kampala
d26919e3499ab0cc234756f534f24b95d5015444e15636de87502203cd8a9c56,Jinja
72363eafae94696e7c26a8f38bf13b14923b00a40e8fa300174be032dd8e8b0e,Mbarara
1c062f458e411a1f42b134a22a6f168162c824d36771095482af30eb11a0d2f1,Gulu
01da1a463eae64ce6135e7a67aa8eea4bb30f5634fb40b3206dcb81d6976f674,Kampala
9f9e8be6d59130eebe40354deda83c46784aa2648fbd782bafd07f1b4e235c19,Jinja
bbb07b61ad5c4ec7dbd775f68d0d20f89da7f987f212f16746fc30a4f5f89261,Mbarara
1c0d646b3713d865ea05a4133ef3bc4e74c4d6c95960c5c3a916d0fc1b87f135,Gulu
8d3825eff179c606c40e40d6c8e0ce51d809b012e0c8560fd87bb82c35ea08f8,Kampala
c3f2a599840fe3fe11236b760a45643a2a38ab647c289268f00c5f1ec6daaf29,Jinja
a583cc2b0ea9a5a07d5fea6e0a0b669f34e53591bb68bd8a5a8b5e3f62417b3f,Mbarara
6ff2f741345a3a13e9338ac1489253e77110bfa400d01020ec70f62e2547baea,Gulu
91f5f6f4f346dcebc182389bc8c8fdb0e973e61b95cff8f284dc73ff908c8fe8,Kampala
8aae3a3652e1928f94bb62714cda5c3eccefe80e56c1938a6ef09d9efe32c7fe,Jinja
1d4887ba5e185560a4b48a59f3d8a62a13dd82e7ead6318780a51eb1a93ba649,Mbarara
3c68d9d7b5ebc88766fac6eaafd78b7a42ab320f57235a4afb113e96843c6fe5,Gulu
ac8fd2594c002a59e0a24ade6aa6684e1d9cd75534134e26bcbb5ca55aea2662,Kampala
42ca23a3d38cf0aba9c1dd1f4f540313bba411067f8515ce2ddf15ea7b4e0b15,Jinja
1f3065a5d0939e049e4018dffc19a4abf57f634e9a76bd2288a74463e46c108c,Mbarara
e7fa1a874f6df78cf768d51f1c83110db69e63488b56144e05159a6a53059784,Gulu
877684af3f4d71a37933b90c88a87440cd2f3f5cdd7ba011bb4654ba2aa86805,Kampala
8b29ecfa5838720c6ab738d042090653269aaceb208e8dd6ed2c3b91895f96e6,Jinja
a5501e91027ee9b8b94ad1a0c0cc6c2db495b7e5487106400a0485f54098d973,Mbarara
721d519e5b4ce73a879b655d5ca9f538bff2d5efa09e9b08067101833bfd4a66,Gulu
9fc71a60b4d544faaae160e6a957e5e6eb43c1b3ed62daac19439fe4c1046bfd,Kampala
f921a3c3f25c639ed98ad8ae2eb481b102218bae203741b601b5066699bada96,Jinja
c832140da35186676fd1d1ffe6e1a5ab7136e482571466400007e960f48e0563,Mbarara
b914409a829b92679a851fc0780ea242593cdbc853be54b37bbc94654cb097ba,Gulu
c915c6bc9472f6d827b1b6a9309919721f60ff3fab450d49d0be0c0d83580667,Kampala
15af77396c5b67624abf5fc696a3cb4121cc77148febe697ba900efc793f5b1d,Jinja
884c08d7e7bc49bed46627115d908aedeb9de7af716e3953fb829c4e28fe838f,Mbarara
6f0a6087db4f5dd5ad162f5f606f534d442993bff79060af25f8e8b0e1911681,Gulu
4be9ac73509010e7d68fa02b0e3b3010afb2a309acf338b07fa02afbe2bb8137,Kampala
c4e31ed6d848ac9c618632acf85700894efed9f326831ff619da3906006871b9,Jinja
c7cc7724ec0d9339d362a3a1da884931fa78498241e9b061fc1c359616e1bd4a,Mbarara
ee9c5e1f886b8a62b327d4d56d61bf4d94ca7b6915a71e3e08583bef9311bd49,Gulu
8bc9e2a95f1a290656ab04952e1b180d2999006650b1256e14f05e501a4d36cb,Kampala
9f09a8fc725cb8864b6d43cbbeb752ae718aa529b0086cc3f763ce37a0a18308,Jinja
f948c8211b8291b3fa1b055ced96c6c5dbe60e6e0d0797d4ed997912e4ef02c5,Mbarara
15dd917396a262ca2f8919221234fc86d08147715269f893154abf2b6b996fdd,Gulu
09f2f5117bcd356b6b3aaf169d6302124926f3d482d2191bff2565d45e5f51ec,Kampala
e929790b750fc02af25dabc845146b495c0472a6cddc568c81a94b02f65b7b9b,Jinja
dd55dca2e79657e8d98d7b80ee1abbac45dc09350da51149c61b1dd84445873c,Mbarara
1ddfff9118c753e2021b6da5cbba31885c80c07880c827c8549eea07bc8b99a2,Gulu
312d346970fd6d0ef4a3da7f5d84aa84985b87fdf54ca550aa2311fb048d3a57,Kampala
a7e800bcbc09571dbe50c35b21fc13ac2aa65fb0a9f63fb33f72e0b479328844,Jinja
1bd8fd582f8371031c49a00533a42e046ef95cdd252d49aa2333fa3ef9fbafb8,Mbarara
a5961a2d72a944d4fbe811180eb19c75338d54b3efffde76bb1171acca17a4da,Gulu
2d793ac4b8775a30d43f719d74af06d2e1df398fbbbac68a476f0e8f389a01b6,Kampala
79e174b9edaf16f061d21c98ff09c0de46e7e1a32f8bac83de6845d5afdcd4d8,Jinja
4cab2adc54204a4844a8605d72d286aec94a9c020bc93422a46714578187441c,Mbarara
ec67c575d2f2251a72e9f5e9c91463dd86946bc6da2acdf53c2accdaefd1be22,Gulu
5bb0cebf87c88c71428bff3621a0ea31044ffe313e470b3064cd55614923a40d,Kampala
50f117c4827bdaa7f4598efd08505750c93178ab6c605df570b17de7691a8f42,Jinja
10432173ac7f4aef9640e0449c258d765e77027cde5561b360cc366f7eb3ead4,Mbarara
e8a4dab7d913a652183f12f1b38259b7da978b4267b2cf100fab07a9e168285a,Gulu
240d62ba66e66c414ad25fc20ef8de2f215ef654aefc8238c6e55a5e16c4fadd,Kampala
d5f97d1a221a29b59c0deab32bcec52e58bd395825a9922247de8fa54cb988b7,Jinja
b4846b58d129b6a0ce4d78354c883b8fd781f7ad618c8ea63e35474941c206d4,Mbarara
008ddeeab28322ef7a9c53e6e2cd83b30ce193f90774768e7b5dca6f56b165ca,Gulu
f83c7d1965e76cecb1b5f57ecc98834aebb27897db7661e84cfb52ad775ed482,Kampala
6b2e43ccfdf883d8371b15acd225a0e214d599909b00e781dbfb1f8028235429,Jinja
8ab970ad8319560d8b38084ce4333438bb31c32c2f37b107a4ddfeb16ae93427,Mbarara
5dc99448d1134eec00c9fa6175d9d93e64579013e91b1f161366275dda74c216,Gulu
143f67f683a4643e620e0c655e890e6a284a1496d22fa51c56e047833acb3fd3,Kampala
dbcda6e36f4041dd3994cca14573a80d738ef8c9cfb5e72b62ded4b3b720f5c3,Jinja
396b1f5714aa1eabac081a2be3f0cc54bb876efd000576ea593dcea69de19a03,Mbarara
c58d16e02c98a12077c487ca18517082f810f1afc2187e702faa0de10d18cd66,Gulu
a69e52b9d039b7e932ea6bbe363ed9bfd4383084d900eba1c74491399e565149,Kampala
f3327a100e30f4aca8cde9c6286b650f8e30379f71079ee0cbeea90def74cb49,Jinja
42a0c4818a2da4e312ba8e8f439d1bce0841a2f723c60ab6a63bcc3c22ccaca8,Mbarara
ce2b58b6026b4840b45c434fd46dd80d3437620717e467858f91079c37929c8d,Gulu
d0f3ccea148ddc0b5ad4d1476f5ef9839a26de9f28892f5b67718e0ace1c68f0,Kampala
83e9936beb24375f8033e5db5e88f88b05d1f1d550048548a383a467361c639d,Jinja
af0e91a6ffa0afbdd321012dcd39e32c1eb3616a6fc39832cae693234eee0237,Mbarara
ed969e1fa018dadc1531aebdfaf85380abe2820727bd9761bb157d94dc92f5b8,Gulu
25585cd60815ba1fc2b3d136fb678380059ec0a9a628ae6f798fd255955a6306,Kampala
3d2abce9641a0c416a62e29b00eb551ca765d8c846f11edb1b343a61d2d6275c,Jinja
8d1e719114195325cd22a39e0fabff6f9f443bb8f992c7aab4a864c5f4e3534d,Mbarara
5e791b5955e398ea54cf3d9a8eb3024f3043c178765307a1fcae6948be033a81,Gulu
8088c9e7fd7af3e08b57be79ac5c8319b131ecdfa33b99553764a2a2952ca4ac,Kampala
b41e850b24d8a26386f00591e74066bc242a27b6b1ca72628cda5ead9419ff80,Jinja
bc0530a606b0dfd020f3357ac208a6fb18e21d18abb3b9b0a4883f78ae2d0dbb,Mbarara
9bb28c4ca1e7bf1e3e60aeb96ef88389b588ab1453ca42707d196c58d598470a,Gulu
